product_id,date,on_hand_qty,in_transit_qty,reserved_qty
1,2025-01-01,179,200,0
2,2025-01-01,361,0,1
3,2025-01-01,107,187,1
4,2025-01-01,235,400,0
5,2025-01-01,31,50,0
6,2025-01-01,429,0,0
7,2025-01-01,459,1000,5
8,2025-01-01,204,200,1
9,2025-01-01,135,400,0
10,2025-01-01,140,200,1
11,2025-01-01,790,1000,0
12,2025-01-01,107,88,0
13,2025-01-01,909,1000,1
14,2025-01-01,117,157,1
15,2025-01-01,166,0,0
16,2025-01-01,1131,1000,0
17,2025-01-01,214,200,2
18,2025-01-01,731,1000,1
19,2025-01-01,735,0,0
20,2025-01-01,398,0,2
21,2025-01-01,288,0,0
22,2025-01-01,289,0,0
23,2025-01-01,106,161,1
24,2025-01-01,223,100,0
25,2025-01-01,151,200,0
26,2025-01-01,680,1000,0
27,2025-01-01,1244,1000,1
28,2025-01-01,525,0,2
29,2025-01-01,250,0,0
30,2025-01-01,1099,1000,1
31,2025-01-01,194,0,0
32,2025-01-01,386,0,0
33,2025-01-01,181,0,1
34,2025-01-01,967,0,0
35,2025-01-01,737,0,0
36,2025-01-01,877,0,0
37,2025-01-01,117,0,0
38,2025-01-01,168,0,0
39,2025-01-01,102,58,1
40,2025-01-01,212,0,0
41,2025-01-01,224,200,0
42,2025-01-01,139,100,0
43,2025-01-01,168,0,0
44,2025-01-01,391,1000,0
45,2025-01-01,459,400,1
46,2025-01-01,512,0,0
47,2025-01-01,1412,1000,1
48,2025-01-01,1035,0,0
49,2025-01-01,39,100,0
50,2025-01-01,884,1000,0
51,2025-01-01,220,400,1
52,2025-01-01,296,400,1
53,2025-01-01,91,0,0
54,2025-01-01,198,0,1
55,2025-01-01,72,155,1
56,2025-01-01,817,1000,0
57,2025-01-01,74,178,1
58,2025-01-01,79,108,1
59,2025-01-01,263,400,0
60,2025-01-01,88,87,0
61,2025-01-01,114,104,0
62,2025-01-01,374,400,0
63,2025-01-01,46,86,1
64,2025-01-01,510,400,1
65,2025-01-01,178,200,0
66,2025-01-01,20,180,0
67,2025-01-01,943,0,0
68,2025-01-01,235,0,1
69,2025-01-01,911,1000,1
70,2025-01-01,299,1000,0
71,2025-01-01,94,100,0
72,2025-01-01,190,400,0
73,2025-01-01,335,400,0
74,2025-01-01,834,1000,1
75,2025-01-01,975,0,0
76,2025-01-01,1469,1000,1
77,2025-01-01,327,0,0
78,2025-01-01,484,0,1
79,2025-01-01,266,200,0
80,2025-01-01,96,200,0
81,2025-01-01,115,104,0
82,2025-01-01,80,100,0
83,2025-01-01,386,1000,0
84,2025-01-01,186,100,0
85,2025-01-01,107,0,0
86,2025-01-01,340,400,1
87,2025-01-01,1234,0,0
88,2025-01-01,917,0,0
89,2025-01-01,861,0,0
90,2025-01-01,551,400,0
91,2025-01-01,142,200,0
92,2025-01-01,268,200,1
93,2025-01-01,398,400,3
94,2025-01-01,551,400,15
95,2025-01-01,189,0,0
96,2025-01-01,62,192,2
97,2025-01-01,62,54,0
98,2025-01-01,171,200,0
99,2025-01-01,590,1000,0
100,2025-01-01,249,0,1
101,2025-01-01,130,74,0
102,2025-01-01,183,100,1
103,2025-01-01,514,1000,0
104,2025-01-01,374,0,2
105,2025-01-01,797,0,0
106,2025-01-01,963,1000,0
107,2025-01-01,58,100,0
108,2025-01-01,281,0,1
109,2025-01-01,813,1000,0
110,2025-01-01,146,200,0
111,2025-01-01,1399,0,1
112,2025-01-01,836,0,1
113,2025-01-01,99,0,0
114,2025-01-01,371,400,0
115,2025-01-01,175,200,0
116,2025-01-01,389,400,0
117,2025-01-01,1277,1000,1
118,2025-01-01,218,400,1
119,2025-01-01,236,100,2
120,2025-01-01,250,0,0
1,2025-01-02,166,200,1
2,2025-01-02,360,0,0
3,2025-01-02,99,187,0
4,2025-01-02,231,400,0
5,2025-01-02,28,50,0
6,2025-01-02,416,0,0
7,2025-01-02,456,1000,0
8,2025-01-02,175,200,4
9,2025-01-02,130,400,0
10,2025-01-02,131,200,1
11,2025-01-02,779,1000,1
12,2025-01-02,95,138,1
13,2025-01-02,899,1000,0
14,2025-01-02,103,157,1
15,2025-01-02,164,0,0
16,2025-01-02,1124,1000,0
17,2025-01-02,204,200,0
18,2025-01-02,721,1000,1
19,2025-01-02,732,0,0
20,2025-01-02,389,0,0
21,2025-01-02,281,0,0
22,2025-01-02,289,0,3
23,2025-01-02,94,161,1
24,2025-01-02,205,100,2
25,2025-01-02,141,200,0
26,2025-01-02,673,1000,0
27,2025-01-02,1236,1000,0
28,2025-01-02,521,0,0
29,2025-01-02,249,0,0
30,2025-01-02,1091,1000,1
31,2025-01-02,193,0,0
32,2025-01-02,382,0,0
33,2025-01-02,164,100,2
34,2025-01-02,961,0,0
35,2025-01-02,737,0,15
36,2025-01-02,870,0,1
37,2025-01-02,117,0,2
38,2025-01-02,166,0,0
39,2025-01-02,93,58,0
40,2025-01-02,203,0,0
41,2025-01-02,217,200,0
42,2025-01-02,134,100,0
43,2025-01-02,164,0,0
44,2025-01-02,385,1000,0
45,2025-01-02,449,400,0
46,2025-01-02,502,0,1
47,2025-01-02,1405,1000,0
48,2025-01-02,1027,0,0
49,2025-01-02,37,100,0
50,2025-01-02,884,1000,13
51,2025-01-02,206,400,1
52,2025-01-02,285,400,1
53,2025-01-02,86,50,0
54,2025-01-02,191,0,0
55,2025-01-02,56,209,1
56,2025-01-02,812,1000,0
57,2025-01-02,60,178,1
58,2025-01-02,67,108,1
59,2025-01-02,261,400,0
60,2025-01-02,80,137,0
61,2025-01-02,105,154,0
62,2025-01-02,359,400,1
63,2025-01-02,41,136,0
64,2025-01-02,500,400,0
65,2025-01-02,169,200,0
66,2025-01-02,12,180,1
67,2025-01-02,938,0,0
68,2025-01-02,226,200,1
69,2025-01-02,901,1000,0
70,2025-01-02,296,1000,0
71,2025-01-02,84,150,0
72,2025-01-02,186,400,0
73,2025-01-02,333,400,0
74,2025-01-02,826,1000,0
75,2025-01-02,955,0,2
76,2025-01-02,1462,1000,0
77,2025-01-02,324,0,0
78,2025-01-02,479,0,0
79,2025-01-02,251,200,1
80,2025-01-02,94,200,0
81,2025-01-02,107,104,1
82,2025-01-02,71,100,0
83,2025-01-02,374,1000,1
84,2025-01-02,180,100,0
85,2025-01-02,107,0,1
86,2025-01-02,334,400,0
87,2025-01-02,1228,0,0
88,2025-01-02,909,0,0
89,2025-01-02,856,0,0
90,2025-01-02,536,400,1
91,2025-01-02,128,200,1
92,2025-01-02,255,200,1
93,2025-01-02,384,400,2
94,2025-01-02,530,400,2
95,2025-01-02,179,100,0
96,2025-01-02,44,252,1
97,2025-01-02,52,104,1
98,2025-01-02,163,200,0
99,2025-01-02,588,1000,0
100,2025-01-02,240,0,0
101,2025-01-02,114,124,1
102,2025-01-02,172,100,1
103,2025-01-02,509,1000,0
104,2025-01-02,366,0,0
105,2025-01-02,795,0,0
106,2025-01-02,961,1000,0
107,2025-01-02,55,100,0
108,2025-01-02,274,0,0
109,2025-01-02,805,1000,0
110,2025-01-02,132,200,1
111,2025-01-02,1390,0,1
112,2025-01-02,821,0,1
113,2025-01-02,98,0,0
114,2025-01-02,363,400,0
115,2025-01-02,171,200,0
116,2025-01-02,374,400,1
117,2025-01-02,1265,1000,0
118,2025-01-02,206,400,1
119,2025-01-02,224,100,1
120,2025-01-02,245,0,0
1,2025-01-03,153,200,1
2,2025-01-03,343,0,2
3,2025-01-03,89,237,0
4,2025-01-03,225,400,0
5,2025-01-03,26,50,0
6,2025-01-03,409,0,0
7,2025-01-03,453,1000,0
8,2025-01-03,159,200,1
9,2025-01-03,124,400,0
10,2025-01-03,118,200,0
11,2025-01-03,769,1000,1
12,2025-01-03,177,50,0
13,2025-01-03,1886,0,0
14,2025-01-03,94,157,0
15,2025-01-03,159,0,0
16,2025-01-03,1118,1000,0
17,2025-01-03,198,200,0
18,2025-01-03,711,1000,1
19,2025-01-03,728,0,0
20,2025-01-03,378,0,0
21,2025-01-03,274,0,1
22,2025-01-03,285,0,0
23,2025-01-03,80,216,0
24,2025-01-03,194,100,0
25,2025-01-03,131,200,1
26,2025-01-03,667,1000,0
27,2025-01-03,1232,1000,0
28,2025-01-03,517,0,0
29,2025-01-03,248,0,0
30,2025-01-03,1082,1000,0
31,2025-01-03,189,0,0
32,2025-01-03,377,0,0
33,2025-01-03,151,100,1
34,2025-01-03,954,0,0
35,2025-01-03,734,0,0
36,2025-01-03,866,0,0
37,2025-01-03,115,0,0
38,2025-01-03,163,0,0
39,2025-01-03,84,108,0
40,2025-01-03,196,0,0
41,2025-01-03,207,200,1
42,2025-01-03,124,100,1
43,2025-01-03,159,0,0
44,2025-01-03,380,1000,0
45,2025-01-03,430,400,2
46,2025-01-03,490,0,0
47,2025-01-03,1396,1000,0
48,2025-01-03,1017,0,1
49,2025-01-03,35,100,0
50,2025-01-03,1882,0,0
51,2025-01-03,195,400,1
52,2025-01-03,669,0,1
53,2025-01-03,78,50,0
54,2025-01-03,180,0,1
55,2025-01-03,132,109,2
56,2025-01-03,1809,0,0
57,2025-01-03,45,228,1
58,2025-01-03,58,158,0
59,2025-01-03,256,400,0
60,2025-01-03,75,137,0
61,2025-01-03,97,154,0
62,2025-01-03,353,400,0
63,2025-01-03,41,136,1
64,2025-01-03,490,400,0
65,2025-01-03,162,200,0
66,2025-01-03,2,230,0
67,2025-01-03,930,0,0
68,2025-01-03,208,200,0
69,2025-01-03,888,1000,1
70,2025-01-03,293,1000,0
71,2025-01-03,78,150,0
72,2025-01-03,180,400,0
73,2025-01-03,332,400,0
74,2025-01-03,812,1000,1
75,2025-01-03,936,0,1
76,2025-01-03,2454,0,0
77,2025-01-03,324,0,8
78,2025-01-03,461,0,1
79,2025-01-03,238,200,1
80,2025-01-03,90,200,0
81,2025-01-03,101,104,0
82,2025-01-03,66,100,0
83,2025-01-03,365,1000,1
84,2025-01-03,172,100,0
85,2025-01-03,105,0,0
86,2025-01-03,323,400,1
87,2025-01-03,1226,0,0
88,2025-01-03,902,0,0
89,2025-01-03,852,0,0
90,2025-01-03,525,400,0
91,2025-01-03,313,0,1
92,2025-01-03,450,0,0
93,2025-01-03,782,0,0
94,2025-01-03,509,400,3
95,2025-01-03,170,100,1
96,2025-01-03,36,302,1
97,2025-01-03,42,104,1
98,2025-01-03,155,200,0
99,2025-01-03,584,1000,0
100,2025-01-03,232,0,0
101,2025-01-03,99,124,2
102,2025-01-03,157,100,0
103,2025-01-03,507,1000,0
104,2025-01-03,348,0,2
105,2025-01-03,791,0,0
106,2025-01-03,955,1000,0
107,2025-01-03,52,100,0
108,2025-01-03,264,0,0
109,2025-01-03,793,1000,1
110,2025-01-03,132,200,2
111,2025-01-03,1385,0,0
112,2025-01-03,817,0,0
113,2025-01-03,96,0,0
114,2025-01-03,347,400,1
115,2025-01-03,163,200,0
116,2025-01-03,366,400,0
117,2025-01-03,1248,1000,1
118,2025-01-03,199,400,0
119,2025-01-03,222,100,0
120,2025-01-03,240,0,0
1,2025-01-04,132,200,1
2,2025-01-04,329,0,1
3,2025-01-04,73,237,1
4,2025-01-04,221,400,0
5,2025-01-04,24,50,0
6,2025-01-04,404,0,0
7,2025-01-04,1452,0,0
8,2025-01-04,145,200,1
9,2025-01-04,120,400,0
10,2025-01-04,117,200,0
11,2025-01-04,755,1000,1
12,2025-01-04,173,50,0
13,2025-01-04,1881,0,0
14,2025-01-04,81,157,1
15,2025-01-04,157,0,0
16,2025-01-04,1674,0,0
17,2025-01-04,181,200,2
18,2025-01-04,701,1000,1
19,2025-01-04,726,0,0
20,2025-01-04,362,0,1
21,2025-01-04,267,0,0
22,2025-01-04,281,0,0
23,2025-01-04,63,216,1
24,2025-01-04,181,100,1
25,2025-01-04,117,200,1
26,2025-01-04,661,1000,0
27,2025-01-04,1213,1000,2
28,2025-01-04,506,0,1
29,2025-01-04,246,0,0
30,2025-01-04,1065,1000,1
31,2025-01-04,184,0,0
32,2025-01-04,374,0,0
33,2025-01-04,138,100,1
34,2025-01-04,949,0,0
35,2025-01-04,731,0,0
36,2025-01-04,861,0,0
37,2025-01-04,111,0,0
38,2025-01-04,156,0,0
39,2025-01-04,75,108,1
40,2025-01-04,186,0,0
41,2025-01-04,350,0,0
42,2025-01-04,121,100,0
43,2025-01-04,155,0,0
44,2025-01-04,379,1000,0
45,2025-01-04,418,400,0
46,2025-01-04,476,0,2
47,2025-01-04,1382,1000,0
48,2025-01-04,1001,0,1
49,2025-01-04,32,100,0
50,2025-01-04,1874,0,1
51,2025-01-04,175,400,2
52,2025-01-04,663,0,0
53,2025-01-04,72,50,0
54,2025-01-04,169,0,0
55,2025-01-04,121,159,0
56,2025-01-04,1807,0,0
57,2025-01-04,28,228,2
58,2025-01-04,58,158,1
59,2025-01-04,253,400,0
60,2025-01-04,69,137,0
61,2025-01-04,94,154,0
62,2025-01-04,742,0,1
63,2025-01-04,35,136,0
64,2025-01-04,473,400,2
65,2025-01-04,148,200,0
66,2025-01-04,0,230,0
67,2025-01-04,916,0,1
68,2025-01-04,190,200,1
69,2025-01-04,874,1000,1
70,2025-01-04,289,1000,0
71,2025-01-04,60,150,1
72,2025-01-04,171,400,1
73,2025-01-04,330,400,0
74,2025-01-04,806,1000,0
75,2025-01-04,919,0,2
76,2025-01-04,2441,0,1
77,2025-01-04,320,0,0
78,2025-01-04,443,0,2
79,2025-01-04,217,200,2
80,2025-01-04,87,200,0
81,2025-01-04,200,50,0
82,2025-01-04,59,150,0
83,2025-01-04,352,1000,0
84,2025-01-04,170,100,0
85,2025-01-04,101,0,0
86,2025-01-04,306,400,2
87,2025-01-04,1226,0,29
88,2025-01-04,899,0,0
89,2025-01-04,847,0,0
90,2025-01-04,917,0,0
91,2025-01-04,297,0,2
92,2025-01-04,438,0,0
93,2025-01-04,773,0,0
94,2025-01-04,488,400,2
95,2025-01-04,160,100,1
96,2025-01-04,25,302,1
97,2025-01-04,31,104,1
98,2025-01-04,148,200,0
99,2025-01-04,584,1000,17
100,2025-01-04,224,0,0
101,2025-01-04,86,174,1
102,2025-01-04,145,100,0
103,2025-01-04,503,1000,0
104,2025-01-04,333,0,1
105,2025-01-04,786,0,0
106,2025-01-04,952,1000,0
107,2025-01-04,48,100,0
108,2025-01-04,254,0,1
109,2025-01-04,781,1000,1
110,2025-01-04,118,200,0
111,2025-01-04,1381,0,0
112,2025-01-04,807,0,1
113,2025-01-04,92,0,0
114,2025-01-04,331,400,0
115,2025-01-04,156,200,0
116,2025-01-04,354,400,1
117,2025-01-04,1220,1000,3
118,2025-01-04,178,400,0
119,2025-01-04,214,100,0
120,2025-01-04,236,0,0
1,2025-01-05,112,200,1
2,2025-01-05,301,0,3
3,2025-01-05,59,237,1
4,2025-01-05,217,400,0
5,2025-01-05,20,50,0
6,2025-01-05,390,0,1
7,2025-01-05,1449,0,0
8,2025-01-05,325,0,1
9,2025-01-05,117,400,0
10,2025-01-05,99,200,0
11,2025-01-05,744,1000,1
12,2025-01-05,163,50,0
13,2025-01-05,1870,0,1
14,2025-01-05,70,207,1
15,2025-01-05,157,0,3
16,2025-01-05,1667,0,0
17,2025-01-05,356,0,1
18,2025-01-05,696,1000,0
19,2025-01-05,719,0,1
20,2025-01-05,342,0,2
21,2025-01-05,256,100,1
22,2025-01-05,277,0,0
23,2025-01-05,48,266,1
24,2025-01-05,162,100,1
25,2025-01-05,99,200,1
26,2025-01-05,1652,0,0
27,2025-01-05,1196,1000,1
28,2025-01-05,494,0,0
29,2025-01-05,243,0,0
30,2025-01-05,1056,1000,1
31,2025-01-05,182,0,0
32,2025-01-05,369,0,0
33,2025-01-05,136,100,0
34,2025-01-05,942,0,0
35,2025-01-05,728,0,0
36,2025-01-05,853,0,1
37,2025-01-05,106,0,0
38,2025-01-05,151,0,0
39,2025-01-05,63,108,1
40,2025-01-05,179,100,1
41,2025-01-05,341,0,1
42,2025-01-05,116,100,0
43,2025-01-05,151,0,0
44,2025-01-05,375,1000,0
45,2025-01-05,406,400,1
46,2025-01-05,463,0,1
47,2025-01-05,1367,1000,1
48,2025-01-05,993,0,0
49,2025-01-05,31,100,0
50,2025-01-05,1872,0,0
51,2025-01-05,159,400,0
52,2025-01-05,654,0,0
53,2025-01-05,66,50,0
54,2025-01-05,159,200,0
55,2025-01-05,102,159,0
56,2025-01-05,1801,0,0
57,2025-01-05,22,228,0
58,2025-01-05,164,50,0
59,2025-01-05,253,400,5
60,2025-01-05,60,137,1
61,2025-01-05,77,154,1
62,2025-01-05,732,0,1
63,2025-01-05,34,136,0
64,2025-01-05,451,400,2
65,2025-01-05,341,0,0
66,2025-01-05,0,230,0
67,2025-01-05,909,0,0
68,2025-01-05,177,200,1
69,2025-01-05,871,1000,0
70,2025-01-05,286,1000,0
71,2025-01-05,49,150,0
72,2025-01-05,164,400,0
73,2025-01-05,327,400,0
74,2025-01-05,1803,0,0
75,2025-01-05,904,0,2
76,2025-01-05,2434,0,0
77,2025-01-05,319,0,0
78,2025-01-05,437,0,0
79,2025-01-05,214,200,0
80,2025-01-05,85,200,0
81,2025-01-05,183,50,2
82,2025-01-05,47,150,1
83,2025-01-05,344,1000,0
84,2025-01-05,156,100,1
85,2025-01-05,99,0,0
86,2025-01-05,302,400,0
87,2025-01-05,1217,0,0
88,2025-01-05,890,0,0
89,2025-01-05,837,0,0
90,2025-01-05,914,0,0
91,2025-01-05,271,100,1
92,2025-01-05,423,0,0
93,2025-01-05,758,0,1
94,2025-01-05,475,400,1
95,2025-01-05,154,100,0
96,2025-01-05,9,302,1
97,2025-01-05,25,104,0
98,2025-01-05,138,200,1
99,2025-01-05,581,1000,0
100,2025-01-05,212,0,1
101,2025-01-05,74,174,0
102,2025-01-05,136,100,1
103,2025-01-05,1498,0,0
104,2025-01-05,325,0,0
105,2025-01-05,781,0,0
106,2025-01-05,948,1000,0
107,2025-01-05,147,0,0
108,2025-01-05,251,0,0
109,2025-01-05,768,1000,0
110,2025-01-05,105,200,1
111,2025-01-05,1365,0,1
112,2025-01-05,786,0,2
113,2025-01-05,89,0,0
114,2025-01-05,310,400,2
115,2025-01-05,149,200,0
116,2025-01-05,346,400,0
117,2025-01-05,1212,1000,0
118,2025-01-05,568,0,1
119,2025-01-05,202,100,1
120,2025-01-05,225,0,0
1,2025-01-06,103,200,1
2,2025-01-06,282,200,2
3,2025-01-06,49,237,1
4,2025-01-06,215,400,0
5,2025-01-06,18,50,0
6,2025-01-06,375,0,2
7,2025-01-06,1447,0,0
8,2025-01-06,319,0,0
9,2025-01-06,513,0,0
10,2025-01-06,79,200,1
11,2025-01-06,744,1000,15
12,2025-01-06,150,100,1
13,2025-01-06,1851,0,1
14,2025-01-06,62,207,0
15,2025-01-06,154,0,0
16,2025-01-06,1663,0,0
17,2025-01-06,341,0,1
18,2025-01-06,678,1000,2
19,2025-01-06,714,0,0
20,2025-01-06,328,0,0
21,2025-01-06,237,100,2
22,2025-01-06,273,0,0
23,2025-01-06,23,266,3
24,2025-01-06,218,100,1
25,2025-01-06,291,0,0
26,2025-01-06,1644,0,0
27,2025-01-06,1183,1000,1
28,2025-01-06,486,0,0
29,2025-01-06,242,0,0
30,2025-01-06,1049,1000,0
31,2025-01-06,177,0,0
32,2025-01-06,366,0,0
33,2025-01-06,116,100,2
34,2025-01-06,932,0,0
35,2025-01-06,725,0,0
36,2025-01-06,843,0,0
37,2025-01-06,104,0,0
38,2025-01-06,151,0,3
39,2025-01-06,59,108,0
40,2025-01-06,169,100,1
41,2025-01-06,333,0,0
42,2025-01-06,109,100,0
43,2025-01-06,146,0,0
44,2025-01-06,369,1000,0
45,2025-01-06,383,400,3
46,2025-01-06,450,0,1
47,2025-01-06,2120,0,1
48,2025-01-06,988,0,0
49,2025-01-06,29,100,0
50,2025-01-06,1871,0,0
51,2025-01-06,147,400,1
52,2025-01-06,638,0,1
53,2025-01-06,62,50,0
54,2025-01-06,152,200,0
55,2025-01-06,133,155,3
56,2025-01-06,1797,0,0
57,2025-01-06,16,278,0
58,2025-01-06,148,50,1
59,2025-01-06,251,400,0
60,2025-01-06,56,187,0
61,2025-01-06,59,204,1
62,2025-01-06,722,0,0
63,2025-01-06,29,136,0
64,2025-01-06,435,400,1
65,2025-01-06,320,0,2
66,2025-01-06,37,180,1
67,2025-01-06,898,0,1
68,2025-01-06,161,200,0
69,2025-01-06,856,1000,0
70,2025-01-06,283,1000,0
71,2025-01-06,41,150,0
72,2025-01-06,159,400,0
73,2025-01-06,324,400,0
74,2025-01-06,1797,0,0
75,2025-01-06,891,0,1
76,2025-01-06,2425,0,1
77,2025-01-06,317,0,0
78,2025-01-06,429,0,0
79,2025-01-06,184,200,3
80,2025-01-06,83,200,0
81,2025-01-06,173,100,0
82,2025-01-06,41,150,0
83,2025-01-06,1334,0,1
84,2025-01-06,148,100,0
85,2025-01-06,98,0,0
86,2025-01-06,291,400,1
87,2025-01-06,1208,0,1
88,2025-01-06,883,0,0
89,2025-01-06,834,0,0
90,2025-01-06,895,0,1
91,2025-01-06,256,100,1
92,2025-01-06,420,0,0
93,2025-01-06,737,0,3
94,2025-01-06,868,0,0
95,2025-01-06,139,100,2
96,2025-01-06,0,352,0
97,2025-01-06,16,104,0
98,2025-01-06,138,200,2
99,2025-01-06,579,1000,0
100,2025-01-06,200,0,0
101,2025-01-06,109,100,1
102,2025-01-06,121,100,1
103,2025-01-06,1494,0,0
104,2025-01-06,312,0,1
105,2025-01-06,773,0,0
106,2025-01-06,944,1000,0
107,2025-01-06,142,0,0
108,2025-01-06,249,0,0
109,2025-01-06,765,1000,0
110,2025-01-06,99,200,0
111,2025-01-06,1359,0,0
112,2025-01-06,765,0,2
113,2025-01-06,87,0,0
114,2025-01-06,302,400,0
115,2025-01-06,147,200,0
116,2025-01-06,339,400,0
117,2025-01-06,2204,0,0
118,2025-01-06,550,0,1
119,2025-01-06,188,100,0
120,2025-01-06,220,0,0
1,2025-01-07,291,0,0
2,2025-01-07,269,200,1
3,2025-01-07,30,237,1
4,2025-01-07,213,400,0
5,2025-01-07,15,50,0
6,2025-01-07,363,0,1
7,2025-01-07,1445,0,0
8,2025-01-07,307,0,0
9,2025-01-07,507,0,0
10,2025-01-07,65,200,1
11,2025-01-07,1734,0,1
12,2025-01-07,146,100,0
13,2025-01-07,1835,0,2
14,2025-01-07,39,207,1
15,2025-01-07,151,0,0
16,2025-01-07,1661,0,0
17,2025-01-07,330,0,0
18,2025-01-07,667,1000,1
19,2025-01-07,711,0,0
20,2025-01-07,308,0,2
21,2025-01-07,218,100,1
22,2025-01-07,268,0,0
23,2025-01-07,10,266,1
24,2025-01-07,202,100,0
25,2025-01-07,282,0,0
26,2025-01-07,1641,0,0
27,2025-01-07,1174,1000,0
28,2025-01-07,475,0,1
29,2025-01-07,240,0,0
30,2025-01-07,1040,1000,0
31,2025-01-07,175,0,0
32,2025-01-07,361,0,0
33,2025-01-07,109,100,0
34,2025-01-07,924,0,1
35,2025-01-07,722,0,0
36,2025-01-07,837,0,0
37,2025-01-07,101,0,0
38,2025-01-07,146,0,0
39,2025-01-07,51,158,0
40,2025-01-07,157,100,0
41,2025-01-07,322,0,1
42,2025-01-07,97,100,1
43,2025-01-07,140,0,0
44,2025-01-07,363,1000,0
45,2025-01-07,363,400,1
46,2025-01-07,436,0,1
47,2025-01-07,2114,0,0
48,2025-01-07,980,0,0
49,2025-01-07,28,100,0
50,2025-01-07,1869,0,0
51,2025-01-07,134,400,1
52,2025-01-07,626,0,1
53,2025-01-07,58,50,0
54,2025-01-07,145,200,0
55,2025-01-07,121,155,1
56,2025-01-07,1789,0,0
57,2025-01-07,6,278,0
58,2025-01-07,138,50,0
59,2025-01-07,246,400,0
60,2025-01-07,46,187,1
61,2025-01-07,52,204,0
62,2025-01-07,716,0,0
63,2025-01-07,23,136,0
64,2025-01-07,825,0,1
65,2025-01-07,315,0,0
66,2025-01-07,27,180,0
67,2025-01-07,891,0,0
68,2025-01-07,149,200,0
69,2025-01-07,841,1000,1
70,2025-01-07,280,1000,0
71,2025-01-07,38,150,0
72,2025-01-07,155,400,0
73,2025-01-07,321,400,0
74,2025-01-07,1787,0,1
75,2025-01-07,876,0,1
76,2025-01-07,2418,0,0
77,2025-01-07,315,0,0
78,2025-01-07,414,0,1
79,2025-01-07,173,200,0
80,2025-01-07,81,200,0
81,2025-01-07,155,100,2
82,2025-01-07,36,150,0
83,2025-01-07,1329,0,0
84,2025-01-07,136,100,1
85,2025-01-07,94,0,0
86,2025-01-07,284,400,0
87,2025-01-07,1203,0,0
88,2025-01-07,880,0,0
89,2025-01-07,830,0,0
90,2025-01-07,881,0,0
91,2025-01-07,247,100,1
92,2025-01-07,404,0,2
93,2025-01-07,720,0,2
94,2025-01-07,850,0,1
95,2025-01-07,133,100,0
96,2025-01-07,0,352,0
97,2025-01-07,16,154,0
98,2025-01-07,332,0,0
99,2025-01-07,575,1000,0
100,2025-01-07,197,0,0
101,2025-01-07,101,150,0
102,2025-01-07,109,100,0
103,2025-01-07,1491,0,0
104,2025-01-07,298,0,0
105,2025-01-07,772,0,0
106,2025-01-07,1938,0,0
107,2025-01-07,139,0,0
108,2025-01-07,241,0,0
109,2025-01-07,756,1000,0
110,2025-01-07,94,200,0
111,2025-01-07,1348,0,1
112,2025-01-07,755,0,1
113,2025-01-07,86,0,0
114,2025-01-07,287,400,1
115,2025-01-07,342,0,0
116,2025-01-07,335,400,0
117,2025-01-07,2198,0,0
118,2025-01-07,536,0,0
119,2025-01-07,184,100,0
120,2025-01-07,213,0,0
1,2025-01-08,278,0,1
2,2025-01-08,257,200,1
3,2025-01-08,260,50,0
4,2025-01-08,211,400,0
5,2025-01-08,11,50,0
6,2025-01-08,343,0,1
7,2025-01-08,1442,0,0
8,2025-01-08,287,0,2
9,2025-01-08,501,0,0
10,2025-01-08,57,200,1
11,2025-01-08,1724,0,0
12,2025-01-08,145,100,0
13,2025-01-08,1822,0,1
14,2025-01-08,120,157,2
15,2025-01-08,148,0,0
16,2025-01-08,1652,0,1
17,2025-01-08,320,0,0
18,2025-01-08,665,1000,0
19,2025-01-08,710,0,0
20,2025-01-08,289,0,1
21,2025-01-08,204,100,1
22,2025-01-08,264,0,0
23,2025-01-08,0,316,0
24,2025-01-08,188,100,1
25,2025-01-08,266,0,1
26,2025-01-08,1631,0,0
27,2025-01-08,1150,1000,0
28,2025-01-08,462,0,0
29,2025-01-08,238,0,0
30,2025-01-08,1029,1000,1
31,2025-01-08,171,0,0
32,2025-01-08,357,0,0
33,2025-01-08,95,200,1
34,2025-01-08,912,0,1
35,2025-01-08,720,0,0
36,2025-01-08,825,0,1
37,2025-01-08,97,0,0
38,2025-01-08,143,0,0
39,2025-01-08,91,108,1
40,2025-01-08,144,100,1
41,2025-01-08,316,0,0
42,2025-01-08,86,100,1
43,2025-01-08,132,0,0
44,2025-01-08,352,1000,1
45,2025-01-08,752,0,1
46,2025-01-08,425,0,1
47,2025-01-08,2114,0,25
48,2025-01-08,967,0,1
49,2025-01-08,26,100,0
50,2025-01-08,1866,0,0
51,2025-01-08,123,400,1
52,2025-01-08,623,0,0
53,2025-01-08,51,50,0
54,2025-01-08,138,200,0
55,2025-01-08,86,155,3
56,2025-01-08,1783,0,0
57,2025-01-08,0,278,0
58,2025-01-08,131,100,0
59,2025-01-08,645,0,0
60,2025-01-08,35,187,1
61,2025-01-08,148,100,1
62,2025-01-08,705,0,1
63,2025-01-08,17,136,0
64,2025-01-08,806,0,1
65,2025-01-08,299,0,1
66,2025-01-08,18,230,1
67,2025-01-08,877,0,1
68,2025-01-08,133,200,2
69,2025-01-08,822,1000,0
70,2025-01-08,278,1000,0
71,2025-01-08,30,150,0
72,2025-01-08,547,0,0
73,2025-01-08,320,400,0
74,2025-01-08,1777,0,0
75,2025-01-08,862,0,1
76,2025-01-08,2413,0,0
77,2025-01-08,315,0,9
78,2025-01-08,407,0,0
79,2025-01-08,173,200,3
80,2025-01-08,79,200,0
81,2025-01-08,192,50,1
82,2025-01-08,130,50,0
83,2025-01-08,1316,0,1
84,2025-01-08,121,100,2
85,2025-01-08,89,0,0
86,2025-01-08,275,400,1
87,2025-01-08,1201,0,0
88,2025-01-08,874,0,0
89,2025-01-08,826,0,0
90,2025-01-08,876,0,0
91,2025-01-08,236,100,1
92,2025-01-08,389,0,1
93,2025-01-08,720,0,12
94,2025-01-08,830,0,2
95,2025-01-08,122,100,1
96,2025-01-08,0,352,0
97,2025-01-08,12,154,0
98,2025-01-08,327,0,0
99,2025-01-08,1575,0,24
100,2025-01-08,183,0,1
101,2025-01-08,128,100,1
102,2025-01-08,107,100,0
103,2025-01-08,1489,0,0
104,2025-01-08,283,0,0
105,2025-01-08,768,0,0
106,2025-01-08,1938,0,48
107,2025-01-08,136,0,0
108,2025-01-08,230,0,1
109,2025-01-08,749,1000,1
110,2025-01-08,285,0,0
111,2025-01-08,1340,0,0
112,2025-01-08,742,0,1
113,2025-01-08,84,0,0
114,2025-01-08,280,400,0
115,2025-01-08,339,0,0
116,2025-01-08,324,400,0
117,2025-01-08,2191,0,0
118,2025-01-08,524,0,1
119,2025-01-08,181,100,0
120,2025-01-08,207,0,0
1,2025-01-09,269,0,1
2,2025-01-09,246,200,0
3,2025-01-09,244,50,2
4,2025-01-09,609,0,0
5,2025-01-09,9,50,0
6,2025-01-09,328,0,1
7,2025-01-09,1439,0,0
8,2025-01-09,275,0,1
9,2025-01-09,493,0,1
10,2025-01-09,255,0,0
11,2025-01-09,1705,0,2
12,2025-01-09,141,100,0
13,2025-01-09,1807,0,1
14,2025-01-09,113,157,0
15,2025-01-09,144,0,0
16,2025-01-09,1645,0,0
17,2025-01-09,312,0,0
18,2025-01-09,648,1000,2
19,2025-01-09,707,0,0
20,2025-01-09,272,0,1
21,2025-01-09,199,100,0
22,2025-01-09,260,0,0
23,2025-01-09,0,316,0
24,2025-01-09,171,200,1
25,2025-01-09,252,100,1
26,2025-01-09,1627,0,0
27,2025-01-09,1137,1000,1
28,2025-01-09,451,0,1
29,2025-01-09,235,0,0
30,2025-01-09,1021,1000,1
31,2025-01-09,167,0,0
32,2025-01-09,355,0,0
33,2025-01-09,78,200,1
34,2025-01-09,906,0,0
35,2025-01-09,717,0,0
36,2025-01-09,817,0,1
37,2025-01-09,95,0,0
38,2025-01-09,139,0,0
39,2025-01-09,130,58,1
40,2025-01-09,132,100,1
41,2025-01-09,305,0,1
42,2025-01-09,84,100,0
43,2025-01-09,128,0,0
44,2025-01-09,346,1000,0
45,2025-01-09,736,0,1
46,2025-01-09,408,0,1
47,2025-01-09,2102,0,1
48,2025-01-09,952,0,2
49,2025-01-09,24,100,0
50,2025-01-09,1862,0,0
51,2025-01-09,116,400,0
52,2025-01-09,615,0,0
53,2025-01-09,50,50,0
54,2025-01-09,134,200,0
55,2025-01-09,67,205,2
56,2025-01-09,1783,0,36
57,2025-01-09,0,278,0
58,2025-01-09,126,100,0
59,2025-01-09,643,0,0
60,2025-01-09,26,187,1
61,2025-01-09,139,100,0
62,2025-01-09,695,0,0
63,2025-01-09,9,136,0
64,2025-01-09,805,0,0
65,2025-01-09,291,0,0
66,2025-01-09,9,230,0
67,2025-01-09,866,0,1
68,2025-01-09,123,200,0
69,2025-01-09,1813,0,1
70,2025-01-09,1277,0,0
71,2025-01-09,27,150,0
72,2025-01-09,539,0,1
73,2025-01-09,319,400,0
74,2025-01-09,1766,0,0
75,2025-01-09,847,0,2
76,2025-01-09,2397,0,1
77,2025-01-09,313,0,0
78,2025-01-09,396,0,1
79,2025-01-09,157,200,2
80,2025-01-09,277,0,0
81,2025-01-09,180,50,1
82,2025-01-09,123,50,0
83,2025-01-09,1312,0,0
84,2025-01-09,217,0,0
85,2025-01-09,88,0,0
86,2025-01-09,663,0,0
87,2025-01-09,1197,0,0
88,2025-01-09,874,0,16
89,2025-01-09,821,0,0
90,2025-01-09,861,0,1
91,2025-01-09,219,100,1
92,2025-01-09,381,0,0
93,2025-01-09,714,0,0
94,2025-01-09,817,0,0
95,2025-01-09,111,100,1
96,2025-01-09,0,352,0
97,2025-01-09,5,154,0
98,2025-01-09,313,0,1
99,2025-01-09,1572,0,0
100,2025-01-09,175,0,1
101,2025-01-09,121,150,0
102,2025-01-09,91,200,1
103,2025-01-09,1486,0,0
104,2025-01-09,274,0,0
105,2025-01-09,764,0,0
106,2025-01-09,1934,0,0
107,2025-01-09,130,0,0
108,2025-01-09,218,0,1
109,2025-01-09,739,1000,1
110,2025-01-09,277,0,0
111,2025-01-09,1324,0,1
112,2025-01-09,729,0,1
113,2025-01-09,83,0,0
114,2025-01-09,661,0,2
115,2025-01-09,335,0,0
116,2025-01-09,317,400,0
117,2025-01-09,2174,0,0
118,2025-01-09,511,0,0
119,2025-01-09,172,100,1
120,2025-01-09,199,0,0
1,2025-01-10,258,100,1
2,2025-01-10,231,200,1
3,2025-01-10,227,50,1
4,2025-01-10,604,0,0
5,2025-01-10,8,100,0
6,2025-01-10,312,0,1
7,2025-01-10,1434,0,0
8,2025-01-10,267,100,1
9,2025-01-10,488,0,0
10,2025-01-10,246,0,0
11,2025-01-10,1693,0,1
12,2025-01-10,135,100,0
13,2025-01-10,1799,0,0
14,2025-01-10,108,157,0
15,2025-01-10,139,0,0
16,2025-01-10,1637,0,0
17,2025-01-10,301,0,0
18,2025-01-10,640,1000,0
19,2025-01-10,705,0,0
20,2025-01-10,257,200,1
21,2025-01-10,192,100,0
22,2025-01-10,258,0,0
23,2025-01-10,0,316,0
24,2025-01-10,159,200,1
25,2025-01-10,243,100,0
26,2025-01-10,1622,0,0
27,2025-01-10,2128,0,0
28,2025-01-10,435,0,1
29,2025-01-10,232,0,0
30,2025-01-10,1010,1000,1
31,2025-01-10,163,0,0
32,2025-01-10,349,0,0
33,2025-01-10,75,200,0
34,2025-01-10,903,0,0
35,2025-01-10,714,0,0
36,2025-01-10,807,0,1
37,2025-01-10,93,0,0
38,2025-01-10,132,0,0
39,2025-01-10,122,58,0
40,2025-01-10,186,100,0
41,2025-01-10,301,0,0
42,2025-01-10,77,100,0
43,2025-01-10,126,0,0
44,2025-01-10,342,1000,0
45,2025-01-10,715,0,0
46,2025-01-10,396,0,0
47,2025-01-10,2089,0,1
48,2025-01-10,947,0,0
49,2025-01-10,23,100,0
50,2025-01-10,1860,0,0
51,2025-01-10,104,400,1
52,2025-01-10,596,0,2
53,2025-01-10,46,50,0
54,2025-01-10,122,200,1
55,2025-01-10,60,205,0
56,2025-01-10,1776,0,0
57,2025-01-10,0,278,0
58,2025-01-10,116,100,1
59,2025-01-10,640,0,0
60,2025-01-10,10,187,1
61,2025-01-10,131,150,0
62,2025-01-10,690,0,0
63,2025-01-10,4,136,0
64,2025-01-10,793,0,1
65,2025-01-10,280,0,1
66,2025-01-10,0,230,0
67,2025-01-10,860,0,0
68,2025-01-10,118,200,0
69,2025-01-10,1794,0,2
70,2025-01-10,1275,0,0
71,2025-01-10,15,200,1
72,2025-01-10,534,0,0
73,2025-01-10,316,400,0
74,2025-01-10,1759,0,0
75,2025-01-10,837,0,0
76,2025-01-10,2384,0,1
77,2025-01-10,312,0,0
78,2025-01-10,375,0,0
79,2025-01-10,139,200,1
80,2025-01-10,274,0,0
81,2025-01-10,172,50,0
82,2025-01-10,117,50,0
83,2025-01-10,1307,0,0
84,2025-01-10,210,0,0
85,2025-01-10,86,0,0
86,2025-01-10,650,0,0
87,2025-01-10,1191,0,0
88,2025-01-10,866,0,1
89,2025-01-10,817,0,0
90,2025-01-10,851,0,1
91,2025-01-10,189,100,3
92,2025-01-10,371,0,0
93,2025-01-10,705,0,0
94,2025-01-10,801,0,2
95,2025-01-10,111,100,1
96,2025-01-10,46,292,1
97,2025-01-10,50,104,0
98,2025-01-10,310,0,0
99,2025-01-10,1568,0,0
100,2025-01-10,167,0,0
101,2025-01-10,119,150,0
102,2025-01-10,84,200,0
103,2025-01-10,1486,0,16
104,2025-01-10,260,0,1
105,2025-01-10,760,0,0
106,2025-01-10,1932,0,0
107,2025-01-10,123,50,0
108,2025-01-10,217,0,0
109,2025-01-10,1735,0,0
110,2025-01-10,266,0,1
111,2025-01-10,1313,0,1
112,2025-01-10,719,0,0
113,2025-01-10,82,0,0
114,2025-01-10,652,0,1
115,2025-01-10,331,0,0
116,2025-01-10,312,400,0
117,2025-01-10,2160,0,1
118,2025-01-10,502,0,0
119,2025-01-10,159,100,0
120,2025-01-10,195,0,0
1,2025-01-11,249,100,1
2,2025-01-11,431,0,10
3,2025-01-11,215,50,1
4,2025-01-11,600,0,0
5,2025-01-11,7,100,0
6,2025-01-11,295,0,2
7,2025-01-11,1432,0,0
8,2025-01-11,249,100,1
9,2025-01-11,483,0,0
10,2025-01-11,241,0,0
11,2025-01-11,1674,0,2
12,2025-01-11,176,50,0
13,2025-01-11,1785,0,1
14,2025-01-11,98,157,0
15,2025-01-11,136,0,0
16,2025-01-11,1632,0,0
17,2025-01-11,291,0,1
18,2025-01-11,1620,0,0
19,2025-01-11,704,0,0
20,2025-01-11,254,200,0
21,2025-01-11,170,100,2
22,2025-01-11,254,0,0
23,2025-01-11,206,100,1
24,2025-01-11,139,200,1
25,2025-01-11,231,100,1
26,2025-01-11,1611,0,0
27,2025-01-11,2111,0,0
28,2025-01-11,425,0,0
29,2025-01-11,227,0,0
30,2025-01-11,2000,0,1
31,2025-01-11,158,0,0
32,2025-01-11,345,0,0
33,2025-01-11,162,100,0
34,2025-01-11,888,0,2
35,2025-01-11,711,0,0
36,2025-01-11,802,0,0
37,2025-01-11,89,0,0
38,2025-01-11,130,0,0
39,2025-01-11,105,58,1
40,2025-01-11,175,100,1
41,2025-01-11,293,0,0
42,2025-01-11,171,0,0
43,2025-01-11,123,0,0
44,2025-01-11,1339,0,0
45,2025-01-11,691,0,1
46,2025-01-11,385,0,1
47,2025-01-11,2083,0,0
48,2025-01-11,933,0,0
49,2025-01-11,119,0,0
50,2025-01-11,1854,0,0
51,2025-01-11,489,0,1
52,2025-01-11,587,0,1
53,2025-01-11,94,0,0
54,2025-01-11,109,200,1
55,2025-01-11,99,205,1
56,2025-01-11,1769,0,0
57,2025-01-11,0,278,0
58,2025-01-11,104,100,0
59,2025-01-11,636,0,0
60,2025-01-11,0,187,0
61,2025-01-11,122,150,0
62,2025-01-11,677,0,1
63,2025-01-11,0,136,0
64,2025-01-11,776,0,2
65,2025-01-11,260,0,1
66,2025-01-11,0,230,0
67,2025-01-11,849,0,1
68,2025-01-11,100,200,2
69,2025-01-11,1786,0,0
70,2025-01-11,1273,0,0
71,2025-01-11,110,100,0
72,2025-01-11,533,0,0
73,2025-01-11,711,0,0
74,2025-01-11,1755,0,0
75,2025-01-11,824,0,1
76,2025-01-11,2373,0,1
77,2025-01-11,310,0,0
78,2025-01-11,356,0,0
79,2025-01-11,316,0,1
80,2025-01-11,272,0,0
81,2025-01-11,161,100,1
82,2025-01-11,109,50,0
83,2025-01-11,1298,0,0
84,2025-01-11,195,0,1
85,2025-01-11,82,0,0
86,2025-01-11,638,0,1
87,2025-01-11,1183,0,0
88,2025-01-11,852,0,0
89,2025-01-11,812,0,0
90,2025-01-11,849,0,0
91,2025-01-11,174,100,1
92,2025-01-11,362,0,0
93,2025-01-11,693,0,0
94,2025-01-11,781,0,2
95,2025-01-11,96,100,1
96,2025-01-11,80,242,0
97,2025-01-11,43,104,1
98,2025-01-11,292,0,1
99,2025-01-11,1564,0,0
100,2025-01-11,145,100,3
101,2025-01-11,105,150,1
102,2025-01-11,84,200,2
103,2025-01-11,1481,0,0
104,2025-01-11,244,200,1
105,2025-01-11,752,0,0
106,2025-01-11,1928,0,0
107,2025-01-11,118,50,0
108,2025-01-11,212,0,0
109,2025-01-11,1726,0,1
110,2025-01-11,259,0,0
111,2025-01-11,1303,0,1
112,2025-01-11,706,0,1
113,2025-01-11,77,0,0
114,2025-01-11,639,0,1
115,2025-01-11,329,0,0
116,2025-01-11,701,0,1
117,2025-01-11,2143,0,0
118,2025-01-11,495,0,0
119,2025-01-11,145,100,0
120,2025-01-11,189,0,0
1,2025-01-12,239,100,0
2,2025-01-12,419,0,1
3,2025-01-12,197,100,1
4,2025-01-12,597,0,0
5,2025-01-12,2,100,0
6,2025-01-12,282,0,0
7,2025-01-12,1429,0,0
8,2025-01-12,233,100,0
9,2025-01-12,482,0,0
10,2025-01-12,240,0,0
11,2025-01-12,1667,0,0
12,2025-01-12,160,50,1
13,2025-01-12,1776,0,0
14,2025-01-12,72,207,2
15,2025-01-12,133,0,0
16,2025-01-12,1625,0,0
17,2025-01-12,274,0,1
18,2025-01-12,1594,0,1
19,2025-01-12,695,0,1
20,2025-01-12,228,200,0
21,2025-01-12,152,100,2
22,2025-01-12,249,0,0
23,2025-01-12,237,50,2
24,2025-01-12,228,100,1
25,2025-01-12,223,100,0
26,2025-01-12,1605,0,0
27,2025-01-12,2097,0,1
28,2025-01-12,416,0,1
29,2025-01-12,224,0,0
30,2025-01-12,1984,0,1
31,2025-01-12,155,0,0
32,2025-01-12,338,0,0
33,2025-01-12,156,100,0
34,2025-01-12,881,0,0
35,2025-01-12,709,0,0
36,2025-01-12,800,0,0
37,2025-01-12,86,0,0
38,2025-01-12,126,0,0
39,2025-01-12,94,108,0
40,2025-01-12,163,100,1
41,2025-01-12,287,0,0
42,2025-01-12,162,0,1
43,2025-01-12,115,0,1
44,2025-01-12,1333,0,0
45,2025-01-12,678,0,1
46,2025-01-12,377,0,0
47,2025-01-12,2075,0,0
48,2025-01-12,917,0,2
49,2025-01-12,114,0,0
50,2025-01-12,1848,0,0
51,2025-01-12,480,0,0
52,2025-01-12,577,0,1
53,2025-01-12,89,50,0
54,2025-01-12,109,200,2
55,2025-01-12,85,205,1
56,2025-01-12,1762,0,0
57,2025-01-12,40,228,0
58,2025-01-12,98,100,0
59,2025-01-12,632,0,0
60,2025-01-12,0,187,0
61,2025-01-12,164,100,0
62,2025-01-12,674,0,0
63,2025-01-12,0,186,0
64,2025-01-12,747,0,4
65,2025-01-12,242,0,2
66,2025-01-12,0,230,0
67,2025-01-12,840,0,0
68,2025-01-12,84,200,1
69,2025-01-12,1779,0,0
70,2025-01-12,1269,0,0
71,2025-01-12,97,100,1
72,2025-01-12,524,0,0
73,2025-01-12,709,0,0
74,2025-01-12,1748,0,0
75,2025-01-12,816,0,1
76,2025-01-12,2366,0,0
77,2025-01-12,308,0,0
78,2025-01-12,340,0,1
79,2025-01-12,293,0,1
80,2025-01-12,271,0,0
81,2025-01-12,146,100,1
82,2025-01-12,102,100,0
83,2025-01-12,1288,0,0
84,2025-01-12,188,0,0
85,2025-01-12,82,0,1
86,2025-01-12,625,0,1
87,2025-01-12,1175,0,1
88,2025-01-12,845,0,0
89,2025-01-12,807,0,0
90,2025-01-12,837,0,0
91,2025-01-12,171,200,0
92,2025-01-12,353,0,1
93,2025-01-12,676,0,1
94,2025-01-12,772,0,0
95,2025-01-12,86,100,0
96,2025-01-12,70,242,0
97,2025-01-12,36,104,0
98,2025-01-12,284,0,1
99,2025-01-12,1563,0,0
100,2025-01-12,131,100,1
101,2025-01-12,98,150,0
102,2025-01-12,77,200,1
103,2025-01-12,1478,0,0
104,2025-01-12,225,200,2
105,2025-01-12,750,0,0
106,2025-01-12,1924,0,0
107,2025-01-12,112,50,0
108,2025-01-12,201,0,1
109,2025-01-12,1715,0,1
110,2025-01-12,250,0,1
111,2025-01-12,1292,0,0
112,2025-01-12,694,0,1
113,2025-01-12,76,0,0
114,2025-01-12,639,0,16
115,2025-01-12,322,0,0
116,2025-01-12,689,0,1
117,2025-01-12,2139,0,0
118,2025-01-12,488,0,0
119,2025-01-12,128,200,0
120,2025-01-12,175,0,1
1,2025-01-13,226,100,1
2,2025-01-13,404,0,0
3,2025-01-13,181,100,2
4,2025-01-13,593,0,0
5,2025-01-13,0,100,0
6,2025-01-13,267,200,1
7,2025-01-13,1428,0,0
8,2025-01-13,223,100,0
9,2025-01-13,476,0,0
10,2025-01-13,233,0,0
11,2025-01-13,1661,0,0
12,2025-01-13,160,50,3
13,2025-01-13,1766,0,0
14,2025-01-13,61,207,1
15,2025-01-13,132,0,0
16,2025-01-13,1620,0,0
17,2025-01-13,257,0,0
18,2025-01-13,1588,0,0
19,2025-01-13,692,0,0
20,2025-01-13,223,200,0
21,2025-01-13,149,100,0
22,2025-01-13,244,0,0
23,2025-01-13,273,0,1
24,2025-01-13,209,100,1
25,2025-01-13,204,100,0
26,2025-01-13,1605,0,42
27,2025-01-13,2082,0,1
28,2025-01-13,410,0,0
29,2025-01-13,221,0,0
30,2025-01-13,1976,0,0
31,2025-01-13,152,0,0
32,2025-01-13,337,0,0
33,2025-01-13,149,100,0
34,2025-01-13,873,0,0
35,2025-01-13,705,0,0
36,2025-01-13,797,0,0
37,2025-01-13,84,0,0
38,2025-01-13,121,0,0
39,2025-01-13,89,108,0
40,2025-01-13,151,100,0
41,2025-01-13,278,0,1
42,2025-01-13,157,0,0
43,2025-01-13,109,100,0
44,2025-01-13,1330,0,0
45,2025-01-13,663,0,1
46,2025-01-13,369,0,1
47,2025-01-13,2069,0,0
48,2025-01-13,905,0,1
49,2025-01-13,112,0,0
50,2025-01-13,1844,0,0
51,2025-01-13,472,0,1
52,2025-01-13,569,0,1
53,2025-01-13,84,50,0
54,2025-01-13,99,200,1
55,2025-01-13,177,105,1
56,2025-01-13,1759,0,0
57,2025-01-13,28,228,1
58,2025-01-13,89,100,0
59,2025-01-13,630,0,0
60,2025-01-13,0,187,0
61,2025-01-13,156,100,0
62,2025-01-13,662,0,1
63,2025-01-13,0,186,0
64,2025-01-13,731,0,1
65,2025-01-13,228,0,1
66,2025-01-13,0,230,0
67,2025-01-13,825,0,0
68,2025-01-13,83,200,0
69,2025-01-13,1766,0,0
70,2025-01-13,1265,0,0
71,2025-01-13,91,100,0
72,2025-01-13,517,0,0
73,2025-01-13,707,0,0
74,2025-01-13,1743,0,0
75,2025-01-13,802,0,1
76,2025-01-13,2359,0,0
77,2025-01-13,307,0,0
78,2025-01-13,330,0,1
79,2025-01-13,281,100,1
80,2025-01-13,268,0,0
81,2025-01-13,139,100,0
82,2025-01-13,95,100,0
83,2025-01-13,1281,0,0
84,2025-01-13,176,0,1
85,2025-01-13,79,0,0
86,2025-01-13,617,0,0
87,2025-01-13,1168,0,0
88,2025-01-13,839,0,0
89,2025-01-13,801,0,0
90,2025-01-13,826,0,0
91,2025-01-13,166,200,0
92,2025-01-13,348,0,0
93,2025-01-13,667,0,0
94,2025-01-13,762,0,1
95,2025-01-13,79,100,0
96,2025-01-13,111,242,0
97,2025-01-13,85,50,0
98,2025-01-13,272,0,1
99,2025-01-13,1560,0,0
100,2025-01-13,124,100,0
101,2025-01-13,86,150,1
102,2025-01-13,70,200,0
103,2025-01-13,1474,0,0
104,2025-01-13,211,200,0
105,2025-01-13,746,0,0
106,2025-01-13,1920,0,0
107,2025-01-13,100,50,1
108,2025-01-13,192,0,1
109,2025-01-13,1700,0,1
110,2025-01-13,240,0,0
111,2025-01-13,1289,0,0
112,2025-01-13,685,0,1
113,2025-01-13,76,0,1
114,2025-01-13,626,0,1
115,2025-01-13,315,0,0
116,2025-01-13,686,0,0
117,2025-01-13,2129,0,0
118,2025-01-13,477,0,1
119,2025-01-13,123,200,0
120,2025-01-13,173,0,0
1,2025-01-14,204,100,1
2,2025-01-14,392,0,0
3,2025-01-14,171,100,0
4,2025-01-14,590,0,0
5,2025-01-14,0,100,0
6,2025-01-14,251,200,1
7,2025-01-14,1426,0,0
8,2025-01-14,208,100,1
9,2025-01-14,472,0,0
10,2025-01-14,229,0,0
11,2025-01-14,1653,0,0
12,2025-01-14,153,50,0
13,2025-01-14,1753,0,1
14,2025-01-14,47,207,1
15,2025-01-14,128,0,0
16,2025-01-14,1612,0,0
17,2025-01-14,250,0,0
18,2025-01-14,1576,0,1
19,2025-01-14,687,0,0
20,2025-01-14,215,200,0
21,2025-01-14,138,200,0
22,2025-01-14,244,0,2
23,2025-01-14,256,50,2
24,2025-01-14,197,100,0
25,2025-01-14,187,200,0
26,2025-01-14,1599,0,0
27,2025-01-14,2070,0,1
28,2025-01-14,404,0,0
29,2025-01-14,220,0,0
30,2025-01-14,1976,0,27
31,2025-01-14,150,0,0
32,2025-01-14,330,0,0
33,2025-01-14,143,100,0
34,2025-01-14,873,0,14
35,2025-01-14,701,0,0
36,2025-01-14,787,0,0
37,2025-01-14,81,0,0
38,2025-01-14,117,0,0
39,2025-01-14,140,50,0
40,2025-01-14,148,100,0
41,2025-01-14,273,0,0
42,2025-01-14,153,0,0
43,2025-01-14,105,100,0
44,2025-01-14,1326,0,0
45,2025-01-14,645,0,2
46,2025-01-14,357,0,1
47,2025-01-14,2057,0,1
48,2025-01-14,897,0,1
49,2025-01-14,109,0,0
50,2025-01-14,1840,0,0
51,2025-01-14,463,0,1
52,2025-01-14,555,0,1
53,2025-01-14,81,50,0
54,2025-01-14,91,200,1
55,2025-01-14,162,105,2
56,2025-01-14,1753,0,0
57,2025-01-14,17,278,1
58,2025-01-14,136,50,0
59,2025-01-14,626,0,0
60,2025-01-14,40,187,0
61,2025-01-14,150,150,0
62,2025-01-14,651,0,0
63,2025-01-14,0,186,0
64,2025-01-14,712,0,1
65,2025-01-14,214,100,1
66,2025-01-14,0,230,0
67,2025-01-14,819,0,0
68,2025-01-14,68,200,1
69,2025-01-14,1752,0,1
70,2025-01-14,1261,0,0
71,2025-01-14,136,50,0
72,2025-01-14,512,0,0
73,2025-01-14,704,0,0
74,2025-01-14,1731,0,1
75,2025-01-14,790,0,0
76,2025-01-14,2342,0,2
77,2025-01-14,304,0,0
78,2025-01-14,324,0,0
79,2025-01-14,255,100,2
80,2025-01-14,267,0,0
81,2025-01-14,125,100,1
82,2025-01-14,87,100,1
83,2025-01-14,1272,0,1
84,2025-01-14,156,100,2
85,2025-01-14,77,0,0
86,2025-01-14,610,0,0
87,2025-01-14,1158,0,1
88,2025-01-14,829,0,1
89,2025-01-14,793,0,1
90,2025-01-14,816,0,1
91,2025-01-14,152,200,1
92,2025-01-14,325,0,1
93,2025-01-14,659,0,0
94,2025-01-14,749,0,1
95,2025-01-14,70,100,0
96,2025-01-14,98,242,1
97,2025-01-14,80,50,0
98,2025-01-14,263,0,0
99,2025-01-14,1555,0,0
100,2025-01-14,117,100,0
101,2025-01-14,76,150,1
102,2025-01-14,64,200,0
103,2025-01-14,1471,0,0
104,2025-01-14,196,200,0
105,2025-01-14,742,0,0
106,2025-01-14,1918,0,0
107,2025-01-14,94,50,0
108,2025-01-14,180,0,1
109,2025-01-14,1693,0,0
110,2025-01-14,235,0,0
111,2025-01-14,1260,0,3
112,2025-01-14,678,0,0
113,2025-01-14,74,0,0
114,2025-01-14,614,0,1
115,2025-01-14,310,0,0
116,2025-01-14,679,0,1
117,2025-01-14,2115,0,1
118,2025-01-14,477,0,7
119,2025-01-14,120,200,0
120,2025-01-14,167,0,0
1,2025-01-15,192,100,1
2,2025-01-15,380,0,1
3,2025-01-15,159,150,0
4,2025-01-15,587,0,0
5,2025-01-15,49,50,0
6,2025-01-15,243,200,0
7,2025-01-15,1424,0,0
8,2025-01-15,200,100,1
9,2025-01-15,467,0,0
10,2025-01-15,220,0,1
11,2025-01-15,1647,0,0
12,2025-01-15,201,50,0
13,2025-01-15,1748,0,0
14,2025-01-15,43,207,0
15,2025-01-15,125,0,0
16,2025-01-15,1606,0,0
17,2025-01-15,239,0,0
18,2025-01-15,1568,0,0
19,2025-01-15,684,0,0
20,2025-01-15,200,200,2
21,2025-01-15,130,200,0
22,2025-01-15,240,0,0
23,2025-01-15,240,50,1
24,2025-01-15,186,100,1
25,2025-01-15,169,200,1
26,2025-01-15,1595,0,0
27,2025-01-15,2062,0,0
28,2025-01-15,389,0,0
29,2025-01-15,216,0,0
30,2025-01-15,1965,0,0
31,2025-01-15,146,0,0
32,2025-01-15,328,0,0
33,2025-01-15,139,100,0
34,2025-01-15,865,0,1
35,2025-01-15,698,0,0
36,2025-01-15,782,0,0
37,2025-01-15,78,0,0
38,2025-01-15,114,0,0
39,2025-01-15,135,50,0
40,2025-01-15,136,100,1
41,2025-01-15,262,0,1
42,2025-01-15,150,0,0
43,2025-01-15,94,100,1
44,2025-01-15,1322,0,0
45,2025-01-15,631,0,0
46,2025-01-15,344,0,0
47,2025-01-15,2046,0,0
48,2025-01-15,886,0,0
49,2025-01-15,107,0,0
50,2025-01-15,1838,0,0
51,2025-01-15,456,0,0
52,2025-01-15,534,0,2
53,2025-01-15,78,50,0
54,2025-01-15,84,200,0
55,2025-01-15,149,105,1
56,2025-01-15,1741,0,1
57,2025-01-15,5,278,1
58,2025-01-15,128,100,0
59,2025-01-15,624,0,0
60,2025-01-15,32,187,0
61,2025-01-15,141,150,0
62,2025-01-15,643,0,1
63,2025-01-15,0,186,0
64,2025-01-15,687,0,1
65,2025-01-15,203,100,0
66,2025-01-15,0,230,0
67,2025-01-15,806,0,1
68,2025-01-15,54,400,1
69,2025-01-15,1738,0,0
70,2025-01-15,1260,0,0
71,2025-01-15,129,50,0
72,2025-01-15,506,0,0
73,2025-01-15,701,0,0
74,2025-01-15,1723,0,1
75,2025-01-15,785,0,0
76,2025-01-15,2338,0,0
77,2025-01-15,301,0,0
78,2025-01-15,299,0,1
79,2025-01-15,242,100,1
80,2025-01-15,263,0,0
81,2025-01-15,119,100,0
82,2025-01-15,132,50,0
83,2025-01-15,1267,0,0
84,2025-01-15,150,100,0
85,2025-01-15,74,0,0
86,2025-01-15,605,0,0
87,2025-01-15,1149,0,0
88,2025-01-15,820,0,1
89,2025-01-15,786,0,0
90,2025-01-15,804,0,0
91,2025-01-15,133,200,2
92,2025-01-15,319,0,0
93,2025-01-15,638,0,2
94,2025-01-15,734,0,1
95,2025-01-15,57,200,0
96,2025-01-15,92,242,0
97,2025-01-15,74,50,0
98,2025-01-15,255,0,0
99,2025-01-15,1553,0,0
100,2025-01-15,108,100,0
101,2025-01-15,112,150,1
102,2025-01-15,57,200,0
103,2025-01-15,1467,0,0
104,2025-01-15,187,200,1
105,2025-01-15,733,0,0
106,2025-01-15,1914,0,0
107,2025-01-15,85,50,0
108,2025-01-15,171,0,1
109,2025-01-15,1682,0,1
110,2025-01-15,222,0,1
111,2025-01-15,1247,0,1
112,2025-01-15,676,0,0
113,2025-01-15,72,0,0
114,2025-01-15,607,0,0
115,2025-01-15,307,0,0
116,2025-01-15,669,0,0
117,2025-01-15,2105,0,0
118,2025-01-15,462,0,1
119,2025-01-15,112,200,0
120,2025-01-15,163,0,0
1,2025-01-16,176,100,2
2,2025-01-16,365,0,1
3,2025-01-16,170,100,1
4,2025-01-16,585,0,0
5,2025-01-16,45,50,0
6,2025-01-16,225,200,2
7,2025-01-16,1424,0,35
8,2025-01-16,175,100,2
9,2025-01-16,464,0,0
10,2025-01-16,216,0,0
11,2025-01-16,1635,0,0
12,2025-01-16,198,50,0
13,2025-01-16,1737,0,1
14,2025-01-16,26,207,2
15,2025-01-16,121,0,0
16,2025-01-16,1598,0,1
17,2025-01-16,233,0,0
18,2025-01-16,1562,0,0
19,2025-01-16,680,0,0
20,2025-01-16,182,200,2
21,2025-01-16,114,200,1
22,2025-01-16,236,0,0
23,2025-01-16,234,100,0
24,2025-01-16,159,200,1
25,2025-01-16,154,200,2
26,2025-01-16,1590,0,0
27,2025-01-16,2050,0,1
28,2025-01-16,377,0,1
29,2025-01-16,213,0,0
30,2025-01-16,1954,0,1
31,2025-01-16,142,0,0
32,2025-01-16,325,0,0
33,2025-01-16,231,0,0
34,2025-01-16,855,0,0
35,2025-01-16,695,0,0
36,2025-01-16,777,0,0
37,2025-01-16,76,0,0
38,2025-01-16,110,0,0
39,2025-01-16,177,0,0
40,2025-01-16,129,100,0
41,2025-01-16,257,0,0
42,2025-01-16,144,0,0
43,2025-01-16,88,100,0
44,2025-01-16,1319,0,0
45,2025-01-16,622,0,1
46,2025-01-16,335,0,0
47,2025-01-16,2036,0,0
48,2025-01-16,880,0,0
49,2025-01-16,104,0,0
50,2025-01-16,1835,0,0
51,2025-01-16,456,0,5
52,2025-01-16,520,0,1
53,2025-01-16,74,50,0
54,2025-01-16,73,200,1
55,2025-01-16,135,155,1
56,2025-01-16,1736,0,0
57,2025-01-16,173,100,0
58,2025-01-16,119,100,1
59,2025-01-16,624,0,17
60,2025-01-16,20,187,1
61,2025-01-16,133,150,0
62,2025-01-16,630,0,0
63,2025-01-16,27,136,0
64,2025-01-16,668,0,2
65,2025-01-16,188,100,1
66,2025-01-16,0,230,0
67,2025-01-16,789,0,1
68,2025-01-16,43,400,1
69,2025-01-16,1727,0,0
70,2025-01-16,1258,0,0
71,2025-01-16,172,0,0
72,2025-01-16,498,0,0
73,2025-01-16,699,0,0
74,2025-01-16,1716,0,0
75,2025-01-16,772,0,0
76,2025-01-16,2328,0,1
77,2025-01-16,299,0,0
78,2025-01-16,283,0,1
79,2025-01-16,236,100,0
80,2025-01-16,261,0,0
81,2025-01-16,113,100,0
82,2025-01-16,122,50,0
83,2025-01-16,1257,0,1
84,2025-01-16,142,100,1
85,2025-01-16,70,200,0
86,2025-01-16,598,0,0
87,2025-01-16,1141,0,0
88,2025-01-16,814,0,0
89,2025-01-16,779,0,0
90,2025-01-16,796,0,0
91,2025-01-16,126,200,0
92,2025-01-16,309,0,1
93,2025-01-16,627,0,1
94,2025-01-16,723,0,1
95,2025-01-16,49,200,1
96,2025-01-16,75,242,0
97,2025-01-16,69,100,0
98,2025-01-16,250,0,0
99,2025-01-16,1552,0,0
100,2025-01-16,102,100,0
101,2025-01-16,106,150,0
102,2025-01-16,151,100,0
103,2025-01-16,1463,0,0
104,2025-01-16,180,200,0
105,2025-01-16,728,0,0
106,2025-01-16,1913,0,0
107,2025-01-16,76,50,0
108,2025-01-16,156,200,1
109,2025-01-16,1671,0,1
110,2025-01-16,208,0,1
111,2025-01-16,1232,0,1
112,2025-01-16,662,0,1
113,2025-01-16,69,0,0
114,2025-01-16,595,0,1
115,2025-01-16,306,0,0
116,2025-01-16,659,0,1
117,2025-01-16,2095,0,0
118,2025-01-16,454,0,0
119,2025-01-16,98,200,0
120,2025-01-16,156,0,0
1,2025-01-17,168,200,1
2,2025-01-17,350,0,2
3,2025-01-17,154,100,1
4,2025-01-17,581,0,0
5,2025-01-17,44,50,0
6,2025-01-17,219,200,0
7,2025-01-17,1422,0,0
8,2025-01-17,160,100,2
9,2025-01-17,458,0,0
10,2025-01-17,204,0,1
11,2025-01-17,1625,0,1
12,2025-01-17,187,50,0
13,2025-01-17,1722,0,2
14,2025-01-17,57,207,2
15,2025-01-17,118,0,0
16,2025-01-17,1593,0,0
17,2025-01-17,221,0,1
18,2025-01-17,1550,0,1
19,2025-01-17,679,0,0
20,2025-01-17,169,200,1
21,2025-01-17,103,200,1
22,2025-01-17,233,0,0
23,2025-01-17,216,100,2
24,2025-01-17,151,200,0
25,2025-01-17,140,200,0
26,2025-01-17,1585,0,0
27,2025-01-17,2036,0,1
28,2025-01-17,363,0,1
29,2025-01-17,212,0,0
30,2025-01-17,1943,0,0
31,2025-01-17,135,0,0
32,2025-01-17,325,0,4
33,2025-01-17,223,0,0
34,2025-01-17,845,0,0
35,2025-01-17,692,0,0
36,2025-01-17,770,0,0
37,2025-01-17,76,0,1
38,2025-01-17,106,0,0
39,2025-01-17,173,0,0
40,2025-01-17,118,100,0
41,2025-01-17,248,0,0
42,2025-01-17,133,0,1
43,2025-01-17,82,100,0
44,2025-01-17,1315,0,0
45,2025-01-17,620,0,0
46,2025-01-17,321,0,1
47,2025-01-17,2025,0,0
48,2025-01-17,870,0,0
49,2025-01-17,103,0,0
50,2025-01-17,1832,0,0
51,2025-01-17,441,0,1
52,2025-01-17,500,0,0
53,2025-01-17,67,50,0
54,2025-01-17,69,200,0
55,2025-01-17,121,155,0
56,2025-01-17,1730,0,0
57,2025-01-17,162,150,0
58,2025-01-17,109,100,0
59,2025-01-17,621,0,0
60,2025-01-17,9,187,0
61,2025-01-17,128,150,0
62,2025-01-17,624,0,0
63,2025-01-17,17,136,1
64,2025-01-17,656,0,0
65,2025-01-17,176,100,1
66,2025-01-17,35,180,1
67,2025-01-17,780,0,0
68,2025-01-17,29,400,1
69,2025-01-17,1714,0,0
70,2025-01-17,1258,0,17
71,2025-01-17,166,50,0
72,2025-01-17,492,0,0
73,2025-01-17,695,0,0
74,2025-01-17,1709,0,0
75,2025-01-17,765,0,0
76,2025-01-17,2322,0,0
77,2025-01-17,297,0,0
78,2025-01-17,271,0,1
79,2025-01-17,222,100,1
80,2025-01-17,258,0,0
81,2025-01-17,163,50,3
82,2025-01-17,110,50,0
83,2025-01-17,1251,0,0
84,2025-01-17,133,100,1
85,2025-01-17,70,200,1
86,2025-01-17,592,0,0
87,2025-01-17,1133,0,0
88,2025-01-17,814,0,21
89,2025-01-17,773,0,0
90,2025-01-17,787,0,1
91,2025-01-17,112,200,1
92,2025-01-17,294,0,1
93,2025-01-17,612,0,0
94,2025-01-17,717,0,0
95,2025-01-17,42,200,0
96,2025-01-17,72,242,0
97,2025-01-17,62,100,0
98,2025-01-17,236,0,1
99,2025-01-17,1551,0,0
100,2025-01-17,96,100,0
101,2025-01-17,97,150,0
102,2025-01-17,141,100,0
103,2025-01-17,1459,0,0
104,2025-01-17,169,200,0
105,2025-01-17,725,0,0
106,2025-01-17,1909,0,0
107,2025-01-17,69,50,0
108,2025-01-17,147,200,0
109,2025-01-17,1662,0,0
110,2025-01-17,194,0,1
111,2025-01-17,1224,0,0
112,2025-01-17,655,0,0
113,2025-01-17,66,0,0
114,2025-01-17,594,0,0
115,2025-01-17,301,0,0
116,2025-01-17,652,0,0
117,2025-01-17,2088,0,0
118,2025-01-17,449,0,0
119,2025-01-17,86,200,1
120,2025-01-17,147,0,1
1,2025-01-18,161,200,0
2,2025-01-18,334,0,2
3,2025-01-18,143,150,0
4,2025-01-18,578,0,0
5,2025-01-18,41,50,0
6,2025-01-18,206,200,0
7,2025-01-18,1421,0,0
8,2025-01-18,146,200,1
9,2025-01-18,456,0,0
10,2025-01-18,199,100,0
11,2025-01-18,1612,0,1
12,2025-01-18,180,50,0
13,2025-01-18,1704,0,2
14,2025-01-18,41,257,1
15,2025-01-18,118,0,1
16,2025-01-18,1588,0,0
17,2025-01-18,203,100,2
18,2025-01-18,1542,0,1
19,2025-01-18,675,0,0
20,2025-01-18,151,200,2
21,2025-01-18,185,100,2
22,2025-01-18,229,0,0
23,2025-01-18,205,150,1
24,2025-01-18,127,200,3
25,2025-01-18,114,200,2
26,2025-01-18,1577,0,1
27,2025-01-18,2021,0,2
28,2025-01-18,356,0,0
29,2025-01-18,210,0,0
30,2025-01-18,1930,0,1
31,2025-01-18,131,0,0
32,2025-01-18,319,0,0
33,2025-01-18,211,0,1
34,2025-01-18,840,0,0
35,2025-01-18,687,0,0
36,2025-01-18,767,0,0
37,2025-01-18,74,0,0
38,2025-01-18,102,0,0
39,2025-01-18,155,50,1
40,2025-01-18,101,100,1
41,2025-01-18,237,0,0
42,2025-01-18,128,0,0
43,2025-01-18,75,100,1
44,2025-01-18,1308,0,0
45,2025-01-18,606,0,1
46,2025-01-18,296,500,2
47,2025-01-18,2015,0,0
48,2025-01-18,856,0,1
49,2025-01-18,100,0,0
50,2025-01-18,1827,0,0
51,2025-01-18,425,0,1
52,2025-01-18,490,0,0
53,2025-01-18,63,50,0
54,2025-01-18,65,200,0
55,2025-01-18,105,155,0
56,2025-01-18,1721,0,0
57,2025-01-18,147,150,0
58,2025-01-18,91,100,2
59,2025-01-18,618,0,0
60,2025-01-18,0,237,0
61,2025-01-18,173,100,0
62,2025-01-18,617,0,0
63,2025-01-18,94,100,0
64,2025-01-18,636,0,2
65,2025-01-18,165,100,1
66,2025-01-18,25,180,1
67,2025-01-18,777,0,0
68,2025-01-18,17,400,1
69,2025-01-18,1701,0,1
70,2025-01-18,1253,0,0
71,2025-01-18,156,50,1
72,2025-01-18,487,0,0
73,2025-01-18,692,0,0
74,2025-01-18,1704,0,0
75,2025-01-18,749,0,1
76,2025-01-18,2307,0,0
77,2025-01-18,295,0,0
78,2025-01-18,260,0,0
79,2025-01-18,222,100,3
80,2025-01-18,255,0,0
81,2025-01-18,204,50,0
82,2025-01-18,106,100,0
83,2025-01-18,1237,0,0
84,2025-01-18,126,100,0
85,2025-01-18,65,200,0
86,2025-01-18,581,0,1
87,2025-01-18,1125,0,1
88,2025-01-18,810,0,0
89,2025-01-18,767,0,0
90,2025-01-18,776,0,1
91,2025-01-18,99,200,1
92,2025-01-18,282,0,1
93,2025-01-18,606,0,0
94,2025-01-18,700,0,1
95,2025-01-18,136,100,0
96,2025-01-18,261,50,0
97,2025-01-18,60,100,0
98,2025-01-18,223,0,1
99,2025-01-18,1548,0,0
100,2025-01-18,82,100,1
101,2025-01-18,87,150,1
102,2025-01-18,141,100,1
103,2025-01-18,1457,0,0
104,2025-01-18,147,200,2
105,2025-01-18,721,0,0
106,2025-01-18,1906,0,0
107,2025-01-18,63,100,0
108,2025-01-18,137,200,1
109,2025-01-18,1650,0,0
110,2025-01-18,175,0,0
111,2025-01-18,1213,0,1
112,2025-01-18,652,0,0
113,2025-01-18,64,0,0
114,2025-01-18,580,0,2
115,2025-01-18,299,0,0
116,2025-01-18,648,0,0
117,2025-01-18,2073,0,2
118,2025-01-18,438,0,1
119,2025-01-18,172,100,0
120,2025-01-18,143,0,0
1,2025-01-19,137,200,2
2,2025-01-19,315,0,2
3,2025-01-19,124,150,1
4,2025-01-19,578,0,6
5,2025-01-19,37,50,0
6,2025-01-19,384,0,2
7,2025-01-19,1421,0,17
8,2025-01-19,133,200,0
9,2025-01-19,451,0,0
10,2025-01-19,179,100,1
11,2025-01-19,1597,0,2
12,2025-01-19,172,50,1
13,2025-01-19,1677,0,3
14,2025-01-19,28,257,0
15,2025-01-19,115,0,0
16,2025-01-19,1583,0,0
17,2025-01-19,199,100,0
18,2025-01-19,1530,0,1
19,2025-01-19,670,0,0
20,2025-01-19,139,200,1
21,2025-01-19,171,100,1
22,2025-01-19,226,0,0
23,2025-01-19,191,150,1
24,2025-01-19,111,200,1
25,2025-01-19,99,200,1
26,2025-01-19,1574,0,0
27,2025-01-19,2008,0,0
28,2025-01-19,333,0,2
29,2025-01-19,208,0,0
30,2025-01-19,1918,0,1
31,2025-01-19,128,0,0
32,2025-01-19,314,0,0
33,2025-01-19,196,0,1
34,2025-01-19,830,0,0
35,2025-01-19,686,0,0
36,2025-01-19,760,0,0
37,2025-01-19,70,0,0
38,2025-01-19,100,0,0
39,2025-01-19,149,50,0
40,2025-01-19,82,200,2
41,2025-01-19,228,0,1
42,2025-01-19,119,0,0
43,2025-01-19,66,100,1
44,2025-01-19,1302,0,0
45,2025-01-19,590,0,1
46,2025-01-19,293,500,0
47,2025-01-19,2005,0,1
48,2025-01-19,841,0,1
49,2025-01-19,97,0,0
50,2025-01-19,1822,0,0
51,2025-01-19,400,0,2
52,2025-01-19,476,0,1
53,2025-01-19,60,50,0
54,2025-01-19,56,200,1
55,2025-01-19,88,205,1
56,2025-01-19,1720,0,0
57,2025-01-19,134,150,1
58,2025-01-19,73,150,2
59,2025-01-19,615,0,0
60,2025-01-19,0,237,0
61,2025-01-19,159,100,1
62,2025-01-19,602,0,1
63,2025-01-19,89,100,0
64,2025-01-19,618,0,0
65,2025-01-19,158,100,0
66,2025-01-19,20,230,0
67,2025-01-19,774,0,0
68,2025-01-19,2,400,0
69,2025-01-19,1690,0,0
70,2025-01-19,1250,0,0
71,2025-01-19,151,50,0
72,2025-01-19,484,0,0
73,2025-01-19,689,0,0
74,2025-01-19,1693,0,1
75,2025-01-19,735,0,2
76,2025-01-19,2293,0,0
77,2025-01-19,294,0,0
78,2025-01-19,236,200,3
79,2025-01-19,210,200,1
80,2025-01-19,253,0,0
81,2025-01-19,195,50,1
82,2025-01-19,96,100,1
83,2025-01-19,1233,0,0
84,2025-01-19,117,100,0
85,2025-01-19,62,200,0
86,2025-01-19,574,0,0
87,2025-01-19,1118,0,0
88,2025-01-19,806,0,0
89,2025-01-19,764,0,0
90,2025-01-19,765,0,1
91,2025-01-19,99,200,1
92,2025-01-19,279,0,0
93,2025-01-19,587,0,1
94,2025-01-19,677,0,2
95,2025-01-19,129,100,0
96,2025-01-19,249,100,0
97,2025-01-19,102,50,1
98,2025-01-19,217,0,0
99,2025-01-19,1548,0,34
100,2025-01-19,71,100,1
101,2025-01-19,76,150,1
102,2025-01-19,124,100,2
103,2025-01-19,1457,0,31
104,2025-01-19,141,200,0
105,2025-01-19,717,0,0
106,2025-01-19,1902,0,0
107,2025-01-19,56,100,0
108,2025-01-19,129,200,0
109,2025-01-19,1639,0,1
110,2025-01-19,167,100,0
111,2025-01-19,1191,0,0
112,2025-01-19,645,0,1
113,2025-01-19,61,0,0
114,2025-01-19,574,0,0
115,2025-01-19,292,0,0
116,2025-01-19,643,0,0
117,2025-01-19,2055,0,1
118,2025-01-19,426,0,0
119,2025-01-19,152,200,2
120,2025-01-19,138,0,0
1,2025-01-20,112,200,0
2,2025-01-20,301,0,1
3,2025-01-20,117,150,0
4,2025-01-20,575,0,0
5,2025-01-20,37,50,0
6,2025-01-20,370,0,0
7,2025-01-20,1419,0,0
8,2025-01-20,117,200,1
9,2025-01-20,449,0,0
10,2025-01-20,169,100,1
11,2025-01-20,1592,0,0
12,2025-01-20,162,50,0
13,2025-01-20,1667,0,1
14,2025-01-20,19,257,1
15,2025-01-20,113,0,0
16,2025-01-20,1576,0,0
17,2025-01-20,186,100,1
18,2025-01-20,1520,0,1
19,2025-01-20,667,0,0
20,2025-01-20,133,200,0
21,2025-01-20,161,100,0
22,2025-01-20,222,0,0
23,2025-01-20,167,150,2
24,2025-01-20,105,200,0
25,2025-01-20,78,300,3
26,2025-01-20,1566,0,0
27,2025-01-20,1994,0,2
28,2025-01-20,318,0,1
29,2025-01-20,206,0,0
30,2025-01-20,1905,0,0
31,2025-01-20,125,0,0
32,2025-01-20,308,0,0
33,2025-01-20,185,100,1
34,2025-01-20,825,0,0
35,2025-01-20,684,0,0
36,2025-01-20,755,0,0
37,2025-01-20,68,0,0
38,2025-01-20,97,0,0
39,2025-01-20,139,50,0
40,2025-01-20,74,200,0
41,2025-01-20,219,0,0
42,2025-01-20,114,50,0
43,2025-01-20,160,0,0
44,2025-01-20,1301,0,0
45,2025-01-20,579,0,1
46,2025-01-20,278,500,1
47,2025-01-20,1991,0,1
48,2025-01-20,833,0,0
49,2025-01-20,96,0,0
50,2025-01-20,1817,0,0
51,2025-01-20,392,0,0
52,2025-01-20,469,0,0
53,2025-01-20,57,50,0
54,2025-01-20,49,200,0
55,2025-01-20,79,205,0
56,2025-01-20,1717,0,0
57,2025-01-20,116,150,0
58,2025-01-20,59,150,1
59,2025-01-20,611,0,0
60,2025-01-20,0,237,0
61,2025-01-20,149,100,0
62,2025-01-20,594,0,0
63,2025-01-20,82,100,0
64,2025-01-20,601,0,1
65,2025-01-20,144,100,1
66,2025-01-20,11,230,1
67,2025-01-20,765,0,0
68,2025-01-20,0,400,0
69,2025-01-20,1677,0,1
70,2025-01-20,1246,0,0
71,2025-01-20,143,50,0
72,2025-01-20,476,0,0
73,2025-01-20,686,0,0
74,2025-01-20,1688,0,0
75,2025-01-20,717,0,2
76,2025-01-20,2277,0,2
77,2025-01-20,293,0,0
78,2025-01-20,225,200,1
79,2025-01-20,195,200,1
80,2025-01-20,250,0,0
81,2025-01-20,183,50,1
82,2025-01-20,138,50,1
83,2025-01-20,1218,0,1
84,2025-01-20,104,100,0
85,2025-01-20,59,200,0
86,2025-01-20,564,0,1
87,2025-01-20,1114,0,0
88,2025-01-20,798,0,0
89,2025-01-20,757,0,0
90,2025-01-20,756,0,0
91,2025-01-20,90,200,1
92,2025-01-20,270,0,0
93,2025-01-20,579,0,0
94,2025-01-20,667,0,1
95,2025-01-20,123,100,0
96,2025-01-20,241,100,0
97,2025-01-20,96,50,0
98,2025-01-20,207,0,1
99,2025-01-20,1546,0,0
100,2025-01-20,58,200,1
101,2025-01-20,62,200,1
102,2025-01-20,110,200,1
103,2025-01-20,1455,0,0
104,2025-01-20,127,200,1
105,2025-01-20,715,0,0
106,2025-01-20,1898,0,0
107,2025-01-20,50,100,0
108,2025-01-20,120,200,0
109,2025-01-20,1636,0,0
110,2025-01-20,161,100,0
111,2025-01-20,1175,0,1
112,2025-01-20,639,0,0
113,2025-01-20,59,0,0
114,2025-01-20,570,0,0
115,2025-01-20,286,0,0
116,2025-01-20,641,0,0
117,2025-01-20,2040,0,1
118,2025-01-20,413,0,1
119,2025-01-20,244,100,0
120,2025-01-20,131,0,0
1,2025-01-21,95,200,2
2,2025-01-21,290,0,1
3,2025-01-21,107,200,0
4,2025-01-21,571,0,0
5,2025-01-21,36,50,0
6,2025-01-21,355,0,0
7,2025-01-21,1415,0,0
8,2025-01-21,107,200,1
9,2025-01-21,444,0,0
10,2025-01-21,159,100,0
11,2025-01-21,1582,0,0
12,2025-01-21,156,50,0
13,2025-01-21,1647,0,0
14,2025-01-21,9,257,0
15,2025-01-21,112,0,0
16,2025-01-21,1568,0,0
17,2025-01-21,183,100,0
18,2025-01-21,1506,0,1
19,2025-01-21,662,0,0
20,2025-01-21,118,200,1
21,2025-01-21,146,100,1
22,2025-01-21,216,0,0
23,2025-01-21,146,200,1
24,2025-01-21,90,200,1
25,2025-01-21,53,300,3
26,2025-01-21,1555,0,1
27,2025-01-21,1967,0,2
28,2025-01-21,309,0,0
29,2025-01-21,205,0,0
30,2025-01-21,1896,0,0
31,2025-01-21,121,0,0
32,2025-01-21,305,0,0
33,2025-01-21,177,100,0
34,2025-01-21,815,0,1
35,2025-01-21,683,0,0
36,2025-01-21,749,0,0
37,2025-01-21,64,0,0
38,2025-01-21,93,0,0
39,2025-01-21,129,50,0
40,2025-01-21,162,100,0
41,2025-01-21,211,0,0
42,2025-01-21,110,50,0
43,2025-01-21,151,0,1
44,2025-01-21,1296,0,0
45,2025-01-21,563,0,1
46,2025-01-21,265,500,0
47,2025-01-21,1982,0,0
48,2025-01-21,828,0,0
49,2025-01-21,93,0,0
50,2025-01-21,1811,0,0
51,2025-01-21,388,0,0
52,2025-01-21,448,0,2
53,2025-01-21,52,50,0
54,2025-01-21,43,200,0
55,2025-01-21,112,155,0
56,2025-01-21,1709,0,0
57,2025-01-21,107,150,1
58,2025-01-21,47,150,1
59,2025-01-21,602,0,0
60,2025-01-21,0,237,0
61,2025-01-21,136,150,1
62,2025-01-21,583,0,1
63,2025-01-21,73,100,1
64,2025-01-21,583,0,1
65,2025-01-21,136,200,0
66,2025-01-21,0,230,0
67,2025-01-21,760,0,0
68,2025-01-21,0,400,0
69,2025-01-21,1671,0,0
70,2025-01-21,1242,0,0
71,2025-01-21,135,50,1
72,2025-01-21,470,0,0
73,2025-01-21,686,0,8
74,2025-01-21,1679,0,0
75,2025-01-21,709,0,0
76,2025-01-21,2266,0,1
77,2025-01-21,291,0,0
78,2025-01-21,211,200,1
79,2025-01-21,180,200,1
80,2025-01-21,247,0,0
81,2025-01-21,171,100,0
82,2025-01-21,132,50,0
83,2025-01-21,1209,0,0
84,2025-01-21,95,100,1
85,2025-01-21,57,200,0
86,2025-01-21,552,0,1
87,2025-01-21,1107,0,0
88,2025-01-21,790,0,0
89,2025-01-21,751,0,0
90,2025-01-21,747,0,0
91,2025-01-21,78,200,1
92,2025-01-21,262,0,0
93,2025-01-21,563,0,1
94,2025-01-21,652,0,1
95,2025-01-21,116,100,0
96,2025-01-21,228,100,1
97,2025-01-21,92,50,0
98,2025-01-21,201,0,0
99,2025-01-21,1545,0,0
100,2025-01-21,51,200,0
101,2025-01-21,62,200,1
102,2025-01-21,103,200,0
103,2025-01-21,1453,0,0
104,2025-01-21,111,200,0
105,2025-01-21,713,0,0
106,2025-01-21,1895,0,0
107,2025-01-21,46,100,0
108,2025-01-21,114,200,0
109,2025-01-21,1624,0,1
110,2025-01-21,158,100,0
111,2025-01-21,1164,0,0
112,2025-01-21,627,0,1
113,2025-01-21,56,0,0
114,2025-01-21,560,0,1
115,2025-01-21,286,0,8
116,2025-01-21,634,0,0
117,2025-01-21,2019,0,1
118,2025-01-21,402,0,0
119,2025-01-21,229,100,1
120,2025-01-21,127,500,0
1,2025-01-22,76,200,1
2,2025-01-22,279,0,1
3,2025-01-22,88,200,2
4,2025-01-22,567,0,0
5,2025-01-22,33,50,0
6,2025-01-22,339,0,1
7,2025-01-22,1412,0,0
8,2025-01-22,101,200,0
9,2025-01-22,440,0,0
10,2025-01-22,148,100,1
11,2025-01-22,1572,0,0
12,2025-01-22,150,50,0
13,2025-01-22,1634,0,0
14,2025-01-22,0,307,0
15,2025-01-22,107,0,0
16,2025-01-22,1562,0,0
17,2025-01-22,169,100,2
18,2025-01-22,1497,0,0
19,2025-01-22,660,0,0
20,2025-01-22,111,200,0
21,2025-01-22,123,200,3
22,2025-01-22,213,0,0
23,2025-01-22,134,200,1
24,2025-01-22,79,200,1
25,2025-01-22,26,300,1
26,2025-01-22,1546,0,0
27,2025-01-22,1946,0,1
28,2025-01-22,299,0,1
29,2025-01-22,203,0,0
30,2025-01-22,1889,0,0
31,2025-01-22,117,0,0
32,2025-01-22,304,0,0
33,2025-01-22,168,100,0
34,2025-01-22,812,0,0
35,2025-01-22,681,0,0
36,2025-01-22,745,0,0
37,2025-01-22,62,0,0
38,2025-01-22,90,0,0
39,2025-01-22,173,0,0
40,2025-01-22,148,100,1
41,2025-01-22,205,0,0
42,2025-01-22,104,50,0
43,2025-01-22,144,0,0
44,2025-01-22,1293,0,0
45,2025-01-22,555,0,1
46,2025-01-22,252,500,1
47,2025-01-22,1969,0,1
48,2025-01-22,817,0,1
49,2025-01-22,92,0,0
50,2025-01-22,1806,0,0
51,2025-01-22,381,0,0
52,2025-01-22,431,0,1
53,2025-01-22,47,50,0
54,2025-01-22,236,0,0
55,2025-01-22,106,205,0
56,2025-01-22,1705,0,0
57,2025-01-22,87,200,2
58,2025-01-22,34,150,1
59,2025-01-22,600,0,0
60,2025-01-22,0,237,0
61,2025-01-22,186,100,2
62,2025-01-22,577,0,0
63,2025-01-22,67,100,0
64,2025-01-22,576,0,0
65,2025-01-22,130,200,0
66,2025-01-22,38,180,1
67,2025-01-22,752,0,0
68,2025-01-22,0,400,0
69,2025-01-22,1670,0,0
70,2025-01-22,1242,0,20
71,2025-01-22,129,100,0
72,2025-01-22,464,0,0
73,2025-01-22,686,0,8
74,2025-01-22,1673,0,0
75,2025-01-22,698,0,0
76,2025-01-22,2249,0,2
77,2025-01-22,290,0,0
78,2025-01-22,197,200,1
79,2025-01-22,165,200,1
80,2025-01-22,246,0,0
81,2025-01-22,158,100,1
82,2025-01-22,124,50,0
83,2025-01-22,1199,0,0
84,2025-01-22,69,100,2
85,2025-01-22,56,200,0
86,2025-01-22,539,0,0
87,2025-01-22,1102,0,0
88,2025-01-22,782,0,0
89,2025-01-22,747,0,0
90,2025-01-22,739,0,0
91,2025-01-22,169,200,1
92,2025-01-22,249,0,0
93,2025-01-22,560,0,0
94,2025-01-22,636,0,1
95,2025-01-22,109,100,0
96,2025-01-22,221,100,0
97,2025-01-22,87,50,0
98,2025-01-22,189,0,1
99,2025-01-22,1543,0,0
100,2025-01-22,143,100,0
101,2025-01-22,106,150,0
102,2025-01-22,91,200,0
103,2025-01-22,1449,0,0
104,2025-01-22,288,0,3
105,2025-01-22,709,0,0
106,2025-01-22,1891,0,0
107,2025-01-22,40,100,0
108,2025-01-22,302,0,1
109,2025-01-22,1617,0,0
110,2025-01-22,148,100,0
111,2025-01-22,1152,0,0
112,2025-01-22,617,0,0
113,2025-01-22,54,0,0
114,2025-01-22,548,0,1
115,2025-01-22,281,0,0
116,2025-01-22,626,0,0
117,2025-01-22,1999,0,2
118,2025-01-22,389,0,1
119,2025-01-22,213,100,2
120,2025-01-22,123,500,0
1,2025-01-23,68,300,0
2,2025-01-23,267,0,1
3,2025-01-23,69,200,2
4,2025-01-23,565,0,0
5,2025-01-23,58,0,0
6,2025-01-23,326,0,1
7,2025-01-23,1409,0,0
8,2025-01-23,95,200,0
9,2025-01-23,435,0,0
10,2025-01-23,148,100,4
11,2025-01-23,1563,0,0
12,2025-01-23,147,100,0
13,2025-01-23,1608,0,2
14,2025-01-23,0,307,0
15,2025-01-23,103,0,0
16,2025-01-23,1551,0,0
17,2025-01-23,164,100,0
18,2025-01-23,1479,0,2
19,2025-01-23,655,0,0
20,2025-01-23,99,200,0
21,2025-01-23,107,200,1
22,2025-01-23,211,0,0
23,2025-01-23,175,150,0
24,2025-01-23,69,200,1
25,2025-01-23,16,300,0
26,2025-01-23,1544,0,0
27,2025-01-23,1924,0,2
28,2025-01-23,289,0,1
29,2025-01-23,201,0,0
30,2025-01-23,1882,0,0
31,2025-01-23,117,0,2
32,2025-01-23,300,0,0
33,2025-01-23,166,100,0
34,2025-01-23,805,0,0
35,2025-01-23,680,0,0
36,2025-01-23,736,0,1
37,2025-01-23,59,0,0
38,2025-01-23,86,100,0
39,2025-01-23,163,0,0
40,2025-01-23,144,100,0
41,2025-01-23,195,0,0
42,2025-01-23,99,50,0
43,2025-01-23,138,0,0
44,2025-01-23,1287,0,0
45,2025-01-23,539,0,1
46,2025-01-23,237,500,0
47,2025-01-23,1966,0,0
48,2025-01-23,811,0,0
49,2025-01-23,90,0,0
50,2025-01-23,1802,0,0
51,2025-01-23,374,0,1
52,2025-01-23,402,0,3
53,2025-01-23,41,50,0
54,2025-01-23,227,0,1
55,2025-01-23,94,205,0
56,2025-01-23,1699,0,0
57,2025-01-23,79,200,0
58,2025-01-23,75,150,0
59,2025-01-23,597,0,0
60,2025-01-23,0,237,0
61,2025-01-23,173,100,1
62,2025-01-23,570,0,0
63,2025-01-23,64,100,0
64,2025-01-23,569,0,0
65,2025-01-23,122,200,0
66,2025-01-23,20,230,1
67,2025-01-23,742,0,0
68,2025-01-23,196,200,0
69,2025-01-23,1658,0,1
70,2025-01-23,1241,0,0
71,2025-01-23,117,100,1
72,2025-01-23,461,0,0
73,2025-01-23,684,0,0
74,2025-01-23,1662,0,1
75,2025-01-23,692,0,0
76,2025-01-23,2242,0,0
77,2025-01-23,289,0,0
78,2025-01-23,179,200,2
79,2025-01-23,262,100,0
80,2025-01-23,246,0,7
81,2025-01-23,176,100,1
82,2025-01-23,165,50,0
83,2025-01-23,1184,0,1
84,2025-01-23,63,200,0
85,2025-01-23,54,200,0
86,2025-01-23,528,0,0
87,2025-01-23,1101,0,0
88,2025-01-23,776,0,0
89,2025-01-23,742,0,0
90,2025-01-23,728,0,1
91,2025-01-23,159,200,1
92,2025-01-23,238,0,0
93,2025-01-23,556,0,0
94,2025-01-23,627,0,0
95,2025-01-23,99,100,0
96,2025-01-23,264,50,0
97,2025-01-23,81,50,0
98,2025-01-23,180,100,1
99,2025-01-23,1541,0,0
100,2025-01-23,135,100,1
101,2025-01-23,98,150,0
102,2025-01-23,83,200,1
103,2025-01-23,1445,0,0
104,2025-01-23,275,0,1
105,2025-01-23,706,0,0
106,2025-01-23,1887,0,0
107,2025-01-23,34,100,0
108,2025-01-23,301,0,0
109,2025-01-23,1605,0,1
110,2025-01-23,141,100,0
111,2025-01-23,1136,0,1
112,2025-01-23,601,0,1
113,2025-01-23,54,100,0
114,2025-01-23,540,0,0
115,2025-01-23,277,0,0
116,2025-01-23,621,0,0
117,2025-01-23,1983,0,1
118,2025-01-23,384,0,0
119,2025-01-23,204,100,1
120,2025-01-23,117,500,0
1,2025-01-24,57,300,0
2,2025-01-24,257,200,0
3,2025-01-24,112,200,0
4,2025-01-24,565,0,16
5,2025-01-24,55,0,0
6,2025-01-24,308,0,1
7,2025-01-24,1407,0,0
8,2025-01-24,84,200,0
9,2025-01-24,430,0,0
10,2025-01-24,135,100,1
11,2025-01-24,1562,0,0
12,2025-01-24,140,100,0
13,2025-01-24,1607,0,0
14,2025-01-24,0,307,0
15,2025-01-24,100,0,0
16,2025-01-24,1535,0,2
17,2025-01-24,236,0,1
18,2025-01-24,1462,0,2
19,2025-01-24,650,0,0
20,2025-01-24,79,200,1
21,2025-01-24,102,200,0
22,2025-01-24,206,0,0
23,2025-01-24,164,150,0
24,2025-01-24,58,300,1
25,2025-01-24,2,300,0
26,2025-01-24,1538,0,0
27,2025-01-24,1915,0,0
28,2025-01-24,279,0,1
29,2025-01-24,198,0,0
30,2025-01-24,1877,0,0
31,2025-01-24,111,0,0
32,2025-01-24,297,0,0
33,2025-01-24,162,100,0
34,2025-01-24,801,0,0
35,2025-01-24,678,0,0
36,2025-01-24,732,0,0
37,2025-01-24,57,100,0
38,2025-01-24,85,100,0
39,2025-01-24,155,0,0
40,2025-01-24,218,0,0
41,2025-01-24,184,0,1
42,2025-01-24,94,50,0
43,2025-01-24,131,0,0
44,2025-01-24,1281,0,0
45,2025-01-24,521,0,2
46,2025-01-24,727,0,0
47,2025-01-24,1960,0,0
48,2025-01-24,802,0,0
49,2025-01-24,88,0,0
50,2025-01-24,1799,0,0
51,2025-01-24,363,0,0
52,2025-01-24,387,0,2
53,2025-01-24,39,100,0
54,2025-01-24,223,0,0
55,2025-01-24,127,155,1
56,2025-01-24,1693,0,0
57,2025-01-24,64,200,1
58,2025-01-24,63,150,1
59,2025-01-24,595,0,0
60,2025-01-24,0,237,0
61,2025-01-24,165,100,0
62,2025-01-24,557,0,1
63,2025-01-24,58,100,0
64,2025-01-24,555,0,1
65,2025-01-24,111,200,0
66,2025-01-24,14,230,0
67,2025-01-24,728,0,1
68,2025-01-24,182,200,1
69,2025-01-24,1649,0,1
70,2025-01-24,1240,0,0
71,2025-01-24,112,100,0
72,2025-01-24,457,0,0
73,2025-01-24,682,0,0
74,2025-01-24,1657,0,0
75,2025-01-24,682,0,1
76,2025-01-24,2232,0,0
77,2025-01-24,287,0,0
78,2025-01-24,169,200,1
79,2025-01-24,252,100,1
80,2025-01-24,244,0,0
81,2025-01-24,162,100,1
82,2025-01-24,162,50,0
83,2025-01-24,1174,0,1
84,2025-01-24,52,200,1
85,2025-01-24,51,200,0
86,2025-01-24,517,0,1
87,2025-01-24,1094,0,0
88,2025-01-24,765,0,1
89,2025-01-24,739,0,0
90,2025-01-24,722,0,0
91,2025-01-24,143,200,2
92,2025-01-24,229,0,0
93,2025-01-24,531,0,1
94,2025-01-24,612,0,1
95,2025-01-24,93,100,0
96,2025-01-24,257,50,0
97,2025-01-24,76,50,0
98,2025-01-24,172,100,0
99,2025-01-24,1538,0,0
100,2025-01-24,125,100,1
101,2025-01-24,82,150,1
102,2025-01-24,76,200,0
103,2025-01-24,1444,0,0
104,2025-01-24,271,200,0
105,2025-01-24,703,0,0
106,2025-01-24,1884,0,0
107,2025-01-24,78,50,0
108,2025-01-24,297,0,0
109,2025-01-24,1595,0,0
110,2025-01-24,130,100,1
111,2025-01-24,1122,0,0
112,2025-01-24,596,0,0
113,2025-01-24,51,100,0
114,2025-01-24,522,0,1
115,2025-01-24,272,0,0
116,2025-01-24,619,0,0
117,2025-01-24,1968,0,1
118,2025-01-24,378,0,0
119,2025-01-24,178,200,1
120,2025-01-24,111,500,0
1,2025-01-25,41,300,1
2,2025-01-25,241,200,2
3,2025-01-25,102,200,1
4,2025-01-25,561,0,0
5,2025-01-25,53,0,0
6,2025-01-25,296,0,0
7,2025-01-25,1404,0,0
8,2025-01-25,134,200,1
9,2025-01-25,421,0,1
10,2025-01-25,118,100,1
11,2025-01-25,1546,0,1
12,2025-01-25,135,100,0
13,2025-01-25,1584,0,2
14,2025-01-25,0,307,0
15,2025-01-25,97,0,0
16,2025-01-25,1526,0,0
17,2025-01-25,229,0,0
18,2025-01-25,1448,0,2
19,2025-01-25,649,0,0
20,2025-01-25,71,200,0
21,2025-01-25,88,200,2
22,2025-01-25,199,0,0
23,2025-01-25,197,100,2
24,2025-01-25,47,300,0
25,2025-01-25,2,300,0
26,2025-01-25,1533,0,0
27,2025-01-25,1898,0,0
28,2025-01-25,269,0,1
29,2025-01-25,196,0,0
30,2025-01-25,1867,0,0
31,2025-01-25,108,0,0
32,2025-01-25,293,0,0
33,2025-01-25,153,100,1
34,2025-01-25,787,0,1
35,2025-01-25,678,0,19
36,2025-01-25,727,0,0
37,2025-01-25,55,100,0
38,2025-01-25,81,100,0
39,2025-01-25,146,50,0
40,2025-01-25,202,100,1
41,2025-01-25,170,0,0
42,2025-01-25,140,0,0
43,2025-01-25,125,0,0
44,2025-01-25,1276,0,0
45,2025-01-25,511,0,1
46,2025-01-25,708,0,2
47,2025-01-25,1952,0,0
48,2025-01-25,794,0,0
49,2025-01-25,86,0,0
50,2025-01-25,1797,0,0
51,2025-01-25,344,0,2
52,2025-01-25,365,0,2
53,2025-01-25,34,100,0
54,2025-01-25,214,0,0
55,2025-01-25,112,205,1
56,2025-01-25,1682,0,1
57,2025-01-25,47,250,1
58,2025-01-25,50,150,1
59,2025-01-25,591,0,0
60,2025-01-25,0,237,0
61,2025-01-25,156,100,0
62,2025-01-25,545,0,1
63,2025-01-25,46,100,0
64,2025-01-25,529,0,3
65,2025-01-25,103,200,0
66,2025-01-25,13,230,0
67,2025-01-25,718,0,0
68,2025-01-25,175,200,0
69,2025-01-25,1637,0,1
70,2025-01-25,1233,0,0
71,2025-01-25,105,100,0
72,2025-01-25,453,0,0
73,2025-01-25,679,0,0
74,2025-01-25,1653,0,0
75,2025-01-25,672,0,0
76,2025-01-25,2220,0,1
77,2025-01-25,286,0,0
78,2025-01-25,152,200,1
79,2025-01-25,312,0,5
80,2025-01-25,241,0,0
81,2025-01-25,153,100,1
82,2025-01-25,151,50,1
83,2025-01-25,1167,0,0
84,2025-01-25,47,200,0
85,2025-01-25,49,200,0
86,2025-01-25,510,0,0
87,2025-01-25,1089,0,0
88,2025-01-25,757,0,0
89,2025-01-25,734,0,0
90,2025-01-25,705,0,2
91,2025-01-25,229,100,2
92,2025-01-25,219,100,0
93,2025-01-25,507,0,2
94,2025-01-25,602,0,1
95,2025-01-25,93,100,2
96,2025-01-25,237,50,2
97,2025-01-25,67,50,0
98,2025-01-25,166,100,0
99,2025-01-25,1535,0,0
100,2025-01-25,120,100,0
101,2025-01-25,119,100,1
102,2025-01-25,56,200,2
103,2025-01-25,1439,0,0
104,2025-01-25,250,200,2
105,2025-01-25,696,0,0
106,2025-01-25,1880,0,0
107,2025-01-25,68,50,0
108,2025-01-25,287,0,0
109,2025-01-25,1578,0,1
110,2025-01-25,123,100,0
111,2025-01-25,1116,0,0
112,2025-01-25,577,0,2
113,2025-01-25,48,100,0
114,2025-01-25,511,0,1
115,2025-01-25,267,0,0
116,2025-01-25,601,0,2
117,2025-01-25,1957,0,0
118,2025-01-25,371,0,0
119,2025-01-25,164,200,1
120,2025-01-25,101,500,0
1,2025-01-26,26,300,1
2,2025-01-26,225,200,2
3,2025-01-26,119,150,1
4,2025-01-26,559,0,0
5,2025-01-26,49,50,0
6,2025-01-26,285,200,0
7,2025-01-26,1399,0,0
8,2025-01-26,116,200,0
9,2025-01-26,419,0,0
10,2025-01-26,117,100,0
11,2025-01-26,1530,0,0
12,2025-01-26,127,100,1
13,2025-01-26,1562,0,1
14,2025-01-26,0,307,0
15,2025-01-26,92,0,0
16,2025-01-26,1517,0,0
17,2025-01-26,224,100,0
18,2025-01-26,1427,0,2
19,2025-01-26,646,0,0
20,2025-01-26,71,200,1
21,2025-01-26,164,200,0
22,2025-01-26,195,0,0
23,2025-01-26,190,150,0
24,2025-01-26,33,300,1
25,2025-01-26,0,300,0
26,2025-01-26,1528,0,0
27,2025-01-26,1882,0,0
28,2025-01-26,261,0,0
29,2025-01-26,194,0,0
30,2025-01-26,1867,0,37
31,2025-01-26,106,0,0
32,2025-01-26,290,0,0
33,2025-01-26,145,100,0
34,2025-01-26,780,0,0
35,2025-01-26,674,0,0
36,2025-01-26,715,0,1
37,2025-01-26,53,100,0
38,2025-01-26,73,100,1
39,2025-01-26,142,50,0
40,2025-01-26,191,100,1
41,2025-01-26,159,100,0
42,2025-01-26,127,0,0
43,2025-01-26,121,0,0
44,2025-01-26,1274,0,0
45,2025-01-26,485,0,3
46,2025-01-26,697,0,0
47,2025-01-26,1944,0,0
48,2025-01-26,789,0,0
49,2025-01-26,84,0,0
50,2025-01-26,1794,0,0
51,2025-01-26,329,0,1
52,2025-01-26,349,0,1
53,2025-01-26,31,100,0
54,2025-01-26,202,0,1
55,2025-01-26,97,205,1
56,2025-01-26,1679,0,0
57,2025-01-26,127,150,2
58,2025-01-26,90,100,1
59,2025-01-26,586,0,0
60,2025-01-26,41,187,0
61,2025-01-26,246,0,1
62,2025-01-26,538,0,0
63,2025-01-26,37,150,0
64,2025-01-26,519,0,0
65,2025-01-26,194,100,0
66,2025-01-26,4,230,0
67,2025-01-26,715,0,0
68,2025-01-26,166,200,0
69,2025-01-26,1627,0,0
70,2025-01-26,1228,0,0
71,2025-01-26,95,100,0
72,2025-01-26,448,0,0
73,2025-01-26,677,0,0
74,2025-01-26,1640,0,1
75,2025-01-26,655,0,0
76,2025-01-26,2213,0,0
77,2025-01-26,283,0,0
78,2025-01-26,134,200,1
79,2025-01-26,301,0,0
80,2025-01-26,239,0,0
81,2025-01-26,145,100,0
82,2025-01-26,137,50,2
83,2025-01-26,1155,0,1
84,2025-01-26,37,200,0
85,2025-01-26,45,200,0
86,2025-01-26,493,0,2
87,2025-01-26,1083,0,0
88,2025-01-26,751,0,0
89,2025-01-26,728,0,0
90,2025-01-26,695,0,1
91,2025-01-26,223,100,0
92,2025-01-26,212,100,0
93,2025-01-26,487,0,2
94,2025-01-26,586,0,2
95,2025-01-26,88,100,0
96,2025-01-26,223,100,0
97,2025-01-26,58,100,0
98,2025-01-26,158,100,1
99,2025-01-26,1535,0,33
100,2025-01-26,110,100,1
101,2025-01-26,102,150,1
102,2025-01-26,42,200,0
103,2025-01-26,1437,0,0
104,2025-01-26,228,200,2
105,2025-01-26,691,0,0
106,2025-01-26,1874,0,0
107,2025-01-26,110,0,0
108,2025-01-26,283,0,0
109,2025-01-26,1562,0,1
110,2025-01-26,113,100,0
111,2025-01-26,1100,0,2
112,2025-01-26,571,0,0
113,2025-01-26,45,100,0
114,2025-01-26,491,0,2
115,2025-01-26,258,0,0
116,2025-01-26,587,0,1
117,2025-01-26,1940,0,2
118,2025-01-26,367,0,0
119,2025-01-26,150,200,0
120,2025-01-26,96,500,0
1,2025-01-27,16,300,1
2,2025-01-27,211,200,1
3,2025-01-27,103,200,2
4,2025-01-27,556,0,0
5,2025-01-27,46,50,0
6,2025-01-27,285,200,4
7,2025-01-27,1398,0,0
8,2025-01-27,108,200,0
9,2025-01-27,410,0,0
10,2025-01-27,104,100,1
11,2025-01-27,1520,0,1
12,2025-01-27,196,50,1
13,2025-01-27,1544,0,2
14,2025-01-27,33,257,1
15,2025-01-27,87,0,0
16,2025-01-27,1512,0,0
17,2025-01-27,216,100,1
18,2025-01-27,1420,0,0
19,2025-01-27,642,0,0
20,2025-01-27,59,400,1
21,2025-01-27,155,200,1
22,2025-01-27,192,0,0
23,2025-01-27,167,150,1
24,2025-01-27,17,300,2
25,2025-01-27,0,300,0
26,2025-01-27,1522,0,0
27,2025-01-27,1869,0,1
28,2025-01-27,250,0,0
29,2025-01-27,193,0,0
30,2025-01-27,1862,0,0
31,2025-01-27,102,0,0
32,2025-01-27,288,0,0
33,2025-01-27,135,100,0
34,2025-01-27,770,0,1
35,2025-01-27,672,0,0
36,2025-01-27,704,0,0
37,2025-01-27,52,100,0
38,2025-01-27,68,100,0
39,2025-01-27,133,50,0
40,2025-01-27,176,100,1
41,2025-01-27,153,100,0
42,2025-01-27,115,0,1
43,2025-01-27,116,100,0
44,2025-01-27,1268,0,0
45,2025-01-27,466,0,1
46,2025-01-27,688,0,1
47,2025-01-27,1931,0,0
48,2025-01-27,784,0,0
49,2025-01-27,81,0,0
50,2025-01-27,1791,0,0
51,2025-01-27,318,0,1
52,2025-01-27,334,0,1
53,2025-01-27,26,100,0
54,2025-01-27,188,0,1
55,2025-01-27,87,205,1
56,2025-01-27,1668,0,1
57,2025-01-27,107,150,1
58,2025-01-27,81,100,0
59,2025-01-27,584,0,0
60,2025-01-27,38,187,0
61,2025-01-27,229,0,2
62,2025-01-27,531,0,0
63,2025-01-27,34,150,0
64,2025-01-27,511,0,1
65,2025-01-27,187,100,0
66,2025-01-27,0,230,0
67,2025-01-27,704,0,0
68,2025-01-27,151,200,1
69,2025-01-27,1617,0,0
70,2025-01-27,1227,0,0
71,2025-01-27,90,100,0
72,2025-01-27,446,0,0
73,2025-01-27,674,0,0
74,2025-01-27,1636,0,0
75,2025-01-27,648,0,1
76,2025-01-27,2203,0,0
77,2025-01-27,283,0,6
78,2025-01-27,121,200,0
79,2025-01-27,288,0,1
80,2025-01-27,235,0,0
81,2025-01-27,138,100,0
82,2025-01-27,133,50,0
83,2025-01-27,1148,0,0
84,2025-01-27,32,200,0
85,2025-01-27,42,200,0
86,2025-01-27,491,0,0
87,2025-01-27,1079,0,0
88,2025-01-27,747,0,0
89,2025-01-27,723,0,0
90,2025-01-27,689,0,0
91,2025-01-27,223,100,2
92,2025-01-27,202,100,0
93,2025-01-27,471,0,2
94,2025-01-27,575,0,1
95,2025-01-27,83,100,0
96,2025-01-27,214,100,1
97,2025-01-27,52,100,0
98,2025-01-27,152,100,0
99,2025-01-27,1532,0,0
100,2025-01-27,101,100,1
101,2025-01-27,97,150,0
102,2025-01-27,133,100,0
103,2025-01-27,1437,0,29
104,2025-01-27,215,200,0
105,2025-01-27,688,0,0
106,2025-01-27,1869,0,0
107,2025-01-27,107,50,0
108,2025-01-27,274,0,1
109,2025-01-27,1547,0,1
110,2025-01-27,106,100,0
111,2025-01-27,1090,0,1
112,2025-01-27,563,0,0
113,2025-01-27,44,100,0
114,2025-01-27,477,0,1
115,2025-01-27,254,0,0
116,2025-01-27,581,0,0
117,2025-01-27,1935,0,0
118,2025-01-27,352,0,1
119,2025-01-27,124,200,3
120,2025-01-27,89,500,0
1,2025-01-28,0,300,0
2,2025-01-28,204,200,0
3,2025-01-28,83,200,2
4,2025-01-28,552,0,0
5,2025-01-28,44,50,0
6,2025-01-28,270,200,2
7,2025-01-28,1397,0,0
8,2025-01-28,91,200,1
9,2025-01-28,405,0,0
10,2025-01-28,100,100,0
11,2025-01-28,1511,0,0
12,2025-01-28,188,50,0
13,2025-01-28,1532,0,0
14,2025-01-28,77,207,0
15,2025-01-28,82,0,0
16,2025-01-28,1507,0,0
17,2025-01-28,206,100,1
18,2025-01-28,1410,0,1
19,2025-01-28,638,0,0
20,2025-01-28,45,400,2
21,2025-01-28,139,200,2
22,2025-01-28,188,0,0
23,2025-01-28,155,200,0
24,2025-01-28,7,300,0
25,2025-01-28,0,300,0
26,2025-01-28,1518,0,0
27,2025-01-28,1857,0,1
28,2025-01-28,240,0,1
29,2025-01-28,191,0,0
30,2025-01-28,1853,0,1
31,2025-01-28,95,0,0
32,2025-01-28,286,0,0
33,2025-01-28,229,0,0
34,2025-01-28,759,0,0
35,2025-01-28,670,0,0
36,2025-01-28,699,0,0
37,2025-01-28,49,100,0
38,2025-01-28,67,100,0
39,2025-01-28,122,50,0
40,2025-01-28,167,100,0
41,2025-01-28,142,100,0
42,2025-01-28,109,50,0
43,2025-01-28,112,100,0
44,2025-01-28,1263,0,0
45,2025-01-28,455,0,1
46,2025-01-28,673,0,1
47,2025-01-28,1916,0,2
48,2025-01-28,770,0,1
49,2025-01-28,79,0,0
50,2025-01-28,1786,0,0
51,2025-01-28,309,0,1
52,2025-01-28,311,200,1
53,2025-01-28,70,50,0
54,2025-01-28,180,0,1
55,2025-01-28,100,155,1
56,2025-01-28,1660,0,1
57,2025-01-28,93,200,2
58,2025-01-28,123,50,0
59,2025-01-28,582,0,0
60,2025-01-28,30,187,0
61,2025-01-28,225,0,0
62,2025-01-28,521,0,1
63,2025-01-28,29,150,0
64,2025-01-28,504,0,0
65,2025-01-28,176,100,1
66,2025-01-28,0,230,0
67,2025-01-28,696,0,0
68,2025-01-28,142,200,0
69,2025-01-28,1609,0,0
70,2025-01-28,1222,0,0
71,2025-01-28,80,100,1
72,2025-01-28,440,0,0
73,2025-01-28,672,0,0
74,2025-01-28,1628,0,1
75,2025-01-28,634,0,1
76,2025-01-28,2195,0,0
77,2025-01-28,280,0,0
78,2025-01-28,100,200,2
79,2025-01-28,270,0,0
80,2025-01-28,233,0,0
81,2025-01-28,125,100,0
82,2025-01-28,121,50,1
83,2025-01-28,1143,0,0
84,2025-01-28,21,200,0
85,2025-01-28,242,0,4
86,2025-01-28,481,0,0
87,2025-01-28,1070,0,0
88,2025-01-28,740,0,0
89,2025-01-28,719,0,0
90,2025-01-28,677,0,1
91,2025-01-28,201,100,1
92,2025-01-28,193,100,0
93,2025-01-28,461,0,1
94,2025-01-28,565,0,0
95,2025-01-28,183,100,3
96,2025-01-28,194,100,0
97,2025-01-28,48,100,0
98,2025-01-28,145,100,0
99,2025-01-28,1529,0,0
100,2025-01-28,95,100,0
101,2025-01-28,83,150,1
102,2025-01-28,126,100,0
103,2025-01-28,1433,0,0
104,2025-01-28,201,200,0
105,2025-01-28,684,0,0
106,2025-01-28,1866,0,0
107,2025-01-28,105,50,0
108,2025-01-28,267,0,0
109,2025-01-28,1538,0,0
110,2025-01-28,101,100,0
111,2025-01-28,1082,0,1
112,2025-01-28,553,0,1
113,2025-01-28,43,100,0
114,2025-01-28,472,0,0
115,2025-01-28,248,0,0
116,2025-01-28,574,0,0
117,2025-01-28,1935,0,24
118,2025-01-28,333,0,2
119,2025-01-28,103,200,1
120,2025-01-28,84,500,0
1,2025-01-29,0,300,0
2,2025-01-29,192,200,1
3,2025-01-29,68,200,1
4,2025-01-29,552,0,11
5,2025-01-29,42,50,0
6,2025-01-29,254,200,1
7,2025-01-29,1394,0,0
8,2025-01-29,78,200,0
9,2025-01-29,401,0,0
10,2025-01-29,91,200,1
11,2025-01-29,1497,0,1
12,2025-01-29,179,50,1
13,2025-01-29,1524,0,1
14,2025-01-29,71,207,0
15,2025-01-29,82,0,1
16,2025-01-29,1496,0,1
17,2025-01-29,292,0,1
18,2025-01-29,1399,0,1
19,2025-01-29,636,0,0
20,2025-01-29,34,400,0
21,2025-01-29,121,200,1
22,2025-01-29,181,0,0
23,2025-01-29,145,200,0
24,2025-01-29,0,300,0
25,2025-01-29,0,300,0
26,2025-01-29,1513,0,0
27,2025-01-29,1833,0,2
28,2025-01-29,229,200,1
29,2025-01-29,189,0,0
30,2025-01-29,1842,0,0
31,2025-01-29,94,0,0
32,2025-01-29,283,0,0
33,2025-01-29,223,0,0
34,2025-01-29,754,0,0
35,2025-01-29,668,0,0
36,2025-01-29,694,0,0
37,2025-01-29,45,100,0
38,2025-01-29,66,100,0
39,2025-01-29,168,0,0
40,2025-01-29,157,100,0
41,2025-01-29,139,100,0
42,2025-01-29,106,50,0
43,2025-01-29,110,100,0
44,2025-01-29,1257,0,0
45,2025-01-29,443,0,1
46,2025-01-29,659,0,1
47,2025-01-29,1903,0,1
48,2025-01-29,762,0,0
49,2025-01-29,77,0,0
50,2025-01-29,1785,0,0
51,2025-01-29,302,0,0
52,2025-01-29,305,200,0
53,2025-01-29,67,50,0
54,2025-01-29,174,0,0
55,2025-01-29,87,205,0
56,2025-01-29,1656,0,0
57,2025-01-29,80,200,1
58,2025-01-29,113,100,1
59,2025-01-29,580,0,0
60,2025-01-29,24,187,0
61,2025-01-29,214,50,1
62,2025-01-29,514,0,0
63,2025-01-29,22,150,0
64,2025-01-29,477,0,2
65,2025-01-29,165,100,1
66,2025-01-29,0,230,0
67,2025-01-29,692,0,0
68,2025-01-29,134,200,1
69,2025-01-29,1603,0,0
70,2025-01-29,1217,0,0
71,2025-01-29,80,100,1
72,2025-01-29,434,0,0
73,2025-01-29,670,0,0
74,2025-01-29,1623,0,0
75,2025-01-29,628,0,0
76,2025-01-29,2174,0,3
77,2025-01-29,278,0,0
78,2025-01-29,85,200,1
79,2025-01-29,251,100,2
80,2025-01-29,231,0,0
81,2025-01-29,121,100,0
82,2025-01-29,165,0,0
83,2025-01-29,1137,0,0
84,2025-01-29,15,200,0
85,2025-01-29,239,0,0
86,2025-01-29,474,0,1
87,2025-01-29,1063,0,0
88,2025-01-29,731,0,1
89,2025-01-29,715,0,0
90,2025-01-29,666,0,1
91,2025-01-29,265,0,0
92,2025-01-29,176,100,1
93,2025-01-29,452,0,0
94,2025-01-29,542,0,2
95,2025-01-29,181,100,0
96,2025-01-29,182,150,0
97,2025-01-29,43,100,0
98,2025-01-29,136,100,1
99,2025-01-29,1525,0,0
100,2025-01-29,90,100,0
101,2025-01-29,128,150,0
102,2025-01-29,123,100,0
103,2025-01-29,1429,0,0
104,2025-01-29,188,200,1
105,2025-01-29,681,0,0
106,2025-01-29,1864,0,0
107,2025-01-29,97,50,0
108,2025-01-29,260,0,0
109,2025-01-29,1531,0,0
110,2025-01-29,95,200,0
111,2025-01-29,1074,0,0
112,2025-01-29,539,0,0
113,2025-01-29,40,100,0
114,2025-01-29,464,0,0
115,2025-01-29,239,0,1
116,2025-01-29,569,0,0
117,2025-01-29,1920,0,1
118,2025-01-29,316,0,1
119,2025-01-29,91,200,1
120,2025-01-29,391,0,0
1,2025-01-30,0,300,0
2,2025-01-30,183,200,1
3,2025-01-30,103,200,1
4,2025-01-30,547,0,0
5,2025-01-30,40,50,0
6,2025-01-30,237,200,1
7,2025-01-30,1394,0,35
8,2025-01-30,164,100,0
9,2025-01-30,398,0,0
10,2025-01-30,87,200,0
11,2025-01-30,1490,0,0
12,2025-01-30,164,50,1
13,2025-01-30,1504,0,2
14,2025-01-30,58,207,1
15,2025-01-30,82,0,2
16,2025-01-30,1491,0,0
17,2025-01-30,281,0,1
18,2025-01-30,1387,0,0
19,2025-01-30,634,0,0
20,2025-01-30,225,200,1
21,2025-01-30,205,100,2
22,2025-01-30,176,0,0
23,2025-01-30,145,200,2
24,2025-01-30,0,300,0
25,2025-01-30,0,300,0
26,2025-01-30,1505,0,1
27,2025-01-30,1816,0,1
28,2025-01-30,215,200,1
29,2025-01-30,188,0,0
30,2025-01-30,1837,0,0
31,2025-01-30,92,0,0
32,2025-01-30,278,0,0
33,2025-01-30,208,0,1
34,2025-01-30,745,0,0
35,2025-01-30,665,0,0
36,2025-01-30,687,0,0
37,2025-01-30,43,100,0
38,2025-01-30,63,100,0
39,2025-01-30,157,0,1
40,2025-01-30,150,100,0
41,2025-01-30,122,100,0
42,2025-01-30,102,50,0
43,2025-01-30,103,100,0
44,2025-01-30,1256,0,0
45,2025-01-30,425,0,1
46,2025-01-30,648,0,0
47,2025-01-30,1901,0,0
48,2025-01-30,751,0,0
49,2025-01-30,74,0,0
50,2025-01-30,1782,0,0
51,2025-01-30,301,0,0
52,2025-01-30,292,200,1
53,2025-01-30,63,50,0
54,2025-01-30,164,0,0
55,2025-01-30,119,155,1
56,2025-01-30,1650,0,0
57,2025-01-30,59,200,1
58,2025-01-30,104,100,1
59,2025-01-30,578,0,0
60,2025-01-30,19,187,0
61,2025-01-30,204,50,1
62,2025-01-30,507,0,0
63,2025-01-30,64,100,0
64,2025-01-30,459,0,1
65,2025-01-30,157,100,0
66,2025-01-30,0,230,0
67,2025-01-30,683,0,1
68,2025-01-30,119,200,2
69,2025-01-30,1590,0,1
70,2025-01-30,1212,0,0
71,2025-01-30,72,150,0
72,2025-01-30,428,0,0
73,2025-01-30,666,0,0
74,2025-01-30,1618,0,0
75,2025-01-30,616,0,0
76,2025-01-30,2166,0,1
77,2025-01-30,276,0,0
78,2025-01-30,64,200,1
79,2025-01-30,240,100,0
80,2025-01-30,230,0,0
81,2025-01-30,113,150,0
82,2025-01-30,156,50,1
83,2025-01-30,1126,0,1
84,2025-01-30,5,200,0
85,2025-01-30,237,0,0
86,2025-01-30,469,0,0
87,2025-01-30,1056,0,0
88,2025-01-30,727,0,0
89,2025-01-30,707,0,0
90,2025-01-30,653,0,1
91,2025-01-30,256,0,1
92,2025-01-30,169,100,0
93,2025-01-30,439,0,0
94,2025-01-30,529,0,1
95,2025-01-30,169,100,0
96,2025-01-30,167,150,0
97,2025-01-30,40,100,0
98,2025-01-30,125,100,0
99,2025-01-30,1522,0,0
100,2025-01-30,80,100,1
101,2025-01-30,120,150,0
102,2025-01-30,112,100,0
103,2025-01-30,1426,0,0
104,2025-01-30,186,200,0
105,2025-01-30,675,0,0
106,2025-01-30,1858,0,0
107,2025-01-30,93,50,0
108,2025-01-30,256,0,0
109,2025-01-30,1521,0,0
110,2025-01-30,86,200,1
111,2025-01-30,1058,0,1
112,2025-01-30,527,0,0
113,2025-01-30,37,100,0
114,2025-01-30,447,0,1
115,2025-01-30,232,0,0
116,2025-01-30,565,0,0
117,2025-01-30,1903,0,1
118,2025-01-30,298,0,2
119,2025-01-30,69,300,2
120,2025-01-30,389,0,0
1,2025-01-31,0,300,0
2,2025-01-31,181,200,0
3,2025-01-31,140,150,0
4,2025-01-31,538,0,1
5,2025-01-31,38,50,0
6,2025-01-31,215,200,2
7,2025-01-31,1391,0,0
8,2025-01-31,157,200,0
9,2025-01-31,393,0,0
10,2025-01-31,78,200,0
11,2025-01-31,1478,0,1
12,2025-01-31,162,50,0
13,2025-01-31,1489,0,1
14,2025-01-31,58,207,1
15,2025-01-31,80,0,0
16,2025-01-31,1486,0,0
17,2025-01-31,268,0,1
18,2025-01-31,1376,0,0
19,2025-01-31,633,0,0
20,2025-01-31,215,200,1
21,2025-01-31,192,100,1
22,2025-01-31,173,0,0
23,2025-01-31,134,200,0
24,2025-01-31,0,300,0
25,2025-01-31,0,300,0
26,2025-01-31,1494,0,1
27,2025-01-31,1804,0,1
28,2025-01-31,193,200,1
29,2025-01-31,188,0,4
30,2025-01-31,1837,0,46
31,2025-01-31,88,0,0
32,2025-01-31,275,0,0
33,2025-01-31,200,0,0
34,2025-01-31,740,0,0
35,2025-01-31,663,0,0
36,2025-01-31,677,0,1
37,2025-01-31,40,100,0
38,2025-01-31,158,0,0
39,2025-01-31,154,50,0
40,2025-01-31,147,100,0
41,2025-01-31,122,100,1
42,2025-01-31,100,50,0
43,2025-01-31,96,100,0
44,2025-01-31,1251,0,0
45,2025-01-31,412,0,1
46,2025-01-31,634,0,1
47,2025-01-31,1894,0,0
48,2025-01-31,740,0,1
49,2025-01-31,71,0,0
50,2025-01-31,1781,0,0
51,2025-01-31,289,0,0
52,2025-01-31,274,200,1
53,2025-01-31,60,50,0
54,2025-01-31,155,0,0
55,2025-01-31,91,155,2
56,2025-01-31,1644,0,0
57,2025-01-31,45,250,1
58,2025-01-31,99,100,0
59,2025-01-31,575,0,0
60,2025-01-31,45,137,0
61,2025-01-31,192,50,1
62,2025-01-31,503,0,0
63,2025-01-31,58,100,0
64,2025-01-31,439,0,1
65,2025-01-31,144,200,1
66,2025-01-31,37,180,0
67,2025-01-31,676,0,0
68,2025-01-31,306,0,1
69,2025-01-31,1579,0,1
70,2025-01-31,1210,0,0
71,2025-01-31,94,100,1
72,2025-01-31,424,0,0
73,2025-01-31,664,0,0
74,2025-01-31,1611,0,0
75,2025-01-31,602,0,1
76,2025-01-31,2160,0,0
77,2025-01-31,274,0,0
78,2025-01-31,50,400,1
79,2025-01-31,228,100,1
80,2025-01-31,230,0,5
81,2025-01-31,103,150,1
82,2025-01-31,151,50,0
83,2025-01-31,1116,0,0
84,2025-01-31,0,200,0
85,2025-01-31,237,0,3
86,2025-01-31,463,0,0
87,2025-01-31,1051,0,0
88,2025-01-31,717,0,1
89,2025-01-31,704,0,0
90,2025-01-31,636,0,1
91,2025-01-31,255,0,0
92,2025-01-31,155,100,1
93,2025-01-31,427,0,1
94,2025-01-31,510,0,1
95,2025-01-31,161,100,0
96,2025-01-31,145,200,2
97,2025-01-31,85,50,0
98,2025-01-31,120,100,0
99,2025-01-31,1517,0,0
100,2025-01-31,73,100,0
101,2025-01-31,109,150,1
102,2025-01-31,100,100,1
103,2025-01-31,1425,0,0
104,2025-01-31,170,200,1
105,2025-01-31,673,0,0
106,2025-01-31,1855,0,0
107,2025-01-31,88,50,0
108,2025-01-31,254,0,0
109,2025-01-31,1515,0,0
110,2025-01-31,70,200,0
111,2025-01-31,1042,0,1
112,2025-01-31,517,0,1
113,2025-01-31,35,100,0
114,2025-01-31,437,0,1
115,2025-01-31,225,0,0
116,2025-01-31,558,0,0
117,2025-01-31,1890,0,1
118,2025-01-31,281,0,1
119,2025-01-31,59,300,0
120,2025-01-31,380,0,0
1,2025-02-01,0,300,0
2,2025-02-01,157,200,1
3,2025-02-01,118,200,3
4,2025-02-01,535,0,0
5,2025-02-01,36,50,0
6,2025-02-01,208,200,0
7,2025-02-01,1388,0,0
8,2025-02-01,142,200,1
9,2025-02-01,383,0,0
10,2025-02-01,73,200,0
11,2025-02-01,1462,0,1
12,2025-02-01,198,0,1
13,2025-02-01,1474,0,1
14,2025-02-01,58,207,1
15,2025-02-01,77,0,0
16,2025-02-01,1473,0,0
17,2025-02-01,256,0,0
18,2025-02-01,1361,0,1
19,2025-02-01,629,0,0
20,2025-02-01,201,200,1
21,2025-02-01,187,100,0
22,2025-02-01,168,0,0
23,2025-02-01,114,200,2
24,2025-02-01,0,300,0
25,2025-02-01,87,200,0
26,2025-02-01,1489,0,0
27,2025-02-01,1788,0,2
28,2025-02-01,185,200,0
29,2025-02-01,185,0,0
30,2025-02-01,1825,0,0
31,2025-02-01,88,0,2
32,2025-02-01,271,0,0
33,2025-02-01,186,100,1
34,2025-02-01,737,0,0
35,2025-02-01,659,0,0
36,2025-02-01,665,0,0
37,2025-02-01,37,100,0
38,2025-02-01,152,0,0
39,2025-02-01,146,50,0
40,2025-02-01,237,0,0
41,2025-02-01,113,100,1
42,2025-02-01,95,50,0
43,2025-02-01,91,100,0
44,2025-02-01,1251,0,22
45,2025-02-01,401,0,1
46,2025-02-01,613,0,1
47,2025-02-01,1887,0,0
48,2025-02-01,733,0,0
49,2025-02-01,69,0,0
50,2025-02-01,1776,0,0
51,2025-02-01,276,0,0
52,2025-02-01,259,200,1
53,2025-02-01,55,50,0
54,2025-02-01,148,200,0
55,2025-02-01,82,205,0
56,2025-02-01,1637,0,0
57,2025-02-01,28,250,1
58,2025-02-01,87,150,0
59,2025-02-01,575,0,13
60,2025-02-01,35,187,0
61,2025-02-01,182,100,1
62,2025-02-01,489,0,1
63,2025-02-01,51,100,0
64,2025-02-01,419,0,2
65,2025-02-01,132,200,1
66,2025-02-01,27,230,0
67,2025-02-01,661,0,1
68,2025-02-01,289,0,2
69,2025-02-01,1568,0,1
70,2025-02-01,1207,0,0
71,2025-02-01,91,100,0
72,2025-02-01,419,0,0
73,2025-02-01,662,0,0
74,2025-02-01,1601,0,1
75,2025-02-01,583,0,2
76,2025-02-01,2144,0,2
77,2025-02-01,272,0,0
78,2025-02-01,39,400,0
79,2025-02-01,224,100,0
80,2025-02-01,228,0,0
81,2025-02-01,87,150,1
82,2025-02-01,137,50,1
83,2025-02-01,1108,0,0
84,2025-02-01,95,100,0
85,2025-02-01,235,0,0
86,2025-02-01,451,0,0
87,2025-02-01,1046,0,0
88,2025-02-01,707,0,0
89,2025-02-01,699,0,0
90,2025-02-01,624,0,1
91,2025-02-01,228,100,3
92,2025-02-01,139,200,1
93,2025-02-01,411,0,0
94,2025-02-01,487,0,0
95,2025-02-01,151,100,1
96,2025-02-01,134,200,1
97,2025-02-01,77,100,1
98,2025-02-01,110,100,0
99,2025-02-01,1514,0,0
100,2025-02-01,68,200,0
101,2025-02-01,148,100,0
102,2025-02-01,91,100,0
103,2025-02-01,1422,0,0
104,2025-02-01,160,200,1
105,2025-02-01,668,0,0
106,2025-02-01,1851,0,0
107,2025-02-01,82,50,0
108,2025-02-01,246,0,0
109,2025-02-01,1505,0,0
110,2025-02-01,155,100,1
111,2025-02-01,1027,0,2
112,2025-02-01,497,0,2
113,2025-02-01,34,100,0
114,2025-02-01,422,0,1
115,2025-02-01,221,0,0
116,2025-02-01,551,0,0
117,2025-02-01,1879,0,1
118,2025-02-01,272,0,0
119,2025-02-01,246,100,1
120,2025-02-01,370,0,0
1,2025-02-02,0,300,0
2,2025-02-02,146,200,1
3,2025-02-02,108,200,1
4,2025-02-02,533,0,0
5,2025-02-02,34,50,0
6,2025-02-02,189,200,2
7,2025-02-02,1387,0,0
8,2025-02-02,127,200,2
9,2025-02-02,373,0,0
10,2025-02-02,63,200,1
11,2025-02-02,1442,0,1
12,2025-02-02,182,50,2
13,2025-02-02,1457,0,1
14,2025-02-02,46,257,1
15,2025-02-02,72,0,0
16,2025-02-02,1467,0,0
17,2025-02-02,245,0,1
18,2025-02-02,1348,0,1
19,2025-02-02,625,0,0
20,2025-02-02,391,0,0
21,2025-02-02,184,100,0
22,2025-02-02,159,0,1
23,2025-02-02,94,200,2
24,2025-02-02,0,300,0
25,2025-02-02,176,200,0
26,2025-02-02,1483,0,0
27,2025-02-02,1771,0,1
28,2025-02-02,181,200,0
29,2025-02-02,183,0,0
30,2025-02-02,1812,0,1
31,2025-02-02,85,0,0
32,2025-02-02,267,0,0
33,2025-02-02,178,100,1
34,2025-02-02,727,0,1
35,2025-02-02,658,0,0
36,2025-02-02,662,0,0
37,2025-02-02,34,100,0
38,2025-02-02,150,0,0
39,2025-02-02,146,50,2
40,2025-02-02,222,0,1
41,2025-02-02,207,0,0
42,2025-02-02,93,50,0
43,2025-02-02,88,100,0
44,2025-02-02,1247,0,0
45,2025-02-02,388,0,1
46,2025-02-02,607,0,0
47,2025-02-02,1875,0,1
48,2025-02-02,719,0,1
49,2025-02-02,69,0,1
50,2025-02-02,1773,0,0
51,2025-02-02,267,0,1
52,2025-02-02,246,200,0
53,2025-02-02,48,50,0
54,2025-02-02,133,200,0
55,2025-02-02,59,255,3
56,2025-02-02,1637,0,41
57,2025-02-02,21,250,0
58,2025-02-02,73,150,1
59,2025-02-02,575,0,7
60,2025-02-02,15,187,2
61,2025-02-02,168,100,1
62,2025-02-02,480,0,0
63,2025-02-02,99,50,0
64,2025-02-02,407,0,1
65,2025-02-02,111,200,1
66,2025-02-02,17,230,0
67,2025-02-02,654,0,0
68,2025-02-02,274,0,1
69,2025-02-02,1559,0,1
70,2025-02-02,1203,0,0
71,2025-02-02,87,100,0
72,2025-02-02,414,0,0
73,2025-02-02,660,0,0
74,2025-02-02,1597,0,0
75,2025-02-02,566,0,1
76,2025-02-02,2136,0,0
77,2025-02-02,270,0,0
78,2025-02-02,20,400,0
79,2025-02-02,215,100,0
80,2025-02-02,225,0,0
81,2025-02-02,127,100,1
82,2025-02-02,131,50,0
83,2025-02-02,1091,0,2
84,2025-02-02,86,100,0
85,2025-02-02,233,0,0
86,2025-02-02,446,0,0
87,2025-02-02,1037,0,0
88,2025-02-02,701,0,0
89,2025-02-02,693,0,0
90,2025-02-02,613,0,1
91,2025-02-02,205,100,2
92,2025-02-02,130,200,0
93,2025-02-02,402,0,0
94,2025-02-02,475,0,1
95,2025-02-02,143,100,0
96,2025-02-02,121,200,1
97,2025-02-02,64,100,0
98,2025-02-02,94,100,1
99,2025-02-02,1511,0,0
100,2025-02-02,58,200,1
101,2025-02-02,138,100,0
102,2025-02-02,83,200,0
103,2025-02-02,1419,0,0
104,2025-02-02,341,0,1
105,2025-02-02,662,0,0
106,2025-02-02,1845,0,0
107,2025-02-02,81,50,0
108,2025-02-02,239,0,0
109,2025-02-02,1500,0,0
110,2025-02-02,139,100,1
111,2025-02-02,1014,0,0
112,2025-02-02,486,0,1
113,2025-02-02,31,100,0
114,2025-02-02,391,0,3
115,2025-02-02,214,0,1
116,2025-02-02,544,0,0
117,2025-02-02,1876,0,0
118,2025-02-02,254,0,1
119,2025-02-02,233,100,1
120,2025-02-02,360,0,0
1,2025-02-03,0,300,0
2,2025-02-03,111,200,3
3,2025-02-03,89,200,2
4,2025-02-03,531,0,0
5,2025-02-03,31,50,0
6,2025-02-03,165,200,3
7,2025-02-03,1385,0,0
8,2025-02-03,115,200,1
9,2025-02-03,368,0,0
10,2025-02-03,56,200,0
11,2025-02-03,1431,0,1
12,2025-02-03,172,50,1
13,2025-02-03,1435,0,2
14,2025-02-03,35,257,0
15,2025-02-03,68,0,0
16,2025-02-03,1461,0,0
17,2025-02-03,232,0,0
18,2025-02-03,1338,0,0
19,2025-02-03,621,0,0
20,2025-02-03,376,0,1
21,2025-02-03,172,100,1
22,2025-02-03,154,0,0
23,2025-02-03,132,200,1
24,2025-02-03,0,300,0
25,2025-02-03,166,200,1
26,2025-02-03,1478,0,0
27,2025-02-03,1758,0,1
28,2025-02-03,169,200,1
29,2025-02-03,180,0,0
30,2025-02-03,1800,0,0
31,2025-02-03,78,0,0
32,2025-02-03,264,0,0
33,2025-02-03,171,100,0
34,2025-02-03,725,0,0
35,2025-02-03,657,0,0
36,2025-02-03,653,0,0
37,2025-02-03,31,100,0
38,2025-02-03,150,0,1
39,2025-02-03,128,50,1
40,2025-02-03,211,0,1
41,2025-02-03,196,100,1
42,2025-02-03,84,50,0
43,2025-02-03,80,100,1
44,2025-02-03,1241,0,0
45,2025-02-03,369,0,1
46,2025-02-03,589,0,1
47,2025-02-03,1867,0,0
48,2025-02-03,708,0,1
49,2025-02-03,67,0,0
50,2025-02-03,1769,0,0
51,2025-02-03,259,0,1
52,2025-02-03,233,200,1
53,2025-02-03,45,100,0
54,2025-02-03,125,200,0
55,2025-02-03,157,155,0
56,2025-02-03,1630,0,0
57,2025-02-03,67,200,0
58,2025-02-03,66,150,0
59,2025-02-03,572,0,0
60,2025-02-03,5,187,1
61,2025-02-03,155,100,1
62,2025-02-03,472,0,0
63,2025-02-03,96,50,0
64,2025-02-03,387,0,1
65,2025-02-03,105,200,0
66,2025-02-03,183,50,1
67,2025-02-03,645,0,0
68,2025-02-03,259,0,1
69,2025-02-03,1550,0,0
70,2025-02-03,1201,0,0
71,2025-02-03,85,100,0
72,2025-02-03,412,0,0
73,2025-02-03,659,0,0
74,2025-02-03,1586,0,0
75,2025-02-03,545,0,2
76,2025-02-03,2121,0,0
77,2025-02-03,268,0,0
78,2025-02-03,0,400,0
79,2025-02-03,202,100,1
80,2025-02-03,223,0,0
81,2025-02-03,117,100,1
82,2025-02-03,124,50,0
83,2025-02-03,1079,0,1
84,2025-02-03,81,100,0
85,2025-02-03,231,0,0
86,2025-02-03,437,0,1
87,2025-02-03,1032,0,0
88,2025-02-03,693,0,0
89,2025-02-03,690,0,0
90,2025-02-03,604,0,0
91,2025-02-03,195,100,0
92,2025-02-03,122,200,0
93,2025-02-03,391,0,1
94,2025-02-03,455,0,2
95,2025-02-03,235,0,0
96,2025-02-03,101,200,0
97,2025-02-03,56,100,0
98,2025-02-03,87,100,0
99,2025-02-03,1507,0,0
100,2025-02-03,50,200,0
101,2025-02-03,128,100,0
102,2025-02-03,68,200,0
103,2025-02-03,1415,0,0
104,2025-02-03,332,0,0
105,2025-02-03,658,0,0
106,2025-02-03,1843,0,0
107,2025-02-03,75,50,0
108,2025-02-03,239,0,4
109,2025-02-03,1494,0,0
110,2025-02-03,129,100,1
111,2025-02-03,1014,0,24
112,2025-02-03,469,0,2
113,2025-02-03,28,100,0
114,2025-02-03,388,0,0
115,2025-02-03,206,0,1
116,2025-02-03,528,0,1
117,2025-02-03,1865,0,1
118,2025-02-03,249,0,0
119,2025-02-03,212,100,2
120,2025-02-03,355,0,0
1,2025-02-04,0,300,0
2,2025-02-04,100,200,1
3,2025-02-04,76,250,1
4,2025-02-04,530,0,0
5,2025-02-04,29,50,0
6,2025-02-04,143,200,2
7,2025-02-04,1383,0,0
8,2025-02-04,106,200,0
9,2025-02-04,364,0,0
10,2025-02-04,148,100,0
11,2025-02-04,1418,0,1
12,2025-02-04,161,50,1
13,2025-02-04,1425,0,1
14,2025-02-04,24,257,0
15,2025-02-04,64,100,0
16,2025-02-04,1459,0,0
17,2025-02-04,222,0,0
18,2025-02-04,1326,0,0
19,2025-02-04,618,0,0
20,2025-02-04,364,0,1
21,2025-02-04,164,200,0
22,2025-02-04,149,0,0
23,2025-02-04,125,200,1
24,2025-02-04,0,300,0
25,2025-02-04,154,200,1
26,2025-02-04,1474,0,0
27,2025-02-04,1749,0,1
28,2025-02-04,354,0,2
29,2025-02-04,179,0,0
30,2025-02-04,1796,0,0
31,2025-02-04,73,0,0
32,2025-02-04,262,0,0
33,2025-02-04,163,100,0
34,2025-02-04,715,0,1
35,2025-02-04,654,0,0
36,2025-02-04,641,0,1
37,2025-02-04,30,100,0
38,2025-02-04,147,0,0
39,2025-02-04,121,50,0
40,2025-02-04,198,100,0
41,2025-02-04,185,100,0
42,2025-02-04,79,50,0
43,2025-02-04,75,100,0
44,2025-02-04,1240,0,0
45,2025-02-04,355,0,1
46,2025-02-04,579,0,0
47,2025-02-04,1855,0,1
48,2025-02-04,700,0,0
49,2025-02-04,65,0,0
50,2025-02-04,1769,0,29
51,2025-02-04,256,0,0
52,2025-02-04,205,200,1
53,2025-02-04,41,100,0
54,2025-02-04,116,200,0
55,2025-02-04,148,155,1
56,2025-02-04,1621,0,0
57,2025-02-04,103,150,1
58,2025-02-04,60,150,0
59,2025-02-04,571,0,0
60,2025-02-04,86,100,0
61,2025-02-04,144,100,1
62,2025-02-04,464,0,1
63,2025-02-04,90,50,0
64,2025-02-04,367,0,2
65,2025-02-04,96,200,0
66,2025-02-04,178,50,0
67,2025-02-04,638,0,1
68,2025-02-04,252,0,0
69,2025-02-04,1537,0,1
70,2025-02-04,1198,0,0
71,2025-02-04,79,150,0
72,2025-02-04,408,0,0
73,2025-02-04,656,0,0
74,2025-02-04,1578,0,0
75,2025-02-04,534,0,1
76,2025-02-04,2106,0,0
77,2025-02-04,266,0,0
78,2025-02-04,0,400,0
79,2025-02-04,181,200,2
80,2025-02-04,220,0,0
81,2025-02-04,111,150,0
82,2025-02-04,117,50,0
83,2025-02-04,1071,0,0
84,2025-02-04,74,200,0
85,2025-02-04,229,0,0
86,2025-02-04,432,0,0
87,2025-02-04,1027,0,0
88,2025-02-04,684,0,0
89,2025-02-04,685,0,0
90,2025-02-04,590,0,1
91,2025-02-04,176,100,2
92,2025-02-04,209,100,1
93,2025-02-04,377,0,1
94,2025-02-04,444,0,1
95,2025-02-04,220,0,0
96,2025-02-04,98,250,0
97,2025-02-04,50,100,0
98,2025-02-04,75,200,1
99,2025-02-04,1504,0,0
100,2025-02-04,48,200,0
101,2025-02-04,119,100,1
102,2025-02-04,61,200,0
103,2025-02-04,1415,0,29
104,2025-02-04,319,0,1
105,2025-02-04,655,0,0
106,2025-02-04,1837,0,0
107,2025-02-04,68,50,0
108,2025-02-04,232,0,0
109,2025-02-04,1487,0,0
110,2025-02-04,120,100,0
111,2025-02-04,1002,0,1
112,2025-02-04,458,0,0
113,2025-02-04,23,100,0
114,2025-02-04,379,0,0
115,2025-02-04,202,0,0
116,2025-02-04,519,0,0
117,2025-02-04,1856,0,1
118,2025-02-04,233,0,1
119,2025-02-04,194,100,0
120,2025-02-04,352,0,0
1,2025-02-05,0,300,0
2,2025-02-05,92,200,1
3,2025-02-05,53,250,3
4,2025-02-05,528,0,0
5,2025-02-05,27,50,0
6,2025-02-05,124,200,2
7,2025-02-05,1383,0,32
8,2025-02-05,91,200,0
9,2025-02-05,362,0,0
10,2025-02-05,135,100,1
11,2025-02-05,1412,0,0
12,2025-02-05,148,50,1
13,2025-02-05,1408,0,2
14,2025-02-05,8,307,1
15,2025-02-05,60,100,0
16,2025-02-05,1454,0,0
17,2025-02-05,215,0,0
18,2025-02-05,1311,0,0
19,2025-02-05,616,0,0
20,2025-02-05,357,0,0
21,2025-02-05,149,200,1
22,2025-02-05,145,0,0
23,2025-02-05,118,200,0
24,2025-02-05,0,300,0
25,2025-02-05,143,200,1
26,2025-02-05,1469,0,0
27,2025-02-05,1735,0,0
28,2025-02-05,337,0,1
29,2025-02-05,176,0,0
30,2025-02-05,1786,0,0
31,2025-02-05,70,100,0
32,2025-02-05,258,0,0
33,2025-02-05,149,100,2
34,2025-02-05,707,0,0
35,2025-02-05,652,0,0
36,2025-02-05,637,0,0
37,2025-02-05,28,100,0
38,2025-02-05,143,0,0
39,2025-02-05,112,100,1
40,2025-02-05,187,100,0
41,2025-02-05,177,100,0
42,2025-02-05,69,50,0
43,2025-02-05,71,100,0
44,2025-02-05,1234,0,0
45,2025-02-05,342,0,1
46,2025-02-05,570,0,0
47,2025-02-05,1845,0,1
48,2025-02-05,688,0,1
49,2025-02-05,63,0,0
50,2025-02-05,1765,0,0
51,2025-02-05,245,0,0
52,2025-02-05,180,200,3
53,2025-02-05,35,100,0
54,2025-02-05,106,200,1
55,2025-02-05,190,100,1
56,2025-02-05,1612,0,0
57,2025-02-05,88,200,1
58,2025-02-05,51,150,0
59,2025-02-05,569,0,0
60,2025-02-05,128,100,0
61,2025-02-05,144,100,2
62,2025-02-05,456,0,1
63,2025-02-05,85,50,0
64,2025-02-05,344,0,0
65,2025-02-05,85,200,0
66,2025-02-05,173,50,0
67,2025-02-05,631,0,1
68,2025-02-05,246,200,0
69,2025-02-05,1526,0,0
70,2025-02-05,1194,0,0
71,2025-02-05,67,150,0
72,2025-02-05,406,0,0
73,2025-02-05,654,0,0
74,2025-02-05,1574,0,0
75,2025-02-05,518,0,1
76,2025-02-05,2091,0,2
77,2025-02-05,264,0,0
78,2025-02-05,0,400,0
79,2025-02-05,161,200,2
80,2025-02-05,216,0,0
81,2025-02-05,102,150,1
82,2025-02-05,109,50,0
83,2025-02-05,1068,0,0
84,2025-02-05,69,200,0
85,2025-02-05,226,0,0
86,2025-02-05,421,0,0
87,2025-02-05,1022,0,0
88,2025-02-05,677,0,0
89,2025-02-05,681,0,0
90,2025-02-05,584,0,0
91,2025-02-05,163,100,1
92,2025-02-05,206,100,0
93,2025-02-05,356,0,1
94,2025-02-05,436,0,0
95,2025-02-05,209,0,1
96,2025-02-05,93,250,0
97,2025-02-05,43,100,0
98,2025-02-05,64,200,1
99,2025-02-05,1501,0,0
100,2025-02-05,44,200,0
101,2025-02-05,158,100,1
102,2025-02-05,58,200,0
103,2025-02-05,1413,0,0
104,2025-02-05,304,0,1
105,2025-02-05,650,0,0
106,2025-02-05,1834,0,0
107,2025-02-05,115,0,0
108,2025-02-05,222,0,1
109,2025-02-05,1478,0,1
110,2025-02-05,118,100,0
111,2025-02-05,986,0,0
112,2025-02-05,448,0,1
113,2025-02-05,120,0,0
114,2025-02-05,375,0,0
115,2025-02-05,202,0,3
116,2025-02-05,511,0,0
117,2025-02-05,1842,0,0
118,2025-02-05,228,0,0
119,2025-02-05,285,0,1
120,2025-02-05,339,0,1
1,2025-02-06,0,300,0
2,2025-02-06,91,200,0
3,2025-02-06,53,250,0
4,2025-02-06,524,0,0
5,2025-02-06,24,50,0
6,2025-02-06,110,200,1
7,2025-02-06,1383,0,17
8,2025-02-06,81,200,1
9,2025-02-06,358,0,0
10,2025-02-06,231,0,0
11,2025-02-06,1406,0,0
12,2025-02-06,137,50,1
13,2025-02-06,1384,0,1
14,2025-02-06,0,307,0
15,2025-02-06,55,100,0
16,2025-02-06,1454,0,21
17,2025-02-06,203,100,1
18,2025-02-06,1303,0,1
19,2025-02-06,612,0,0
20,2025-02-06,346,0,1
21,2025-02-06,134,200,1
22,2025-02-06,143,0,0
23,2025-02-06,94,250,1
24,2025-02-06,0,300,0
25,2025-02-06,131,200,1
26,2025-02-06,1464,0,0
27,2025-02-06,1728,0,0
28,2025-02-06,326,0,1
29,2025-02-06,174,0,0
30,2025-02-06,1775,0,1
31,2025-02-06,67,100,0
32,2025-02-06,254,0,0
33,2025-02-06,137,100,1
34,2025-02-06,702,0,0
35,2025-02-06,649,0,0
36,2025-02-06,633,0,0
37,2025-02-06,77,0,0
38,2025-02-06,139,0,0
39,2025-02-06,109,100,0
40,2025-02-06,178,100,0
41,2025-02-06,170,100,0
42,2025-02-06,65,50,0
43,2025-02-06,63,100,0
44,2025-02-06,1231,0,0
45,2025-02-06,335,0,0
46,2025-02-06,556,0,2
47,2025-02-06,1834,0,0
48,2025-02-06,678,0,1
49,2025-02-06,60,0,0
50,2025-02-06,1760,0,0
51,2025-02-06,245,0,3
52,2025-02-06,170,200,0
53,2025-02-06,32,100,0
54,2025-02-06,97,200,0
55,2025-02-06,190,100,2
56,2025-02-06,1597,0,1
57,2025-02-06,74,200,1
58,2025-02-06,42,150,1
59,2025-02-06,564,0,0
60,2025-02-06,110,100,1
61,2025-02-06,131,150,1
62,2025-02-06,446,0,0
63,2025-02-06,79,100,0
64,2025-02-06,331,0,1
65,2025-02-06,76,200,0
66,2025-02-06,167,50,0
67,2025-02-06,625,0,0
68,2025-02-06,238,200,0
69,2025-02-06,1517,0,0
70,2025-02-06,1193,0,0
71,2025-02-06,109,100,0
72,2025-02-06,401,0,0
73,2025-02-06,652,0,0
74,2025-02-06,1569,0,0
75,2025-02-06,486,0,1
76,2025-02-06,2070,0,2
77,2025-02-06,264,0,4
78,2025-02-06,0,400,0
79,2025-02-06,152,200,0
80,2025-02-06,215,0,0
81,2025-02-06,97,150,0
82,2025-02-06,101,100,1
83,2025-02-06,1061,0,0
84,2025-02-06,158,100,0
85,2025-02-06,222,0,0
86,2025-02-06,409,0,0
87,2025-02-06,1019,0,0
88,2025-02-06,668,0,0
89,2025-02-06,675,0,0
90,2025-02-06,577,0,0
91,2025-02-06,155,200,0
92,2025-02-06,190,100,2
93,2025-02-06,341,0,1
94,2025-02-06,418,0,1
95,2025-02-06,205,0,0
96,2025-02-06,86,250,0
97,2025-02-06,89,50,0
98,2025-02-06,56,200,0
99,2025-02-06,1499,0,0
100,2025-02-06,36,200,1
101,2025-02-06,157,100,0
102,2025-02-06,54,200,0
103,2025-02-06,1409,0,0
104,2025-02-06,290,0,1
105,2025-02-06,647,0,0
106,2025-02-06,1833,0,0
107,2025-02-06,112,0,0
108,2025-02-06,217,0,0
109,2025-02-06,1467,0,1
110,2025-02-06,105,100,1
111,2025-02-06,977,0,1
112,2025-02-06,441,0,0
113,2025-02-06,118,0,0
114,2025-02-06,367,0,1
115,2025-02-06,199,0,0
116,2025-02-06,498,0,1
117,2025-02-06,1827,0,1
118,2025-02-06,217,200,1
119,2025-02-06,279,0,0
120,2025-02-06,333,0,0
1,2025-02-07,0,300,0
2,2025-02-07,79,400,0
3,2025-02-07,37,250,2
4,2025-02-07,523,0,0
5,2025-02-07,22,50,0
6,2025-02-07,99,400,1
7,2025-02-07,1381,0,0
8,2025-02-07,67,200,0
9,2025-02-07,353,0,0
10,2025-02-07,216,0,0
11,2025-02-07,1406,0,31
12,2025-02-07,129,100,0
13,2025-02-07,1375,0,1
14,2025-02-07,0,307,0
15,2025-02-07,51,100,0
16,2025-02-07,1443,0,1
17,2025-02-07,188,100,1
18,2025-02-07,1285,0,0
19,2025-02-07,609,0,0
20,2025-02-07,324,0,2
21,2025-02-07,108,200,3
22,2025-02-07,139,0,0
23,2025-02-07,71,250,0
24,2025-02-07,0,300,0
25,2025-02-07,108,200,3
26,2025-02-07,1459,0,0
27,2025-02-07,1717,0,1
28,2025-02-07,318,0,1
29,2025-02-07,172,0,0
30,2025-02-07,1764,0,1
31,2025-02-07,65,100,0
32,2025-02-07,251,0,0
33,2025-02-07,130,100,0
34,2025-02-07,698,0,0
35,2025-02-07,645,0,0
36,2025-02-07,625,0,1
37,2025-02-07,73,0,0
38,2025-02-07,136,0,0
39,2025-02-07,102,100,0
40,2025-02-07,172,100,0
41,2025-02-07,159,100,1
42,2025-02-07,60,50,0
43,2025-02-07,50,100,1
44,2025-02-07,1225,0,0
45,2025-02-07,319,0,2
46,2025-02-07,542,0,1
47,2025-02-07,1822,0,1
48,2025-02-07,670,0,1
49,2025-02-07,57,0,0
50,2025-02-07,1759,0,0
51,2025-02-07,236,0,1
52,2025-02-07,166,200,0
53,2025-02-07,27,100,0
54,2025-02-07,88,200,0
55,2025-02-07,181,100,0
56,2025-02-07,1592,0,0
57,2025-02-07,58,200,1
58,2025-02-07,84,100,0
59,2025-02-07,562,0,0
60,2025-02-07,96,100,1
61,2025-02-07,124,150,0
62,2025-02-07,436,0,1
63,2025-02-07,75,100,0
64,2025-02-07,319,0,0
65,2025-02-07,163,100,1
66,2025-02-07,158,50,1
67,2025-02-07,617,0,0
68,2025-02-07,230,200,0
69,2025-02-07,1516,0,0
70,2025-02-07,1188,0,0
71,2025-02-07,103,100,0
72,2025-02-07,395,0,0
73,2025-02-07,649,0,0
74,2025-02-07,1561,0,0
75,2025-02-07,476,0,0
76,2025-02-07,2055,0,1
77,2025-02-07,255,0,1
78,2025-02-07,0,400,0
79,2025-02-07,137,200,2
80,2025-02-07,210,0,0
81,2025-02-07,139,100,0
82,2025-02-07,93,100,0
83,2025-02-07,1055,0,0
84,2025-02-07,156,100,0
85,2025-02-07,222,0,3
86,2025-02-07,403,0,0
87,2025-02-07,1015,0,0
88,2025-02-07,651,0,1
89,2025-02-07,670,0,0
90,2025-02-07,566,0,0
91,2025-02-07,146,200,0
92,2025-02-07,179,100,1
93,2025-02-07,314,0,3
94,2025-02-07,413,0,0
95,2025-02-07,195,0,1
96,2025-02-07,66,250,2
97,2025-02-07,81,50,0
98,2025-02-07,40,200,1
99,2025-02-07,1496,0,0
100,2025-02-07,27,200,0
101,2025-02-07,146,100,1
102,2025-02-07,41,200,1
103,2025-02-07,1407,0,0
104,2025-02-07,275,0,0
105,2025-02-07,643,0,0
106,2025-02-07,1830,0,0
107,2025-02-07,103,50,1
108,2025-02-07,211,0,0
109,2025-02-07,1453,0,1
110,2025-02-07,92,100,1
111,2025-02-07,957,0,0
112,2025-02-07,435,0,0
113,2025-02-07,115,0,0
114,2025-02-07,350,0,1
115,2025-02-07,199,0,4
116,2025-02-07,491,0,1
117,2025-02-07,1811,0,1
118,2025-02-07,207,200,1
119,2025-02-07,262,100,1
120,2025-02-07,326,0,1
1,2025-02-08,0,300,0
2,2025-02-08,68,400,0
3,2025-02-08,24,300,1
4,2025-02-08,520,0,0
5,2025-02-08,19,50,0
6,2025-02-08,84,400,0
7,2025-02-08,1377,0,0
8,2025-02-08,49,300,2
9,2025-02-08,350,0,0
10,2025-02-08,202,0,1
11,2025-02-08,1389,0,1
12,2025-02-08,126,100,0
13,2025-02-08,1360,0,2
14,2025-02-08,46,250,1
15,2025-02-08,45,100,0
16,2025-02-08,1438,0,0
17,2025-02-08,183,100,0
18,2025-02-08,1272,0,0
19,2025-02-08,607,0,0
20,2025-02-08,305,0,1
21,2025-02-08,99,200,0
22,2025-02-08,135,0,0
23,2025-02-08,45,300,3
24,2025-02-08,0,300,0
25,2025-02-08,91,300,1
26,2025-02-08,1454,0,0
27,2025-02-08,1700,0,2
28,2025-02-08,302,0,1
29,2025-02-08,171,0,0
30,2025-02-08,1747,0,1
31,2025-02-08,63,100,0
32,2025-02-08,247,0,0
33,2025-02-08,123,100,0
34,2025-02-08,681,0,1
35,2025-02-08,641,0,0
36,2025-02-08,621,0,0
37,2025-02-08,70,0,0
38,2025-02-08,133,0,0
39,2025-02-08,96,100,0
40,2025-02-08,162,100,1
41,2025-02-08,153,100,0
42,2025-02-08,52,100,0
43,2025-02-08,43,100,0
44,2025-02-08,1219,0,0
45,2025-02-08,305,0,1
46,2025-02-08,523,0,2
47,2025-02-08,1810,0,1
48,2025-02-08,657,0,1
49,2025-02-08,57,0,0
50,2025-02-08,1756,0,0
51,2025-02-08,224,0,1
52,2025-02-08,359,0,0
53,2025-02-08,22,100,0
54,2025-02-08,74,200,1
55,2025-02-08,209,100,1
56,2025-02-08,1583,0,0
57,2025-02-08,92,200,1
58,2025-02-08,116,100,2
59,2025-02-08,558,0,0
60,2025-02-08,83,100,1
61,2025-02-08,167,100,0
62,2025-02-08,421,0,1
63,2025-02-08,66,100,0
64,2025-02-08,305,200,1
65,2025-02-08,152,100,1
66,2025-02-08,151,50,0
67,2025-02-08,603,0,1
68,2025-02-08,218,200,1
69,2025-02-08,1507,0,0
70,2025-02-08,1186,0,0
71,2025-02-08,94,100,1
72,2025-02-08,391,0,0
73,2025-02-08,648,0,0
74,2025-02-08,1556,0,0
75,2025-02-08,456,0,1
76,2025-02-08,2043,0,0
77,2025-02-08,255,0,3
78,2025-02-08,0,400,0
79,2025-02-08,218,100,0
80,2025-02-08,207,0,0
81,2025-02-08,127,100,0
82,2025-02-08,85,100,0
83,2025-02-08,1052,0,0
84,2025-02-08,144,100,1
85,2025-02-08,222,0,3
86,2025-02-08,393,0,1
87,2025-02-08,1008,0,0
88,2025-02-08,643,0,0
89,2025-02-08,665,0,0
90,2025-02-08,557,0,0
91,2025-02-08,129,200,1
92,2025-02-08,162,100,1
93,2025-02-08,306,200,0
94,2025-02-08,393,0,2
95,2025-02-08,179,0,1
96,2025-02-08,49,250,2
97,2025-02-08,76,100,0
98,2025-02-08,24,200,2
99,2025-02-08,1493,0,0
100,2025-02-08,18,200,0
101,2025-02-08,134,100,1
102,2025-02-08,229,0,1
103,2025-02-08,1405,0,0
104,2025-02-08,261,0,1
105,2025-02-08,637,0,0
106,2025-02-08,1827,0,0
107,2025-02-08,98,50,0
108,2025-02-08,204,0,0
109,2025-02-08,1447,0,0
110,2025-02-08,85,200,0
111,2025-02-08,946,0,1
112,2025-02-08,424,0,1
113,2025-02-08,112,0,0
114,2025-02-08,332,0,2
115,2025-02-08,193,0,0
116,2025-02-08,481,0,0
117,2025-02-08,1797,0,0
118,2025-02-08,203,200,0
119,2025-02-08,258,100,0
120,2025-02-08,318,0,1
1,2025-02-09,0,300,0
2,2025-02-09,53,400,1
3,2025-02-09,15,300,0
4,2025-02-09,519,0,0
5,2025-02-09,16,50,0
6,2025-02-09,67,400,2
7,2025-02-09,1374,0,0
8,2025-02-09,37,300,0
9,2025-02-09,346,0,0
10,2025-02-09,197,0,0
11,2025-02-09,1379,0,0
12,2025-02-09,109,100,1
13,2025-02-09,1349,0,1
14,2025-02-09,66,200,1
15,2025-02-09,41,100,0
16,2025-02-09,1429,0,1
17,2025-02-09,275,0,0
18,2025-02-09,1261,0,1
19,2025-02-09,603,0,0
20,2025-02-09,291,0,1
21,2025-02-09,83,200,2
22,2025-02-09,127,0,0
23,2025-02-09,92,250,0
24,2025-02-09,0,300,0
25,2025-02-09,76,300,0
26,2025-02-09,1445,0,0
27,2025-02-09,1681,0,2
28,2025-02-09,290,0,1
29,2025-02-09,168,0,0
30,2025-02-09,1738,0,0
31,2025-02-09,61,100,0
32,2025-02-09,242,0,0
33,2025-02-09,116,100,0
34,2025-02-09,671,0,0
35,2025-02-09,638,0,0
36,2025-02-09,621,0,8
37,2025-02-09,68,0,0
38,2025-02-09,129,0,0
39,2025-02-09,88,100,0
40,2025-02-09,162,100,3
41,2025-02-09,138,100,1
42,2025-02-09,46,100,0
43,2025-02-09,36,100,0
44,2025-02-09,1216,0,0
45,2025-02-09,288,200,2
46,2025-02-09,493,0,4
47,2025-02-09,1804,0,0
48,2025-02-09,641,0,2
49,2025-02-09,55,0,0
50,2025-02-09,1754,0,0
51,2025-02-09,204,200,2
52,2025-02-09,342,0,0
53,2025-02-09,16,100,0
54,2025-02-09,66,200,1
55,2025-02-09,250,50,1
56,2025-02-09,1575,0,0
57,2025-02-09,105,150,1
58,2025-02-09,108,100,0
59,2025-02-09,555,0,0
60,2025-02-09,65,150,2
61,2025-02-09,155,100,1
62,2025-02-09,411,0,1
63,2025-02-09,57,100,0
64,2025-02-09,291,200,1
65,2025-02-09,139,100,0
66,2025-02-09,139,50,1
67,2025-02-09,596,0,0
68,2025-02-09,200,200,1
69,2025-02-09,1500,0,0
70,2025-02-09,1184,0,0
71,2025-02-09,90,100,0
72,2025-02-09,387,0,0
73,2025-02-09,646,0,0
74,2025-02-09,1550,0,0
75,2025-02-09,437,0,1
76,2025-02-09,2043,0,57
77,2025-02-09,255,0,2
78,2025-02-09,0,400,0
79,2025-02-09,199,100,0
80,2025-02-09,204,0,0
81,2025-02-09,120,100,0
82,2025-02-09,74,100,0
83,2025-02-09,1045,0,1
84,2025-02-09,232,0,0
85,2025-02-09,219,0,0
86,2025-02-09,388,0,0
87,2025-02-09,1003,0,0
88,2025-02-09,633,0,1
89,2025-02-09,659,0,0
90,2025-02-09,543,0,1
91,2025-02-09,112,200,1
92,2025-02-09,156,100,0
93,2025-02-09,283,200,2
94,2025-02-09,376,0,1
95,2025-02-09,169,100,1
96,2025-02-09,36,250,0
97,2025-02-09,66,100,1
98,2025-02-09,178,0,0
99,2025-02-09,1488,0,0
100,2025-02-09,16,200,0
101,2025-02-09,121,100,1
102,2025-02-09,222,0,0
103,2025-02-09,1402,0,0
104,2025-02-09,242,200,1
105,2025-02-09,632,0,0
106,2025-02-09,1821,0,0
107,2025-02-09,89,50,0
108,2025-02-09,198,0,0
109,2025-02-09,1434,0,1
110,2025-02-09,85,200,2
111,2025-02-09,935,0,0
112,2025-02-09,404,0,2
113,2025-02-09,110,0,0
114,2025-02-09,332,0,7
115,2025-02-09,182,0,1
116,2025-02-09,471,0,1
117,2025-02-09,1781,0,1
118,2025-02-09,196,200,0
119,2025-02-09,242,100,1
120,2025-02-09,311,0,0
1,2025-02-10,0,300,0
2,2025-02-10,46,400,0
3,2025-02-10,1,300,0
4,2025-02-10,517,0,0
5,2025-02-10,64,0,0
6,2025-02-10,58,400,1
7,2025-02-10,1372,0,0
8,2025-02-10,26,300,0
9,2025-02-10,340,0,0
10,2025-02-10,187,0,1
11,2025-02-10,1373,0,0
12,2025-02-10,95,100,1
13,2025-02-10,1334,0,1
14,2025-02-10,103,200,1
15,2025-02-10,38,100,0
16,2025-02-10,1425,0,0
17,2025-02-10,264,0,0
18,2025-02-10,1248,0,1
19,2025-02-10,603,0,11
20,2025-02-10,282,0,0
21,2025-02-10,172,100,1
22,2025-02-10,123,0,0
23,2025-02-10,72,250,2
24,2025-02-10,93,200,0
25,2025-02-10,138,200,0
26,2025-02-10,1441,0,0
27,2025-02-10,1672,0,0
28,2025-02-10,280,0,1
29,2025-02-10,165,0,0
30,2025-02-10,1734,0,0
31,2025-02-10,157,0,0
32,2025-02-10,242,0,6
33,2025-02-10,110,100,0
34,2025-02-10,664,0,0
35,2025-02-10,632,0,0
36,2025-02-10,616,0,0
37,2025-02-10,68,0,1
38,2025-02-10,129,0,3
39,2025-02-10,80,100,0
40,2025-02-10,149,100,1
41,2025-02-10,228,0,0
42,2025-02-10,90,50,0
43,2025-02-10,30,100,0
44,2025-02-10,1213,0,0
45,2025-02-10,270,200,1
46,2025-02-10,486,0,0
47,2025-02-10,1799,0,0
48,2025-02-10,636,0,0
49,2025-02-10,53,0,0
50,2025-02-10,1750,0,0
51,2025-02-10,192,200,1
52,2025-02-10,328,0,0
53,2025-02-10,13,100,0
54,2025-02-10,259,0,0
55,2025-02-10,242,50,0
56,2025-02-10,1564,0,1
57,2025-02-10,94,150,1
58,2025-02-10,101,100,0
59,2025-02-10,551,0,0
60,2025-02-10,61,150,0
61,2025-02-10,199,50,0
62,2025-02-10,407,0,0
63,2025-02-10,51,100,0
64,2025-02-10,275,200,2
65,2025-02-10,126,200,1
66,2025-02-10,120,100,2
67,2025-02-10,596,0,16
68,2025-02-10,187,200,0
69,2025-02-10,1492,0,1
70,2025-02-10,1182,0,0
71,2025-02-10,85,100,0
72,2025-02-10,383,0,0
73,2025-02-10,642,0,0
74,2025-02-10,1540,0,1
75,2025-02-10,424,0,1
76,2025-02-10,2024,0,1
77,2025-02-10,255,0,2
78,2025-02-10,0,400,0
79,2025-02-10,195,200,0
80,2025-02-10,203,0,0
81,2025-02-10,109,100,1
82,2025-02-10,66,100,0
83,2025-02-10,1035,0,1
84,2025-02-10,230,0,0
85,2025-02-10,216,0,0
86,2025-02-10,379,0,0
87,2025-02-10,996,0,0
88,2025-02-10,633,0,6
89,2025-02-10,655,0,0
90,2025-02-10,537,0,0
91,2025-02-10,160,200,0
92,2025-02-10,143,100,1
93,2025-02-10,269,200,1
94,2025-02-10,365,0,1
95,2025-02-10,161,100,0
96,2025-02-10,81,250,0
97,2025-02-10,58,100,0
98,2025-02-10,171,100,1
99,2025-02-10,1483,0,0
100,2025-02-10,9,200,0
101,2025-02-10,113,100,0
102,2025-02-10,214,0,0
103,2025-02-10,1398,0,0
104,2025-02-10,234,200,0
105,2025-02-10,627,0,0
106,2025-02-10,1818,0,0
107,2025-02-10,87,50,0
108,2025-02-10,193,0,0
109,2025-02-10,1431,0,0
110,2025-02-10,76,200,0
111,2025-02-10,925,0,0
112,2025-02-10,389,0,1
113,2025-02-10,108,0,0
114,2025-02-10,321,0,0
115,2025-02-10,175,0,0
116,2025-02-10,459,0,1
117,2025-02-10,1769,0,1
118,2025-02-10,189,200,1
119,2025-02-10,242,100,3
120,2025-02-10,308,0,0
1,2025-02-11,83,200,1
2,2025-02-11,34,400,0
3,2025-02-11,0,300,0
4,2025-02-11,513,0,0
5,2025-02-11,62,0,0
6,2025-02-11,47,400,1
7,2025-02-11,1368,0,0
8,2025-02-11,6,300,1
9,2025-02-11,338,0,0
10,2025-02-11,174,100,1
11,2025-02-11,1364,0,0
12,2025-02-11,88,100,1
13,2025-02-11,1328,0,0
14,2025-02-11,93,200,0
15,2025-02-11,35,100,0
16,2025-02-11,1415,0,1
17,2025-02-11,250,0,0
18,2025-02-11,1240,0,0
19,2025-02-11,599,0,0
20,2025-02-11,264,0,2
21,2025-02-11,160,100,1
22,2025-02-11,120,0,0
23,2025-02-11,60,300,1
24,2025-02-11,78,200,0
25,2025-02-11,123,200,0
26,2025-02-11,1437,0,0
27,2025-02-11,1672,0,28
28,2025-02-11,277,0,0
29,2025-02-11,162,0,0
30,2025-02-11,1729,0,0
31,2025-02-11,152,0,0
32,2025-02-11,237,0,0
33,2025-02-11,101,100,1
34,2025-02-11,654,0,1
35,2025-02-11,629,0,0
36,2025-02-11,611,0,0
37,2025-02-11,68,0,1
38,2025-02-11,124,0,0
39,2025-02-11,116,50,1
40,2025-02-11,245,0,0
41,2025-02-11,224,0,0
42,2025-02-11,85,50,0
43,2025-02-11,26,100,0
44,2025-02-11,1208,0,0
45,2025-02-11,252,200,1
46,2025-02-11,486,0,13
47,2025-02-11,1782,0,1
48,2025-02-11,628,0,0
49,2025-02-11,50,0,0
50,2025-02-11,1745,0,0
51,2025-02-11,176,200,1
52,2025-02-11,314,0,1
53,2025-02-11,58,50,0
54,2025-02-11,250,0,0
55,2025-02-11,234,50,0
56,2025-02-11,1562,0,0
57,2025-02-11,89,200,0
58,2025-02-11,93,100,0
59,2025-02-11,549,0,0
60,2025-02-11,54,150,0
61,2025-02-11,179,50,2
62,2025-02-11,397,0,1
63,2025-02-11,45,100,0
64,2025-02-11,258,200,2
65,2025-02-11,116,200,0
66,2025-02-11,111,100,1
67,2025-02-11,588,0,0
68,2025-02-11,177,200,1
69,2025-02-11,1486,0,0
70,2025-02-11,1177,0,0
71,2025-02-11,76,100,0
72,2025-02-11,383,0,7
73,2025-02-11,641,0,0
74,2025-02-11,1536,0,0
75,2025-02-11,413,0,1
76,2025-02-11,2006,0,2
77,2025-02-11,253,0,0
78,2025-02-11,0,400,0
79,2025-02-11,178,200,0
80,2025-02-11,200,0,0
81,2025-02-11,99,150,1
82,2025-02-11,61,100,0
83,2025-02-11,1024,0,0
84,2025-02-11,214,0,1
85,2025-02-11,212,0,0
86,2025-02-11,365,0,1
87,2025-02-11,992,0,0
88,2025-02-11,626,0,0
89,2025-02-11,651,0,0
90,2025-02-11,527,0,0
91,2025-02-11,146,200,1
92,2025-02-11,137,100,0
93,2025-02-11,252,200,1
94,2025-02-11,363,0,0
95,2025-02-11,158,100,0
96,2025-02-11,58,250,2
97,2025-02-11,104,50,0
98,2025-02-11,160,100,0
99,2025-02-11,1477,0,0
100,2025-02-11,9,200,0
101,2025-02-11,99,100,2
102,2025-02-11,201,0,1
103,2025-02-11,1393,0,0
104,2025-02-11,231,200,0
105,2025-02-11,620,0,0
106,2025-02-11,1816,0,0
107,2025-02-11,79,50,0
108,2025-02-11,186,0,0
109,2025-02-11,1420,0,1
110,2025-02-11,67,200,0
111,2025-02-11,924,0,0
112,2025-02-11,389,0,10
113,2025-02-11,106,0,0
114,2025-02-11,310,0,0
115,2025-02-11,169,0,0
116,2025-02-11,452,0,0
117,2025-02-11,1749,0,1
118,2025-02-11,178,200,1
119,2025-02-11,232,100,0
120,2025-02-11,302,0,0
1,2025-02-12,68,200,2
2,2025-02-12,20,400,2
3,2025-02-12,0,300,0
4,2025-02-12,509,0,0
5,2025-02-12,60,50,0
6,2025-02-12,43,400,0
7,2025-02-12,1365,0,0
8,2025-02-12,0,300,0
9,2025-02-12,333,0,0
10,2025-02-12,164,100,1
11,2025-02-12,1355,0,1
12,2025-02-12,73,150,1
13,2025-02-12,1316,0,1
14,2025-02-12,82,200,1
15,2025-02-12,31,100,0
16,2025-02-12,1410,0,0
17,2025-02-12,244,0,0
18,2025-02-12,1224,0,0
19,2025-02-12,597,0,0
20,2025-02-12,258,200,0
21,2025-02-12,138,200,3
22,2025-02-12,117,0,0
23,2025-02-12,43,300,0
24,2025-02-12,65,200,1
25,2025-02-12,217,100,0
26,2025-02-12,1430,0,0
27,2025-02-12,1658,0,1
28,2025-02-12,270,0,0
29,2025-02-12,160,0,0
30,2025-02-12,1722,0,0
31,2025-02-12,150,0,0
32,2025-02-12,235,0,0
33,2025-02-12,192,0,0
34,2025-02-12,648,0,0
35,2025-02-12,624,0,0
36,2025-02-12,606,0,0
37,2025-02-12,66,0,0
38,2025-02-12,120,0,0
39,2025-02-12,114,100,0
40,2025-02-12,236,0,1
41,2025-02-12,214,0,0
42,2025-02-12,79,50,0
43,2025-02-12,18,100,1
44,2025-02-12,1197,0,0
45,2025-02-12,235,200,1
46,2025-02-12,463,0,3
47,2025-02-12,1766,0,1
48,2025-02-12,621,0,0
49,2025-02-12,48,0,0
50,2025-02-12,1742,0,0
51,2025-02-12,159,200,2
52,2025-02-12,299,0,0
53,2025-02-12,55,50,0
54,2025-02-12,242,0,1
55,2025-02-12,217,50,2
56,2025-02-12,1561,0,0
57,2025-02-12,117,150,0
58,2025-02-12,87,150,0
59,2025-02-12,546,0,0
60,2025-02-12,42,150,1
61,2025-02-12,175,100,0
62,2025-02-12,389,0,0
63,2025-02-12,41,100,0
64,2025-02-12,239,200,2
65,2025-02-12,106,200,1
66,2025-02-12,101,100,1
67,2025-02-12,581,0,0
68,2025-02-12,160,200,0
69,2025-02-12,1472,0,1
70,2025-02-12,1175,0,0
71,2025-02-12,73,150,0
72,2025-02-12,377,0,0
73,2025-02-12,640,0,0
74,2025-02-12,1527,0,0
75,2025-02-12,395,0,2
76,2025-02-12,1998,0,1
77,2025-02-12,252,0,0
78,2025-02-12,0,400,0
79,2025-02-12,164,200,1
80,2025-02-12,197,0,0
81,2025-02-12,95,150,0
82,2025-02-12,107,50,0
83,2025-02-12,1017,0,0
84,2025-02-12,209,0,0
85,2025-02-12,212,0,2
86,2025-02-12,361,0,0
87,2025-02-12,990,0,0
88,2025-02-12,619,0,0
89,2025-02-12,648,0,0
90,2025-02-12,519,0,0
91,2025-02-12,129,200,2
92,2025-02-12,124,200,1
93,2025-02-12,238,200,2
94,2025-02-12,349,0,1
95,2025-02-12,153,100,0
96,2025-02-12,100,200,0
97,2025-02-12,102,50,0
98,2025-02-12,152,100,0
99,2025-02-12,1473,0,0
100,2025-02-12,0,200,0
101,2025-02-12,90,150,1
102,2025-02-12,190,100,1
103,2025-02-12,1393,0,29
104,2025-02-12,220,200,1
105,2025-02-12,617,0,0
106,2025-02-12,1811,0,0
107,2025-02-12,73,50,0
108,2025-02-12,178,0,1
109,2025-02-12,1410,0,1
110,2025-02-12,58,200,0
111,2025-02-12,904,0,2
112,2025-02-12,389,0,9
113,2025-02-12,104,0,0
114,2025-02-12,292,0,1
115,2025-02-12,169,0,4
116,2025-02-12,443,0,1
117,2025-02-12,1742,0,0
118,2025-02-12,167,200,1
119,2025-02-12,223,100,0
120,2025-02-12,294,0,0
1,2025-02-13,52,300,2
2,2025-02-13,18,400,0
3,2025-02-13,42,250,0
4,2025-02-13,506,0,0
5,2025-02-13,59,50,0
6,2025-02-13,35,400,0
7,2025-02-13,1363,0,0
8,2025-02-13,0,300,0
9,2025-02-13,328,0,0
10,2025-02-13,155,100,0
11,2025-02-13,1348,0,0
12,2025-02-13,160,50,0
13,2025-02-13,1304,0,0
14,2025-02-13,69,200,0
15,2025-02-13,29,100,0
16,2025-02-13,1401,0,0
17,2025-02-13,236,0,0
18,2025-02-13,1212,0,0
19,2025-02-13,591,0,0
20,2025-02-13,243,200,1
21,2025-02-13,125,200,1
22,2025-02-13,116,0,0
23,2025-02-13,77,250,2
24,2025-02-13,52,300,0
25,2025-02-13,202,100,1
26,2025-02-13,1425,0,0
27,2025-02-13,1648,0,1
28,2025-02-13,256,0,1
29,2025-02-13,158,0,0
30,2025-02-13,1715,0,0
31,2025-02-13,145,0,0
32,2025-02-13,234,0,0
33,2025-02-13,181,100,0
34,2025-02-13,636,0,1
35,2025-02-13,623,0,0
36,2025-02-13,601,0,0
37,2025-02-13,64,0,0
38,2025-02-13,117,0,0
39,2025-02-13,101,100,1
40,2025-02-13,233,0,0
41,2025-02-13,206,0,1
42,2025-02-13,71,50,0
43,2025-02-13,14,100,0
44,2025-02-13,1194,0,0
45,2025-02-13,220,200,1
46,2025-02-13,443,0,1
47,2025-02-13,1759,0,0
48,2025-02-13,608,0,1
49,2025-02-13,47,0,0
50,2025-02-13,1741,0,0
51,2025-02-13,150,200,0
52,2025-02-13,282,0,1
53,2025-02-13,49,50,0
54,2025-02-13,240,0,0
55,2025-02-13,200,100,1
56,2025-02-13,1554,0,0
57,2025-02-13,112,200,0
58,2025-02-13,132,100,0
59,2025-02-13,543,0,0
60,2025-02-13,81,100,1
61,2025-02-13,214,50,1
62,2025-02-13,383,0,0
63,2025-02-13,41,100,0
64,2025-02-13,217,200,1
65,2025-02-13,92,200,1
66,2025-02-13,91,100,1
67,2025-02-13,568,0,1
68,2025-02-13,147,200,0
69,2025-02-13,1466,0,0
70,2025-02-13,1171,0,0
71,2025-02-13,67,150,0
72,2025-02-13,375,0,0
73,2025-02-13,637,0,0
74,2025-02-13,1519,0,1
75,2025-02-13,387,0,1
76,2025-02-13,1992,0,0
77,2025-02-13,251,0,0
78,2025-02-13,0,400,0
79,2025-02-13,143,200,2
80,2025-02-13,195,0,0
81,2025-02-13,81,200,1
82,2025-02-13,99,100,0
83,2025-02-13,1009,0,0
84,2025-02-13,209,0,2
85,2025-02-13,209,0,0
86,2025-02-13,358,0,0
87,2025-02-13,986,0,0
88,2025-02-13,614,0,0
89,2025-02-13,645,0,0
90,2025-02-13,516,0,0
91,2025-02-13,119,200,0
92,2025-02-13,111,200,1
93,2025-02-13,220,200,2
94,2025-02-13,330,0,2
95,2025-02-13,145,100,0
96,2025-02-13,135,150,1
97,2025-02-13,94,50,1
98,2025-02-13,142,100,0
99,2025-02-13,1469,0,0
100,2025-02-13,0,200,0
101,2025-02-13,82,150,0
102,2025-02-13,172,100,2
103,2025-02-13,1388,0,0
104,2025-02-13,204,200,2
105,2025-02-13,612,0,0
106,2025-02-13,1809,0,0
107,2025-02-13,64,50,0
108,2025-02-13,175,0,0
109,2025-02-13,1400,0,1
110,2025-02-13,147,100,1
111,2025-02-13,904,0,23
112,2025-02-13,376,0,1
113,2025-02-13,100,0,0
114,2025-02-13,292,0,5
115,2025-02-13,164,0,0
116,2025-02-13,441,0,0
117,2025-02-13,1732,0,0
118,2025-02-13,167,200,4
119,2025-02-13,210,100,1
120,2025-02-13,288,0,0
1,2025-02-14,38,300,1
2,2025-02-14,1,400,0
3,2025-02-14,33,250,0
4,2025-02-14,504,0,0
5,2025-02-14,56,50,0
6,2025-02-14,23,400,0
7,2025-02-14,1361,0,0
8,2025-02-14,0,300,0
9,2025-02-14,324,0,0
10,2025-02-14,142,100,0
11,2025-02-14,1336,0,1
12,2025-02-14,149,100,1
13,2025-02-14,1295,0,1
14,2025-02-14,54,250,1
15,2025-02-14,126,0,0
16,2025-02-14,1394,0,0
17,2025-02-14,227,0,0
18,2025-02-14,1197,0,1
19,2025-02-14,588,0,0
20,2025-02-14,220,200,2
21,2025-02-14,114,200,0
22,2025-02-14,113,0,0
23,2025-02-14,61,250,2
24,2025-02-14,34,300,1
25,2025-02-14,183,100,1
26,2025-02-14,1419,0,0
27,2025-02-14,1633,0,1
28,2025-02-14,244,0,1
29,2025-02-14,157,0,0
30,2025-02-14,1700,0,1
31,2025-02-14,144,0,0
32,2025-02-14,233,0,0
33,2025-02-14,172,100,1
34,2025-02-14,630,0,0
35,2025-02-14,620,0,0
36,2025-02-14,594,0,1
37,2025-02-14,61,0,0
38,2025-02-14,116,0,0
39,2025-02-14,93,100,0
40,2025-02-14,224,0,0
41,2025-02-14,197,0,0
42,2025-02-14,67,50,0
43,2025-02-14,8,100,0
44,2025-02-14,1190,0,0
45,2025-02-14,205,200,1
46,2025-02-14,426,0,2
47,2025-02-14,1752,0,0
48,2025-02-14,600,0,0
49,2025-02-14,45,50,0
50,2025-02-14,1740,0,0
51,2025-02-14,135,200,1
52,2025-02-14,268,200,0
53,2025-02-14,45,50,0
54,2025-02-14,230,0,0
55,2025-02-14,236,50,2
56,2025-02-14,1548,0,0
57,2025-02-14,96,200,0
58,2025-02-14,127,100,0
59,2025-02-14,539,0,0
60,2025-02-14,75,100,0
61,2025-02-14,202,50,1
62,2025-02-14,376,0,0
63,2025-02-14,40,100,0
64,2025-02-14,202,200,0
65,2025-02-14,81,200,0
66,2025-02-14,90,100,0
67,2025-02-14,568,0,10
68,2025-02-14,136,200,1
69,2025-02-14,1449,0,0
70,2025-02-14,1167,0,0
71,2025-02-14,61,150,0
72,2025-02-14,367,0,0
73,2025-02-14,634,0,0
74,2025-02-14,1509,0,0
75,2025-02-14,369,0,1
76,2025-02-14,1975,0,1
77,2025-02-14,249,0,0
78,2025-02-14,189,200,0
79,2025-02-14,137,200,0
80,2025-02-14,193,0,0
81,2025-02-14,114,150,1
82,2025-02-14,93,100,0
83,2025-02-14,1001,0,0
84,2025-02-14,205,0,0
85,2025-02-14,207,0,0
86,2025-02-14,350,0,0
87,2025-02-14,980,0,0
88,2025-02-14,608,0,0
89,2025-02-14,641,0,0
90,2025-02-14,505,0,1
91,2025-02-14,104,200,1
92,2025-02-14,99,200,1
93,2025-02-14,194,200,2
94,2025-02-14,318,0,1
95,2025-02-14,137,100,0
96,2025-02-14,117,200,2
97,2025-02-14,90,50,0
98,2025-02-14,134,100,1
99,2025-02-14,1466,0,0
100,2025-02-14,0,200,0
101,2025-02-14,71,150,1
102,2025-02-14,158,100,1
103,2025-02-14,1384,0,0
104,2025-02-14,198,200,0
105,2025-02-14,610,0,0
106,2025-02-14,1805,0,0
107,2025-02-14,55,100,1
108,2025-02-14,167,0,0
109,2025-02-14,1391,0,1
110,2025-02-14,139,100,0
111,2025-02-14,901,0,0
112,2025-02-14,368,0,0
113,2025-02-14,100,0,2
114,2025-02-14,284,0,0
115,2025-02-14,161,0,0
116,2025-02-14,431,0,1
117,2025-02-14,1723,0,1
118,2025-02-14,355,0,0
119,2025-02-14,297,0,1
120,2025-02-14,281,0,1
1,2025-02-15,30,300,0
2,2025-02-15,0,400,0
3,2025-02-15,15,250,1
4,2025-02-15,497,0,0
5,2025-02-15,53,50,0
6,2025-02-15,5,400,1
7,2025-02-15,1360,0,0
8,2025-02-15,0,300,0
9,2025-02-15,317,0,0
10,2025-02-15,131,100,1
11,2025-02-15,1319,0,1
12,2025-02-15,145,100,0
13,2025-02-15,1278,0,1
14,2025-02-15,50,250,0
15,2025-02-15,124,0,0
16,2025-02-15,1389,0,0
17,2025-02-15,219,0,0
18,2025-02-15,1187,0,0
19,2025-02-15,585,0,0
20,2025-02-15,198,200,2
21,2025-02-15,103,200,0
22,2025-02-15,110,0,0
23,2025-02-15,42,250,1
24,2025-02-15,124,200,0
25,2025-02-15,169,200,1
26,2025-02-15,1412,0,0
27,2025-02-15,1617,0,2
28,2025-02-15,229,200,1
29,2025-02-15,154,0,0
30,2025-02-15,1694,0,0
31,2025-02-15,138,0,0
32,2025-02-15,229,0,0
33,2025-02-15,163,100,0
34,2025-02-15,618,0,1
35,2025-02-15,617,0,0
36,2025-02-15,587,0,0
37,2025-02-15,55,100,0
38,2025-02-15,112,0,0
39,2025-02-15,85,100,0
40,2025-02-15,213,0,0
41,2025-02-15,182,100,1
42,2025-02-15,64,100,0
43,2025-02-15,7,200,0
44,2025-02-15,1186,0,0
45,2025-02-15,201,200,0
46,2025-02-15,413,0,1
47,2025-02-15,1740,0,1
48,2025-02-15,592,0,0
49,2025-02-15,44,50,0
50,2025-02-15,1735,0,0
51,2025-02-15,319,0,0
52,2025-02-15,260,200,0
53,2025-02-15,38,100,1
54,2025-02-15,219,0,0
55,2025-02-15,219,100,2
56,2025-02-15,1539,0,0
57,2025-02-15,75,200,2
58,2025-02-15,118,100,0
59,2025-02-15,536,0,0
60,2025-02-15,101,100,0
61,2025-02-15,190,50,1
62,2025-02-15,363,0,1
63,2025-02-15,38,150,0
64,2025-02-15,192,200,0
65,2025-02-15,63,200,1
66,2025-02-15,77,100,0
67,2025-02-15,561,0,0
68,2025-02-15,118,200,2
69,2025-02-15,1437,0,0
70,2025-02-15,1161,0,0
71,2025-02-15,52,150,1
72,2025-02-15,361,0,0
73,2025-02-15,628,0,0
74,2025-02-15,1500,0,0
75,2025-02-15,355,0,1
76,2025-02-15,1960,0,1
77,2025-02-15,248,0,0
78,2025-02-15,160,200,2
79,2025-02-15,121,200,2
80,2025-02-15,191,0,0
81,2025-02-15,106,150,0
82,2025-02-15,83,100,1
83,2025-02-15,987,0,1
84,2025-02-15,198,0,1
85,2025-02-15,203,0,0
86,2025-02-15,346,0,0
87,2025-02-15,973,0,0
88,2025-02-15,599,0,0
89,2025-02-15,634,0,0
90,2025-02-15,499,0,0
91,2025-02-15,95,200,1
92,2025-02-15,193,100,0
93,2025-02-15,190,200,0
94,2025-02-15,297,0,2
95,2025-02-15,126,100,0
96,2025-02-15,150,200,1
97,2025-02-15,80,50,1
98,2025-02-15,124,100,1
99,2025-02-15,1463,0,0
100,2025-02-15,0,200,0
101,2025-02-15,162,50,0
102,2025-02-15,155,100,0
103,2025-02-15,1381,0,0
104,2025-02-15,385,0,1
105,2025-02-15,605,0,0
106,2025-02-15,1801,0,0
107,2025-02-15,50,100,0
108,2025-02-15,162,0,0
109,2025-02-15,1381,0,0
110,2025-02-15,128,100,0
111,2025-02-15,893,0,0
112,2025-02-15,357,0,1
113,2025-02-15,98,0,0
114,2025-02-15,276,0,0
115,2025-02-15,156,0,0
116,2025-02-15,422,0,0
117,2025-02-15,1717,0,0
118,2025-02-15,341,0,1
119,2025-02-15,289,0,0
120,2025-02-15,272,0,0
1,2025-02-16,7,300,1
2,2025-02-16,0,400,0
3,2025-02-16,0,300,0
4,2025-02-16,496,0,0
5,2025-02-16,50,50,0
6,2025-02-16,185,200,0
7,2025-02-16,1358,0,0
8,2025-02-16,84,200,1
9,2025-02-16,312,0,0
10,2025-02-16,119,100,1
11,2025-02-16,1310,0,0
12,2025-02-16,128,100,1
13,2025-02-16,1261,0,1
14,2025-02-16,32,250,2
15,2025-02-16,121,0,0
16,2025-02-16,1388,0,0
17,2025-02-16,202,0,2
18,2025-02-16,1183,0,0
19,2025-02-16,580,0,0
20,2025-02-16,187,200,1
21,2025-02-16,101,200,0
22,2025-02-16,106,0,0
23,2025-02-16,66,250,2
24,2025-02-16,114,200,1
25,2025-02-16,149,200,1
26,2025-02-16,1405,0,1
27,2025-02-16,1602,0,2
28,2025-02-16,219,200,1
29,2025-02-16,152,0,0
30,2025-02-16,1681,0,1
31,2025-02-16,134,0,0
32,2025-02-16,227,0,0
33,2025-02-16,157,100,0
34,2025-02-16,611,0,0
35,2025-02-16,612,0,0
36,2025-02-16,585,0,0
37,2025-02-16,50,100,0
38,2025-02-16,108,0,0
39,2025-02-16,84,100,0
40,2025-02-16,206,0,0
41,2025-02-16,169,100,1
42,2025-02-16,54,100,1
43,2025-02-16,3,200,0
44,2025-02-16,1186,0,29
45,2025-02-16,195,200,0
46,2025-02-16,390,0,2
47,2025-02-16,1735,0,0
48,2025-02-16,574,0,2
49,2025-02-16,41,50,0
50,2025-02-16,1731,0,0
51,2025-02-16,311,0,1
52,2025-02-16,244,200,2
53,2025-02-16,32,100,0
54,2025-02-16,209,0,0
55,2025-02-16,197,100,2
56,2025-02-16,1533,0,0
57,2025-02-16,122,150,0
58,2025-02-16,117,100,0
59,2025-02-16,535,0,0
60,2025-02-16,92,100,0
61,2025-02-16,179,50,1
62,2025-02-16,354,0,0
63,2025-02-16,33,150,0
64,2025-02-16,182,200,1
65,2025-02-16,48,200,0
66,2025-02-16,73,150,0
67,2025-02-16,556,0,0
68,2025-02-16,102,200,0
69,2025-02-16,1430,0,0
70,2025-02-16,1156,0,0
71,2025-02-16,45,150,0
72,2025-02-16,357,0,0
73,2025-02-16,625,0,0
74,2025-02-16,1498,0,0
75,2025-02-16,335,0,1
76,2025-02-16,1947,0,1
77,2025-02-16,246,0,0
78,2025-02-16,144,200,1
79,2025-02-16,210,100,0
80,2025-02-16,185,0,0
81,2025-02-16,100,150,0
82,2025-02-16,76,100,0
83,2025-02-16,973,0,1
84,2025-02-16,198,0,4
85,2025-02-16,198,0,0
86,2025-02-16,340,0,0
87,2025-02-16,968,0,0
88,2025-02-16,590,0,1
89,2025-02-16,629,0,0
90,2025-02-16,487,0,0
91,2025-02-16,90,200,0
92,2025-02-16,179,100,1
93,2025-02-16,169,200,0
94,2025-02-16,278,200,1
95,2025-02-16,123,100,0
96,2025-02-16,141,200,0
97,2025-02-16,73,50,0
98,2025-02-16,121,100,0
99,2025-02-16,1462,0,0
100,2025-02-16,0,200,0
101,2025-02-16,149,100,1
102,2025-02-16,127,100,3
103,2025-02-16,1377,0,0
104,2025-02-16,363,0,3
105,2025-02-16,601,0,0
106,2025-02-16,1796,0,0
107,2025-02-16,44,100,0
108,2025-02-16,144,0,1
109,2025-02-16,1375,0,0
110,2025-02-16,120,100,0
111,2025-02-16,873,0,2
112,2025-02-16,344,0,1
113,2025-02-16,96,0,0
114,2025-02-16,256,200,2
115,2025-02-16,150,0,0
116,2025-02-16,414,0,0
117,2025-02-16,1702,0,2
118,2025-02-16,335,0,0
119,2025-02-16,282,0,0
120,2025-02-16,261,0,0
1,2025-02-17,0,300,0
2,2025-02-17,0,400,0
3,2025-02-17,0,300,0
4,2025-02-17,495,0,0
5,2025-02-17,50,50,0
6,2025-02-17,175,200,1
7,2025-02-17,1355,0,0
8,2025-02-17,68,300,2
9,2025-02-17,308,0,0
10,2025-02-17,110,200,0
11,2025-02-17,1300,0,0
12,2025-02-17,115,100,1
13,2025-02-17,1257,0,0
14,2025-02-17,19,250,0
15,2025-02-17,119,0,0
16,2025-02-17,1384,0,0
17,2025-02-17,187,100,1
18,2025-02-17,1179,0,0
19,2025-02-17,577,0,0
20,2025-02-17,159,200,1
21,2025-02-17,86,200,2
22,2025-02-17,103,0,0
23,2025-02-17,55,250,0
24,2025-02-17,105,200,1
25,2025-02-17,131,200,1
26,2025-02-17,1397,0,0
27,2025-02-17,1586,0,1
28,2025-02-17,204,200,1
29,2025-02-17,150,0,0
30,2025-02-17,1677,0,0
31,2025-02-17,130,0,0
32,2025-02-17,223,0,0
33,2025-02-17,143,100,0
34,2025-02-17,605,0,0
35,2025-02-17,610,0,0
36,2025-02-17,580,0,0
37,2025-02-17,47,100,0
38,2025-02-17,105,0,0
39,2025-02-17,127,50,0
40,2025-02-17,195,100,1
41,2025-02-17,164,100,0
42,2025-02-17,47,100,0
43,2025-02-17,0,200,0
44,2025-02-17,1185,0,0
45,2025-02-17,183,200,0
46,2025-02-17,387,0,0
47,2025-02-17,1727,0,0
48,2025-02-17,566,0,0
49,2025-02-17,39,50,0
50,2025-02-17,1728,0,0
51,2025-02-17,298,0,1
52,2025-02-17,226,200,2
53,2025-02-17,27,100,0
54,2025-02-17,197,0,1
55,2025-02-17,229,50,0
56,2025-02-17,1526,0,0
57,2025-02-17,109,200,1
58,2025-02-17,110,100,0
59,2025-02-17,534,0,0
60,2025-02-17,82,150,0
61,2025-02-17,164,100,2
62,2025-02-17,351,0,0
63,2025-02-17,32,150,0
64,2025-02-17,170,200,0
65,2025-02-17,38,200,0
66,2025-02-17,115,100,0
67,2025-02-17,548,0,0
68,2025-02-17,86,200,1
69,2025-02-17,1419,0,1
70,2025-02-17,1152,0,0
71,2025-02-17,45,150,1
72,2025-02-17,356,0,0
73,2025-02-17,623,0,0
74,2025-02-17,1493,0,0
75,2025-02-17,319,0,1
76,2025-02-17,1938,0,0
77,2025-02-17,244,0,0
78,2025-02-17,134,200,1
79,2025-02-17,206,200,0
80,2025-02-17,184,0,0
81,2025-02-17,130,150,1
82,2025-02-17,71,100,0
83,2025-02-17,961,0,1
84,2025-02-17,197,0,0
85,2025-02-17,193,0,0
86,2025-02-17,330,0,0
87,2025-02-17,961,0,0
88,2025-02-17,581,0,0
89,2025-02-17,624,0,0
90,2025-02-17,475,0,1
91,2025-02-17,79,200,1
92,2025-02-17,171,100,1
93,2025-02-17,355,0,1
94,2025-02-17,262,200,1
95,2025-02-17,182,0,0
96,2025-02-17,124,200,1
97,2025-02-17,65,100,0
98,2025-02-17,111,100,1
99,2025-02-17,1462,0,42
100,2025-02-17,0,200,0
101,2025-02-17,132,100,2
102,2025-02-17,116,100,1
103,2025-02-17,1375,0,0
104,2025-02-17,349,0,0
105,2025-02-17,596,0,0
106,2025-02-17,1794,0,0
107,2025-02-17,35,100,0
108,2025-02-17,136,200,0
109,2025-02-17,1369,0,0
110,2025-02-17,108,100,0
111,2025-02-17,863,0,0
112,2025-02-17,334,0,1
113,2025-02-17,95,0,0
114,2025-02-17,243,200,1
115,2025-02-17,145,0,0
116,2025-02-17,405,0,1
117,2025-02-17,1693,0,1
118,2025-02-17,327,0,0
119,2025-02-17,275,0,0
120,2025-02-17,254,0,0
1,2025-02-18,87,300,1
2,2025-02-18,184,200,1
3,2025-02-18,0,300,0
4,2025-02-18,494,0,0
5,2025-02-18,46,50,0
6,2025-02-18,159,200,0
7,2025-02-18,1354,0,0
8,2025-02-18,53,300,2
9,2025-02-18,302,0,0
10,2025-02-18,101,200,1
11,2025-02-18,1290,0,1
12,2025-02-18,103,100,1
13,2025-02-18,1248,0,0
14,2025-02-18,0,250,0
15,2025-02-18,115,0,0
16,2025-02-18,1381,0,0
17,2025-02-18,180,100,0
18,2025-02-18,1170,0,0
19,2025-02-18,575,0,0
20,2025-02-18,345,0,1
21,2025-02-18,77,200,1
22,2025-02-18,99,0,0
23,2025-02-18,46,300,1
24,2025-02-18,86,300,2
25,2025-02-18,113,200,1
26,2025-02-18,1394,0,0
27,2025-02-18,1571,0,0
28,2025-02-18,193,200,0
29,2025-02-18,147,0,0
30,2025-02-18,1672,0,0
31,2025-02-18,127,0,0
32,2025-02-18,221,0,0
33,2025-02-18,134,100,0
34,2025-02-18,596,0,0
35,2025-02-18,608,0,0
36,2025-02-18,576,0,0
37,2025-02-18,43,100,0
38,2025-02-18,99,0,0
39,2025-02-18,118,100,0
40,2025-02-18,186,100,0
41,2025-02-18,157,100,1
42,2025-02-18,40,100,0
43,2025-02-18,0,200,0
44,2025-02-18,1182,0,0
45,2025-02-18,166,200,1
46,2025-02-18,377,0,1
47,2025-02-18,1726,0,0
48,2025-02-18,565,0,0
49,2025-02-18,37,50,0
50,2025-02-18,1725,0,0
51,2025-02-18,297,0,0
52,2025-02-18,213,200,0
53,2025-02-18,74,50,0
54,2025-02-18,190,0,0
55,2025-02-18,219,100,0
56,2025-02-18,1513,0,1
57,2025-02-18,96,200,1
58,2025-02-18,103,100,1
59,2025-02-18,531,0,0
60,2025-02-18,120,100,0
61,2025-02-18,149,100,1
62,2025-02-18,346,0,0
63,2025-02-18,29,150,0
64,2025-02-18,160,200,0
65,2025-02-18,29,200,0
66,2025-02-18,108,100,0
67,2025-02-18,540,0,1
68,2025-02-18,72,200,1
69,2025-02-18,1407,0,0
70,2025-02-18,1150,0,0
71,2025-02-18,44,150,0
72,2025-02-18,354,0,0
73,2025-02-18,621,0,0
74,2025-02-18,1489,0,0
75,2025-02-18,302,0,2
76,2025-02-18,1933,0,0
77,2025-02-18,242,0,0
78,2025-02-18,131,200,0
79,2025-02-18,189,200,2
80,2025-02-18,182,0,0
81,2025-02-18,112,150,1
82,2025-02-18,67,100,0
83,2025-02-18,953,0,0
84,2025-02-18,189,0,0
85,2025-02-18,190,0,0
86,2025-02-18,323,0,0
87,2025-02-18,956,0,0
88,2025-02-18,575,0,0
89,2025-02-18,624,0,10
90,2025-02-18,464,0,1
91,2025-02-18,46,300,4
92,2025-02-18,260,0,1
93,2025-02-18,348,0,0
94,2025-02-18,256,200,0
95,2025-02-18,171,100,1
96,2025-02-18,108,200,2
97,2025-02-18,60,100,0
98,2025-02-18,101,100,0
99,2025-02-18,1462,0,17
100,2025-02-18,0,200,0
101,2025-02-18,121,100,1
102,2025-02-18,211,0,0
103,2025-02-18,1374,0,0
104,2025-02-18,336,0,1
105,2025-02-18,589,0,0
106,2025-02-18,1791,0,0
107,2025-02-18,32,100,0
108,2025-02-18,129,200,0
109,2025-02-18,1352,0,1
110,2025-02-18,98,200,0
111,2025-02-18,846,0,2
112,2025-02-18,318,0,1
113,2025-02-18,92,0,0
114,2025-02-18,236,200,0
115,2025-02-18,144,0,0
116,2025-02-18,400,0,0
117,2025-02-18,1689,0,0
118,2025-02-18,313,0,2
119,2025-02-18,260,100,1
120,2025-02-18,248,0,0
1,2025-02-19,70,300,1
2,2025-02-19,169,200,2
3,2025-02-19,0,300,0
4,2025-02-19,491,0,0
5,2025-02-19,41,50,0
6,2025-02-19,153,200,0
7,2025-02-19,1354,0,38
8,2025-02-19,37,300,0
9,2025-02-19,301,0,0
10,2025-02-19,93,200,1
11,2025-02-19,1272,0,1
12,2025-02-19,92,150,1
13,2025-02-19,1235,0,0
14,2025-02-19,40,250,1
15,2025-02-19,112,0,0
16,2025-02-19,1374,0,0
17,2025-02-19,172,100,1
18,2025-02-19,1157,0,1
19,2025-02-19,570,0,0
20,2025-02-19,333,0,0
21,2025-02-19,65,300,1
22,2025-02-19,94,0,0
23,2025-02-19,29,300,0
24,2025-02-19,68,300,1
25,2025-02-19,103,200,0
26,2025-02-19,1390,0,0
27,2025-02-19,1561,0,1
28,2025-02-19,184,200,1
29,2025-02-19,147,0,3
30,2025-02-19,1672,0,50
31,2025-02-19,122,0,0
32,2025-02-19,220,0,0
33,2025-02-19,219,0,1
34,2025-02-19,586,0,0
35,2025-02-19,606,0,0
36,2025-02-19,570,0,0
37,2025-02-19,40,100,0
38,2025-02-19,97,0,0
39,2025-02-19,111,100,0
40,2025-02-19,182,100,0
41,2025-02-19,146,100,1
42,2025-02-19,37,100,0
43,2025-02-19,0,200,0
44,2025-02-19,1178,0,0
45,2025-02-19,152,200,1
46,2025-02-19,355,0,1
47,2025-02-19,1719,0,0
48,2025-02-19,550,0,1
49,2025-02-19,35,50,0
50,2025-02-19,1718,0,0
51,2025-02-19,287,0,0
52,2025-02-19,197,200,2
53,2025-02-19,70,50,0
54,2025-02-19,190,0,4
55,2025-02-19,212,100,0
56,2025-02-19,1504,0,0
57,2025-02-19,132,150,1
58,2025-02-19,99,100,0
59,2025-02-19,528,0,0
60,2025-02-19,111,100,1
61,2025-02-19,138,150,1
62,2025-02-19,335,0,1
63,2025-02-19,48,100,0
64,2025-02-19,146,200,2
65,2025-02-19,120,200,0
66,2025-02-19,93,150,1
67,2025-02-19,531,0,0
68,2025-02-19,70,200,0
69,2025-02-19,1397,0,1
70,2025-02-19,1148,0,0
71,2025-02-19,40,150,0
72,2025-02-19,351,0,0
73,2025-02-19,619,0,0
74,2025-02-19,1481,0,0
75,2025-02-19,291,0,1
76,2025-02-19,1923,0,1
77,2025-02-19,241,0,0
78,2025-02-19,111,200,1
79,2025-02-19,188,200,0
80,2025-02-19,180,0,0
81,2025-02-19,146,100,2
82,2025-02-19,58,100,0
83,2025-02-19,937,0,0
84,2025-02-19,189,0,2
85,2025-02-19,189,0,0
86,2025-02-19,314,0,0
87,2025-02-19,948,0,1
88,2025-02-19,572,0,0
89,2025-02-19,621,0,0
90,2025-02-19,452,0,0
91,2025-02-19,43,300,0
92,2025-02-19,248,0,1
93,2025-02-19,348,0,3
94,2025-02-19,239,200,1
95,2025-02-19,165,100,0
96,2025-02-19,96,200,1
97,2025-02-19,52,100,0
98,2025-02-19,91,100,1
99,2025-02-19,1455,0,0
100,2025-02-19,0,200,0
101,2025-02-19,118,100,0
102,2025-02-19,201,0,1
103,2025-02-19,1372,0,0
104,2025-02-19,317,0,1
105,2025-02-19,584,0,0
106,2025-02-19,1787,0,0
107,2025-02-19,23,100,0
108,2025-02-19,120,200,0
109,2025-02-19,1344,0,0
110,2025-02-19,89,200,0
111,2025-02-19,831,0,0
112,2025-02-19,307,0,0
113,2025-02-19,90,0,0
114,2025-02-19,234,200,0
115,2025-02-19,135,0,1
116,2025-02-19,392,0,1
117,2025-02-19,1682,0,0
118,2025-02-19,305,0,0
119,2025-02-19,254,100,0
120,2025-02-19,245,0,0
1,2025-02-20,162,200,0
2,2025-02-20,159,200,1
3,2025-02-20,0,300,0
4,2025-02-20,488,0,0
5,2025-02-20,40,50,0
6,2025-02-20,142,200,1
7,2025-02-20,1352,0,0
8,2025-02-20,31,300,0
9,2025-02-20,293,0,0
10,2025-02-20,86,200,0
11,2025-02-20,1266,0,0
12,2025-02-20,88,150,0
13,2025-02-20,1208,0,3
14,2025-02-20,124,150,1
15,2025-02-20,111,0,0
16,2025-02-20,1367,0,0
17,2025-02-20,162,100,1
18,2025-02-20,1145,0,1
19,2025-02-20,567,0,0
20,2025-02-20,324,0,0
21,2025-02-20,108,200,1
22,2025-02-20,91,0,0
23,2025-02-20,3,300,0
24,2025-02-20,64,300,0
25,2025-02-20,83,200,2
26,2025-02-20,1385,0,0
27,2025-02-20,1546,0,1
28,2025-02-20,370,0,1
29,2025-02-20,145,0,0
30,2025-02-20,1656,0,1
31,2025-02-20,122,0,2
32,2025-02-20,218,0,0
33,2025-02-20,215,0,0
34,2025-02-20,583,0,0
35,2025-02-20,604,0,0
36,2025-02-20,564,0,0
37,2025-02-20,37,100,0
38,2025-02-20,93,0,0
39,2025-02-20,107,100,0
40,2025-02-20,272,0,0
41,2025-02-20,134,100,1
42,2025-02-20,29,100,1
43,2025-02-20,0,200,0
44,2025-02-20,1174,0,0
45,2025-02-20,142,200,1
46,2025-02-20,347,0,0
47,2025-02-20,1712,0,0
48,2025-02-20,541,0,0
49,2025-02-20,33,50,0
50,2025-02-20,1713,0,0
51,2025-02-20,276,0,0
52,2025-02-20,183,200,1
53,2025-02-20,66,50,0
54,2025-02-20,184,0,0
55,2025-02-20,205,100,0
56,2025-02-20,1501,0,0
57,2025-02-20,122,150,0
58,2025-02-20,88,100,0
59,2025-02-20,526,0,0
60,2025-02-20,104,100,0
61,2025-02-20,175,100,0
62,2025-02-20,326,0,0
63,2025-02-20,44,100,0
64,2025-02-20,127,200,0
65,2025-02-20,205,100,1
66,2025-02-20,89,150,0
67,2025-02-20,526,0,0
68,2025-02-20,53,200,1
69,2025-02-20,1388,0,0
70,2025-02-20,1148,0,18
71,2025-02-20,89,100,0
72,2025-02-20,347,0,0
73,2025-02-20,618,0,0
74,2025-02-20,1476,0,0
75,2025-02-20,278,500,1
76,2025-02-20,1906,0,2
77,2025-02-20,240,0,0
78,2025-02-20,90,200,2
79,2025-02-20,167,200,0
80,2025-02-20,176,0,0
81,2025-02-20,134,150,0
82,2025-02-20,58,100,1
83,2025-02-20,925,0,1
84,2025-02-20,178,0,1
85,2025-02-20,186,0,0
86,2025-02-20,302,0,0
87,2025-02-20,939,0,0
88,2025-02-20,563,0,0
89,2025-02-20,616,0,0
90,2025-02-20,441,0,1
91,2025-02-20,43,300,0
92,2025-02-20,241,0,0
93,2025-02-20,328,0,1
94,2025-02-20,228,200,1
95,2025-02-20,158,100,0
96,2025-02-20,86,200,1
97,2025-02-20,43,100,1
98,2025-02-20,175,0,1
99,2025-02-20,1448,0,0
100,2025-02-20,0,200,0
101,2025-02-20,111,150,0
102,2025-02-20,189,100,1
103,2025-02-20,1369,0,0
104,2025-02-20,302,0,1
105,2025-02-20,579,0,0
106,2025-02-20,1779,0,1
107,2025-02-20,70,50,0
108,2025-02-20,120,200,2
109,2025-02-20,1337,0,0
110,2025-02-20,84,200,0
111,2025-02-20,830,0,0
112,2025-02-20,300,0,0
113,2025-02-20,89,0,0
114,2025-02-20,229,200,0
115,2025-02-20,129,0,0
116,2025-02-20,386,0,0
117,2025-02-20,1671,0,1
118,2025-02-20,292,0,1
119,2025-02-20,245,100,1
120,2025-02-20,240,0,0
1,2025-02-21,147,200,0
2,2025-02-21,346,0,1
3,2025-02-21,0,300,0
4,2025-02-21,485,0,0
5,2025-02-21,37,50,0
6,2025-02-21,120,200,2
7,2025-02-21,1347,0,0
8,2025-02-21,94,200,1
9,2025-02-21,292,0,0
10,2025-02-21,81,200,0
11,2025-02-21,1250,0,0
12,2025-02-21,76,150,1
13,2025-02-21,1193,0,1
14,2025-02-21,113,150,0
15,2025-02-21,110,0,0
16,2025-02-21,1359,0,1
17,2025-02-21,157,100,0
18,2025-02-21,1129,0,2
19,2025-02-21,566,0,0
20,2025-02-21,312,0,1
21,2025-02-21,91,200,0
22,2025-02-21,88,200,0
23,2025-02-21,0,300,0
24,2025-02-21,51,300,1
25,2025-02-21,79,300,0
26,2025-02-21,1384,0,0
27,2025-02-21,1529,0,1
28,2025-02-21,361,0,1
29,2025-02-21,142,0,0
30,2025-02-21,1643,0,1
31,2025-02-21,117,0,0
32,2025-02-21,218,0,3
33,2025-02-21,209,0,0
34,2025-02-21,573,0,1
35,2025-02-21,601,0,0
36,2025-02-21,553,0,1
37,2025-02-21,36,100,0
38,2025-02-21,88,0,0
39,2025-02-21,98,100,1
40,2025-02-21,267,0,0
41,2025-02-21,126,100,1
42,2025-02-21,24,100,0
43,2025-02-21,0,200,0
44,2025-02-21,1174,0,28
45,2025-02-21,138,200,0
46,2025-02-21,332,0,1
47,2025-02-21,1705,0,0
48,2025-02-21,533,0,1
49,2025-02-21,32,50,0
50,2025-02-21,1711,0,0
51,2025-02-21,267,0,1
52,2025-02-21,179,200,0
53,2025-02-21,59,50,0
54,2025-02-21,171,0,1
55,2025-02-21,202,100,0
56,2025-02-21,1497,0,0
57,2025-02-21,113,150,0
58,2025-02-21,80,100,0
59,2025-02-21,522,0,0
60,2025-02-21,97,100,0
61,2025-02-21,165,100,0
62,2025-02-21,307,0,1
63,2025-02-21,38,100,0
64,2025-02-21,108,200,2
65,2025-02-21,192,100,1
66,2025-02-21,81,150,0
67,2025-02-21,522,0,0
68,2025-02-21,242,0,0
69,2025-02-21,1384,0,0
70,2025-02-21,1146,0,0
71,2025-02-21,82,100,0
72,2025-02-21,342,0,0
73,2025-02-21,613,0,0
74,2025-02-21,1470,0,0
75,2025-02-21,263,500,0
76,2025-02-21,1903,0,0
77,2025-02-21,237,0,0
78,2025-02-21,85,200,0
79,2025-02-21,147,200,1
80,2025-02-21,174,0,0
81,2025-02-21,124,150,0
82,2025-02-21,52,150,0
83,2025-02-21,919,0,0
84,2025-02-21,174,100,0
85,2025-02-21,183,0,0
86,2025-02-21,294,0,1
87,2025-02-21,934,0,0
88,2025-02-21,554,0,1
89,2025-02-21,612,0,0
90,2025-02-21,436,0,0
91,2025-02-21,216,100,1
92,2025-02-21,227,0,1
93,2025-02-21,314,0,1
94,2025-02-21,217,200,0
95,2025-02-21,148,100,0
96,2025-02-21,115,200,0
97,2025-02-21,40,100,0
98,2025-02-21,160,100,0
99,2025-02-21,1445,0,0
100,2025-02-21,0,200,0
101,2025-02-21,101,150,1
102,2025-02-21,175,100,1
103,2025-02-21,1366,0,0
104,2025-02-21,288,0,0
105,2025-02-21,578,0,0
106,2025-02-21,1774,0,0
107,2025-02-21,65,50,0
108,2025-02-21,113,200,0
109,2025-02-21,1321,0,1
110,2025-02-21,74,200,1
111,2025-02-21,815,0,0
112,2025-02-21,296,0,0
113,2025-02-21,87,0,0
114,2025-02-21,223,200,0
115,2025-02-21,123,0,0
116,2025-02-21,374,0,0
117,2025-02-21,1660,0,1
118,2025-02-21,284,0,1
119,2025-02-21,228,100,0
120,2025-02-21,236,0,0
1,2025-02-22,119,200,1
2,2025-02-22,342,0,0
3,2025-02-22,0,300,0
4,2025-02-22,482,0,0
5,2025-02-22,36,50,0
6,2025-02-22,114,200,0
7,2025-02-22,1345,0,0
8,2025-02-22,79,200,1
9,2025-02-22,288,0,0
10,2025-02-22,73,200,1
11,2025-02-22,1241,0,1
12,2025-02-22,68,150,1
13,2025-02-22,1174,0,2
14,2025-02-22,105,200,0
15,2025-02-22,107,0,0
16,2025-02-22,1353,0,0
17,2025-02-22,146,100,1
18,2025-02-22,1115,0,1
19,2025-02-22,559,0,0
20,2025-02-22,295,0,2
21,2025-02-22,75,200,1
22,2025-02-22,84,200,0
23,2025-02-22,0,300,0
24,2025-02-22,34,300,1
25,2025-02-22,69,300,0
26,2025-02-22,1378,0,0
27,2025-02-22,1521,0,0
28,2025-02-22,347,0,1
29,2025-02-22,140,0,0
30,2025-02-22,1628,0,1
31,2025-02-22,115,0,0
32,2025-02-22,216,0,0
33,2025-02-22,202,0,0
34,2025-02-22,566,0,0
35,2025-02-22,597,0,0
36,2025-02-22,544,0,1
37,2025-02-22,31,100,0
38,2025-02-22,85,0,0
39,2025-02-22,98,100,2
40,2025-02-22,259,0,0
41,2025-02-22,115,100,1
42,2025-02-22,16,100,0
43,2025-02-22,0,200,0
44,2025-02-22,1168,0,0
45,2025-02-22,114,200,2
46,2025-02-22,327,0,0
47,2025-02-22,1696,0,0
48,2025-02-22,525,0,0
49,2025-02-22,30,50,0
50,2025-02-22,1704,0,0
51,2025-02-22,255,0,1
52,2025-02-22,165,200,0
53,2025-02-22,58,50,0
54,2025-02-22,164,200,0
55,2025-02-22,234,50,0
56,2025-02-22,1490,0,0
57,2025-02-22,102,150,0
58,2025-02-22,65,100,1
59,2025-02-22,519,0,0
60,2025-02-22,131,100,1
61,2025-02-22,157,100,0
62,2025-02-22,297,0,1
63,2025-02-22,24,150,0
64,2025-02-22,83,400,2
65,2025-02-22,189,100,0
66,2025-02-22,73,150,1
67,2025-02-22,515,0,0
68,2025-02-22,224,0,1
69,2025-02-22,1378,0,0
70,2025-02-22,1145,0,0
71,2025-02-22,77,150,0
72,2025-02-22,340,0,0
73,2025-02-22,612,0,0
74,2025-02-22,1456,0,1
75,2025-02-22,252,500,0
76,2025-02-22,1887,0,1
77,2025-02-22,235,0,0
78,2025-02-22,71,200,1
79,2025-02-22,136,200,1
80,2025-02-22,171,0,0
81,2025-02-22,112,150,0
82,2025-02-22,44,150,0
83,2025-02-22,911,0,0
84,2025-02-22,167,100,1
85,2025-02-22,179,0,0
86,2025-02-22,285,0,1
87,2025-02-22,927,0,0
88,2025-02-22,548,0,0
89,2025-02-22,605,0,0
90,2025-02-22,429,0,0
91,2025-02-22,202,100,0
92,2025-02-22,216,100,1
93,2025-02-22,291,200,2
94,2025-02-22,203,200,1
95,2025-02-22,140,100,0
96,2025-02-22,100,250,1
97,2025-02-22,37,100,0
98,2025-02-22,151,100,1
99,2025-02-22,1438,0,0
100,2025-02-22,0,200,0
101,2025-02-22,138,100,1
102,2025-02-22,169,100,0
103,2025-02-22,1360,0,0
104,2025-02-22,267,200,2
105,2025-02-22,572,0,0
106,2025-02-22,1769,0,0
107,2025-02-22,60,50,0
108,2025-02-22,104,200,1
109,2025-02-22,1314,0,0
110,2025-02-22,170,100,0
111,2025-02-22,811,0,0
112,2025-02-22,283,0,0
113,2025-02-22,86,0,0
114,2025-02-22,214,200,0
115,2025-02-22,117,0,0
116,2025-02-22,361,0,1
117,2025-02-22,1648,0,1
118,2025-02-22,270,0,1
119,2025-02-22,210,100,0
120,2025-02-22,233,0,0
1,2025-02-23,83,200,4
2,2025-02-23,325,0,1
3,2025-02-23,0,300,0
4,2025-02-23,475,0,0
5,2025-02-23,36,50,0
6,2025-02-23,100,400,2
7,2025-02-23,1341,0,0
8,2025-02-23,60,300,1
9,2025-02-23,276,0,1
10,2025-02-23,62,200,1
11,2025-02-23,1231,0,0
12,2025-02-23,109,100,0
13,2025-02-23,1157,0,1
14,2025-02-23,80,200,2
15,2025-02-23,100,0,0
16,2025-02-23,1347,0,0
17,2025-02-23,234,0,1
18,2025-02-23,1105,0,1
19,2025-02-23,556,0,0
20,2025-02-23,276,200,1
21,2025-02-23,51,200,1
22,2025-02-23,81,200,0
23,2025-02-23,0,300,0
24,2025-02-23,22,300,1
25,2025-02-23,50,300,1
26,2025-02-23,1374,0,0
27,2025-02-23,1516,0,0
28,2025-02-23,331,0,1
29,2025-02-23,138,0,0
30,2025-02-23,1618,0,1
31,2025-02-23,111,0,0
32,2025-02-23,212,0,0
33,2025-02-23,189,0,1
34,2025-02-23,565,0,0
35,2025-02-23,593,0,0
36,2025-02-23,541,0,0
37,2025-02-23,27,100,0
38,2025-02-23,79,0,0
39,2025-02-23,94,100,0
40,2025-02-23,247,0,0
41,2025-02-23,96,100,2
42,2025-02-23,12,150,0
43,2025-02-23,0,200,0
44,2025-02-23,1168,0,12
45,2025-02-23,93,200,2
46,2025-02-23,311,0,1
47,2025-02-23,1688,0,0
48,2025-02-23,511,0,1
49,2025-02-23,25,50,0
50,2025-02-23,1699,0,0
51,2025-02-23,234,200,2
52,2025-02-23,156,200,0
53,2025-02-23,52,50,0
54,2025-02-23,156,200,0
55,2025-02-23,225,50,1
56,2025-02-23,1490,0,43
57,2025-02-23,85,150,1
58,2025-02-23,53,150,0
59,2025-02-23,515,0,0
60,2025-02-23,119,100,1
61,2025-02-23,200,50,0
62,2025-02-23,282,0,2
63,2025-02-23,63,100,1
64,2025-02-23,269,200,2
65,2025-02-23,177,100,0
66,2025-02-23,67,150,0
67,2025-02-23,499,0,1
68,2025-02-23,216,0,0
69,2025-02-23,1366,0,1
70,2025-02-23,1143,0,0
71,2025-02-23,120,100,0
72,2025-02-23,339,0,0
73,2025-02-23,610,0,0
74,2025-02-23,1451,0,0
75,2025-02-23,238,500,1
76,2025-02-23,1867,0,2
77,2025-02-23,233,0,0
78,2025-02-23,41,400,3
79,2025-02-23,129,200,1
80,2025-02-23,169,0,0
81,2025-02-23,108,150,0
82,2025-02-23,36,150,0
83,2025-02-23,886,0,2
84,2025-02-23,161,100,0
85,2025-02-23,175,0,0
86,2025-02-23,280,0,0
87,2025-02-23,921,0,0
88,2025-02-23,542,0,0
89,2025-02-23,598,0,0
90,2025-02-23,419,0,0
91,2025-02-23,179,100,3
92,2025-02-23,204,100,0
93,2025-02-23,291,200,5
94,2025-02-23,183,200,0
95,2025-02-23,138,100,0
96,2025-02-23,100,250,1
97,2025-02-23,34,100,0
98,2025-02-23,145,100,0
99,2025-02-23,1433,0,0
100,2025-02-23,92,100,1
101,2025-02-23,121,150,2
102,2025-02-23,161,100,1
103,2025-02-23,1356,0,0
104,2025-02-23,251,200,1
105,2025-02-23,566,0,0
106,2025-02-23,1766,0,0
107,2025-02-23,55,100,0
108,2025-02-23,98,200,0
109,2025-02-23,1311,0,0
110,2025-02-23,160,100,1
111,2025-02-23,798,0,0
112,2025-02-23,268,0,1
113,2025-02-23,84,0,0
114,2025-02-23,192,200,2
115,2025-02-23,111,0,0
116,2025-02-23,355,0,0
117,2025-02-23,1635,0,1
118,2025-02-23,257,0,1
119,2025-02-23,210,100,5
120,2025-02-23,228,0,0
1,2025-02-24,175,100,1
2,2025-02-24,308,0,1
3,2025-02-24,0,300,0
4,2025-02-24,475,0,7
5,2025-02-24,32,50,0
6,2025-02-24,92,400,0
7,2025-02-24,1339,0,0
8,2025-02-24,49,300,1
9,2025-02-24,271,0,0
10,2025-02-24,53,200,0
11,2025-02-24,1218,0,1
12,2025-02-24,155,100,0
13,2025-02-24,1148,0,0
14,2025-02-24,69,200,1
15,2025-02-24,94,0,0
16,2025-02-24,1341,0,0
17,2025-02-24,220,0,1
18,2025-02-24,1094,0,1
19,2025-02-24,553,0,0
20,2025-02-24,265,200,0
21,2025-02-24,40,300,0
22,2025-02-24,66,200,2
23,2025-02-24,0,300,0
24,2025-02-24,107,200,0
25,2025-02-24,133,200,1
26,2025-02-24,1371,0,0
27,2025-02-24,1506,0,0
28,2025-02-24,322,0,1
29,2025-02-24,136,0,0
30,2025-02-24,1610,0,0
31,2025-02-24,106,0,0
32,2025-02-24,210,0,0
33,2025-02-24,180,100,1
34,2025-02-24,555,0,1
35,2025-02-24,593,0,14
36,2025-02-24,531,0,1
37,2025-02-24,25,100,0
38,2025-02-24,79,100,1
39,2025-02-24,86,100,1
40,2025-02-24,238,0,1
41,2025-02-24,84,100,0
42,2025-02-24,4,150,1
43,2025-02-24,0,200,0
44,2025-02-24,1163,0,0
45,2025-02-24,77,400,2
46,2025-02-24,298,500,1
47,2025-02-24,1674,0,1
48,2025-02-24,506,0,0
49,2025-02-24,23,50,0
50,2025-02-24,1695,0,0
51,2025-02-24,218,200,2
52,2025-02-24,146,200,1
53,2025-02-24,52,50,0
54,2025-02-24,148,200,1
55,2025-02-24,212,50,1
56,2025-02-24,1479,0,1
57,2025-02-24,81,200,0
58,2025-02-24,41,200,1
59,2025-02-24,509,0,0
60,2025-02-24,112,100,0
61,2025-02-24,198,100,0
62,2025-02-24,275,0,0
63,2025-02-24,57,100,0
64,2025-02-24,252,200,2
65,2025-02-24,170,100,0
66,2025-02-24,151,50,1
67,2025-02-24,494,0,0
68,2025-02-24,211,200,0
69,2025-02-24,1353,0,1
70,2025-02-24,1143,0,31
71,2025-02-24,163,50,0
72,2025-02-24,329,0,1
73,2025-02-24,608,0,0
74,2025-02-24,1449,0,0
75,2025-02-24,226,500,0
76,2025-02-24,1856,0,1
77,2025-02-24,231,0,0
78,2025-02-24,26,400,0
79,2025-02-24,123,200,0
80,2025-02-24,165,0,0
81,2025-02-24,96,150,1
82,2025-02-24,26,150,0
83,2025-02-24,878,0,0
84,2025-02-24,147,100,1
85,2025-02-24,173,0,0
86,2025-02-24,271,0,0
87,2025-02-24,918,0,0
88,2025-02-24,539,0,0
89,2025-02-24,592,0,0
90,2025-02-24,411,0,0
91,2025-02-24,172,100,0
92,2025-02-24,195,100,1
93,2025-02-24,275,200,2
94,2025-02-24,171,200,1
95,2025-02-24,130,100,1
96,2025-02-24,86,250,1
97,2025-02-24,34,100,0
98,2025-02-24,140,100,0
99,2025-02-24,1430,0,0
100,2025-02-24,88,100,0
101,2025-02-24,156,100,1
102,2025-02-24,147,100,0
103,2025-02-24,1353,0,0
104,2025-02-24,227,200,1
105,2025-02-24,562,0,0
106,2025-02-24,1762,0,0
107,2025-02-24,51,100,0
108,2025-02-24,84,200,0
109,2025-02-24,1297,0,1
110,2025-02-24,151,100,1
111,2025-02-24,783,0,1
112,2025-02-24,249,0,2
113,2025-02-24,82,0,0
114,2025-02-24,184,200,0
115,2025-02-24,104,100,0
116,2025-02-24,347,0,0
117,2025-02-24,1623,0,1
118,2025-02-24,250,0,1
119,2025-02-24,208,100,0
120,2025-02-24,222,0,0
1,2025-02-25,167,200,1
2,2025-02-25,299,0,1
3,2025-02-25,0,300,0
4,2025-02-25,472,0,0
5,2025-02-25,30,50,0
6,2025-02-25,83,400,0
7,2025-02-25,1338,0,0
8,2025-02-25,38,300,0
9,2025-02-25,265,0,0
10,2025-02-25,47,200,0
11,2025-02-25,1210,0,0
12,2025-02-25,147,100,1
13,2025-02-25,1132,0,2
14,2025-02-25,55,200,2
15,2025-02-25,94,0,1
16,2025-02-25,1331,0,0
17,2025-02-25,206,100,0
18,2025-02-25,1088,0,0
19,2025-02-25,551,0,0
20,2025-02-25,254,200,0
21,2025-02-25,32,300,0
22,2025-02-25,262,0,0
23,2025-02-25,0,300,0
24,2025-02-25,95,200,1
25,2025-02-25,112,200,1
26,2025-02-25,1367,0,0
27,2025-02-25,1487,0,2
28,2025-02-25,310,0,1
29,2025-02-25,136,0,3
30,2025-02-25,1598,0,1
31,2025-02-25,103,0,0
32,2025-02-25,208,0,0
33,2025-02-25,170,100,1
34,2025-02-25,546,0,1
35,2025-02-25,590,0,0
36,2025-02-25,522,0,0
37,2025-02-25,22,100,0
38,2025-02-25,78,100,0
39,2025-02-25,80,100,0
40,2025-02-25,218,0,1
41,2025-02-25,173,100,1
42,2025-02-25,0,150,0
43,2025-02-25,0,200,0
44,2025-02-25,1155,0,0
45,2025-02-25,62,400,1
46,2025-02-25,284,500,0
47,2025-02-25,1672,0,0
48,2025-02-25,496,0,1
49,2025-02-25,20,50,0
50,2025-02-25,1692,0,0
51,2025-02-25,205,200,1
52,2025-02-25,128,200,1
53,2025-02-25,49,50,0
54,2025-02-25,142,200,0
55,2025-02-25,207,50,0
56,2025-02-25,1476,0,0
57,2025-02-25,79,200,0
58,2025-02-25,36,200,0
59,2025-02-25,504,0,0
60,2025-02-25,158,50,0
61,2025-02-25,236,50,1
62,2025-02-25,270,0,0
63,2025-02-25,49,100,0
64,2025-02-25,229,200,0
65,2025-02-25,154,100,1
66,2025-02-25,140,100,1
67,2025-02-25,488,0,0
68,2025-02-25,205,200,0
69,2025-02-25,1338,0,1
70,2025-02-25,1140,0,0
71,2025-02-25,202,0,0
72,2025-02-25,322,0,0
73,2025-02-25,607,0,0
74,2025-02-25,1439,0,0
75,2025-02-25,207,500,2
76,2025-02-25,1838,0,0
77,2025-02-25,230,0,0
78,2025-02-25,20,400,0
79,2025-02-25,111,300,1
80,2025-02-25,162,0,0
81,2025-02-25,85,150,1
82,2025-02-25,20,150,0
83,2025-02-25,878,0,24
84,2025-02-25,238,0,1
85,2025-02-25,169,0,0
86,2025-02-25,262,0,1
87,2025-02-25,911,0,0
88,2025-02-25,529,0,0
89,2025-02-25,587,0,0
90,2025-02-25,397,0,1
91,2025-02-25,158,100,1
92,2025-02-25,186,100,1
93,2025-02-25,268,200,0
94,2025-02-25,359,0,1
95,2025-02-25,121,100,0
96,2025-02-25,125,200,0
97,2025-02-25,28,100,0
98,2025-02-25,131,100,0
99,2025-02-25,1426,0,0
100,2025-02-25,75,100,1
101,2025-02-25,145,100,1
102,2025-02-25,142,100,0
103,2025-02-25,1351,0,0
104,2025-02-25,215,200,0
105,2025-02-25,561,0,0
106,2025-02-25,1756,0,0
107,2025-02-25,45,100,0
108,2025-02-25,76,200,0
109,2025-02-25,1282,0,2
110,2025-02-25,145,100,0
111,2025-02-25,767,0,0
112,2025-02-25,239,0,1
113,2025-02-25,80,0,0
114,2025-02-25,175,200,1
115,2025-02-25,94,100,0
116,2025-02-25,340,0,0
117,2025-02-25,1607,0,2
118,2025-02-25,250,0,5
119,2025-02-25,188,100,1
120,2025-02-25,213,0,1
1,2025-02-26,158,200,1
2,2025-02-26,299,0,4
3,2025-02-26,34,250,1
4,2025-02-26,472,0,9
5,2025-02-26,28,50,0
6,2025-02-26,71,400,1
7,2025-02-26,1337,0,0
8,2025-02-26,127,200,1
9,2025-02-26,264,0,0
10,2025-02-26,37,200,0
11,2025-02-26,1203,0,0
12,2025-02-26,138,100,1
13,2025-02-26,1114,0,1
14,2025-02-26,89,150,1
15,2025-02-26,91,0,0
16,2025-02-26,1329,0,0
17,2025-02-26,196,100,1
18,2025-02-26,1079,0,1
19,2025-02-26,547,0,0
20,2025-02-26,247,200,0
21,2025-02-26,17,300,1
22,2025-02-26,258,0,0
23,2025-02-26,0,300,0
24,2025-02-26,174,200,0
25,2025-02-26,96,200,1
26,2025-02-26,1362,0,0
27,2025-02-26,1478,0,0
28,2025-02-26,295,0,0
29,2025-02-26,134,0,0
30,2025-02-26,1585,0,1
31,2025-02-26,99,0,0
32,2025-02-26,204,0,0
33,2025-02-26,160,100,0
34,2025-02-26,542,0,0
35,2025-02-26,589,0,0
36,2025-02-26,518,0,0
37,2025-02-26,19,100,0
38,2025-02-26,77,100,0
39,2025-02-26,74,100,0
40,2025-02-26,208,0,1
41,2025-02-26,165,100,0
42,2025-02-26,45,100,0
43,2025-02-26,0,200,0
44,2025-02-26,1154,0,0
45,2025-02-26,56,400,0
46,2025-02-26,263,500,2
47,2025-02-26,1666,0,0
48,2025-02-26,496,0,14
49,2025-02-26,19,50,0
50,2025-02-26,1688,0,0
51,2025-02-26,192,200,1
52,2025-02-26,115,200,0
53,2025-02-26,46,100,0
54,2025-02-26,138,200,0
55,2025-02-26,243,0,1
56,2025-02-26,1468,0,0
57,2025-02-26,59,200,2
58,2025-02-26,30,200,0
59,2025-02-26,500,0,0
60,2025-02-26,150,50,0
61,2025-02-26,225,50,1
62,2025-02-26,259,0,1
63,2025-02-26,44,100,0
64,2025-02-26,229,200,3
65,2025-02-26,141,100,1
66,2025-02-26,130,100,0
67,2025-02-26,482,0,0
68,2025-02-26,189,200,1
69,2025-02-26,1327,0,0
70,2025-02-26,1139,0,0
71,2025-02-26,194,0,0
72,2025-02-26,320,0,0
73,2025-02-26,605,0,0
74,2025-02-26,1433,0,0
75,2025-02-26,193,500,1
76,2025-02-26,1833,0,0
77,2025-02-26,229,0,0
78,2025-02-26,220,200,4
79,2025-02-26,94,300,2
80,2025-02-26,160,0,0
81,2025-02-26,74,150,0
82,2025-02-26,98,100,0
83,2025-02-26,868,0,0
84,2025-02-26,225,0,1
85,2025-02-26,167,0,0
86,2025-02-26,252,0,1
87,2025-02-26,907,0,0
88,2025-02-26,522,0,0
89,2025-02-26,584,0,0
90,2025-02-26,385,0,1
91,2025-02-26,144,200,0
92,2025-02-26,179,100,0
93,2025-02-26,258,200,1
94,2025-02-26,345,0,1
95,2025-02-26,111,100,1
96,2025-02-26,102,200,3
97,2025-02-26,23,100,0
98,2025-02-26,129,100,0
99,2025-02-26,1423,0,0
100,2025-02-26,60,100,1
101,2025-02-26,144,100,0
102,2025-02-26,134,100,0
103,2025-02-26,1347,0,0
104,2025-02-26,202,200,1
105,2025-02-26,558,0,0
106,2025-02-26,1752,0,0
107,2025-02-26,39,100,0
108,2025-02-26,269,0,0
109,2025-02-26,1274,0,1
110,2025-02-26,134,100,1
111,2025-02-26,755,0,0
112,2025-02-26,222,0,0
113,2025-02-26,77,0,0
114,2025-02-26,166,200,1
115,2025-02-26,92,100,0
116,2025-02-26,331,0,0
117,2025-02-26,1598,0,1
118,2025-02-26,246,0,0
119,2025-02-26,188,100,4
120,2025-02-26,209,0,0
1,2025-02-27,142,200,1
2,2025-02-27,283,0,1
3,2025-02-27,21,250,1
4,2025-02-27,470,0,0
5,2025-02-27,75,0,0
6,2025-02-27,52,400,2
7,2025-02-27,1334,0,0
8,2025-02-27,103,200,1
9,2025-02-27,264,0,4
10,2025-02-27,33,200,0
11,2025-02-27,1188,0,0
12,2025-02-27,128,100,1
13,2025-02-27,1097,0,1
14,2025-02-27,77,200,1
15,2025-02-27,89,0,0
16,2025-02-27,1324,0,0
17,2025-02-27,194,100,0
18,2025-02-27,1075,0,0
19,2025-02-27,542,0,0
20,2025-02-27,231,200,1
21,2025-02-27,3,300,0
22,2025-02-27,258,0,2
23,2025-02-27,0,300,0
24,2025-02-27,170,200,0
25,2025-02-27,80,200,0
26,2025-02-27,1358,0,0
27,2025-02-27,1471,0,0
28,2025-02-27,284,0,0
29,2025-02-27,132,0,0
30,2025-02-27,1569,0,1
31,2025-02-27,97,0,0
32,2025-02-27,203,0,0
33,2025-02-27,160,100,1
34,2025-02-27,535,0,0
35,2025-02-27,587,0,0
36,2025-02-27,514,0,0
37,2025-02-27,16,100,0
38,2025-02-27,73,100,0
39,2025-02-27,67,100,0
40,2025-02-27,195,0,1
41,2025-02-27,154,100,1
42,2025-02-27,43,100,0
43,2025-02-27,0,200,0
44,2025-02-27,1149,0,0
45,2025-02-27,41,400,2
46,2025-02-27,248,500,2
47,2025-02-27,1661,0,0
48,2025-02-27,482,0,1
49,2025-02-27,18,50,0
50,2025-02-27,1684,0,0
51,2025-02-27,175,200,1
52,2025-02-27,104,200,0
53,2025-02-27,46,100,1
54,2025-02-27,133,200,0
55,2025-02-27,223,50,1
56,2025-02-27,1461,0,0
57,2025-02-27,48,200,0
58,2025-02-27,23,200,1
59,2025-02-27,496,0,0
60,2025-02-27,145,50,0
61,2025-02-27,212,50,1
62,2025-02-27,254,0,0
63,2025-02-27,41,100,0
64,2025-02-27,385,0,0
65,2025-02-27,232,100,0
66,2025-02-27,121,100,1
67,2025-02-27,474,0,1
68,2025-02-27,187,200,0
69,2025-02-27,1321,0,0
70,2025-02-27,1136,0,0
71,2025-02-27,181,0,1
72,2025-02-27,318,0,0
73,2025-02-27,603,0,0
74,2025-02-27,1421,0,1
75,2025-02-27,686,0,0
76,2025-02-27,1819,0,1
77,2025-02-27,228,0,0
78,2025-02-27,209,200,0
79,2025-02-27,184,200,1
80,2025-02-27,158,0,0
81,2025-02-27,107,150,1
82,2025-02-27,87,100,1
83,2025-02-27,853,0,1
84,2025-02-27,215,0,1
85,2025-02-27,166,0,0
86,2025-02-27,242,0,0
87,2025-02-27,899,0,0
88,2025-02-27,516,0,0
89,2025-02-27,577,0,0
90,2025-02-27,372,0,0
91,2025-02-27,125,200,2
92,2025-02-27,171,100,0
93,2025-02-27,252,200,0
94,2025-02-27,333,0,1
95,2025-02-27,101,100,0
96,2025-02-27,94,200,0
97,2025-02-27,23,100,0
98,2025-02-27,121,100,1
99,2025-02-27,1421,0,0
100,2025-02-27,52,200,1
101,2025-02-27,130,100,1
102,2025-02-27,226,0,0
103,2025-02-27,1347,0,19
104,2025-02-27,176,200,1
105,2025-02-27,555,0,0
106,2025-02-27,1751,0,0
107,2025-02-27,32,100,0
108,2025-02-27,263,0,0
109,2025-02-27,1265,0,1
110,2025-02-27,124,100,0
111,2025-02-27,737,0,2
112,2025-02-27,213,500,1
113,2025-02-27,74,0,0
114,2025-02-27,166,200,3
115,2025-02-27,85,100,0
116,2025-02-27,325,0,0
117,2025-02-27,1582,0,0
118,2025-02-27,235,0,1
119,2025-02-27,180,100,0
120,2025-02-27,202,0,0
1,2025-02-28,134,200,0
2,2025-02-28,264,0,1
3,2025-02-28,8,300,1
4,2025-02-28,468,0,0
5,2025-02-28,73,0,0
6,2025-02-28,244,200,1
7,2025-02-28,1332,0,0
8,2025-02-28,188,100,2
9,2025-02-28,257,0,0
10,2025-02-28,24,200,0
11,2025-02-28,1181,0,0
12,2025-02-28,121,100,0
13,2025-02-28,1082,0,1
14,2025-02-28,77,200,0
15,2025-02-28,87,0,0
16,2025-02-28,1317,0,0
17,2025-02-28,191,100,0
18,2025-02-28,1065,0,1
19,2025-02-28,540,0,0
20,2025-02-28,211,200,0
21,2025-02-28,0,300,0
22,2025-02-28,253,0,0
23,2025-02-28,0,300,0
24,2025-02-28,150,200,2
25,2025-02-28,74,200,0
26,2025-02-28,1348,0,0
27,2025-02-28,1460,0,0
28,2025-02-28,269,0,1
29,2025-02-28,128,0,0
30,2025-02-28,1569,0,31
31,2025-02-28,93,0,0
32,2025-02-28,199,0,0
33,2025-02-28,146,100,1
34,2025-02-28,531,0,0
35,2025-02-28,583,0,0
36,2025-02-28,508,0,0
37,2025-02-28,13,100,0
38,2025-02-28,68,100,0
39,2025-02-28,54,100,0
40,2025-02-28,189,0,0
41,2025-02-28,144,100,1
42,2025-02-28,38,100,0
43,2025-02-28,0,200,0
44,2025-02-28,1145,0,0
45,2025-02-28,27,400,1
46,2025-02-28,239,500,0
47,2025-02-28,1651,0,0
48,2025-02-28,469,0,1
49,2025-02-28,17,50,0
50,2025-02-28,1677,0,0
51,2025-02-28,169,200,0
52,2025-02-28,83,400,2
53,2025-02-28,41,100,0
54,2025-02-28,126,200,0
55,2025-02-28,214,50,1
56,2025-02-28,1456,0,0
57,2025-02-28,35,200,1
58,2025-02-28,8,200,0
59,2025-02-28,495,0,0
60,2025-02-28,136,50,1
61,2025-02-28,201,100,0
62,2025-02-28,248,0,0
63,2025-02-28,85,50,0
64,2025-02-28,376,0,1
65,2025-02-28,217,100,1
66,2025-02-28,156,50,0
67,2025-02-28,466,0,0
68,2025-02-28,176,200,0
69,2025-02-28,1313,0,0
70,2025-02-28,1133,0,0
71,2025-02-28,164,0,2
72,2025-02-28,314,0,0
73,2025-02-28,602,0,0
74,2025-02-28,1415,0,0
75,2025-02-28,668,0,1
76,2025-02-28,1812,0,0
77,2025-02-28,226,0,0
78,2025-02-28,195,200,0
79,2025-02-28,174,200,1
80,2025-02-28,157,0,0
81,2025-02-28,154,100,0
82,2025-02-28,82,100,0
83,2025-02-28,845,0,0
84,2025-02-28,207,0,0
85,2025-02-28,163,0,0
86,2025-02-28,238,0,0
87,2025-02-28,892,0,0
88,2025-02-28,510,0,0
89,2025-02-28,577,0,8
90,2025-02-28,363,0,0
91,2025-02-28,108,200,1
92,2025-02-28,154,100,2
93,2025-02-28,239,200,1
94,2025-02-28,314,0,2
95,2025-02-28,92,100,1
96,2025-02-28,74,250,1
97,2025-02-28,20,150,0
98,2025-02-28,118,100,0
99,2025-02-28,1417,0,0
100,2025-02-28,38,200,1
101,2025-02-28,118,150,1
102,2025-02-28,218,0,1
103,2025-02-28,1346,0,0
104,2025-02-28,165,200,0
105,2025-02-28,549,0,0
106,2025-02-28,1748,0,0
107,2025-02-28,23,150,1
108,2025-02-28,254,0,0
109,2025-02-28,1249,0,1
110,2025-02-28,114,100,0
111,2025-02-28,724,0,1
112,2025-02-28,198,500,1
113,2025-02-28,73,0,0
114,2025-02-28,158,200,0
115,2025-02-28,85,100,2
116,2025-02-28,323,0,0
117,2025-02-28,1559,0,2
118,2025-02-28,223,200,1
119,2025-02-28,173,100,0
120,2025-02-28,194,0,1
1,2025-03-01,126,200,0
2,2025-03-01,246,200,1
3,2025-03-01,51,250,0
4,2025-03-01,466,0,0
5,2025-03-01,72,0,0
6,2025-03-01,226,200,2
7,2025-03-01,1329,0,0
8,2025-03-01,170,200,2
9,2025-03-01,254,0,0
10,2025-03-01,112,100,1
11,2025-03-01,1168,0,1
12,2025-03-01,108,100,1
13,2025-03-01,1071,0,0
14,2025-03-01,74,200,0
15,2025-03-01,83,0,0
16,2025-03-01,1311,0,0
17,2025-03-01,179,100,0
18,2025-03-01,1053,0,1
19,2025-03-01,536,0,0
20,2025-03-01,191,200,2
21,2025-03-01,0,300,0
22,2025-03-01,245,0,1
23,2025-03-01,0,300,0
24,2025-03-01,123,200,1
25,2025-03-01,63,300,0
26,2025-03-01,1344,0,0
27,2025-03-01,1447,0,0
28,2025-03-01,254,0,1
29,2025-03-01,126,0,0
30,2025-03-01,1556,0,1
31,2025-03-01,90,0,0
32,2025-03-01,196,0,0
33,2025-03-01,124,100,1
34,2025-03-01,522,0,1
35,2025-03-01,580,0,0
36,2025-03-01,507,0,0
37,2025-03-01,9,100,0
38,2025-03-01,61,100,0
39,2025-03-01,98,100,0
40,2025-03-01,175,100,1
41,2025-03-01,133,100,0
42,2025-03-01,29,100,0
43,2025-03-01,0,200,0
44,2025-03-01,1141,0,0
45,2025-03-01,16,400,1
46,2025-03-01,223,500,1
47,2025-03-01,1640,0,0
48,2025-03-01,453,0,2
49,2025-03-01,15,50,0
50,2025-03-01,1674,0,0
51,2025-03-01,145,200,1
52,2025-03-01,274,200,1
53,2025-03-01,37,100,0
54,2025-03-01,116,200,0
55,2025-03-01,194,100,2
56,2025-03-01,1450,0,0
57,2025-03-01,30,200,0
58,2025-03-01,1,200,0
59,2025-03-01,490,0,0
60,2025-03-01,124,100,1
61,2025-03-01,212,50,2
62,2025-03-01,236,0,1
63,2025-03-01,76,50,1
64,2025-03-01,366,0,1
65,2025-03-01,208,100,1
66,2025-03-01,145,50,0
67,2025-03-01,460,0,0
68,2025-03-01,172,200,0
69,2025-03-01,1298,0,1
70,2025-03-01,1129,0,0
71,2025-03-01,155,50,0
72,2025-03-01,308,0,0
73,2025-03-01,600,0,0
74,2025-03-01,1401,0,1
75,2025-03-01,662,0,0
76,2025-03-01,1809,0,0
77,2025-03-01,225,0,0
78,2025-03-01,180,200,1
79,2025-03-01,145,200,4
80,2025-03-01,154,0,0
81,2025-03-01,139,100,1
82,2025-03-01,75,100,0
83,2025-03-01,838,0,0
84,2025-03-01,195,0,0
85,2025-03-01,158,0,0
86,2025-03-01,230,0,0
87,2025-03-01,887,0,0
88,2025-03-01,503,0,0
89,2025-03-01,571,0,0
90,2025-03-01,353,0,0
91,2025-03-01,91,200,1
92,2025-03-01,142,100,1
93,2025-03-01,226,200,1
94,2025-03-01,297,0,1
95,2025-03-01,85,100,0
96,2025-03-01,49,250,2
97,2025-03-01,11,150,1
98,2025-03-01,114,100,0
99,2025-03-01,1415,0,0
100,2025-03-01,28,200,0
101,2025-03-01,106,150,1
102,2025-03-01,207,0,0
103,2025-03-01,1343,0,0
104,2025-03-01,150,200,2
105,2025-03-01,545,0,0
106,2025-03-01,1743,0,0
107,2025-03-01,15,150,0
108,2025-03-01,240,0,1
109,2025-03-01,1240,0,1
110,2025-03-01,104,100,0
111,2025-03-01,718,0,0
112,2025-03-01,177,500,2
113,2025-03-01,73,0,2
114,2025-03-01,139,200,2
115,2025-03-01,79,100,0
116,2025-03-01,312,0,1
117,2025-03-01,1547,0,0
118,2025-03-01,211,200,0
119,2025-03-01,153,200,1
120,2025-03-01,190,0,0
1,2025-03-02,104,200,2
2,2025-03-02,233,200,1
3,2025-03-02,83,200,2
4,2025-03-02,465,0,0
5,2025-03-02,67,0,0
6,2025-03-02,204,200,2
7,2025-03-02,1327,0,0
8,2025-03-02,167,200,0
9,2025-03-02,248,0,0
10,2025-03-02,106,100,0
11,2025-03-02,1156,0,1
12,2025-03-02,147,50,1
13,2025-03-02,1062,0,1
14,2025-03-02,106,200,1
15,2025-03-02,79,100,0
16,2025-03-02,1300,0,1
17,2025-03-02,168,100,0
18,2025-03-02,1045,0,0
19,2025-03-02,530,0,0
20,2025-03-02,178,200,1
21,2025-03-02,94,200,0
22,2025-03-02,240,0,0
23,2025-03-02,0,300,0
24,2025-03-02,109,200,1
25,2025-03-02,34,300,4
26,2025-03-02,1338,0,0
27,2025-03-02,1435,0,1
28,2025-03-02,245,0,0
29,2025-03-02,123,0,0
30,2025-03-02,1549,0,0
31,2025-03-02,85,0,0
32,2025-03-02,194,0,0
33,2025-03-02,215,0,0
34,2025-03-02,511,0,1
35,2025-03-02,578,0,0
36,2025-03-02,502,0,0
37,2025-03-02,5,100,0
38,2025-03-02,55,100,0
39,2025-03-02,87,100,1
40,2025-03-02,167,100,0
41,2025-03-02,189,0,1
42,2025-03-02,23,100,0
43,2025-03-02,0,200,0
44,2025-03-02,1138,0,0
45,2025-03-02,0,400,0
46,2025-03-02,708,0,0
47,2025-03-02,1635,0,0
48,2025-03-02,441,0,1
49,2025-03-02,14,50,0
50,2025-03-02,1670,0,0
51,2025-03-02,122,200,0
52,2025-03-02,257,200,1
53,2025-03-02,84,50,0
54,2025-03-02,107,200,0
55,2025-03-02,183,100,0
56,2025-03-02,1442,0,0
57,2025-03-02,13,251,2
58,2025-03-02,0,200,0
59,2025-03-02,487,0,0
60,2025-03-02,111,100,1
61,2025-03-02,195,50,1
62,2025-03-02,231,0,0
63,2025-03-02,62,100,1
64,2025-03-02,348,0,0
65,2025-03-02,202,100,0
66,2025-03-02,125,100,2
67,2025-03-02,442,0,1
68,2025-03-02,160,200,1
69,2025-03-02,1291,0,0
70,2025-03-02,1126,0,0
71,2025-03-02,144,50,1
72,2025-03-02,300,0,0
73,2025-03-02,597,0,0
74,2025-03-02,1393,0,0
75,2025-03-02,637,0,2
76,2025-03-02,1799,0,1
77,2025-03-02,223,0,0
78,2025-03-02,168,200,1
79,2025-03-02,126,200,2
80,2025-03-02,152,0,0
81,2025-03-02,128,100,1
82,2025-03-02,67,100,0
83,2025-03-02,821,0,0
84,2025-03-02,187,100,0
85,2025-03-02,156,0,0
86,2025-03-02,211,0,1
87,2025-03-02,877,0,1
88,2025-03-02,503,0,12
89,2025-03-02,567,0,0
90,2025-03-02,348,0,0
91,2025-03-02,86,200,0
92,2025-03-02,142,100,1
93,2025-03-02,212,200,0
94,2025-03-02,292,0,0
95,2025-03-02,76,200,0
96,2025-03-02,95,250,0
97,2025-03-02,4,150,0
98,2025-03-02,107,100,0
99,2025-03-02,1409,0,0
100,2025-03-02,17,200,1
101,2025-03-02,93,150,1
102,2025-03-02,198,100,0
103,2025-03-02,1337,0,0
104,2025-03-02,149,200,0
105,2025-03-02,542,0,0
106,2025-03-02,1739,0,0
107,2025-03-02,5,150,1
108,2025-03-02,233,0,1
109,2025-03-02,1231,0,0
110,2025-03-02,101,100,0
111,2025-03-02,698,0,2
112,2025-03-02,164,500,1
113,2025-03-02,70,0,0
114,2025-03-02,130,200,1
115,2025-03-02,76,100,0
116,2025-03-02,311,0,0
117,2025-03-02,1533,0,1
118,2025-03-02,204,200,0
119,2025-03-02,249,100,0
120,2025-03-02,185,0,0
1,2025-03-03,94,200,0
2,2025-03-03,224,200,0
3,2025-03-03,78,250,0
4,2025-03-03,462,0,0
5,2025-03-03,65,0,0
6,2025-03-03,183,200,2
7,2025-03-03,1324,0,0
8,2025-03-03,250,100,1
9,2025-03-03,245,0,0
10,2025-03-03,91,100,1
11,2025-03-03,1148,0,0
12,2025-03-03,136,100,1
13,2025-03-03,1054,0,0
14,2025-03-03,93,200,1
15,2025-03-03,78,100,0
16,2025-03-03,1295,0,0
17,2025-03-03,157,100,1
18,2025-03-03,1037,0,0
19,2025-03-03,527,0,0
20,2025-03-03,162,200,1
21,2025-03-03,83,200,0
22,2025-03-03,232,0,0
23,2025-03-03,0,300,0
24,2025-03-03,79,200,3
25,2025-03-03,13,300,1
26,2025-03-03,1330,0,0
27,2025-03-03,1420,0,0
28,2025-03-03,233,200,1
29,2025-03-03,123,0,1
30,2025-03-03,1543,0,0
31,2025-03-03,82,0,0
32,2025-03-03,194,0,4
33,2025-03-03,209,0,0
34,2025-03-03,511,0,6
35,2025-03-03,575,0,0
36,2025-03-03,494,0,0
37,2025-03-03,2,100,0
38,2025-03-03,151,0,0
39,2025-03-03,81,100,0
40,2025-03-03,163,100,0
41,2025-03-03,185,100,0
42,2025-03-03,20,100,0
43,2025-03-03,0,200,0
44,2025-03-03,1133,0,0
45,2025-03-03,0,400,0
46,2025-03-03,692,0,0
47,2025-03-03,1624,0,0
48,2025-03-03,431,0,1
49,2025-03-03,11,50,0
50,2025-03-03,1667,0,0
51,2025-03-03,108,200,1
52,2025-03-03,443,0,1
53,2025-03-03,80,50,0
54,2025-03-03,296,0,1
55,2025-03-03,168,150,1
56,2025-03-03,1439,0,0
57,2025-03-03,3,251,0
58,2025-03-03,0,200,0
59,2025-03-03,484,0,0
60,2025-03-03,97,100,1
61,2025-03-03,183,50,1
62,2025-03-03,217,0,1
63,2025-03-03,61,100,0
64,2025-03-03,335,0,0
65,2025-03-03,194,100,0
66,2025-03-03,114,100,0
67,2025-03-03,441,0,0
68,2025-03-03,346,0,1
69,2025-03-03,1284,0,0
70,2025-03-03,1124,0,0
71,2025-03-03,139,50,0
72,2025-03-03,297,0,0
73,2025-03-03,594,0,0
74,2025-03-03,1386,0,0
75,2025-03-03,620,0,2
76,2025-03-03,1778,0,2
77,2025-03-03,221,0,0
78,2025-03-03,159,200,0
79,2025-03-03,109,200,0
80,2025-03-03,150,0,0
81,2025-03-03,171,50,0
82,2025-03-03,65,100,0
83,2025-03-03,810,0,1
84,2025-03-03,180,100,0
85,2025-03-03,153,0,0
86,2025-03-03,207,0,0
87,2025-03-03,871,0,0
88,2025-03-03,497,0,0
89,2025-03-03,563,0,0
90,2025-03-03,335,0,1
91,2025-03-03,170,200,1
92,2025-03-03,188,100,1
93,2025-03-03,205,200,0
94,2025-03-03,268,200,3
95,2025-03-03,65,200,0
96,2025-03-03,77,250,2
97,2025-03-03,0,150,0
98,2025-03-03,100,100,0
99,2025-03-03,1407,0,0
100,2025-03-03,6,200,1
101,2025-03-03,82,150,1
102,2025-03-03,191,100,0
103,2025-03-03,1335,0,0
104,2025-03-03,131,200,2
105,2025-03-03,537,0,0
106,2025-03-03,1732,0,0
107,2025-03-03,0,150,0
108,2025-03-03,227,0,0
109,2025-03-03,1231,0,15
110,2025-03-03,91,100,0
111,2025-03-03,685,0,0
112,2025-03-03,153,500,0
113,2025-03-03,68,0,0
114,2025-03-03,128,200,0
115,2025-03-03,70,100,0
116,2025-03-03,302,0,0
117,2025-03-03,1516,0,2
118,2025-03-03,192,200,1
119,2025-03-03,234,100,2
120,2025-03-03,180,0,0
1,2025-03-04,88,200,0
2,2025-03-04,208,200,1
3,2025-03-04,65,250,0
4,2025-03-04,459,0,0
5,2025-03-04,61,0,0
6,2025-03-04,175,200,1
7,2025-03-04,1321,0,0
8,2025-03-04,240,100,0
9,2025-03-04,241,0,0
10,2025-03-04,81,200,0
11,2025-03-04,1137,0,1
12,2025-03-04,178,50,1
13,2025-03-04,1038,0,1
14,2025-03-04,81,200,0
15,2025-03-04,75,100,0
16,2025-03-04,1291,0,0
17,2025-03-04,247,0,1
18,2025-03-04,1033,0,0
19,2025-03-04,525,0,0
20,2025-03-04,151,200,0
21,2025-03-04,68,200,1
22,2025-03-04,225,0,0
23,2025-03-04,0,300,0
24,2025-03-04,78,200,0
25,2025-03-04,3,300,0
26,2025-03-04,1324,0,0
27,2025-03-04,1412,0,1
28,2025-03-04,228,200,0
29,2025-03-04,120,0,0
30,2025-03-04,1531,0,0
31,2025-03-04,81,0,0
32,2025-03-04,192,0,0
33,2025-03-04,196,0,1
34,2025-03-04,502,0,1
35,2025-03-04,574,0,0
36,2025-03-04,494,0,5
37,2025-03-04,0,100,0
38,2025-03-04,148,0,0
39,2025-03-04,73,150,0
40,2025-03-04,151,100,1
41,2025-03-04,181,100,0
42,2025-03-04,16,100,0
43,2025-03-04,0,200,0
44,2025-03-04,1131,0,0
45,2025-03-04,0,400,0
46,2025-03-04,677,0,1
47,2025-03-04,1621,0,0
48,2025-03-04,417,0,1
49,2025-03-04,9,50,0
50,2025-03-04,1662,0,0
51,2025-03-04,101,200,0
52,2025-03-04,433,0,0
53,2025-03-04,76,50,0
54,2025-03-04,291,0,0
55,2025-03-04,157,150,1
56,2025-03-04,1436,0,0
57,2025-03-04,0,251,0
58,2025-03-04,0,200,0
59,2025-03-04,481,0,0
60,2025-03-04,90,100,0
61,2025-03-04,170,50,1
62,2025-03-04,209,0,0
63,2025-03-04,55,100,0
64,2025-03-04,324,0,1
65,2025-03-04,178,100,1
66,2025-03-04,104,100,1
67,2025-03-04,437,0,0
68,2025-03-04,331,0,0
69,2025-03-04,1271,0,1
70,2025-03-04,1121,0,0
71,2025-03-04,131,50,0
72,2025-03-04,295,0,0
73,2025-03-04,593,0,0
74,2025-03-04,1376,0,1
75,2025-03-04,611,0,1
76,2025-03-04,1767,0,1
77,2025-03-04,220,0,0
78,2025-03-04,146,200,1
79,2025-03-04,146,200,0
80,2025-03-04,147,0,0
81,2025-03-04,165,100,0
82,2025-03-04,108,50,0
83,2025-03-04,795,0,1
84,2025-03-04,169,100,1
85,2025-03-04,150,0,0
86,2025-03-04,207,0,5
87,2025-03-04,866,0,0
88,2025-03-04,484,0,1
89,2025-03-04,556,0,0
90,2025-03-04,323,0,0
91,2025-03-04,160,200,0
92,2025-03-04,177,100,0
93,2025-03-04,187,200,2
94,2025-03-04,250,200,1
95,2025-03-04,56,200,0
96,2025-03-04,57,300,2
97,2025-03-04,0,150,0
98,2025-03-04,92,100,0
99,2025-03-04,1405,0,0
100,2025-03-04,0,200,0
101,2025-03-04,67,150,0
102,2025-03-04,178,100,1
103,2025-03-04,1333,0,0
104,2025-03-04,327,0,0
105,2025-03-04,528,0,0
106,2025-03-04,1728,0,0
107,2025-03-04,0,150,0
108,2025-03-04,220,0,0
109,2025-03-04,1217,0,1
110,2025-03-04,84,100,1
111,2025-03-04,666,0,1
112,2025-03-04,142,500,1
113,2025-03-04,67,0,0
114,2025-03-04,122,200,0
115,2025-03-04,66,100,0
116,2025-03-04,291,0,1
117,2025-03-04,1500,0,1
118,2025-03-04,181,200,1
119,2025-03-04,223,100,1
120,2025-03-04,176,0,0
1,2025-03-05,178,100,0
2,2025-03-05,196,200,0
3,2025-03-05,57,250,0
4,2025-03-05,459,0,4
5,2025-03-05,58,0,0
6,2025-03-05,161,200,0
7,2025-03-05,1318,0,0
8,2025-03-05,227,100,1
9,2025-03-05,236,0,0
10,2025-03-05,80,200,0
11,2025-03-05,1124,0,1
12,2025-03-05,175,50,0
13,2025-03-05,1027,0,1
14,2025-03-05,71,250,1
15,2025-03-05,74,100,0
16,2025-03-05,1287,0,0
17,2025-03-05,240,0,0
18,2025-03-05,1023,0,1
19,2025-03-05,524,0,0
20,2025-03-05,134,200,1
21,2025-03-05,55,200,1
22,2025-03-05,222,0,0
23,2025-03-05,84,250,1
24,2025-03-05,60,300,1
25,2025-03-05,0,300,0
26,2025-03-05,1322,0,0
27,2025-03-05,1400,0,1
28,2025-03-05,219,200,0
29,2025-03-05,119,0,0
30,2025-03-05,1521,0,1
31,2025-03-05,77,0,0
32,2025-03-05,185,0,0
33,2025-03-05,185,0,0
34,2025-03-05,495,0,0
35,2025-03-05,568,0,0
36,2025-03-05,487,0,0
37,2025-03-05,0,100,0
38,2025-03-05,144,0,0
39,2025-03-05,68,150,0
40,2025-03-05,147,100,0
41,2025-03-05,177,100,0
42,2025-03-05,11,100,0
43,2025-03-05,0,200,0
44,2025-03-05,1122,0,1
45,2025-03-05,0,400,0
46,2025-03-05,664,0,1
47,2025-03-05,1611,0,0
48,2025-03-05,406,0,1
49,2025-03-05,7,50,0
50,2025-03-05,1659,0,0
51,2025-03-05,86,200,1
52,2025-03-05,419,0,1
53,2025-03-05,70,50,0
54,2025-03-05,285,0,0
55,2025-03-05,144,150,0
56,2025-03-05,1436,0,19
57,2025-03-05,0,301,0
58,2025-03-05,0,200,0
59,2025-03-05,478,0,0
60,2025-03-05,108,100,4
61,2025-03-05,210,50,1
62,2025-03-05,207,0,0
63,2025-03-05,46,100,1
64,2025-03-05,304,200,1
65,2025-03-05,172,100,0
66,2025-03-05,94,150,0
67,2025-03-05,428,0,0
68,2025-03-05,319,0,1
69,2025-03-05,1260,0,1
70,2025-03-05,1119,0,0
71,2025-03-05,121,100,1
72,2025-03-05,291,0,0
73,2025-03-05,593,0,8
74,2025-03-05,1368,0,0
75,2025-03-05,609,0,0
76,2025-03-05,1749,0,2
77,2025-03-05,219,0,0
78,2025-03-05,142,200,0
79,2025-03-05,141,200,0
80,2025-03-05,145,0,0
81,2025-03-05,204,50,0
82,2025-03-05,103,100,0
83,2025-03-05,790,0,0
84,2025-03-05,161,100,0
85,2025-03-05,146,0,0
86,2025-03-05,205,0,0
87,2025-03-05,859,0,0
88,2025-03-05,480,0,0
89,2025-03-05,551,0,0
90,2025-03-05,310,0,0
91,2025-03-05,244,100,1
92,2025-03-05,160,100,1
93,2025-03-05,166,200,2
94,2025-03-05,230,200,1
95,2025-03-05,48,200,0
96,2025-03-05,35,300,2
97,2025-03-05,0,150,0
98,2025-03-05,85,100,0
99,2025-03-05,1402,0,0
100,2025-03-05,0,200,0
101,2025-03-05,103,150,0
102,2025-03-05,164,100,1
103,2025-03-05,1331,0,0
104,2025-03-05,316,0,0
105,2025-03-05,520,0,0
106,2025-03-05,1724,0,0
107,2025-03-05,0,150,0
108,2025-03-05,211,0,1
109,2025-03-05,1206,0,1
110,2025-03-05,76,200,0
111,2025-03-05,659,0,0
112,2025-03-05,129,500,1
113,2025-03-05,65,0,0
114,2025-03-05,108,200,1
115,2025-03-05,62,100,0
116,2025-03-05,284,0,0
117,2025-03-05,1489,0,1
118,2025-03-05,168,200,1
119,2025-03-05,213,100,1
120,2025-03-05,168,0,0
1,2025-03-06,168,100,0
2,2025-03-06,184,200,1
3,2025-03-06,37,300,2
4,2025-03-06,457,0,0
5,2025-03-06,55,50,0
6,2025-03-06,161,200,2
7,2025-03-06,1316,0,0
8,2025-03-06,217,100,0
9,2025-03-06,231,0,0
10,2025-03-06,72,200,0
11,2025-03-06,1113,0,1
12,2025-03-06,168,50,1
13,2025-03-06,1011,0,2
14,2025-03-06,71,250,0
15,2025-03-06,71,100,0
16,2025-03-06,1284,0,0
17,2025-03-06,223,0,2
18,2025-03-06,1015,0,0
19,2025-03-06,519,0,0
20,2025-03-06,121,200,0
21,2025-03-06,51,200,0
22,2025-03-06,220,0,0
23,2025-03-06,66,250,1
24,2025-03-06,44,300,1
25,2025-03-06,0,300,0
26,2025-03-06,1315,0,0
27,2025-03-06,1387,0,0
28,2025-03-06,202,200,2
29,2025-03-06,118,0,0
30,2025-03-06,1512,0,1
31,2025-03-06,73,100,0
32,2025-03-06,182,0,0
33,2025-03-06,184,0,0
34,2025-03-06,488,0,0
35,2025-03-06,568,0,11
36,2025-03-06,484,0,0
37,2025-03-06,0,100,0
38,2025-03-06,138,0,0
39,2025-03-06,56,150,1
40,2025-03-06,136,100,1
41,2025-03-06,169,100,0
42,2025-03-06,6,100,0
43,2025-03-06,0,200,0
44,2025-03-06,1122,0,28
45,2025-03-06,0,400,0
46,2025-03-06,647,0,0
47,2025-03-06,1596,0,1
48,2025-03-06,393,0,1
49,2025-03-06,6,50,0
50,2025-03-06,1653,0,0
51,2025-03-06,66,200,0
52,2025-03-06,401,0,1
53,2025-03-06,68,50,0
54,2025-03-06,277,0,1
55,2025-03-06,179,100,1
56,2025-03-06,1432,0,0
57,2025-03-06,0,301,0
58,2025-03-06,93,100,0
59,2025-03-06,476,0,0
60,2025-03-06,94,100,2
61,2025-03-06,198,50,1
62,2025-03-06,205,0,0
63,2025-03-06,42,100,0
64,2025-03-06,297,200,0
65,2025-03-06,165,100,0
66,2025-03-06,84,150,1
67,2025-03-06,419,0,1
68,2025-03-06,305,0,0
69,2025-03-06,1255,0,0
70,2025-03-06,1115,0,0
71,2025-03-06,111,100,0
72,2025-03-06,287,0,0
73,2025-03-06,592,0,0
74,2025-03-06,1361,0,0
75,2025-03-06,589,0,2
76,2025-03-06,1744,0,0
77,2025-03-06,218,0,0
78,2025-03-06,129,200,1
79,2025-03-06,123,200,1
80,2025-03-06,144,0,0
81,2025-03-06,188,50,1
82,2025-03-06,93,100,0
83,2025-03-06,782,0,1
84,2025-03-06,139,100,2
85,2025-03-06,142,0,0
86,2025-03-06,193,0,0
87,2025-03-06,850,0,0
88,2025-03-06,469,0,1
89,2025-03-06,547,0,0
90,2025-03-06,301,0,1
91,2025-03-06,235,100,1
92,2025-03-06,151,100,1
93,2025-03-06,154,200,1
94,2025-03-06,216,200,2
95,2025-03-06,35,200,1
96,2025-03-06,30,300,0
97,2025-03-06,0,150,0
98,2025-03-06,81,100,0
99,2025-03-06,1399,0,0
100,2025-03-06,94,100,0
101,2025-03-06,88,150,0
102,2025-03-06,156,100,0
103,2025-03-06,1327,0,0
104,2025-03-06,301,0,2
105,2025-03-06,516,0,0
106,2025-03-06,1721,0,0
107,2025-03-06,0,150,0
108,2025-03-06,205,0,0
109,2025-03-06,1195,0,1
110,2025-03-06,68,200,0
111,2025-03-06,641,0,2
112,2025-03-06,111,500,2
113,2025-03-06,65,0,0
114,2025-03-06,105,200,0
115,2025-03-06,58,100,0
116,2025-03-06,270,0,1
117,2025-03-06,1475,0,1
118,2025-03-06,162,200,0
119,2025-03-06,196,200,1
120,2025-03-06,165,0,0
1,2025-03-07,157,100,0
2,2025-03-07,170,200,1
3,2025-03-07,30,300,0
4,2025-03-07,453,0,0
5,2025-03-07,52,50,0
6,2025-03-07,141,200,1
7,2025-03-07,1312,0,0
8,2025-03-07,209,100,0
9,2025-03-07,231,0,3
10,2025-03-07,58,200,1
11,2025-03-07,1104,0,0
12,2025-03-07,163,50,0
13,2025-03-07,996,0,0
14,2025-03-07,51,250,2
15,2025-03-07,68,100,0
16,2025-03-07,1275,0,1
17,2025-03-07,218,100,0
18,2025-03-07,1014,0,0
19,2025-03-07,514,0,0
20,2025-03-07,105,200,1
21,2025-03-07,41,200,0
22,2025-03-07,215,0,0
23,2025-03-07,60,250,0
24,2025-03-07,40,300,0
25,2025-03-07,0,300,0
26,2025-03-07,1311,0,0
27,2025-03-07,1366,0,1
28,2025-03-07,188,200,1
29,2025-03-07,116,0,0
30,2025-03-07,1509,0,0
31,2025-03-07,68,100,0
32,2025-03-07,181,0,0
33,2025-03-07,180,0,0
34,2025-03-07,482,0,0
35,2025-03-07,565,0,0
36,2025-03-07,480,0,0
37,2025-03-07,0,100,0
38,2025-03-07,135,0,0
39,2025-03-07,46,150,0
40,2025-03-07,124,100,1
41,2025-03-07,153,100,2
42,2025-03-07,52,50,0
43,2025-03-07,94,100,0
44,2025-03-07,1121,0,0
45,2025-03-07,165,200,1
46,2025-03-07,627,0,0
47,2025-03-07,1589,0,0
48,2025-03-07,383,0,1
49,2025-03-07,4,50,0
50,2025-03-07,1647,0,0
51,2025-03-07,50,200,0
52,2025-03-07,389,0,1
53,2025-03-07,115,0,0
54,2025-03-07,267,0,1
55,2025-03-07,165,100,1
56,2025-03-07,1423,0,0
57,2025-03-07,0,301,0
58,2025-03-07,86,100,1
59,2025-03-07,471,0,0
60,2025-03-07,80,100,1
61,2025-03-07,185,50,1
62,2025-03-07,195,0,0
63,2025-03-07,36,150,0
64,2025-03-07,294,200,0
65,2025-03-07,157,100,0
66,2025-03-07,72,150,0
67,2025-03-07,406,0,1
68,2025-03-07,288,0,1
69,2025-03-07,1245,0,0
70,2025-03-07,1110,0,0
71,2025-03-07,103,100,1
72,2025-03-07,280,0,0
73,2025-03-07,590,0,0
74,2025-03-07,1357,0,0
75,2025-03-07,572,0,2
76,2025-03-07,1727,0,2
77,2025-03-07,214,0,0
78,2025-03-07,115,200,1
79,2025-03-07,117,200,0
80,2025-03-07,142,0,0
81,2025-03-07,178,100,0
82,2025-03-07,135,50,0
83,2025-03-07,770,0,1
84,2025-03-07,130,100,0
85,2025-03-07,138,0,0
86,2025-03-07,184,200,0
87,2025-03-07,847,0,0
88,2025-03-07,461,0,1
89,2025-03-07,543,0,0
90,2025-03-07,289,0,1
91,2025-03-07,225,100,1
92,2025-03-07,139,100,1
93,2025-03-07,136,200,0
94,2025-03-07,204,200,1
95,2025-03-07,24,200,1
96,2025-03-07,16,300,1
97,2025-03-07,0,150,0
98,2025-03-07,181,100,2
99,2025-03-07,1398,0,0
100,2025-03-07,90,100,0
101,2025-03-07,127,100,1
102,2025-03-07,139,100,1
103,2025-03-07,1324,0,0
104,2025-03-07,286,0,2
105,2025-03-07,511,0,0
106,2025-03-07,1717,0,0
107,2025-03-07,44,100,0
108,2025-03-07,198,0,0
109,2025-03-07,1186,0,0
110,2025-03-07,58,200,1
111,2025-03-07,622,0,1
112,2025-03-07,99,500,1
113,2025-03-07,63,0,0
114,2025-03-07,100,200,0
115,2025-03-07,50,100,1
116,2025-03-07,267,0,0
117,2025-03-07,1473,0,0
118,2025-03-07,150,200,1
119,2025-03-07,187,200,0
120,2025-03-07,156,0,0
1,2025-03-08,148,200,1
2,2025-03-08,154,200,1
3,2025-03-08,67,250,1
4,2025-03-08,450,0,0
5,2025-03-08,49,50,0
6,2025-03-08,134,200,0
7,2025-03-08,1309,0,0
8,2025-03-08,195,100,1
9,2025-03-08,226,0,0
10,2025-03-08,147,100,0
11,2025-03-08,1082,0,1
12,2025-03-08,152,50,0
13,2025-03-08,984,0,0
14,2025-03-08,46,250,0
15,2025-03-08,68,100,0
16,2025-03-08,1268,0,0
17,2025-03-08,212,100,0
18,2025-03-08,1014,0,13
19,2025-03-08,511,0,0
20,2025-03-08,89,400,2
21,2025-03-08,123,200,1
22,2025-03-08,210,0,0
23,2025-03-08,39,250,1
24,2025-03-08,123,200,0
25,2025-03-08,0,300,0
26,2025-03-08,1305,0,0
27,2025-03-08,1348,0,1
28,2025-03-08,176,200,0
29,2025-03-08,114,0,0
30,2025-03-08,1497,0,1
31,2025-03-08,64,100,0
32,2025-03-08,177,0,0
33,2025-03-08,173,0,0
34,2025-03-08,478,0,0
35,2025-03-08,562,0,0
36,2025-03-08,474,0,0
37,2025-03-08,65,0,0
38,2025-03-08,130,0,0
39,2025-03-08,84,100,1
40,2025-03-08,215,0,0
41,2025-03-08,144,100,0
42,2025-03-08,46,100,0
43,2025-03-08,87,100,0
44,2025-03-08,1118,0,0
45,2025-03-08,146,200,1
46,2025-03-08,613,0,2
47,2025-03-08,1580,0,0
48,2025-03-08,371,0,1
49,2025-03-08,2,50,0
50,2025-03-08,1643,0,0
51,2025-03-08,36,200,1
52,2025-03-08,369,0,2
53,2025-03-08,108,0,0
54,2025-03-08,257,0,0
55,2025-03-08,237,50,0
56,2025-03-08,1415,0,0
57,2025-03-08,0,301,0
58,2025-03-08,63,150,2
59,2025-03-08,469,0,0
60,2025-03-08,75,150,0
61,2025-03-08,169,50,2
62,2025-03-08,193,0,0
63,2025-03-08,26,150,0
64,2025-03-08,282,200,0
65,2025-03-08,151,100,0
66,2025-03-08,110,100,1
67,2025-03-08,396,0,0
68,2025-03-08,274,0,1
69,2025-03-08,1232,0,1
70,2025-03-08,1107,0,0
71,2025-03-08,100,100,0
72,2025-03-08,275,0,0
73,2025-03-08,589,0,0
74,2025-03-08,1348,0,0
75,2025-03-08,552,0,1
76,2025-03-08,1714,0,1
77,2025-03-08,212,0,0
78,2025-03-08,303,0,0
79,2025-03-08,197,100,2
80,2025-03-08,142,0,3
81,2025-03-08,220,50,0
82,2025-03-08,118,50,2
83,2025-03-08,763,0,0
84,2025-03-08,118,100,1
85,2025-03-08,134,0,0
86,2025-03-08,181,200,0
87,2025-03-08,847,0,16
88,2025-03-08,449,0,1
89,2025-03-08,541,0,0
90,2025-03-08,283,0,0
91,2025-03-08,216,100,0
92,2025-03-08,132,100,0
93,2025-03-08,113,200,2
94,2025-03-08,197,200,0
95,2025-03-08,22,200,0
96,2025-03-08,0,300,0
97,2025-03-08,0,150,0
98,2025-03-08,173,100,1
99,2025-03-08,1394,0,0
100,2025-03-08,82,100,0
101,2025-03-08,110,100,0
102,2025-03-08,125,100,1
103,2025-03-08,1322,0,0
104,2025-03-08,265,0,3
105,2025-03-08,506,0,0
106,2025-03-08,1714,0,0
107,2025-03-08,37,100,0
108,2025-03-08,193,0,0
109,2025-03-08,1173,0,1
110,2025-03-08,45,200,1
111,2025-03-08,607,0,1
112,2025-03-08,98,500,0
113,2025-03-08,59,0,0
114,2025-03-08,85,200,1
115,2025-03-08,44,100,0
116,2025-03-08,259,0,0
117,2025-03-08,1463,0,0
118,2025-03-08,140,200,0
119,2025-03-08,168,200,1
120,2025-03-08,152,0,0
1,2025-03-09,137,200,0
2,2025-03-09,136,200,2
3,2025-03-09,50,250,2
4,2025-03-09,447,0,0
5,2025-03-09,46,50,0
6,2025-03-09,134,200,2
7,2025-03-09,1309,0,18
8,2025-03-09,169,200,3
9,2025-03-09,220,0,0
10,2025-03-09,137,100,0
11,2025-03-09,1072,0,0
12,2025-03-09,148,50,0
13,2025-03-09,965,0,2
14,2025-03-09,38,250,0
15,2025-03-09,63,100,0
16,2025-03-09,1261,0,0
17,2025-03-09,201,100,0
18,2025-03-09,1007,0,0
19,2025-03-09,509,0,0
20,2025-03-09,71,400,1
21,2025-03-09,110,200,0
22,2025-03-09,206,0,0
23,2025-03-09,74,200,0
24,2025-03-09,121,200,0
25,2025-03-09,0,300,0
26,2025-03-09,1300,0,0
27,2025-03-09,1317,0,3
28,2025-03-09,176,200,2
29,2025-03-09,111,0,0
30,2025-03-09,1483,0,1
31,2025-03-09,62,100,0
32,2025-03-09,175,0,0
33,2025-03-09,167,0,0
34,2025-03-09,467,0,0
35,2025-03-09,559,0,0
36,2025-03-09,462,0,1
37,2025-03-09,62,100,0
38,2025-03-09,125,0,0
39,2025-03-09,70,100,0
40,2025-03-09,201,0,2
41,2025-03-09,136,100,0
42,2025-03-09,41,100,0
43,2025-03-09,82,100,0
44,2025-03-09,1112,0,0
45,2025-03-09,137,200,1
46,2025-03-09,593,0,2
47,2025-03-09,1569,0,0
48,2025-03-09,368,0,0
49,2025-03-09,0,50,0
50,2025-03-09,1638,0,0
51,2025-03-09,27,400,1
52,2025-03-09,354,0,1
53,2025-03-09,104,0,0
54,2025-03-09,248,0,1
55,2025-03-09,225,50,1
56,2025-03-09,1415,0,27
57,2025-03-09,0,301,0
58,2025-03-09,56,150,0
59,2025-03-09,459,0,1
60,2025-03-09,62,150,1
61,2025-03-09,159,100,1
62,2025-03-09,187,0,0
63,2025-03-09,76,100,1
64,2025-03-09,274,200,1
65,2025-03-09,141,200,1
66,2025-03-09,108,150,0
67,2025-03-09,384,0,1
68,2025-03-09,259,0,2
69,2025-03-09,1222,0,1
70,2025-03-09,1104,0,0
71,2025-03-09,90,100,1
72,2025-03-09,267,0,1
73,2025-03-09,585,0,0
74,2025-03-09,1342,0,0
75,2025-03-09,538,0,0
76,2025-03-09,1700,0,2
77,2025-03-09,210,0,0
78,2025-03-09,283,0,2
79,2025-03-09,173,100,2
80,2025-03-09,139,0,0
81,2025-03-09,214,50,0
82,2025-03-09,109,100,1
83,2025-03-09,751,0,1
84,2025-03-09,113,100,0
85,2025-03-09,131,0,0
86,2025-03-09,175,200,0
87,2025-03-09,839,0,1
88,2025-03-09,438,0,0
89,2025-03-09,536,0,0
90,2025-03-09,273,0,0
91,2025-03-09,216,100,5
92,2025-03-09,126,100,0
93,2025-03-09,99,200,2
94,2025-03-09,177,200,2
95,2025-03-09,65,100,1
96,2025-03-09,0,350,0
97,2025-03-09,0,150,0
98,2025-03-09,164,100,1
99,2025-03-09,1390,0,0
100,2025-03-09,74,100,0
101,2025-03-09,105,150,0
102,2025-03-09,113,200,1
103,2025-03-09,1317,0,0
104,2025-03-09,255,0,0
105,2025-03-09,500,0,0
106,2025-03-09,1710,0,0
107,2025-03-09,30,100,0
108,2025-03-09,184,0,0
109,2025-03-09,1164,0,0
110,2025-03-09,36,200,1
111,2025-03-09,596,0,1
112,2025-03-09,86,500,1
113,2025-03-09,57,0,0
114,2025-03-09,78,200,0
115,2025-03-09,39,100,0
116,2025-03-09,249,0,0
117,2025-03-09,1457,0,0
118,2025-03-09,129,200,1
119,2025-03-09,158,200,1
120,2025-03-09,147,0,0
1,2025-03-10,121,200,2
2,2025-03-10,120,200,2
3,2025-03-10,80,200,1
4,2025-03-10,444,0,0
5,2025-03-10,45,50,0
6,2025-03-10,121,200,1
7,2025-03-10,1307,0,0
8,2025-03-10,158,200,1
9,2025-03-10,213,0,0
10,2025-03-10,127,100,0
11,2025-03-10,1058,0,1
12,2025-03-10,138,100,0
13,2025-03-10,961,0,0
14,2025-03-10,88,200,1
15,2025-03-10,59,100,0
16,2025-03-10,1256,0,0
17,2025-03-10,196,100,0
18,2025-03-10,1002,0,0
19,2025-03-10,507,0,0
20,2025-03-10,59,400,1
21,2025-03-10,94,200,1
22,2025-03-10,202,0,0
23,2025-03-10,101,200,2
24,2025-03-10,116,200,0
25,2025-03-10,0,300,0
26,2025-03-10,1295,0,0
27,2025-03-10,1302,0,0
28,2025-03-10,166,200,1
29,2025-03-10,108,0,0
30,2025-03-10,1472,0,1
31,2025-03-10,60,100,0
32,2025-03-10,172,0,0
33,2025-03-10,159,100,0
34,2025-03-10,459,0,0
35,2025-03-10,558,0,0
36,2025-03-10,457,0,0
37,2025-03-10,59,100,0
38,2025-03-10,122,0,0
39,2025-03-10,57,150,1
40,2025-03-10,188,100,1
41,2025-03-10,127,100,0
42,2025-03-10,85,50,0
43,2025-03-10,77,100,0
44,2025-03-10,1107,0,0
45,2025-03-10,135,200,0
46,2025-03-10,581,0,1
47,2025-03-10,1565,0,0
48,2025-03-10,351,0,0
49,2025-03-10,0,100,0
50,2025-03-10,1635,0,0
51,2025-03-10,10,400,2
52,2025-03-10,338,0,1
53,2025-03-10,102,0,0
54,2025-03-10,241,0,0
55,2025-03-10,214,100,1
56,2025-03-10,1414,0,0
57,2025-03-10,0,301,0
58,2025-03-10,49,150,0
59,2025-03-10,456,0,0
60,2025-03-10,61,150,0
61,2025-03-10,141,100,2
62,2025-03-10,180,0,0
63,2025-03-10,70,100,0
64,2025-03-10,258,200,1
65,2025-03-10,133,200,0
66,2025-03-10,97,150,1
67,2025-03-10,378,0,0
68,2025-03-10,250,0,1
69,2025-03-10,1211,0,1
70,2025-03-10,1099,0,0
71,2025-03-10,129,50,1
72,2025-03-10,261,0,0
73,2025-03-10,583,0,0
74,2025-03-10,1340,0,0
75,2025-03-10,515,0,3
76,2025-03-10,1677,0,3
77,2025-03-10,207,0,0
78,2025-03-10,272,200,0
79,2025-03-10,163,200,0
80,2025-03-10,138,0,0
81,2025-03-10,214,50,2
82,2025-03-10,102,100,0
83,2025-03-10,738,0,1
84,2025-03-10,105,100,1
85,2025-03-10,128,0,0
86,2025-03-10,161,200,1
87,2025-03-10,834,0,0
88,2025-03-10,426,0,1
89,2025-03-10,527,0,1
90,2025-03-10,264,0,1
91,2025-03-10,207,100,0
92,2025-03-10,112,100,1
93,2025-03-10,87,400,1
94,2025-03-10,167,200,1
95,2025-03-10,52,200,1
96,2025-03-10,0,350,0
97,2025-03-10,0,150,0
98,2025-03-10,161,100,0
99,2025-03-10,1388,0,0
100,2025-03-10,166,0,0
101,2025-03-10,96,150,1
102,2025-03-10,104,200,1
103,2025-03-10,1313,0,0
104,2025-03-10,239,200,1
105,2025-03-10,494,0,0
106,2025-03-10,1708,0,0
107,2025-03-10,26,100,0
108,2025-03-10,176,0,0
109,2025-03-10,1154,0,1
110,2025-03-10,22,200,1
111,2025-03-10,581,0,2
112,2025-03-10,69,500,1
113,2025-03-10,54,100,0
114,2025-03-10,62,200,1
115,2025-03-10,35,100,0
116,2025-03-10,241,0,0
117,2025-03-10,1441,0,1
118,2025-03-10,109,200,1
119,2025-03-10,243,100,1
120,2025-03-10,142,0,0
1,2025-03-11,109,200,0
2,2025-03-11,110,200,1
3,2025-03-11,73,250,0
4,2025-03-11,441,0,0
5,2025-03-11,43,50,0
6,2025-03-11,106,200,0
7,2025-03-11,1302,0,0
8,2025-03-11,145,200,1
9,2025-03-11,209,0,0
10,2025-03-11,118,100,0
11,2025-03-11,1047,0,1
12,2025-03-11,126,100,1
13,2025-03-11,948,0,0
14,2025-03-11,88,200,1
15,2025-03-11,56,100,0
16,2025-03-11,1250,0,0
17,2025-03-11,181,100,1
18,2025-03-11,995,0,0
19,2025-03-11,507,0,5
20,2025-03-11,46,400,1
21,2025-03-11,77,200,2
22,2025-03-11,199,0,0
23,2025-03-11,79,250,1
24,2025-03-11,92,200,2
25,2025-03-11,0,300,0
26,2025-03-11,1289,0,0
27,2025-03-11,1280,0,3
28,2025-03-11,155,200,0
29,2025-03-11,106,0,0
30,2025-03-11,1457,0,0
31,2025-03-11,56,100,0
32,2025-03-11,170,0,0
33,2025-03-11,149,100,0
34,2025-03-11,452,0,0
35,2025-03-11,556,0,0
36,2025-03-11,453,0,0
37,2025-03-11,56,100,0
38,2025-03-11,119,0,0
39,2025-03-11,74,100,0
40,2025-03-11,174,100,1
41,2025-03-11,117,100,1
42,2025-03-11,79,50,0
43,2025-03-11,73,100,0
44,2025-03-11,1101,0,0
45,2025-03-11,124,200,1
46,2025-03-11,579,0,0
47,2025-03-11,1560,0,0
48,2025-03-11,339,0,0
49,2025-03-11,0,100,0
50,2025-03-11,1628,0,0
51,2025-03-11,6,400,0
52,2025-03-11,311,0,1
53,2025-03-11,99,0,0
54,2025-03-11,240,0,0
55,2025-03-11,193,100,2
56,2025-03-11,1413,0,0
57,2025-03-11,40,251,0
58,2025-03-11,41,150,0
59,2025-03-11,453,0,0
60,2025-03-11,56,150,0
61,2025-03-11,126,150,1
62,2025-03-11,169,0,0
63,2025-03-11,64,100,0
64,2025-03-11,238,200,1
65,2025-03-11,123,200,0
66,2025-03-11,89,150,1
67,2025-03-11,364,0,1
68,2025-03-11,237,200,1
69,2025-03-11,1204,0,0
70,2025-03-11,1097,0,0
71,2025-03-11,121,50,0
72,2025-03-11,259,0,0
73,2025-03-11,581,0,0
74,2025-03-11,1333,0,0
75,2025-03-11,503,0,1
76,2025-03-11,1669,0,1
77,2025-03-11,206,0,0
78,2025-03-11,256,200,1
79,2025-03-11,143,200,2
80,2025-03-11,136,0,0
81,2025-03-11,204,50,0
82,2025-03-11,96,100,0
83,2025-03-11,728,0,0
84,2025-03-11,97,100,1
85,2025-03-11,125,0,0
86,2025-03-11,152,200,1
87,2025-03-11,831,0,0
88,2025-03-11,419,0,0
89,2025-03-11,522,0,0
90,2025-03-11,260,0,0
91,2025-03-11,296,0,0
92,2025-03-11,102,200,1
93,2025-03-11,75,400,0
94,2025-03-11,138,200,3
95,2025-03-11,46,200,0
96,2025-03-11,0,350,0
97,2025-03-11,0,150,0
98,2025-03-11,152,100,0
99,2025-03-11,1382,0,0
100,2025-03-11,158,100,0
101,2025-03-11,75,150,1
102,2025-03-11,97,200,0
103,2025-03-11,1311,0,0
104,2025-03-11,231,200,0
105,2025-03-11,490,0,0
106,2025-03-11,1705,0,0
107,2025-03-11,21,100,0
108,2025-03-11,168,0,0
109,2025-03-11,1144,0,1
110,2025-03-11,113,100,0
111,2025-03-11,559,0,3
112,2025-03-11,57,500,1
113,2025-03-11,53,100,0
114,2025-03-11,56,400,0
115,2025-03-11,31,100,0
116,2025-03-11,233,0,0
117,2025-03-11,1431,0,1
118,2025-03-11,102,200,0
119,2025-03-11,230,100,1
120,2025-03-11,137,0,0
1,2025-03-12,98,200,1
2,2025-03-12,101,200,0
3,2025-03-12,58,250,1
4,2025-03-12,438,0,0
5,2025-03-12,91,0,0
6,2025-03-12,94,400,1
7,2025-03-12,1300,0,0
8,2025-03-12,145,200,3
9,2025-03-12,206,0,0
10,2025-03-12,106,100,0
11,2025-03-12,1027,0,1
12,2025-03-12,114,100,0
13,2025-03-12,932,0,1
14,2025-03-12,123,150,0
15,2025-03-12,54,100,0
16,2025-03-12,1250,0,35
17,2025-03-12,173,100,0
18,2025-03-12,983,0,1
19,2025-03-12,506,0,0
20,2025-03-12,29,400,1
21,2025-03-12,63,200,1
22,2025-03-12,196,0,0
23,2025-03-12,76,250,0
24,2025-03-12,173,200,1
25,2025-03-12,0,300,0
26,2025-03-12,1280,0,0
27,2025-03-12,1267,0,0
28,2025-03-12,143,200,1
29,2025-03-12,105,0,0
30,2025-03-12,1449,0,1
31,2025-03-12,55,100,0
32,2025-03-12,169,0,0
33,2025-03-12,137,100,0
34,2025-03-12,446,0,0
35,2025-03-12,554,0,0
36,2025-03-12,449,0,0
37,2025-03-12,54,100,0
38,2025-03-12,113,0,0
39,2025-03-12,66,100,0
40,2025-03-12,171,100,0
41,2025-03-12,206,0,1
42,2025-03-12,68,50,0
43,2025-03-12,67,100,0
44,2025-03-12,1095,0,0
45,2025-03-12,106,200,1
46,2025-03-12,570,0,0
47,2025-03-12,1545,0,1
48,2025-03-12,324,0,1
49,2025-03-12,0,100,0
50,2025-03-12,1624,0,0
51,2025-03-12,0,400,0
52,2025-03-12,299,0,1
53,2025-03-12,94,50,0
54,2025-03-12,235,0,0
55,2025-03-12,181,100,1
56,2025-03-12,1409,0,0
57,2025-03-12,31,251,0
58,2025-03-12,36,150,0
59,2025-03-12,453,0,11
60,2025-03-12,96,100,1
61,2025-03-12,118,150,0
62,2025-03-12,163,0,0
63,2025-03-12,60,100,0
64,2025-03-12,201,200,3
65,2025-03-12,111,200,1
66,2025-03-12,127,100,1
67,2025-03-12,359,0,0
68,2025-03-12,224,200,1
69,2025-03-12,1195,0,0
70,2025-03-12,1095,0,0
71,2025-03-12,104,100,2
72,2025-03-12,253,0,0
73,2025-03-12,578,0,0
74,2025-03-12,1329,0,0
75,2025-03-12,500,0,0
76,2025-03-12,1658,0,1
77,2025-03-12,205,0,0
78,2025-03-12,241,200,1
79,2025-03-12,196,100,1
80,2025-03-12,134,0,0
81,2025-03-12,191,50,1
82,2025-03-12,139,50,1
83,2025-03-12,721,0,0
84,2025-03-12,89,100,0
85,2025-03-12,122,0,0
86,2025-03-12,339,0,1
87,2025-03-12,825,0,0
88,2025-03-12,413,0,0
89,2025-03-12,516,0,0
90,2025-03-12,249,0,0
91,2025-03-12,279,0,2
92,2025-03-12,91,200,1
93,2025-03-12,56,400,1
94,2025-03-12,321,0,1
95,2025-03-12,40,200,0
96,2025-03-12,0,350,0
97,2025-03-12,44,100,0
98,2025-03-12,144,100,0
99,2025-03-12,1380,0,0
100,2025-03-12,156,100,0
101,2025-03-12,69,150,0
102,2025-03-12,83,200,1
103,2025-03-12,1308,0,0
104,2025-03-12,208,200,2
105,2025-03-12,489,0,0
106,2025-03-12,1702,0,0
107,2025-03-12,14,150,0
108,2025-03-12,162,0,0
109,2025-03-12,1136,0,0
110,2025-03-12,206,0,1
111,2025-03-12,549,0,0
112,2025-03-12,44,500,1
113,2025-03-12,53,100,1
114,2025-03-12,41,400,1
115,2025-03-12,28,100,0
116,2025-03-12,232,0,0
117,2025-03-12,1419,0,1
118,2025-03-12,294,0,0
119,2025-03-12,218,100,0
120,2025-03-12,131,0,0
1,2025-03-13,84,200,0
2,2025-03-13,84,200,1
3,2025-03-13,141,150,1
4,2025-03-13,436,0,0
5,2025-03-13,89,0,0
6,2025-03-13,77,400,2
7,2025-03-13,1297,0,0
8,2025-03-13,234,100,0
9,2025-03-13,205,0,0
10,2025-03-13,97,100,1
11,2025-03-13,1013,0,1
12,2025-03-13,97,100,2
13,2025-03-13,926,0,0
14,2025-03-13,112,150,0
15,2025-03-13,51,100,0
16,2025-03-13,1240,0,1
17,2025-03-13,163,100,1
18,2025-03-13,975,0,0
19,2025-03-13,502,0,0
20,2025-03-13,19,400,0
21,2025-03-13,60,200,0
22,2025-03-13,194,0,0
23,2025-03-13,50,250,2
24,2025-03-13,157,200,2
25,2025-03-13,0,300,0
26,2025-03-13,1275,0,0
27,2025-03-13,1252,0,2
28,2025-03-13,131,200,1
29,2025-03-13,102,0,0
30,2025-03-13,1438,0,1
31,2025-03-13,50,100,0
32,2025-03-13,166,0,0
33,2025-03-13,130,100,0
34,2025-03-13,441,0,0
35,2025-03-13,554,0,16
36,2025-03-13,441,0,0
37,2025-03-13,51,100,0
38,2025-03-13,111,0,0
39,2025-03-13,60,100,0
40,2025-03-13,163,100,0
41,2025-03-13,192,0,1
42,2025-03-13,67,100,0
43,2025-03-13,62,100,0
44,2025-03-13,1091,0,0
45,2025-03-13,90,400,1
46,2025-03-13,557,0,1
47,2025-03-13,1544,0,0
48,2025-03-13,314,0,0
49,2025-03-13,0,100,0
50,2025-03-13,1620,0,0
51,2025-03-13,0,400,0
52,2025-03-13,291,0,0
53,2025-03-13,91,50,0
54,2025-03-13,229,0,0
55,2025-03-13,172,150,1
56,2025-03-13,1400,0,0
57,2025-03-13,21,251,1
58,2025-03-13,76,150,0
59,2025-03-13,451,0,0
60,2025-03-13,87,100,0
61,2025-03-13,103,150,1
62,2025-03-13,158,0,0
63,2025-03-13,52,100,0
64,2025-03-13,387,0,1
65,2025-03-13,94,200,1
66,2025-03-13,119,100,1
67,2025-03-13,350,0,1
68,2025-03-13,213,200,0
69,2025-03-13,1186,0,1
70,2025-03-13,1091,0,0
71,2025-03-13,94,100,0
72,2025-03-13,252,0,0
73,2025-03-13,574,0,0
74,2025-03-13,1329,0,31
75,2025-03-13,489,0,0
76,2025-03-13,1647,0,1
77,2025-03-13,203,0,0
78,2025-03-13,221,200,2
79,2025-03-13,193,100,0
80,2025-03-13,132,0,0
81,2025-03-13,191,50,2
82,2025-03-13,182,0,0
83,2025-03-13,711,0,1
84,2025-03-13,73,100,1
85,2025-03-13,119,0,0
86,2025-03-13,328,0,0
87,2025-03-13,818,0,0
88,2025-03-13,407,0,0
89,2025-03-13,515,0,0
90,2025-03-13,238,0,0
91,2025-03-13,277,0,0
92,2025-03-13,173,100,0
93,2025-03-13,44,400,1
94,2025-03-13,299,0,1
95,2025-03-13,33,200,0
96,2025-03-13,20,300,1
97,2025-03-13,38,100,0
98,2025-03-13,136,100,0
99,2025-03-13,1378,0,0
100,2025-03-13,148,100,1
101,2025-03-13,62,150,0
102,2025-03-13,80,200,0
103,2025-03-13,1304,0,0
104,2025-03-13,193,200,1
105,2025-03-13,485,0,0
106,2025-03-13,1697,0,0
107,2025-03-13,9,150,0
108,2025-03-13,150,0,0
109,2025-03-13,1126,0,1
110,2025-03-13,200,0,0
111,2025-03-13,525,0,1
112,2025-03-13,31,500,1
113,2025-03-13,51,100,0
114,2025-03-13,28,400,1
115,2025-03-13,24,100,0
116,2025-03-13,223,0,0
117,2025-03-13,1416,0,0
118,2025-03-13,290,0,0
119,2025-03-13,201,100,1
120,2025-03-13,126,500,0
1,2025-03-14,76,200,1
2,2025-03-14,64,400,1
3,2025-03-14,174,150,1
4,2025-03-14,435,0,0
5,2025-03-14,86,0,0
6,2025-03-14,65,400,1
7,2025-03-14,1295,0,0
8,2025-03-14,219,100,1
9,2025-03-14,198,0,0
10,2025-03-14,190,100,0
11,2025-03-14,1005,0,1
12,2025-03-14,86,100,0
13,2025-03-14,909,0,1
14,2025-03-14,107,200,0
15,2025-03-14,145,0,0
16,2025-03-14,1235,0,0
17,2025-03-14,149,100,0
18,2025-03-14,961,0,1
19,2025-03-14,498,0,0
20,2025-03-14,409,0,0
21,2025-03-14,55,200,0
22,2025-03-14,190,0,0
23,2025-03-14,87,250,1
24,2025-03-14,149,200,1
25,2025-03-14,0,300,0
26,2025-03-14,1270,0,0
27,2025-03-14,1245,0,0
28,2025-03-14,118,200,1
29,2025-03-14,99,0,0
30,2025-03-14,1430,0,0
31,2025-03-14,46,100,0
32,2025-03-14,160,0,0
33,2025-03-14,124,100,0
34,2025-03-14,434,0,0
35,2025-03-14,551,0,0
36,2025-03-14,429,0,1
37,2025-03-14,49,100,0
38,2025-03-14,109,0,0
39,2025-03-14,107,100,0
40,2025-03-14,148,100,1
41,2025-03-14,187,0,0
42,2025-03-14,64,100,0
43,2025-03-14,57,100,0
44,2025-03-14,1086,0,0
45,2025-03-14,72,400,2
46,2025-03-14,543,0,1
47,2025-03-14,1534,0,0
48,2025-03-14,304,0,1
49,2025-03-14,49,50,0
50,2025-03-14,1616,0,0
51,2025-03-14,0,400,0
52,2025-03-14,279,0,1
53,2025-03-14,91,50,0
54,2025-03-14,227,0,0
55,2025-03-14,160,150,1
56,2025-03-14,1391,0,0
57,2025-03-14,1,251,0
58,2025-03-14,118,100,1
59,2025-03-14,449,0,0
60,2025-03-14,80,150,1
61,2025-03-14,97,150,0
62,2025-03-14,148,200,0
63,2025-03-14,40,150,0
64,2025-03-14,378,0,1
65,2025-03-14,162,100,0
66,2025-03-14,155,50,1
67,2025-03-14,342,0,0
68,2025-03-14,200,200,1
69,2025-03-14,1170,0,0
70,2025-03-14,1089,0,0
71,2025-03-14,91,100,0
72,2025-03-14,248,0,0
73,2025-03-14,572,0,0
74,2025-03-14,1323,0,0
75,2025-03-14,467,0,2
76,2025-03-14,1637,0,1
77,2025-03-14,202,0,0
78,2025-03-14,208,200,0
79,2025-03-14,175,100,1
80,2025-03-14,131,0,0
81,2025-03-14,181,50,1
82,2025-03-14,172,0,1
83,2025-03-14,697,0,1
84,2025-03-14,64,200,0
85,2025-03-14,114,0,0
86,2025-03-14,311,0,2
87,2025-03-14,816,0,0
88,2025-03-14,405,0,0
89,2025-03-14,509,0,0
90,2025-03-14,225,0,1
91,2025-03-14,266,100,1
92,2025-03-14,164,100,0
93,2025-03-14,37,400,0
94,2025-03-14,292,0,0
95,2025-03-14,23,200,1
96,2025-03-14,8,300,0
97,2025-03-14,82,50,0
98,2025-03-14,131,100,0
99,2025-03-14,1374,0,0
100,2025-03-14,138,100,0
101,2025-03-14,107,150,0
102,2025-03-14,70,200,1
103,2025-03-14,1301,0,0
104,2025-03-14,183,200,1
105,2025-03-14,485,0,6
106,2025-03-14,1695,0,0
107,2025-03-14,3,150,0
108,2025-03-14,145,200,0
109,2025-03-14,1118,0,1
110,2025-03-14,186,100,1
111,2025-03-14,512,0,1
112,2025-03-14,31,500,0
113,2025-03-14,49,100,0
114,2025-03-14,16,400,0
115,2025-03-14,20,100,0
116,2025-03-14,213,0,1
117,2025-03-14,1411,0,0
118,2025-03-14,281,0,1
119,2025-03-14,294,0,0
120,2025-03-14,121,500,0
1,2025-03-15,60,300,2
2,2025-03-15,48,400,2
3,2025-03-15,158,150,2
4,2025-03-15,434,0,0
5,2025-03-15,85,0,0
6,2025-03-15,47,400,2
7,2025-03-15,1291,0,0
8,2025-03-15,209,100,0
9,2025-03-15,189,0,0
10,2025-03-15,178,100,1
11,2025-03-15,994,0,1
12,2025-03-15,77,100,1
13,2025-03-15,900,0,1
14,2025-03-15,86,200,2
15,2025-03-15,143,0,0
16,2025-03-15,1231,0,0
17,2025-03-15,135,100,1
18,2025-03-15,955,0,0
19,2025-03-15,497,0,0
20,2025-03-15,394,0,1
21,2025-03-15,41,300,2
22,2025-03-15,185,0,0
23,2025-03-15,73,250,1
24,2025-03-15,114,200,5
25,2025-03-15,0,300,0
26,2025-03-15,1256,0,1
27,2025-03-15,1237,0,0
28,2025-03-15,105,200,1
29,2025-03-15,96,0,0
30,2025-03-15,1411,0,2
31,2025-03-15,46,100,1
32,2025-03-15,157,0,0
33,2025-03-15,212,0,1
34,2025-03-15,424,0,0
35,2025-03-15,548,0,0
36,2025-03-15,422,0,0
37,2025-03-15,48,100,0
38,2025-03-15,103,0,0
39,2025-03-15,95,100,1
40,2025-03-15,142,100,0
41,2025-03-15,182,0,0
42,2025-03-15,60,100,0
43,2025-03-15,50,100,0
44,2025-03-15,1083,0,0
45,2025-03-15,58,400,1
46,2025-03-15,526,0,0
47,2025-03-15,1525,0,0
48,2025-03-15,292,0,1
49,2025-03-15,48,50,0
50,2025-03-15,1611,0,0
51,2025-03-15,0,400,0
52,2025-03-15,266,200,1
53,2025-03-15,86,50,0
54,2025-03-15,219,0,0
55,2025-03-15,147,150,1
56,2025-03-15,1386,0,0
57,2025-03-15,91,200,1
58,2025-03-15,108,100,0
59,2025-03-15,448,0,0
60,2025-03-15,124,100,0
61,2025-03-15,182,100,1
62,2025-03-15,143,200,0
63,2025-03-15,31,150,0
64,2025-03-15,355,0,2
65,2025-03-15,157,100,0
66,2025-03-15,136,100,1
67,2025-03-15,334,0,0
68,2025-03-15,184,200,1
69,2025-03-15,1161,0,0
70,2025-03-15,1085,0,0
71,2025-03-15,81,100,0
72,2025-03-15,244,0,0
73,2025-03-15,571,0,0
74,2025-03-15,1320,0,0
75,2025-03-15,452,0,2
76,2025-03-15,1620,0,1
77,2025-03-15,199,0,0
78,2025-03-15,195,200,1
79,2025-03-15,268,100,0
80,2025-03-15,129,0,0
81,2025-03-15,165,100,0
82,2025-03-15,165,0,0
83,2025-03-15,686,0,1
84,2025-03-15,57,200,0
85,2025-03-15,110,0,0
86,2025-03-15,305,0,0
87,2025-03-15,806,0,1
88,2025-03-15,392,0,0
89,2025-03-15,506,0,0
90,2025-03-15,215,0,1
91,2025-03-15,256,100,1
92,2025-03-15,162,100,0
93,2025-03-15,227,200,0
94,2025-03-15,275,200,2
95,2025-03-15,14,200,1
96,2025-03-15,43,300,1
97,2025-03-15,77,100,0
98,2025-03-15,120,100,0
99,2025-03-15,1371,0,0
100,2025-03-15,128,100,0
101,2025-03-15,156,100,0
102,2025-03-15,70,200,0
103,2025-03-15,1298,0,0
104,2025-03-15,178,200,0
105,2025-03-15,481,0,0
106,2025-03-15,1692,0,0
107,2025-03-15,0,150,0
108,2025-03-15,136,200,1
109,2025-03-15,1108,0,1
110,2025-03-15,172,100,2
111,2025-03-15,496,0,1
112,2025-03-15,22,500,1
113,2025-03-15,46,100,0
114,2025-03-15,206,200,0
115,2025-03-15,14,100,0
116,2025-03-15,211,0,0
117,2025-03-15,1396,0,0
118,2025-03-15,269,0,1
119,2025-03-15,270,0,1
120,2025-03-15,119,500,0
1,2025-03-16,56,300,0
2,2025-03-16,230,200,2
3,2025-03-16,158,150,1
4,2025-03-16,429,0,0
5,2025-03-16,81,0,0
6,2025-03-16,206,200,3
7,2025-03-16,1288,0,0
8,2025-03-16,187,100,2
9,2025-03-16,184,0,0
10,2025-03-16,168,100,1
11,2025-03-16,989,0,0
12,2025-03-16,75,100,0
13,2025-03-16,885,0,1
14,2025-03-16,74,200,1
15,2025-03-16,142,0,0
16,2025-03-16,1226,0,0
17,2025-03-16,124,100,1
18,2025-03-16,949,0,0
19,2025-03-16,493,0,0
20,2025-03-16,388,0,0
21,2025-03-16,27,300,1
22,2025-03-16,183,0,0
23,2025-03-16,65,250,0
24,2025-03-16,113,200,0
25,2025-03-16,0,300,0
26,2025-03-16,1240,0,1
27,2025-03-16,1210,0,2
28,2025-03-16,91,200,1
29,2025-03-16,96,0,1
30,2025-03-16,1397,0,0
31,2025-03-16,142,0,0
32,2025-03-16,154,0,0
33,2025-03-16,196,100,1
34,2025-03-16,414,0,0
35,2025-03-16,543,0,0
36,2025-03-16,421,0,0
37,2025-03-16,47,100,0
38,2025-03-16,101,0,0
39,2025-03-16,138,50,0
40,2025-03-16,225,0,1
41,2025-03-16,175,100,0
42,2025-03-16,105,50,0
43,2025-03-16,44,100,0
44,2025-03-16,1076,0,1
45,2025-03-16,58,400,0
46,2025-03-16,502,0,0
47,2025-03-16,1519,0,0
48,2025-03-16,281,0,1
49,2025-03-16,44,50,0
50,2025-03-16,1607,0,0
51,2025-03-16,0,400,0
52,2025-03-16,258,200,1
53,2025-03-16,82,50,0
54,2025-03-16,212,0,0
55,2025-03-16,133,150,1
56,2025-03-16,1380,0,0
57,2025-03-16,71,200,2
58,2025-03-16,149,50,1
59,2025-03-16,447,0,0
60,2025-03-16,161,50,0
61,2025-03-16,203,50,0
62,2025-03-16,335,0,0
63,2025-03-16,24,150,0
64,2025-03-16,346,0,0
65,2025-03-16,147,100,0
66,2025-03-16,124,100,1
67,2025-03-16,322,0,1
68,2025-03-16,170,200,0
69,2025-03-16,1144,0,2
70,2025-03-16,1081,0,0
71,2025-03-16,127,50,0
72,2025-03-16,242,0,0
73,2025-03-16,567,0,0
74,2025-03-16,1310,0,0
75,2025-03-16,451,0,0
76,2025-03-16,1608,0,1
77,2025-03-16,198,0,0
78,2025-03-16,384,0,1
79,2025-03-16,260,100,0
80,2025-03-16,127,0,0
81,2025-03-16,158,100,0
82,2025-03-16,159,0,0
83,2025-03-16,672,0,1
84,2025-03-16,47,200,1
85,2025-03-16,108,0,0
86,2025-03-16,302,0,0
87,2025-03-16,801,0,0
88,2025-03-16,382,0,1
89,2025-03-16,503,0,0
90,2025-03-16,210,0,0
91,2025-03-16,342,0,1
92,2025-03-16,148,100,1
93,2025-03-16,220,200,1
94,2025-03-16,251,200,2
95,2025-03-16,10,200,0
96,2025-03-16,30,300,1
97,2025-03-16,69,100,0
98,2025-03-16,111,100,0
99,2025-03-16,1367,0,0
100,2025-03-16,213,0,1
101,2025-03-16,155,100,0
102,2025-03-16,54,200,1
103,2025-03-16,1294,0,0
104,2025-03-16,167,200,0
105,2025-03-16,477,0,0
106,2025-03-16,1691,0,0
107,2025-03-16,0,150,0
108,2025-03-16,133,200,0
109,2025-03-16,1096,0,0
110,2025-03-16,166,100,0
111,2025-03-16,475,0,2
112,2025-03-16,8,500,1
113,2025-03-16,42,100,0
114,2025-03-16,196,200,0
115,2025-03-16,12,100,0
116,2025-03-16,210,0,0
117,2025-03-16,1373,0,3
118,2025-03-16,255,0,2
119,2025-03-16,253,100,0
120,2025-03-16,612,0,0
1,2025-03-17,128,200,2
2,2025-03-17,377,0,1
3,2025-03-17,305,0,0
4,2025-03-17,427,0,0
5,2025-03-17,80,0,0
6,2025-03-17,191,200,0
7,2025-03-17,1287,0,0
8,2025-03-17,175,100,1
9,2025-03-17,180,0,0
10,2025-03-17,158,100,1
11,2025-03-17,982,0,0
12,2025-03-17,115,100,0
13,2025-03-17,865,0,0
14,2025-03-17,65,200,0
15,2025-03-17,137,0,0
16,2025-03-17,1226,0,16
17,2025-03-17,215,100,0
18,2025-03-17,937,0,1
19,2025-03-17,491,0,0
20,2025-03-17,385,0,0
21,2025-03-17,96,200,0
22,2025-03-17,176,0,0
23,2025-03-17,53,250,0
24,2025-03-17,98,200,1
25,2025-03-17,0,300,0
26,2025-03-17,1228,0,1
27,2025-03-17,1199,0,0
28,2025-03-17,285,0,0
29,2025-03-17,94,0,0
30,2025-03-17,1383,0,1
31,2025-03-17,141,0,0
32,2025-03-17,150,0,0
33,2025-03-17,187,100,0
34,2025-03-17,408,0,0
35,2025-03-17,540,0,0
36,2025-03-17,414,0,0
37,2025-03-17,143,0,0
38,2025-03-17,98,0,0
39,2025-03-17,129,50,1
40,2025-03-17,215,0,0
41,2025-03-17,160,100,1
42,2025-03-17,99,50,0
43,2025-03-17,37,100,0
44,2025-03-17,1069,0,0
45,2025-03-17,232,200,2
46,2025-03-17,491,0,0
47,2025-03-17,1504,0,2
48,2025-03-17,256,0,0
49,2025-03-17,43,50,0
50,2025-03-17,1604,0,0
51,2025-03-17,0,400,0
52,2025-03-17,241,200,1
53,2025-03-17,80,50,0
54,2025-03-17,206,0,0
55,2025-03-17,122,150,1
56,2025-03-17,1374,0,0
57,2025-03-17,61,200,0
58,2025-03-17,142,50,1
59,2025-03-17,443,0,0
60,2025-03-17,151,50,0
61,2025-03-17,181,50,2
62,2025-03-17,325,0,0
63,2025-03-17,21,150,0
64,2025-03-17,333,0,1
65,2025-03-17,137,100,0
66,2025-03-17,164,50,0
67,2025-03-17,313,0,0
68,2025-03-17,158,200,1
69,2025-03-17,1134,0,1
70,2025-03-17,1078,0,0
71,2025-03-17,155,50,0
72,2025-03-17,239,0,0
73,2025-03-17,567,0,11
74,2025-03-17,1301,0,0
75,2025-03-17,437,0,1
76,2025-03-17,1588,0,0
77,2025-03-17,198,0,2
78,2025-03-17,372,0,1
79,2025-03-17,246,100,1
80,2025-03-17,126,0,0
81,2025-03-17,186,50,1
82,2025-03-17,149,50,1
83,2025-03-17,655,0,2
84,2025-03-17,137,100,0
85,2025-03-17,106,0,0
86,2025-03-17,290,0,0
87,2025-03-17,793,0,1
88,2025-03-17,375,0,0
89,2025-03-17,500,0,0
90,2025-03-17,202,0,1
91,2025-03-17,337,0,0
92,2025-03-17,138,100,1
93,2025-03-17,203,200,1
94,2025-03-17,230,200,2
95,2025-03-17,3,200,0
96,2025-03-17,57,300,0
97,2025-03-17,62,100,0
98,2025-03-17,101,100,1
99,2025-03-17,1366,0,0
100,2025-03-17,201,0,1
101,2025-03-17,142,100,1
102,2025-03-17,46,200,0
103,2025-03-17,1292,0,0
104,2025-03-17,157,200,1
105,2025-03-17,474,0,0
106,2025-03-17,1686,0,0
107,2025-03-17,0,150,0
108,2025-03-17,125,200,0
109,2025-03-17,1089,0,0
110,2025-03-17,155,100,0
111,2025-03-17,459,0,2
112,2025-03-17,2,500,0
113,2025-03-17,40,100,0
114,2025-03-17,194,200,0
115,2025-03-17,2,200,0
116,2025-03-17,200,0,0
117,2025-03-17,1366,0,0
118,2025-03-17,250,0,0
119,2025-03-17,241,100,0
120,2025-03-17,606,0,0
1,2025-03-18,117,200,1
2,2025-03-18,371,0,0
3,2025-03-18,297,0,1
4,2025-03-18,423,0,0
5,2025-03-18,80,0,1
6,2025-03-18,177,200,2
7,2025-03-18,1285,0,0
8,2025-03-18,162,100,1
9,2025-03-18,174,0,0
10,2025-03-18,149,100,1
11,2025-03-18,974,0,0
12,2025-03-18,108,100,0
13,2025-03-18,844,0,1
14,2025-03-18,46,200,1
15,2025-03-18,130,0,0
16,2025-03-18,1221,0,0
17,2025-03-18,208,100,0
18,2025-03-18,924,0,1
19,2025-03-18,487,0,0
20,2025-03-18,368,0,2
21,2025-03-18,181,100,1
22,2025-03-18,171,0,0
23,2025-03-18,81,250,1
24,2025-03-18,76,200,1
25,2025-03-18,0,300,0
26,2025-03-18,1227,0,0
27,2025-03-18,1184,0,1
28,2025-03-18,279,0,0
29,2025-03-18,91,0,0
30,2025-03-18,1379,0,0
31,2025-03-18,136,0,0
32,2025-03-18,148,0,0
33,2025-03-18,183,100,0
34,2025-03-18,399,0,0
35,2025-03-18,538,0,0
36,2025-03-18,405,0,0
37,2025-03-18,139,0,0
38,2025-03-18,96,0,0
39,2025-03-18,117,50,0
40,2025-03-18,208,0,0
41,2025-03-18,154,100,0
42,2025-03-18,92,50,0
43,2025-03-18,29,100,1
44,2025-03-18,1066,0,0
45,2025-03-18,221,200,0
46,2025-03-18,475,0,1
47,2025-03-18,1498,0,0
48,2025-03-18,239,0,2
49,2025-03-18,42,50,0
50,2025-03-18,1601,0,0
51,2025-03-18,0,400,0
52,2025-03-18,225,200,1
53,2025-03-18,74,50,0
54,2025-03-18,199,0,0
55,2025-03-18,95,200,2
56,2025-03-18,1366,0,0
57,2025-03-18,54,200,0
58,2025-03-18,135,100,0
59,2025-03-18,441,0,0
60,2025-03-18,197,0,0
61,2025-03-18,224,50,0
62,2025-03-18,320,0,0
63,2025-03-18,71,100,1
64,2025-03-18,317,0,1
65,2025-03-18,124,200,1
66,2025-03-18,154,50,0
67,2025-03-18,310,0,0
68,2025-03-18,142,200,2
69,2025-03-18,1125,0,0
70,2025-03-18,1076,0,0
71,2025-03-18,147,50,0
72,2025-03-18,234,0,0
73,2025-03-18,567,0,8
74,2025-03-18,1294,0,0
75,2025-03-18,424,0,1
76,2025-03-18,1579,0,1
77,2025-03-18,198,0,5
78,2025-03-18,365,0,0
79,2025-03-18,228,100,2
80,2025-03-18,123,0,0
81,2025-03-18,227,50,0
82,2025-03-18,141,50,1
83,2025-03-18,648,0,0
84,2025-03-18,231,0,0
85,2025-03-18,103,0,0
86,2025-03-18,287,0,0
87,2025-03-18,781,0,1
88,2025-03-18,374,0,0
89,2025-03-18,495,0,0
90,2025-03-18,192,200,0
91,2025-03-18,324,0,0
92,2025-03-18,121,100,0
93,2025-03-18,203,200,6
94,2025-03-18,213,200,2
95,2025-03-18,0,200,0
96,2025-03-18,72,250,2
97,2025-03-18,56,100,0
98,2025-03-18,93,100,0
99,2025-03-18,1365,0,0
100,2025-03-18,195,0,0
101,2025-03-18,114,150,3
102,2025-03-18,34,200,1
103,2025-03-18,1288,0,0
104,2025-03-18,148,200,0
105,2025-03-18,472,0,0
106,2025-03-18,1682,0,0
107,2025-03-18,42,100,0
108,2025-03-18,119,200,0
109,2025-03-18,1082,0,0
110,2025-03-18,144,100,1
111,2025-03-18,444,0,1
112,2025-03-18,0,500,0
113,2025-03-18,38,100,0
114,2025-03-18,184,200,0
115,2025-03-18,0,200,0
116,2025-03-18,192,0,0
117,2025-03-18,1343,0,2
118,2025-03-18,241,0,1
119,2025-03-18,219,100,2
120,2025-03-18,600,0,0
1,2025-03-19,110,200,0
2,2025-03-19,357,0,2
3,2025-03-19,277,50,2
4,2025-03-19,422,0,0
5,2025-03-19,78,0,0
6,2025-03-19,158,200,1
7,2025-03-19,1283,0,0
8,2025-03-19,151,100,1
9,2025-03-19,168,0,0
10,2025-03-19,139,100,1
11,2025-03-19,961,0,1
12,2025-03-19,94,150,1
13,2025-03-19,829,0,1
14,2025-03-19,33,250,1
15,2025-03-19,126,0,0
16,2025-03-19,1214,0,0
17,2025-03-19,198,100,0
18,2025-03-19,913,0,1
19,2025-03-19,482,0,0
20,2025-03-19,346,0,3
21,2025-03-19,279,0,0
22,2025-03-19,167,0,0
23,2025-03-19,71,250,0
24,2025-03-19,66,300,1
25,2025-03-19,0,300,0
26,2025-03-19,1213,0,1
27,2025-03-19,1172,0,1
28,2025-03-19,279,0,6
29,2025-03-19,90,0,0
30,2025-03-19,1365,0,1
31,2025-03-19,136,0,1
32,2025-03-19,143,0,0
33,2025-03-19,272,0,0
34,2025-03-19,389,0,1
35,2025-03-19,536,0,0
36,2025-03-19,405,0,9
37,2025-03-19,136,0,0
38,2025-03-19,91,0,0
39,2025-03-19,105,100,0
40,2025-03-19,201,0,0
41,2025-03-19,145,100,0
42,2025-03-19,89,50,0
43,2025-03-19,26,100,0
44,2025-03-19,1059,0,0
45,2025-03-19,321,0,0
46,2025-03-19,467,0,1
47,2025-03-19,1494,0,0
48,2025-03-19,233,0,0
49,2025-03-19,40,50,0
50,2025-03-19,1592,0,0
51,2025-03-19,0,400,0
52,2025-03-19,219,200,0
53,2025-03-19,68,50,0
54,2025-03-19,189,0,1
55,2025-03-19,137,150,0
56,2025-03-19,1361,0,0
57,2025-03-19,90,200,1
58,2025-03-19,119,100,1
59,2025-03-19,439,0,0
60,2025-03-19,195,0,0
61,2025-03-19,211,50,0
62,2025-03-19,309,0,1
63,2025-03-19,65,100,0
64,2025-03-19,307,0,1
65,2025-03-19,108,200,1
66,2025-03-19,142,50,1
67,2025-03-19,305,0,0
68,2025-03-19,130,200,1
69,2025-03-19,1119,0,0
70,2025-03-19,1072,0,0
71,2025-03-19,140,50,0
72,2025-03-19,230,0,0
73,2025-03-19,565,0,0
74,2025-03-19,1287,0,0
75,2025-03-19,404,0,2
76,2025-03-19,1563,0,2
77,2025-03-19,197,0,0
78,2025-03-19,348,0,0
79,2025-03-19,211,100,1
80,2025-03-19,121,0,0
81,2025-03-19,217,50,1
82,2025-03-19,134,50,1
83,2025-03-19,637,0,1
84,2025-03-19,224,0,0
85,2025-03-19,101,0,0
86,2025-03-19,273,0,1
87,2025-03-19,774,0,1
88,2025-03-19,369,0,0
89,2025-03-19,490,0,0
90,2025-03-19,182,200,1
91,2025-03-19,310,0,1
92,2025-03-19,209,100,1
93,2025-03-19,181,200,1
94,2025-03-19,198,200,1
95,2025-03-19,0,200,0
96,2025-03-19,54,300,0
97,2025-03-19,50,100,0
98,2025-03-19,185,0,0
99,2025-03-19,1362,0,0
100,2025-03-19,188,0,0
101,2025-03-19,104,150,1
102,2025-03-19,26,200,0
103,2025-03-19,1286,0,0
104,2025-03-19,142,200,0
105,2025-03-19,471,0,0
106,2025-03-19,1680,0,0
107,2025-03-19,37,100,0
108,2025-03-19,112,200,0
109,2025-03-19,1074,0,0
110,2025-03-19,142,100,0
111,2025-03-19,423,0,2
112,2025-03-19,0,500,0
113,2025-03-19,36,100,0
114,2025-03-19,162,200,2
115,2025-03-19,0,200,0
116,2025-03-19,179,0,0
117,2025-03-19,1334,0,0
118,2025-03-19,229,0,1
119,2025-03-19,215,100,0
120,2025-03-19,595,0,0
1,2025-03-20,104,200,0
2,2025-03-20,346,0,0
3,2025-03-20,264,50,1
4,2025-03-20,419,0,0
5,2025-03-20,78,0,1
6,2025-03-20,143,200,2
7,2025-03-20,1283,0,15
8,2025-03-20,139,200,1
9,2025-03-20,164,0,0
10,2025-03-20,135,100,0
11,2025-03-20,949,0,1
12,2025-03-20,91,150,0
13,2025-03-20,818,0,1
14,2025-03-20,16,250,2
15,2025-03-20,123,0,0
16,2025-03-20,1210,0,0
17,2025-03-20,189,100,0
18,2025-03-20,900,0,1
19,2025-03-20,477,0,0
20,2025-03-20,340,0,0
21,2025-03-20,271,0,0
22,2025-03-20,164,0,0
23,2025-03-20,106,200,0
24,2025-03-20,157,200,1
25,2025-03-20,0,300,0
26,2025-03-20,1202,0,1
27,2025-03-20,1166,0,0
28,2025-03-20,266,0,1
29,2025-03-20,87,0,0
30,2025-03-20,1350,0,1
31,2025-03-20,136,0,1
32,2025-03-20,141,0,0
33,2025-03-20,264,0,1
34,2025-03-20,376,0,1
35,2025-03-20,534,0,0
36,2025-03-20,403,0,0
37,2025-03-20,133,0,0
38,2025-03-20,85,0,0
39,2025-03-20,95,100,0
40,2025-03-20,189,100,1
41,2025-03-20,135,100,0
42,2025-03-20,89,50,2
43,2025-03-20,21,100,0
44,2025-03-20,1054,0,0
45,2025-03-20,308,0,1
46,2025-03-20,448,0,2
47,2025-03-20,1486,0,0
48,2025-03-20,225,0,0
49,2025-03-20,38,50,0
50,2025-03-20,1589,0,0
51,2025-03-20,0,400,0
52,2025-03-20,201,200,2
53,2025-03-20,65,50,0
54,2025-03-20,185,0,0
55,2025-03-20,120,150,1
56,2025-03-20,1356,0,0
57,2025-03-20,77,200,1
58,2025-03-20,114,100,0
59,2025-03-20,438,0,0
60,2025-03-20,186,0,0
61,2025-03-20,201,50,0
62,2025-03-20,301,0,1
63,2025-03-20,55,100,0
64,2025-03-20,300,0,0
65,2025-03-20,97,200,1
66,2025-03-20,128,50,1
67,2025-03-20,303,0,0
68,2025-03-20,121,200,1
69,2025-03-20,1115,0,0
70,2025-03-20,1067,0,0
71,2025-03-20,140,50,1
72,2025-03-20,224,0,0
73,2025-03-20,564,0,0
74,2025-03-20,1283,0,0
75,2025-03-20,388,0,0
76,2025-03-20,1554,0,0
77,2025-03-20,195,0,0
78,2025-03-20,328,0,1
79,2025-03-20,196,100,0
80,2025-03-20,118,0,0
81,2025-03-20,206,50,1
82,2025-03-20,127,50,0
83,2025-03-20,630,0,0
84,2025-03-20,208,0,0
85,2025-03-20,97,0,0
86,2025-03-20,263,0,1
87,2025-03-20,767,0,0
88,2025-03-20,365,0,0
89,2025-03-20,484,0,0
90,2025-03-20,169,200,1
91,2025-03-20,308,0,0
92,2025-03-20,196,100,0
93,2025-03-20,167,200,0
94,2025-03-20,187,200,0
95,2025-03-20,0,200,0
96,2025-03-20,35,300,0
97,2025-03-20,44,100,0
98,2025-03-20,178,0,0
99,2025-03-20,1359,0,0
100,2025-03-20,181,0,0
101,2025-03-20,98,150,0
102,2025-03-20,16,200,1
103,2025-03-20,1283,0,0
104,2025-03-20,339,0,0
105,2025-03-20,468,0,0
106,2025-03-20,1679,0,0
107,2025-03-20,36,100,0
108,2025-03-20,104,200,0
109,2025-03-20,1067,0,0
110,2025-03-20,130,100,1
111,2025-03-20,418,0,0
112,2025-03-20,0,500,0
113,2025-03-20,33,100,0
114,2025-03-20,161,200,0
115,2025-03-20,0,200,0
116,2025-03-20,176,200,0
117,2025-03-20,1321,0,1
118,2025-03-20,216,0,1
119,2025-03-20,200,100,0
120,2025-03-20,589,0,0
1,2025-03-21,96,200,1
2,2025-03-21,329,0,2
3,2025-03-21,247,50,2
4,2025-03-21,419,0,8
5,2025-03-21,77,0,0
6,2025-03-21,136,200,1
7,2025-03-21,1280,0,0
8,2025-03-21,123,200,1
9,2025-03-21,159,0,0
10,2025-03-21,129,100,0
11,2025-03-21,940,0,0
12,2025-03-21,90,150,0
13,2025-03-21,813,0,0
14,2025-03-21,1,300,0
15,2025-03-21,117,0,0
16,2025-03-21,1206,0,0
17,2025-03-21,179,100,0
18,2025-03-21,884,0,1
19,2025-03-21,476,0,0
20,2025-03-21,335,0,0
21,2025-03-21,250,0,2
22,2025-03-21,162,0,0
23,2025-03-21,144,200,1
24,2025-03-21,147,200,0
25,2025-03-21,0,300,0
26,2025-03-21,1197,0,0
27,2025-03-21,1153,0,1
28,2025-03-21,255,0,0
29,2025-03-21,85,0,0
30,2025-03-21,1341,0,1
31,2025-03-21,134,0,0
32,2025-03-21,138,0,0
33,2025-03-21,258,0,0
34,2025-03-21,371,0,0
35,2025-03-21,533,0,0
36,2025-03-21,396,0,0
37,2025-03-21,130,0,0
38,2025-03-21,82,0,0
39,2025-03-21,83,100,1
40,2025-03-21,182,100,0
41,2025-03-21,122,100,1
42,2025-03-21,85,50,0
43,2025-03-21,116,100,0
44,2025-03-21,1049,0,0
45,2025-03-21,297,0,0
46,2025-03-21,438,0,1
47,2025-03-21,1479,0,0
48,2025-03-21,225,0,6
49,2025-03-21,35,50,0
50,2025-03-21,1584,0,0
51,2025-03-21,0,400,0
52,2025-03-21,176,200,0
53,2025-03-21,59,50,0
54,2025-03-21,178,0,0
55,2025-03-21,105,200,1
56,2025-03-21,1346,0,0
57,2025-03-21,64,250,0
58,2025-03-21,108,100,0
59,2025-03-21,435,0,0
60,2025-03-21,176,50,0
61,2025-03-21,192,50,1
62,2025-03-21,291,0,0
63,2025-03-21,42,100,1
64,2025-03-21,282,200,2
65,2025-03-21,84,200,1
66,2025-03-21,168,50,1
67,2025-03-21,298,0,0
68,2025-03-21,112,200,0
69,2025-03-21,1108,0,0
70,2025-03-21,1063,0,0
71,2025-03-21,134,50,0
72,2025-03-21,219,0,0
73,2025-03-21,561,0,0
74,2025-03-21,1279,0,0
75,2025-03-21,379,0,0
76,2025-03-21,1541,0,1
77,2025-03-21,194,0,0
78,2025-03-21,316,0,0
79,2025-03-21,189,100,0
80,2025-03-21,116,0,0
81,2025-03-21,187,100,2
82,2025-03-21,122,50,0
83,2025-03-21,624,0,0
84,2025-03-21,195,0,0
85,2025-03-21,94,0,0
86,2025-03-21,254,0,0
87,2025-03-21,766,0,0
88,2025-03-21,362,0,0
89,2025-03-21,482,0,0
90,2025-03-21,158,200,1
91,2025-03-21,289,0,2
92,2025-03-21,184,100,0
93,2025-03-21,142,200,2
94,2025-03-21,175,200,1
95,2025-03-21,0,200,0
96,2025-03-21,21,300,1
97,2025-03-21,39,100,0
98,2025-03-21,169,0,0
99,2025-03-21,1357,0,0
100,2025-03-21,180,0,0
101,2025-03-21,98,150,1
102,2025-03-21,4,200,1
103,2025-03-21,1281,0,0
104,2025-03-21,333,0,0
105,2025-03-21,465,0,0
106,2025-03-21,1673,0,0
107,2025-03-21,34,100,0
108,2025-03-21,95,200,1
109,2025-03-21,1056,0,0
110,2025-03-21,116,100,1
111,2025-03-21,405,0,1
112,2025-03-21,0,500,0
113,2025-03-21,30,100,0
114,2025-03-21,151,200,0
115,2025-03-21,0,200,0
116,2025-03-21,167,200,0
117,2025-03-21,1304,0,1
118,2025-03-21,197,200,1
119,2025-03-21,186,200,2
120,2025-03-21,582,0,0
1,2025-03-22,77,200,1
2,2025-03-22,307,0,1
3,2025-03-22,246,50,0
4,2025-03-22,416,0,0
5,2025-03-22,74,0,0
6,2025-03-22,107,400,3
7,2025-03-22,1277,0,0
8,2025-03-22,99,200,1
9,2025-03-22,156,0,0
10,2025-03-22,125,100,0
11,2025-03-22,933,0,0
12,2025-03-22,123,100,1
13,2025-03-22,796,0,2
14,2025-03-22,15,250,2
15,2025-03-22,115,0,0
16,2025-03-22,1196,0,1
17,2025-03-22,165,100,1
18,2025-03-22,874,0,0
19,2025-03-22,470,0,0
20,2025-03-22,319,0,1
21,2025-03-22,234,0,1
22,2025-03-22,156,0,0
23,2025-03-22,123,200,1
24,2025-03-22,132,200,1
25,2025-03-22,76,300,3
26,2025-03-22,1191,0,0
27,2025-03-22,1131,0,2
28,2025-03-22,246,0,0
29,2025-03-22,83,0,0
30,2025-03-22,1336,0,0
31,2025-03-22,128,0,0
32,2025-03-22,135,0,0
33,2025-03-22,242,0,2
34,2025-03-22,364,0,0
35,2025-03-22,530,0,0
36,2025-03-22,389,0,0
37,2025-03-22,129,0,0
38,2025-03-22,80,0,0
39,2025-03-22,73,150,1
40,2025-03-22,174,100,0
41,2025-03-22,110,100,1
42,2025-03-22,133,0,0
43,2025-03-22,111,100,0
44,2025-03-22,1045,0,0
45,2025-03-22,297,0,8
46,2025-03-22,418,0,1
47,2025-03-22,1473,0,0
48,2025-03-22,209,500,1
49,2025-03-22,84,0,0
50,2025-03-22,1577,0,0
51,2025-03-22,0,400,0
52,2025-03-22,152,200,2
53,2025-03-22,53,50,0
54,2025-03-22,166,0,1
55,2025-03-22,193,100,1
56,2025-03-22,1339,0,0
57,2025-03-22,64,250,0
58,2025-03-22,101,100,0
59,2025-03-22,432,0,0
60,2025-03-22,165,50,1
61,2025-03-22,170,50,1
62,2025-03-22,290,0,0
63,2025-03-22,34,100,0
64,2025-03-22,269,200,0
65,2025-03-22,72,200,1
66,2025-03-22,158,100,1
67,2025-03-22,290,0,0
68,2025-03-22,105,200,0
69,2025-03-22,1101,0,1
70,2025-03-22,1060,0,0
71,2025-03-22,132,50,0
72,2025-03-22,214,0,0
73,2025-03-22,559,0,0
74,2025-03-22,1279,0,31
75,2025-03-22,357,0,3
76,2025-03-22,1528,0,1
77,2025-03-22,194,0,4
78,2025-03-22,301,0,1
79,2025-03-22,175,200,1
80,2025-03-22,114,0,0
81,2025-03-22,174,100,1
82,2025-03-22,117,100,0
83,2025-03-22,613,0,1
84,2025-03-22,189,0,0
85,2025-03-22,92,0,0
86,2025-03-22,246,0,0
87,2025-03-22,763,0,0
88,2025-03-22,354,0,0
89,2025-03-22,477,0,0
90,2025-03-22,142,200,1
91,2025-03-22,271,0,0
92,2025-03-22,163,100,2
93,2025-03-22,129,200,1
94,2025-03-22,365,0,0
95,2025-03-22,88,100,1
96,2025-03-22,8,300,1
97,2025-03-22,33,100,0
98,2025-03-22,157,100,1
99,2025-03-22,1353,0,0
100,2025-03-22,171,0,1
101,2025-03-22,135,100,1
102,2025-03-22,96,200,1
103,2025-03-22,1276,0,0
104,2025-03-22,319,0,1
105,2025-03-22,461,0,0
106,2025-03-22,1670,0,0
107,2025-03-22,29,100,0
108,2025-03-22,87,200,0
109,2025-03-22,1055,0,0
110,2025-03-22,100,100,1
111,2025-03-22,384,0,2
112,2025-03-22,0,500,0
113,2025-03-22,28,100,0
114,2025-03-22,139,200,1
115,2025-03-22,0,200,0
116,2025-03-22,160,200,0
117,2025-03-22,1288,0,1
118,2025-03-22,195,200,0
119,2025-03-22,175,200,1
120,2025-03-22,575,0,0
1,2025-03-23,70,200,0
2,2025-03-23,283,0,2
3,2025-03-23,221,50,2
4,2025-03-23,413,0,0
5,2025-03-23,70,0,0
6,2025-03-23,98,400,1
7,2025-03-23,1276,0,0
8,2025-03-23,78,200,0
9,2025-03-23,148,0,0
10,2025-03-23,111,100,1
11,2025-03-23,925,0,0
12,2025-03-23,112,100,0
13,2025-03-23,779,0,2
14,2025-03-23,1,300,0
15,2025-03-23,108,0,0
16,2025-03-23,1191,0,0
17,2025-03-23,155,100,1
18,2025-03-23,860,0,1
19,2025-03-23,464,0,0
20,2025-03-23,305,0,1
21,2025-03-23,216,100,2
22,2025-03-23,149,0,0
23,2025-03-23,111,200,0
24,2025-03-23,119,200,0
25,2025-03-23,57,300,0
26,2025-03-23,1179,0,1
27,2025-03-23,1114,0,1
28,2025-03-23,240,200,0
29,2025-03-23,81,0,0
30,2025-03-23,1322,0,0
31,2025-03-23,126,0,0
32,2025-03-23,133,0,0
33,2025-03-23,233,0,1
34,2025-03-23,353,0,0
35,2025-03-23,528,0,0
36,2025-03-23,384,0,0
37,2025-03-23,126,0,0
38,2025-03-23,75,100,0
39,2025-03-23,64,150,0
40,2025-03-23,162,100,1
41,2025-03-23,97,100,0
42,2025-03-23,124,0,0
43,2025-03-23,100,100,1
44,2025-03-23,1043,0,0
45,2025-03-23,282,0,1
46,2025-03-23,398,0,2
47,2025-03-23,1454,0,2
48,2025-03-23,196,500,1
49,2025-03-23,83,0,0
50,2025-03-23,1574,0,0
51,2025-03-23,191,200,1
52,2025-03-23,134,200,2
53,2025-03-23,50,50,0
54,2025-03-23,166,0,2
55,2025-03-23,184,100,0
56,2025-03-23,1333,0,0
57,2025-03-23,61,250,0
58,2025-03-23,95,100,0
59,2025-03-23,426,0,0
60,2025-03-23,156,50,1
61,2025-03-23,160,100,0
62,2025-03-23,280,0,0
63,2025-03-23,25,150,0
64,2025-03-23,236,200,2
65,2025-03-23,55,200,1
66,2025-03-23,146,100,0
67,2025-03-23,289,0,0
68,2025-03-23,97,200,0
69,2025-03-23,1093,0,0
70,2025-03-23,1056,0,0
71,2025-03-23,123,100,0
72,2025-03-23,214,0,6
73,2025-03-23,559,0,6
74,2025-03-23,1271,0,0
75,2025-03-23,342,0,2
76,2025-03-23,1517,0,1
77,2025-03-23,192,0,0
78,2025-03-23,280,0,2
79,2025-03-23,209,200,2
80,2025-03-23,113,0,0
81,2025-03-23,148,100,2
82,2025-03-23,110,100,0
83,2025-03-23,602,0,0
84,2025-03-23,183,0,0
85,2025-03-23,91,0,0
86,2025-03-23,242,0,0
87,2025-03-23,761,0,0
88,2025-03-23,354,0,5
89,2025-03-23,473,0,0
90,2025-03-23,125,200,2
91,2025-03-23,264,0,0
92,2025-03-23,141,100,1
93,2025-03-23,104,400,1
94,2025-03-23,351,0,1
95,2025-03-23,181,0,0
96,2025-03-23,0,300,0
97,2025-03-23,77,100,0
98,2025-03-23,148,100,1
99,2025-03-23,1350,0,0
100,2025-03-23,160,0,0
101,2025-03-23,169,50,1
102,2025-03-23,83,200,1
103,2025-03-23,1273,0,0
104,2025-03-23,307,0,1
105,2025-03-23,457,0,0
106,2025-03-23,1665,0,0
107,2025-03-23,24,100,0
108,2025-03-23,276,0,1
109,2025-03-23,1043,0,1
110,2025-03-23,94,100,0
111,2025-03-23,377,0,0
112,2025-03-23,0,500,0
113,2025-03-23,126,0,0
114,2025-03-23,319,0,1
115,2025-03-23,0,200,0
116,2025-03-23,155,200,0
117,2025-03-23,1283,0,0
118,2025-03-23,185,200,0
119,2025-03-23,158,200,1
120,2025-03-23,564,0,1
1,2025-03-24,50,300,1
2,2025-03-24,272,200,1
3,2025-03-24,211,100,0
4,2025-03-24,411,0,0
5,2025-03-24,66,0,0
6,2025-03-24,78,400,1
7,2025-03-24,1275,0,0
8,2025-03-24,145,200,0
9,2025-03-24,140,0,1
10,2025-03-24,102,100,1
11,2025-03-24,916,0,0
12,2025-03-24,106,100,0
13,2025-03-24,759,0,2
14,2025-03-24,0,300,0
15,2025-03-24,105,0,0
16,2025-03-24,1185,0,0
17,2025-03-24,249,0,0
18,2025-03-24,839,0,1
19,2025-03-24,459,0,0
20,2025-03-24,291,0,1
21,2025-03-24,211,100,0
22,2025-03-24,147,0,0
23,2025-03-24,102,200,0
24,2025-03-24,192,100,0
25,2025-03-24,43,300,0
26,2025-03-24,1176,0,0
27,2025-03-24,1106,0,0
28,2025-03-24,232,200,1
29,2025-03-24,78,0,0
30,2025-03-24,1315,0,0
31,2025-03-24,121,0,0
32,2025-03-24,130,0,0
33,2025-03-24,229,0,0
34,2025-03-24,344,0,1
35,2025-03-24,524,0,0
36,2025-03-24,380,0,0
37,2025-03-24,123,0,0
38,2025-03-24,71,100,0
39,2025-03-24,106,100,0
40,2025-03-24,237,0,1
41,2025-03-24,185,100,0
42,2025-03-24,120,50,0
43,2025-03-24,96,100,0
44,2025-03-24,1041,0,0
45,2025-03-24,281,200,0
46,2025-03-24,383,0,1
47,2025-03-24,1446,0,1
48,2025-03-24,181,500,0
49,2025-03-24,80,0,0
50,2025-03-24,1571,0,0
51,2025-03-24,175,200,1
52,2025-03-24,322,0,0
53,2025-03-24,46,50,0
54,2025-03-24,159,200,0
55,2025-03-24,163,150,2
56,2025-03-24,1331,0,0
57,2025-03-24,99,200,0
58,2025-03-24,90,100,0
59,2025-03-24,424,0,0
60,2025-03-24,149,50,0
61,2025-03-24,149,100,1
62,2025-03-24,267,0,0
63,2025-03-24,13,150,1
64,2025-03-24,219,200,2
65,2025-03-24,48,200,0
66,2025-03-24,138,100,0
67,2025-03-24,281,0,0
68,2025-03-24,288,0,0
69,2025-03-24,1085,0,0
70,2025-03-24,1053,0,0
71,2025-03-24,114,100,1
72,2025-03-24,208,0,0
73,2025-03-24,558,0,0
74,2025-03-24,1262,0,0
75,2025-03-24,324,0,2
76,2025-03-24,1511,0,0
77,2025-03-24,191,0,0
78,2025-03-24,270,0,1
79,2025-03-24,195,200,1
80,2025-03-24,113,0,1
81,2025-03-24,134,100,1
82,2025-03-24,153,50,0
83,2025-03-24,592,0,1
84,2025-03-24,174,0,0
85,2025-03-24,89,0,0
86,2025-03-24,232,0,0
87,2025-03-24,755,0,0
88,2025-03-24,350,0,0
89,2025-03-24,469,0,0
90,2025-03-24,117,200,0
91,2025-03-24,249,100,0
92,2025-03-24,124,200,1
93,2025-03-24,88,400,2
94,2025-03-24,317,0,4
95,2025-03-24,175,0,0
96,2025-03-24,0,300,0
97,2025-03-24,72,100,0
98,2025-03-24,138,100,1
99,2025-03-24,1348,0,0
100,2025-03-24,157,0,0
101,2025-03-24,159,100,0
102,2025-03-24,180,100,0
103,2025-03-24,1268,0,0
104,2025-03-24,291,0,2
105,2025-03-24,455,0,0
106,2025-03-24,1661,0,0
107,2025-03-24,19,100,0
108,2025-03-24,269,0,0
109,2025-03-24,1034,0,0
110,2025-03-24,86,100,0
111,2025-03-24,361,0,2
112,2025-03-24,0,500,0
113,2025-03-24,123,0,0
114,2025-03-24,307,0,0
115,2025-03-24,0,200,0
116,2025-03-24,151,200,0
117,2025-03-24,1277,0,0
118,2025-03-24,177,200,0
119,2025-03-24,145,200,1
120,2025-03-24,561,0,0
1,2025-03-25,35,300,0
2,2025-03-25,450,0,3
3,2025-03-25,243,100,0
4,2025-03-25,409,0,0
5,2025-03-25,65,0,0
6,2025-03-25,61,400,1
7,2025-03-25,1271,0,0
8,2025-03-25,130,200,2
9,2025-03-25,133,0,0
10,2025-03-25,94,200,0
11,2025-03-25,908,0,0
12,2025-03-25,101,100,0
13,2025-03-25,740,0,2
14,2025-03-25,0,300,0
15,2025-03-25,101,0,0
16,2025-03-25,1179,0,0
17,2025-03-25,240,0,0
18,2025-03-25,833,0,0
19,2025-03-25,454,0,0
20,2025-03-25,277,0,2
21,2025-03-25,200,100,1
22,2025-03-25,145,0,0
23,2025-03-25,97,200,0
24,2025-03-25,175,200,2
25,2025-03-25,27,300,1
26,2025-03-25,1175,0,0
27,2025-03-25,1090,0,1
28,2025-03-25,216,200,1
29,2025-03-25,76,0,0
30,2025-03-25,1295,0,2
31,2025-03-25,118,0,0
32,2025-03-25,130,0,1
33,2025-03-25,219,0,1
34,2025-03-25,336,0,0
35,2025-03-25,522,0,0
36,2025-03-25,373,0,1
37,2025-03-25,122,0,0
38,2025-03-25,166,0,0
39,2025-03-25,102,100,0
40,2025-03-25,231,0,0
41,2025-03-25,177,100,1
42,2025-03-25,114,50,0
43,2025-03-25,91,100,0
44,2025-03-25,1039,0,0
45,2025-03-25,272,200,1
46,2025-03-25,375,0,1
47,2025-03-25,1438,0,0
48,2025-03-25,166,500,2
49,2025-03-25,78,0,0
50,2025-03-25,1566,0,0
51,2025-03-25,157,200,2
52,2025-03-25,312,0,1
53,2025-03-25,42,100,0
54,2025-03-25,145,200,1
55,2025-03-25,192,100,2
56,2025-03-25,1329,0,0
57,2025-03-25,136,150,1
58,2025-03-25,82,150,0
59,2025-03-25,420,0,0
60,2025-03-25,144,50,0
61,2025-03-25,141,150,1
62,2025-03-25,262,0,0
63,2025-03-25,58,100,0
64,2025-03-25,402,0,1
65,2025-03-25,43,200,0
66,2025-03-25,132,100,0
67,2025-03-25,277,0,0
68,2025-03-25,273,0,1
69,2025-03-25,1071,0,1
70,2025-03-25,1050,0,0
71,2025-03-25,107,100,0
72,2025-03-25,202,0,0
73,2025-03-25,555,0,0
74,2025-03-25,1253,0,0
75,2025-03-25,316,0,0
76,2025-03-25,1509,0,0
77,2025-03-25,190,0,0
78,2025-03-25,257,200,1
79,2025-03-25,184,200,0
80,2025-03-25,111,0,0
81,2025-03-25,126,100,0
82,2025-03-25,149,50,0
83,2025-03-25,586,0,0
84,2025-03-25,158,100,1
85,2025-03-25,85,0,0
86,2025-03-25,218,0,0
87,2025-03-25,748,0,0
88,2025-03-25,344,0,0
89,2025-03-25,462,0,0
90,2025-03-25,108,200,1
91,2025-03-25,236,100,1
92,2025-03-25,114,200,1
93,2025-03-25,88,400,2
94,2025-03-25,292,0,3
95,2025-03-25,156,0,1
96,2025-03-25,0,300,0
97,2025-03-25,67,100,0
98,2025-03-25,129,100,0
99,2025-03-25,1346,0,0
100,2025-03-25,148,100,0
101,2025-03-25,156,100,0
102,2025-03-25,170,100,0
103,2025-03-25,1265,0,0
104,2025-03-25,280,0,1
105,2025-03-25,450,0,0
106,2025-03-25,1658,0,0
107,2025-03-25,16,100,0
108,2025-03-25,262,0,0
109,2025-03-25,1022,0,1
110,2025-03-25,86,200,1
111,2025-03-25,344,0,1
112,2025-03-25,0,500,0
113,2025-03-25,121,0,0
114,2025-03-25,304,0,0
115,2025-03-25,96,100,0
116,2025-03-25,139,200,0
117,2025-03-25,1265,0,1
118,2025-03-25,169,200,0
119,2025-03-25,133,200,1
120,2025-03-25,555,0,0
1,2025-03-26,122,200,1
2,2025-03-26,438,0,1
3,2025-03-26,223,100,2
4,2025-03-26,408,0,0
5,2025-03-26,61,0,0
6,2025-03-26,250,200,1
7,2025-03-26,1267,0,0
8,2025-03-26,111,200,0
9,2025-03-26,128,0,0
10,2025-03-26,87,200,1
11,2025-03-26,904,0,0
12,2025-03-26,97,100,0
13,2025-03-26,713,0,3
14,2025-03-26,0,300,0
15,2025-03-26,99,0,0
16,2025-03-26,1175,0,0
17,2025-03-26,229,0,1
18,2025-03-26,823,0,0
19,2025-03-26,454,0,6
20,2025-03-26,257,200,0
21,2025-03-26,186,100,1
22,2025-03-26,139,0,0
23,2025-03-26,78,200,0
24,2025-03-26,173,200,0
25,2025-03-26,10,300,2
26,2025-03-26,1167,0,1
27,2025-03-26,1080,0,1
28,2025-03-26,206,200,0
29,2025-03-26,74,0,0
30,2025-03-26,1288,0,0
31,2025-03-26,115,0,0
32,2025-03-26,126,0,0
33,2025-03-26,209,0,1
34,2025-03-26,331,0,0
35,2025-03-26,518,0,0
36,2025-03-26,366,0,0
37,2025-03-26,119,0,0
38,2025-03-26,163,0,0
39,2025-03-26,94,100,0
40,2025-03-26,224,0,0
41,2025-03-26,177,100,4
42,2025-03-26,110,50,0
43,2025-03-26,86,100,0
44,2025-03-26,1035,0,0
45,2025-03-26,251,200,3
46,2025-03-26,363,0,0
47,2025-03-26,1431,0,1
48,2025-03-26,154,500,1
49,2025-03-26,77,0,0
50,2025-03-26,1562,0,0
51,2025-03-26,147,200,0
52,2025-03-26,300,0,1
53,2025-03-26,87,50,0
54,2025-03-26,139,200,0
55,2025-03-26,175,150,2
56,2025-03-26,1327,0,0
57,2025-03-26,134,150,0
58,2025-03-26,108,100,0
59,2025-03-26,418,0,0
60,2025-03-26,128,100,1
61,2025-03-26,130,150,1
62,2025-03-26,258,0,0
63,2025-03-26,50,100,0
64,2025-03-26,382,0,1
65,2025-03-26,36,200,0
66,2025-03-26,168,50,1
67,2025-03-26,269,0,1
68,2025-03-26,260,0,1
69,2025-03-26,1060,0,1
70,2025-03-26,1046,0,0
71,2025-03-26,101,100,0
72,2025-03-26,191,0,0
73,2025-03-26,553,0,0
74,2025-03-26,1243,0,0
75,2025-03-26,305,0,0
76,2025-03-26,1500,0,1
77,2025-03-26,187,0,0
78,2025-03-26,245,200,0
79,2025-03-26,171,200,0
80,2025-03-26,108,0,0
81,2025-03-26,155,100,1
82,2025-03-26,187,0,0
83,2025-03-26,570,0,2
84,2025-03-26,144,100,0
85,2025-03-26,84,0,0
86,2025-03-26,208,0,0
87,2025-03-26,742,0,0
88,2025-03-26,340,0,0
89,2025-03-26,457,0,0
90,2025-03-26,100,200,0
91,2025-03-26,213,100,2
92,2025-03-26,206,100,1
93,2025-03-26,71,400,1
94,2025-03-26,268,200,3
95,2025-03-26,148,100,1
96,2025-03-26,0,300,0
97,2025-03-26,60,100,0
98,2025-03-26,120,100,0
99,2025-03-26,1343,0,0
100,2025-03-26,139,100,1
101,2025-03-26,146,100,1
102,2025-03-26,262,0,1
103,2025-03-26,1262,0,0
104,2025-03-26,260,0,1
105,2025-03-26,445,0,0
106,2025-03-26,1653,0,0
107,2025-03-26,11,150,0
108,2025-03-26,262,0,2
109,2025-03-26,1020,0,0
110,2025-03-26,176,100,1
111,2025-03-26,339,0,0
112,2025-03-26,0,500,0
113,2025-03-26,119,0,0
114,2025-03-26,294,0,1
115,2025-03-26,186,0,1
116,2025-03-26,132,200,0
117,2025-03-26,1250,0,2
118,2025-03-26,158,200,1
119,2025-03-26,212,100,1
120,2025-03-26,548,0,0
1,2025-03-27,209,100,1
2,2025-03-27,423,0,1
3,2025-03-27,264,50,0
4,2025-03-27,401,0,0
5,2025-03-27,59,50,0
6,2025-03-27,238,200,0
7,2025-03-27,1265,0,0
8,2025-03-27,101,200,0
9,2025-03-27,125,0,0
10,2025-03-27,180,100,0
11,2025-03-27,900,0,0
12,2025-03-27,92,100,0
13,2025-03-27,688,0,2
14,2025-03-27,0,300,0
15,2025-03-27,94,0,0
16,2025-03-27,1166,0,0
17,2025-03-27,210,0,2
18,2025-03-27,818,0,0
19,2025-03-27,452,0,0
20,2025-03-27,249,200,0
21,2025-03-27,176,100,0
22,2025-03-27,136,0,0
23,2025-03-27,66,250,1
24,2025-03-27,159,200,1
25,2025-03-27,0,300,0
26,2025-03-27,1163,0,0
27,2025-03-27,1074,0,0
28,2025-03-27,198,200,0
29,2025-03-27,73,0,0
30,2025-03-27,1279,0,1
31,2025-03-27,113,0,0
32,2025-03-27,124,0,0
33,2025-03-27,205,0,0
34,2025-03-27,324,0,0
35,2025-03-27,517,0,0
36,2025-03-27,363,0,0
37,2025-03-27,118,0,0
38,2025-03-27,160,0,0
39,2025-03-27,90,100,0
40,2025-03-27,212,100,0
41,2025-03-27,166,100,0
42,2025-03-27,145,0,0
43,2025-03-27,82,100,0
44,2025-03-27,1030,0,0
45,2025-03-27,234,200,0
46,2025-03-27,348,0,1
47,2025-03-27,1418,0,1
48,2025-03-27,141,500,0
49,2025-03-27,74,0,0
50,2025-03-27,1558,0,0
51,2025-03-27,134,200,1
52,2025-03-27,292,200,0
53,2025-03-27,125,0,0
54,2025-03-27,130,200,0
55,2025-03-27,162,150,0
56,2025-03-27,1319,0,1
57,2025-03-27,118,150,1
58,2025-03-27,105,100,0
59,2025-03-27,417,0,0
60,2025-03-27,119,100,1
61,2025-03-27,173,100,0
62,2025-03-27,242,0,2
63,2025-03-27,73,100,0
64,2025-03-27,369,0,1
65,2025-03-27,27,200,0
66,2025-03-27,162,50,0
67,2025-03-27,262,0,0
68,2025-03-27,248,0,1
69,2025-03-27,1053,0,0
70,2025-03-27,1043,0,0
71,2025-03-27,86,100,1
72,2025-03-27,183,0,0
73,2025-03-27,551,0,0
74,2025-03-27,1238,0,0
75,2025-03-27,289,0,1
76,2025-03-27,1483,0,2
77,2025-03-27,184,0,0
78,2025-03-27,230,200,0
79,2025-03-27,150,200,1
80,2025-03-27,106,0,0
81,2025-03-27,142,100,0
82,2025-03-27,181,0,0
83,2025-03-27,560,0,0
84,2025-03-27,130,100,0
85,2025-03-27,82,0,0
86,2025-03-27,203,0,0
87,2025-03-27,736,0,0
88,2025-03-27,333,0,0
89,2025-03-27,451,0,0
90,2025-03-27,92,200,0
91,2025-03-27,195,100,2
92,2025-03-27,300,0,0
93,2025-03-27,51,400,2
94,2025-03-27,259,200,0
95,2025-03-27,145,100,0
96,2025-03-27,36,250,1
97,2025-03-27,55,100,0
98,2025-03-27,118,100,0
99,2025-03-27,1342,0,0
100,2025-03-27,131,100,0
101,2025-03-27,130,100,1
102,2025-03-27,251,0,1
103,2025-03-27,1259,0,0
104,2025-03-27,246,200,1
105,2025-03-27,441,0,0
106,2025-03-27,1651,0,0
107,2025-03-27,9,150,0
108,2025-03-27,256,0,0
109,2025-03-27,1007,0,1
110,2025-03-27,165,100,0
111,2025-03-27,320,0,2
112,2025-03-27,0,500,0
113,2025-03-27,117,0,0
114,2025-03-27,286,0,0
115,2025-03-27,180,0,0
116,2025-03-27,123,200,0
117,2025-03-27,1250,0,24
118,2025-03-27,152,200,0
119,2025-03-27,205,100,0
120,2025-03-27,542,0,0
1,2025-03-28,201,100,0
2,2025-03-28,419,0,0
3,2025-03-28,298,0,0
4,2025-03-28,398,0,0
5,2025-03-28,57,50,0
6,2025-03-28,216,200,3
7,2025-03-28,1262,0,0
8,2025-03-28,92,200,0
9,2025-03-28,119,0,0
10,2025-03-28,168,100,0
11,2025-03-28,892,0,0
12,2025-03-28,130,100,1
13,2025-03-28,677,0,1
14,2025-03-28,0,300,0
15,2025-03-28,91,0,0
16,2025-03-28,1151,0,0
17,2025-03-28,203,100,0
18,2025-03-28,811,0,0
19,2025-03-28,450,0,0
20,2025-03-28,244,200,0
21,2025-03-28,171,100,0
22,2025-03-28,127,0,1
23,2025-03-28,50,250,0
24,2025-03-28,138,200,1
25,2025-03-28,0,300,0
26,2025-03-28,1159,0,0
27,2025-03-28,1046,0,2
28,2025-03-28,186,200,0
29,2025-03-28,71,0,0
30,2025-03-28,1267,0,1
31,2025-03-28,107,0,0
32,2025-03-28,122,0,0
33,2025-03-28,194,100,0
34,2025-03-28,321,0,0
35,2025-03-28,512,0,0
36,2025-03-28,357,0,0
37,2025-03-28,114,0,0
38,2025-03-28,157,0,0
39,2025-03-28,89,100,0
40,2025-03-28,205,100,0
41,2025-03-28,153,100,0
42,2025-03-28,137,0,1
43,2025-03-28,76,100,0
44,2025-03-28,1026,0,0
45,2025-03-28,417,0,2
46,2025-03-28,329,0,1
47,2025-03-28,1409,0,1
48,2025-03-28,130,500,0
49,2025-03-28,72,0,0
50,2025-03-28,1554,0,0
51,2025-03-28,121,200,0
52,2025-03-28,272,200,1
53,2025-03-28,125,0,2
54,2025-03-28,123,200,0
55,2025-03-28,205,100,0
56,2025-03-28,1309,0,0
57,2025-03-28,107,150,1
58,2025-03-28,128,50,1
59,2025-03-28,413,0,0
60,2025-03-28,114,100,0
61,2025-03-28,213,50,1
62,2025-03-28,230,0,0
63,2025-03-28,120,50,0
64,2025-03-28,357,0,1
65,2025-03-28,24,200,0
66,2025-03-28,150,50,1
67,2025-03-28,257,0,0
68,2025-03-28,235,200,1
69,2025-03-28,1041,0,1
70,2025-03-28,1041,0,0
71,2025-03-28,82,150,0
72,2025-03-28,178,0,0
73,2025-03-28,549,0,0
74,2025-03-28,1231,0,0
75,2025-03-28,277,0,0
76,2025-03-28,1475,0,0
77,2025-03-28,183,0,0
78,2025-03-28,215,200,0
79,2025-03-28,143,200,0
80,2025-03-28,104,0,0
81,2025-03-28,184,50,0
82,2025-03-28,173,0,1
83,2025-03-28,549,0,0
84,2025-03-28,117,100,1
85,2025-03-28,77,0,0
86,2025-03-28,196,0,0
87,2025-03-28,731,0,0
88,2025-03-28,328,0,0
89,2025-03-28,448,0,0
90,2025-03-28,84,200,0
91,2025-03-28,185,100,1
92,2025-03-28,293,0,0
93,2025-03-28,245,200,0
94,2025-03-28,250,200,0
95,2025-03-28,137,100,0
96,2025-03-28,22,250,1
97,2025-03-28,98,50,0
98,2025-03-28,111,100,0
99,2025-03-28,1339,0,0
100,2025-03-28,121,100,0
101,2025-03-28,120,100,0
102,2025-03-28,243,0,0
103,2025-03-28,1258,0,0
104,2025-03-28,230,200,1
105,2025-03-28,439,0,0
106,2025-03-28,1648,0,0
107,2025-03-28,3,150,0
108,2025-03-28,253,0,0
109,2025-03-28,1001,0,0
110,2025-03-28,237,0,1
111,2025-03-28,308,0,1
112,2025-03-28,0,500,0
113,2025-03-28,116,0,0
114,2025-03-28,269,0,1
115,2025-03-28,173,0,0
116,2025-03-28,115,200,0
117,2025-03-28,1248,0,0
118,2025-03-28,140,200,0
119,2025-03-28,195,100,1
120,2025-03-28,540,0,0
1,2025-03-29,186,100,1
2,2025-03-29,406,0,1
3,2025-03-29,285,0,1
4,2025-03-29,397,0,0
5,2025-03-29,54,50,0
6,2025-03-29,195,200,1
7,2025-03-29,1262,0,28
8,2025-03-29,69,200,3
9,2025-03-29,117,0,0
10,2025-03-29,160,100,1
11,2025-03-29,892,0,14
12,2025-03-29,121,100,1
13,2025-03-29,665,0,1
14,2025-03-29,40,250,1
15,2025-03-29,87,0,0
16,2025-03-29,1145,0,0
17,2025-03-29,189,100,0
18,2025-03-29,801,0,0
19,2025-03-29,446,0,0
20,2025-03-29,233,200,0
21,2025-03-29,160,200,0
22,2025-03-29,122,0,0
23,2025-03-29,38,250,1
24,2025-03-29,124,200,1
25,2025-03-29,0,300,0
26,2025-03-29,1149,0,0
27,2025-03-29,1022,0,3
28,2025-03-29,173,200,0
29,2025-03-29,69,0,0
30,2025-03-29,1256,0,1
31,2025-03-29,101,0,0
32,2025-03-29,118,0,0
33,2025-03-29,180,100,1
34,2025-03-29,315,0,0
35,2025-03-29,508,0,0
36,2025-03-29,349,0,1
37,2025-03-29,113,0,0
38,2025-03-29,155,0,0
39,2025-03-29,80,100,0
40,2025-03-29,199,100,0
41,2025-03-29,153,100,2
42,2025-03-29,129,0,0
43,2025-03-29,66,100,1
44,2025-03-29,1024,0,0
45,2025-03-29,412,0,0
46,2025-03-29,316,0,0
47,2025-03-29,1394,0,1
48,2025-03-29,121,500,1
49,2025-03-29,70,0,0
50,2025-03-29,1549,0,0
51,2025-03-29,307,0,1
52,2025-03-29,252,200,2
53,2025-03-29,122,0,0
54,2025-03-29,115,200,1
55,2025-03-29,240,50,1
56,2025-03-29,1302,0,0
57,2025-03-29,102,150,0
58,2025-03-29,124,100,0
59,2025-03-29,412,0,0
60,2025-03-29,102,100,1
61,2025-03-29,257,0,0
62,2025-03-29,220,0,1
63,2025-03-29,113,50,0
64,2025-03-29,350,0,0
65,2025-03-29,15,200,1
66,2025-03-29,140,100,1
67,2025-03-29,249,0,0
68,2025-03-29,221,200,0
69,2025-03-29,1034,0,1
70,2025-03-29,1039,0,0
71,2025-03-29,72,150,0
72,2025-03-29,170,0,0
73,2025-03-29,549,0,15
74,2025-03-29,1226,0,0
75,2025-03-29,259,0,1
76,2025-03-29,1460,0,2
77,2025-03-29,181,0,0
78,2025-03-29,205,200,0
79,2025-03-29,138,200,0
80,2025-03-29,100,0,0
81,2025-03-29,219,50,0
82,2025-03-29,165,0,0
83,2025-03-29,542,0,0
84,2025-03-29,110,100,0
85,2025-03-29,73,0,0
86,2025-03-29,188,0,0
87,2025-03-29,724,0,0
88,2025-03-29,316,0,0
89,2025-03-29,440,0,0
90,2025-03-29,80,200,0
91,2025-03-29,171,100,1
92,2025-03-29,285,0,1
93,2025-03-29,228,200,2
94,2025-03-29,236,200,1
95,2025-03-29,220,0,2
96,2025-03-29,105,200,1
97,2025-03-29,92,50,0
98,2025-03-29,96,100,1
99,2025-03-29,1336,0,0
100,2025-03-29,120,100,0
101,2025-03-29,159,50,0
102,2025-03-29,231,0,1
103,2025-03-29,1254,0,0
104,2025-03-29,213,200,1
105,2025-03-29,434,0,0
106,2025-03-29,1644,0,0
107,2025-03-29,1,150,0
108,2025-03-29,241,0,0
109,2025-03-29,983,0,2
110,2025-03-29,232,0,0
111,2025-03-29,272,500,3
112,2025-03-29,0,500,0
113,2025-03-29,114,0,0
114,2025-03-29,268,0,0
115,2025-03-29,169,0,0
116,2025-03-29,103,200,1
117,2025-03-29,1233,0,1
118,2025-03-29,335,0,0
119,2025-03-29,177,100,1
120,2025-03-29,534,0,0
1,2025-03-30,173,100,1
2,2025-03-30,401,0,0
3,2025-03-30,278,0,0
4,2025-03-30,394,0,0
5,2025-03-30,52,50,0
6,2025-03-30,167,200,3
7,2025-03-30,1262,0,21
8,2025-03-30,62,200,0
9,2025-03-30,112,0,0
10,2025-03-30,151,100,0
11,2025-03-30,887,0,0
12,2025-03-30,114,100,0
13,2025-03-30,655,0,0
14,2025-03-30,29,250,1
15,2025-03-30,80,0,0
16,2025-03-30,1138,0,0
17,2025-03-30,173,100,1
18,2025-03-30,786,0,1
19,2025-03-30,441,0,0
20,2025-03-30,228,200,0
21,2025-03-30,148,200,1
22,2025-03-30,117,0,0
23,2025-03-30,28,300,0
24,2025-03-30,97,200,2
25,2025-03-30,0,300,0
26,2025-03-30,1145,0,0
27,2025-03-30,1000,0,2
28,2025-03-30,167,200,0
29,2025-03-30,67,0,0
30,2025-03-30,1253,0,0
31,2025-03-30,97,0,0
32,2025-03-30,118,0,2
33,2025-03-30,167,100,1
34,2025-03-30,304,0,1
35,2025-03-30,506,0,0
36,2025-03-30,340,0,0
37,2025-03-30,109,0,0
38,2025-03-30,150,0,0
39,2025-03-30,74,100,0
40,2025-03-30,186,100,1
41,2025-03-30,139,100,2
42,2025-03-30,123,0,0
43,2025-03-30,58,100,1
44,2025-03-30,1019,0,0
45,2025-03-30,387,0,1
46,2025-03-30,297,500,1
47,2025-03-30,1382,0,0
48,2025-03-30,119,500,0
49,2025-03-30,68,0,0
50,2025-03-30,1546,0,0
51,2025-03-30,300,0,0
52,2025-03-30,219,200,2
53,2025-03-30,118,0,0
54,2025-03-30,111,200,0
55,2025-03-30,228,50,0
56,2025-03-30,1299,0,0
57,2025-03-30,85,200,2
58,2025-03-30,118,100,0
59,2025-03-30,408,0,0
60,2025-03-30,87,100,0
61,2025-03-30,248,0,1
62,2025-03-30,209,0,1
63,2025-03-30,109,50,0
64,2025-03-30,328,0,1
65,2025-03-30,0,300,0
66,2025-03-30,131,100,1
67,2025-03-30,244,0,0
68,2025-03-30,209,200,0
69,2025-03-30,1025,0,1
70,2025-03-30,1031,0,0
71,2025-03-30,118,100,0
72,2025-03-30,164,0,0
73,2025-03-30,546,0,0
74,2025-03-30,1219,0,0
75,2025-03-30,246,500,0
76,2025-03-30,1448,0,1
77,2025-03-30,179,0,0
78,2025-03-30,187,200,1
79,2025-03-30,120,200,2
80,2025-03-30,100,0,2
81,2025-03-30,206,50,1
82,2025-03-30,160,50,0
83,2025-03-30,529,0,1
84,2025-03-30,97,100,1
85,2025-03-30,72,0,0
86,2025-03-30,180,0,1
87,2025-03-30,720,0,0
88,2025-03-30,305,0,0
89,2025-03-30,435,0,0
90,2025-03-30,63,200,2
91,2025-03-30,154,200,1
92,2025-03-30,272,0,1
93,2025-03-30,213,200,1
94,2025-03-30,215,200,2
95,2025-03-30,216,0,0
96,2025-03-30,140,150,0
97,2025-03-30,86,50,0
98,2025-03-30,148,100,1
99,2025-03-30,1333,0,0
100,2025-03-30,116,100,0
101,2025-03-30,147,100,1
102,2025-03-30,224,0,0
103,2025-03-30,1254,0,14
104,2025-03-30,194,200,1
105,2025-03-30,429,0,0
106,2025-03-30,1637,0,0
107,2025-03-30,0,150,0
108,2025-03-30,235,0,0
109,2025-03-30,980,0,0
110,2025-03-30,219,0,1
111,2025-03-30,261,500,0
112,2025-03-30,0,500,0
113,2025-03-30,112,0,0
114,2025-03-30,259,0,0
115,2025-03-30,169,0,2
116,2025-03-30,296,0,0
117,2025-03-30,1228,0,0
118,2025-03-30,322,0,0
119,2025-03-30,167,200,0
120,2025-03-30,526,0,1
1,2025-03-31,157,100,1
2,2025-03-31,390,0,0
3,2025-03-31,261,0,1
4,2025-03-31,391,0,0
5,2025-03-31,51,50,0
6,2025-03-31,156,200,1
7,2025-03-31,1260,0,0
8,2025-03-31,62,200,0
9,2025-03-31,106,200,0
10,2025-03-31,135,100,0
11,2025-03-31,870,0,1
12,2025-03-31,155,100,1
13,2025-03-31,646,0,1
14,2025-03-31,72,200,0
15,2025-03-31,77,0,0
16,2025-03-31,1130,0,1
17,2025-03-31,167,100,0
18,2025-03-31,762,0,2
19,2025-03-31,439,0,0
20,2025-03-31,213,200,2
21,2025-03-31,136,200,1
22,2025-03-31,113,0,0
23,2025-03-31,19,300,1
24,2025-03-31,84,200,0
25,2025-03-31,0,300,0
26,2025-03-31,1134,0,1
27,2025-03-31,977,0,2
28,2025-03-31,158,200,0
29,2025-03-31,67,0,1
30,2025-03-31,1241,0,1
31,2025-03-31,94,0,0
32,2025-03-31,115,0,0
33,2025-03-31,157,100,0
34,2025-03-31,293,0,1
35,2025-03-31,503,0,0
36,2025-03-31,333,0,0
37,2025-03-31,106,0,0
38,2025-03-31,146,0,0
39,2025-03-31,120,100,0
40,2025-03-31,169,100,2
41,2025-03-31,130,100,0
42,2025-03-31,119,0,0
43,2025-03-31,55,100,0
44,2025-03-31,1017,0,0
45,2025-03-31,378,0,1
46,2025-03-31,280,500,2
47,2025-03-31,1374,0,1
48,2025-03-31,105,500,1
49,2025-03-31,65,0,0
50,2025-03-31,1541,0,0
51,2025-03-31,284,0,1
52,2025-03-31,203,200,1
53,2025-03-31,114,0,0
54,2025-03-31,104,200,0
55,2025-03-31,211,100,1
56,2025-03-31,1296,0,0
57,2025-03-31,74,200,1
58,2025-03-31,113,100,0
59,2025-03-31,404,0,0
60,2025-03-31,125,50,0
61,2025-03-31,225,0,3
62,2025-03-31,204,0,0
63,2025-03-31,104,50,0
64,2025-03-31,314,200,1
65,2025-03-31,0,300,0
66,2025-03-31,120,100,1
67,2025-03-31,235,0,1
68,2025-03-31,199,200,1
69,2025-03-31,1009,0,1
70,2025-03-31,1031,0,25
71,2025-03-31,109,100,1
72,2025-03-31,160,0,0
73,2025-03-31,543,0,0
74,2025-03-31,1208,0,1
75,2025-03-31,246,500,4
76,2025-03-31,1438,0,1
77,2025-03-31,177,0,0
78,2025-03-31,183,200,0
79,2025-03-31,205,100,1
80,2025-03-31,98,0,0
81,2025-03-31,200,50,0
82,2025-03-31,155,50,0
83,2025-03-31,524,0,0
84,2025-03-31,90,100,0
85,2025-03-31,69,0,0
86,2025-03-31,170,0,0
87,2025-03-31,714,0,0
88,2025-03-31,294,0,1
89,2025-03-31,433,0,0
90,2025-03-31,53,200,1
91,2025-03-31,132,200,2
92,2025-03-31,269,0,0
93,2025-03-31,210,200,0
94,2025-03-31,194,200,2
95,2025-03-31,208,0,0
96,2025-03-31,130,200,1
97,2025-03-31,84,50,0
98,2025-03-31,140,100,1
99,2025-03-31,1330,0,0
100,2025-03-31,108,100,0
101,2025-03-31,140,100,0
102,2025-03-31,216,0,0
103,2025-03-31,1252,0,0
104,2025-03-31,180,200,1
105,2025-03-31,422,0,1
106,2025-03-31,1634,0,0
107,2025-03-31,0,150,0
108,2025-03-31,230,0,0
109,2025-03-31,973,0,0
110,2025-03-31,210,0,0
111,2025-03-31,261,500,4
112,2025-03-31,0,500,0
113,2025-03-31,110,0,0
114,2025-03-31,249,0,1
115,2025-03-31,162,0,1
116,2025-03-31,289,0,0
117,2025-03-31,1218,0,0
118,2025-03-31,316,0,0
119,2025-03-31,156,200,1
120,2025-03-31,523,0,0
1,2025-04-01,147,200,1
2,2025-04-01,384,0,0
3,2025-04-01,245,50,0
4,2025-04-01,387,0,0
5,2025-04-01,47,50,0
6,2025-04-01,146,200,1
7,2025-04-01,1257,0,0
8,2025-04-01,53,300,0
9,2025-04-01,101,200,0
10,2025-04-01,133,100,0
11,2025-04-01,864,0,0
12,2025-04-01,142,100,1
13,2025-04-01,637,0,0
14,2025-04-01,56,250,0
15,2025-04-01,75,0,0
16,2025-04-01,1129,0,0
17,2025-04-01,164,100,0
18,2025-04-01,743,0,1
19,2025-04-01,437,0,0
20,2025-04-01,200,200,1
21,2025-04-01,123,200,0
22,2025-04-01,111,0,0
23,2025-04-01,10,300,0
24,2025-04-01,68,200,2
25,2025-04-01,0,300,0
26,2025-04-01,1130,0,0
27,2025-04-01,963,0,0
28,2025-04-01,148,200,0
29,2025-04-01,66,0,0
30,2025-04-01,1225,0,2
31,2025-04-01,91,0,0
32,2025-04-01,115,0,2
33,2025-04-01,147,100,1
34,2025-04-01,287,0,0
35,2025-04-01,501,0,0
36,2025-04-01,327,0,0
37,2025-04-01,104,0,0
38,2025-04-01,139,0,0
39,2025-04-01,119,100,0
40,2025-04-01,160,100,1
41,2025-04-01,220,0,0
42,2025-04-01,114,0,0
43,2025-04-01,50,100,0
44,2025-04-01,1013,0,0
45,2025-04-01,371,0,1
46,2025-04-01,269,500,1
47,2025-04-01,1361,0,0
48,2025-04-01,96,500,0
49,2025-04-01,60,0,0
50,2025-04-01,1536,0,0
51,2025-04-01,284,0,4
52,2025-04-01,183,200,0
53,2025-04-01,110,0,0
54,2025-04-01,101,200,0
55,2025-04-01,191,100,2
56,2025-04-01,1290,0,0
57,2025-04-01,66,200,0
58,2025-04-01,103,100,1
59,2025-04-01,400,0,0
60,2025-04-01,116,100,1
61,2025-04-01,214,50,1
62,2025-04-01,200,0,0
63,2025-04-01,95,50,1
64,2025-04-01,299,200,1
65,2025-04-01,90,200,1
66,2025-04-01,163,50,0
67,2025-04-01,225,0,0
68,2025-04-01,188,200,0
69,2025-04-01,994,0,1
70,2025-04-01,1028,0,0
71,2025-04-01,148,50,1
72,2025-04-01,155,0,0
73,2025-04-01,542,0,0
74,2025-04-01,1201,0,0
75,2025-04-01,244,500,0
76,2025-04-01,1432,0,0
77,2025-04-01,177,0,2
78,2025-04-01,164,200,2
79,2025-04-01,302,100,0
80,2025-04-01,94,0,0
81,2025-04-01,186,50,1
82,2025-04-01,149,50,0
83,2025-04-01,513,0,1
84,2025-04-01,83,100,0
85,2025-04-01,68,0,0
86,2025-04-01,162,0,0
87,2025-04-01,706,0,0
88,2025-04-01,282,0,1
89,2025-04-01,428,0,0
90,2025-04-01,45,200,0
91,2025-04-01,115,200,1
92,2025-04-01,252,0,0
93,2025-04-01,195,200,1
94,2025-04-01,171,200,2
95,2025-04-01,193,0,0
96,2025-04-01,119,200,0
97,2025-04-01,82,50,0
98,2025-04-01,134,100,0
99,2025-04-01,1330,0,14
100,2025-04-01,99,100,0
101,2025-04-01,187,50,0
102,2025-04-01,201,100,1
103,2025-04-01,1250,0,0
104,2025-04-01,365,0,1
105,2025-04-01,420,0,0
106,2025-04-01,1631,0,0
107,2025-04-01,0,150,0
108,2025-04-01,219,0,1
109,2025-04-01,955,0,2
110,2025-04-01,208,0,0
111,2025-04-01,743,0,1
112,2025-04-01,0,500,0
113,2025-04-01,108,0,0
114,2025-04-01,235,200,1
115,2025-04-01,156,0,0
116,2025-04-01,278,0,1
117,2025-04-01,1209,0,0
118,2025-04-01,299,0,1
119,2025-04-01,242,100,2
120,2025-04-01,517,0,0
1,2025-04-02,140,200,0
2,2025-04-02,364,0,1
3,2025-04-02,230,50,0
4,2025-04-02,384,0,0
5,2025-04-02,94,0,0
6,2025-04-02,325,0,1
7,2025-04-02,1254,0,0
8,2025-04-02,42,300,1
9,2025-04-02,96,200,0
10,2025-04-02,123,100,0
11,2025-04-02,851,0,0
12,2025-04-02,132,100,1
13,2025-04-02,617,0,2
14,2025-04-02,45,250,1
15,2025-04-02,74,0,0
16,2025-04-02,1123,0,0
17,2025-04-02,156,100,0
18,2025-04-02,736,0,0
19,2025-04-02,434,0,0
20,2025-04-02,189,200,0
21,2025-04-02,106,200,2
22,2025-04-02,108,0,0
23,2025-04-02,0,350,0
24,2025-04-02,38,300,2
25,2025-04-02,0,300,0
26,2025-04-02,1125,0,0
27,2025-04-02,947,0,2
28,2025-04-02,129,200,1
29,2025-04-02,62,0,0
30,2025-04-02,1216,0,0
31,2025-04-02,87,0,0
32,2025-04-02,110,0,0
33,2025-04-02,140,100,0
34,2025-04-02,280,0,0
35,2025-04-02,498,0,0
36,2025-04-02,323,0,0
37,2025-04-02,102,0,0
38,2025-04-02,132,0,0
39,2025-04-02,159,50,1
40,2025-04-02,152,100,1
41,2025-04-02,211,0,0
42,2025-04-02,107,50,0
43,2025-04-02,44,100,0
44,2025-04-02,1007,0,0
45,2025-04-02,354,0,2
46,2025-04-02,254,500,1
47,2025-04-02,1353,0,1
48,2025-04-02,91,500,0
49,2025-04-02,58,0,0
50,2025-04-02,1533,0,0
51,2025-04-02,284,0,6
52,2025-04-02,171,200,1
53,2025-04-02,105,0,0
54,2025-04-02,97,200,0
55,2025-04-02,184,100,0
56,2025-04-02,1283,0,0
57,2025-04-02,46,250,1
58,2025-04-02,91,100,1
59,2025-04-02,395,0,0
60,2025-04-02,107,100,0
61,2025-04-02,204,50,0
62,2025-04-02,190,0,1
63,2025-04-02,92,50,0
64,2025-04-02,292,200,0
65,2025-04-02,82,200,1
66,2025-04-02,150,50,1
67,2025-04-02,220,0,0
68,2025-04-02,173,200,0
69,2025-04-02,984,0,1
70,2025-04-02,1023,0,0
71,2025-04-02,143,50,0
72,2025-04-02,152,0,0
73,2025-04-02,539,0,0
74,2025-04-02,1195,0,0
75,2025-04-02,244,500,6
76,2025-04-02,1429,0,0
77,2025-04-02,177,0,4
78,2025-04-02,155,200,0
79,2025-04-02,284,100,1
80,2025-04-02,91,0,0
81,2025-04-02,175,100,1
82,2025-04-02,133,50,1
83,2025-04-02,501,0,1
84,2025-04-02,73,100,1
85,2025-04-02,67,0,0
86,2025-04-02,154,200,0
87,2025-04-02,700,0,0
88,2025-04-02,276,0,0
89,2025-04-02,419,0,0
90,2025-04-02,35,200,0
91,2025-04-02,212,100,0
92,2025-04-02,245,0,0
93,2025-04-02,163,200,2
94,2025-04-02,359,0,1
95,2025-04-02,189,0,0
96,2025-04-02,110,200,1
97,2025-04-02,79,100,0
98,2025-04-02,123,100,1
99,2025-04-02,1329,0,0
100,2025-04-02,95,100,0
101,2025-04-02,227,0,0
102,2025-04-02,185,100,1
103,2025-04-02,1247,0,0
104,2025-04-02,360,0,0
105,2025-04-02,416,0,0
106,2025-04-02,1628,0,0
107,2025-04-02,0,150,0
108,2025-04-02,209,0,1
109,2025-04-02,948,0,1
110,2025-04-02,195,100,1
111,2025-04-02,728,0,0
112,2025-04-02,0,500,0
113,2025-04-02,105,0,0
114,2025-04-02,220,200,1
115,2025-04-02,149,0,0
116,2025-04-02,270,0,1
117,2025-04-02,1199,0,0
118,2025-04-02,288,0,0
119,2025-04-02,231,100,0
120,2025-04-02,510,0,0
1,2025-04-03,137,200,0
2,2025-04-03,357,0,0
3,2025-04-03,222,50,0
4,2025-04-03,382,0,0
5,2025-04-03,90,0,0
6,2025-04-03,315,0,1
7,2025-04-03,1251,0,0
8,2025-04-03,29,300,0
9,2025-04-03,91,200,0
10,2025-04-03,113,100,1
11,2025-04-03,838,0,1
12,2025-04-03,124,100,0
13,2025-04-03,617,0,17
14,2025-04-03,37,250,0
15,2025-04-03,72,100,0
16,2025-04-03,1116,0,0
17,2025-04-03,146,100,1
18,2025-04-03,726,0,1
19,2025-04-03,427,0,0
20,2025-04-03,179,200,1
21,2025-04-03,189,100,4
22,2025-04-03,104,0,0
23,2025-04-03,0,350,0
24,2025-04-03,9,300,2
25,2025-04-03,0,300,0
26,2025-04-03,1119,0,0
27,2025-04-03,923,0,3
28,2025-04-03,121,200,1
29,2025-04-03,60,0,0
30,2025-04-03,1202,0,1
31,2025-04-03,83,0,0
32,2025-04-03,107,0,0
33,2025-04-03,133,100,1
34,2025-04-03,273,0,0
35,2025-04-03,495,0,0
36,2025-04-03,316,0,0
37,2025-04-03,96,0,0
38,2025-04-03,131,0,0
39,2025-04-03,145,50,1
40,2025-04-03,144,100,0
41,2025-04-03,203,0,0
42,2025-04-03,100,50,0
43,2025-04-03,37,100,0
44,2025-04-03,1000,0,0
45,2025-04-03,336,0,2
46,2025-04-03,241,500,1
47,2025-04-03,1340,0,1
48,2025-04-03,84,500,0
49,2025-04-03,56,0,0
50,2025-04-03,1530,0,0
51,2025-04-03,276,0,0
52,2025-04-03,157,200,1
53,2025-04-03,99,50,0
54,2025-04-03,88,200,0
55,2025-04-03,224,100,0
56,2025-04-03,1278,0,0
57,2025-04-03,38,250,0
58,2025-04-03,132,50,0
59,2025-04-03,394,0,0
60,2025-04-03,103,100,0
61,2025-04-03,196,50,0
62,2025-04-03,180,0,1
63,2025-04-03,86,100,0
64,2025-04-03,275,200,1
65,2025-04-03,70,200,1
66,2025-04-03,143,50,0
67,2025-04-03,214,0,0
68,2025-04-03,166,200,0
69,2025-04-03,969,0,1
70,2025-04-03,1018,0,0
71,2025-04-03,133,100,0
72,2025-04-03,151,0,0
73,2025-04-03,537,0,0
74,2025-04-03,1192,0,0
75,2025-04-03,230,500,0
76,2025-04-03,1421,0,0
77,2025-04-03,176,0,0
78,2025-04-03,147,200,1
79,2025-04-03,272,100,1
80,2025-04-03,89,0,0
81,2025-04-03,165,100,0
82,2025-04-03,122,50,1
83,2025-04-03,488,0,0
84,2025-04-03,69,200,0
85,2025-04-03,64,0,0
86,2025-04-03,149,200,0
87,2025-04-03,696,0,0
88,2025-04-03,267,0,0
89,2025-04-03,414,0,0
90,2025-04-03,27,200,0
91,2025-04-03,303,0,0
92,2025-04-03,234,0,1
93,2025-04-03,346,0,1
94,2025-04-03,348,0,0
95,2025-04-03,179,0,0
96,2025-04-03,92,250,2
97,2025-04-03,75,100,0
98,2025-04-03,111,100,1
99,2025-04-03,1325,0,0
100,2025-04-03,77,100,2
101,2025-04-03,210,50,2
102,2025-04-03,178,100,1
103,2025-04-03,1243,0,0
104,2025-04-03,344,0,2
105,2025-04-03,412,0,0
106,2025-04-03,1624,0,0
107,2025-04-03,48,100,0
108,2025-04-03,208,0,0
109,2025-04-03,948,0,23
110,2025-04-03,184,100,1
111,2025-04-03,711,0,2
112,2025-04-03,0,500,0
113,2025-04-03,101,0,0
114,2025-04-03,203,200,1
115,2025-04-03,148,0,0
116,2025-04-03,263,0,0
117,2025-04-03,1190,0,1
118,2025-04-03,277,0,0
119,2025-04-03,218,100,1
120,2025-04-03,507,0,0
1,2025-04-04,131,200,0
2,2025-04-04,349,0,0
3,2025-04-04,220,50,0
4,2025-04-04,382,0,9
5,2025-04-04,89,0,0
6,2025-04-04,301,0,0
7,2025-04-04,1250,0,0
8,2025-04-04,12,300,1
9,2025-04-04,88,200,0
10,2025-04-04,103,100,1
11,2025-04-04,823,0,2
12,2025-04-04,115,100,0
13,2025-04-04,606,0,0
14,2025-04-04,24,250,1
15,2025-04-04,69,100,0
16,2025-04-04,1113,0,0
17,2025-04-04,135,100,1
18,2025-04-04,717,0,1
19,2025-04-04,422,0,0
20,2025-04-04,159,200,1
21,2025-04-04,174,100,0
22,2025-04-04,98,0,0
23,2025-04-04,0,350,0
24,2025-04-04,0,300,0
25,2025-04-04,83,200,1
26,2025-04-04,1115,0,0
27,2025-04-04,913,0,0
28,2025-04-04,108,200,0
29,2025-04-04,56,0,0
30,2025-04-04,1193,0,1
31,2025-04-04,80,0,0
32,2025-04-04,103,0,0
33,2025-04-04,224,0,1
34,2025-04-04,264,0,0
35,2025-04-04,490,0,0
36,2025-04-04,316,0,5
37,2025-04-04,94,0,0
38,2025-04-04,128,0,0
39,2025-04-04,141,50,0
40,2025-04-04,141,100,0
41,2025-04-04,200,0,0
42,2025-04-04,95,50,0
43,2025-04-04,34,100,0
44,2025-04-04,998,0,0
45,2025-04-04,322,0,1
46,2025-04-04,232,500,0
47,2025-04-04,1327,0,0
48,2025-04-04,76,500,0
49,2025-04-04,53,0,0
50,2025-04-04,1526,0,0
51,2025-04-04,266,0,1
52,2025-04-04,348,0,1
53,2025-04-04,91,50,0
54,2025-04-04,79,200,0
55,2025-04-04,267,50,0
56,2025-04-04,1271,0,0
57,2025-04-04,38,250,0
58,2025-04-04,128,100,0
59,2025-04-04,392,0,0
60,2025-04-04,147,50,0
61,2025-04-04,180,50,1
62,2025-04-04,180,0,2
63,2025-04-04,85,100,0
64,2025-04-04,260,200,2
65,2025-04-04,59,200,1
66,2025-04-04,136,50,0
67,2025-04-04,200,0,1
68,2025-04-04,152,200,1
69,2025-04-04,956,0,0
70,2025-04-04,1015,0,0
71,2025-04-04,127,100,0
72,2025-04-04,147,0,0
73,2025-04-04,534,0,0
74,2025-04-04,1182,0,0
75,2025-04-04,218,500,0
76,2025-04-04,1407,0,1
77,2025-04-04,173,0,0
78,2025-04-04,138,200,0
79,2025-04-04,261,100,0
80,2025-04-04,86,0,0
81,2025-04-04,165,100,3
82,2025-04-04,113,50,1
83,2025-04-04,485,0,0
84,2025-04-04,58,200,0
85,2025-04-04,57,200,1
86,2025-04-04,143,200,0
87,2025-04-04,692,0,0
88,2025-04-04,260,0,0
89,2025-04-04,410,0,0
90,2025-04-04,14,400,1
91,2025-04-04,289,0,0
92,2025-04-04,224,0,0
93,2025-04-04,332,0,1
94,2025-04-04,339,0,0
95,2025-04-04,168,0,0
96,2025-04-04,69,250,2
97,2025-04-04,71,100,0
98,2025-04-04,109,100,0
99,2025-04-04,1323,0,0
100,2025-04-04,74,100,0
101,2025-04-04,207,50,0
102,2025-04-04,175,100,0
103,2025-04-04,1240,0,0
104,2025-04-04,335,0,1
105,2025-04-04,408,0,0
106,2025-04-04,1621,0,0
107,2025-04-04,47,100,0
108,2025-04-04,201,0,0
109,2025-04-04,942,0,0
110,2025-04-04,174,100,0
111,2025-04-04,707,0,0
112,2025-04-04,500,0,7
113,2025-04-04,101,0,1
114,2025-04-04,194,200,0
115,2025-04-04,143,0,0
116,2025-04-04,255,0,0
117,2025-04-04,1182,0,0
118,2025-04-04,270,0,0
119,2025-04-04,196,100,1
120,2025-04-04,498,0,0
1,2025-04-05,118,200,1
2,2025-04-05,337,0,1
3,2025-04-05,204,100,1
4,2025-04-05,381,0,0
5,2025-04-05,87,0,0
6,2025-04-05,282,200,2
7,2025-04-05,1248,0,0
8,2025-04-05,0,300,0
9,2025-04-05,85,200,0
10,2025-04-05,94,100,0
11,2025-04-05,809,0,1
12,2025-04-05,101,150,1
13,2025-04-05,592,0,1
14,2025-04-05,5,300,1
15,2025-04-05,64,100,0
16,2025-04-05,1106,0,0
17,2025-04-05,129,100,0
18,2025-04-05,711,0,0
19,2025-04-05,418,0,0
20,2025-04-05,149,200,1
21,2025-04-05,153,100,3
22,2025-04-05,93,0,0
23,2025-04-05,0,350,0
24,2025-04-05,0,300,0
25,2025-04-05,166,200,1
26,2025-04-05,1112,0,0
27,2025-04-05,905,0,1
28,2025-04-05,302,0,0
29,2025-04-05,54,200,0
30,2025-04-05,1174,0,1
31,2025-04-05,77,0,0
32,2025-04-05,100,0,0
33,2025-04-05,221,0,0
34,2025-04-05,253,0,1
35,2025-04-05,488,0,0
36,2025-04-05,310,0,0
37,2025-04-05,92,0,0
38,2025-04-05,122,0,0
39,2025-04-05,133,50,0
40,2025-04-05,131,100,1
41,2025-04-05,189,100,1
42,2025-04-05,85,50,1
43,2025-04-05,26,100,0
44,2025-04-05,993,0,0
45,2025-04-05,308,0,1
46,2025-04-05,220,500,1
47,2025-04-05,1323,0,0
48,2025-04-05,66,500,0
49,2025-04-05,52,0,0
50,2025-04-05,1520,0,0
51,2025-04-05,262,0,0
52,2025-04-05,324,0,0
53,2025-04-05,85,50,0
54,2025-04-05,270,0,1
55,2025-04-05,254,50,0
56,2025-04-05,1266,0,0
57,2025-04-05,24,250,1
58,2025-04-05,113,100,1
59,2025-04-05,390,0,0
60,2025-04-05,144,50,0
61,2025-04-05,166,100,1
62,2025-04-05,170,0,0
63,2025-04-05,82,100,0
64,2025-04-05,247,200,0
65,2025-04-05,50,200,0
66,2025-04-05,129,50,0
67,2025-04-05,193,0,0
68,2025-04-05,141,200,1
69,2025-04-05,948,0,0
70,2025-04-05,1012,0,0
71,2025-04-05,119,100,1
72,2025-04-05,141,0,0
73,2025-04-05,532,0,0
74,2025-04-05,1172,0,0
75,2025-04-05,702,0,2
76,2025-04-05,1400,0,0
77,2025-04-05,171,0,0
78,2025-04-05,119,200,2
79,2025-04-05,250,100,1
80,2025-04-05,85,0,0
81,2025-04-05,203,50,0
82,2025-04-05,133,50,0
83,2025-04-05,482,0,0
84,2025-04-05,152,100,0
85,2025-04-05,54,200,0
86,2025-04-05,135,200,0
87,2025-04-05,687,0,0
88,2025-04-05,252,0,0
89,2025-04-05,408,0,0
90,2025-04-05,6,400,0
91,2025-04-05,272,0,1
92,2025-04-05,213,100,0
93,2025-04-05,322,0,0
94,2025-04-05,328,0,1
95,2025-04-05,165,100,0
96,2025-04-05,52,300,1
97,2025-04-05,63,100,0
98,2025-04-05,109,100,3
99,2025-04-05,1319,0,0
100,2025-04-05,71,100,0
101,2025-04-05,190,50,2
102,2025-04-05,265,0,0
103,2025-04-05,1239,0,0
104,2025-04-05,330,0,0
105,2025-04-05,403,0,0
106,2025-04-05,1618,0,0
107,2025-04-05,42,100,0
108,2025-04-05,188,0,1
109,2025-04-05,935,0,0
110,2025-04-05,164,100,0
111,2025-04-05,684,0,2
112,2025-04-05,487,0,0
113,2025-04-05,100,0,0
114,2025-04-05,181,200,0
115,2025-04-05,139,0,0
116,2025-04-05,242,0,1
117,2025-04-05,1173,0,1
118,2025-04-05,241,0,3
119,2025-04-05,171,100,3
120,2025-04-05,494,0,0
1,2025-04-06,96,200,0
2,2025-04-06,319,0,1
3,2025-04-06,187,150,0
4,2025-04-06,378,0,0
5,2025-04-06,85,0,0
6,2025-04-06,266,200,1
7,2025-04-06,1247,0,0
8,2025-04-06,87,200,1
9,2025-04-06,85,200,2
10,2025-04-06,81,200,1
11,2025-04-06,798,0,1
12,2025-04-06,143,100,0
13,2025-04-06,577,0,1
14,2025-04-06,2,300,0
15,2025-04-06,56,100,1
16,2025-04-06,1099,0,0
17,2025-04-06,182,100,0
18,2025-04-06,701,0,1
19,2025-04-06,414,0,0
20,2025-04-06,123,200,2
21,2025-04-06,227,100,3
22,2025-04-06,87,0,0
23,2025-04-06,0,350,0
24,2025-04-06,0,300,0
25,2025-04-06,157,200,1
26,2025-04-06,1107,0,0
27,2025-04-06,893,0,0
28,2025-04-06,287,0,1
29,2025-04-06,51,200,0
30,2025-04-06,1158,0,0
31,2025-04-06,72,100,0
32,2025-04-06,98,0,0
33,2025-04-06,217,0,0
34,2025-04-06,241,0,1
35,2025-04-06,483,0,0
36,2025-04-06,306,0,0
37,2025-04-06,87,0,0
38,2025-04-06,118,0,0
39,2025-04-06,124,50,0
40,2025-04-06,115,100,2
41,2025-04-06,173,100,0
42,2025-04-06,78,50,0
43,2025-04-06,19,100,1
44,2025-04-06,987,0,0
45,2025-04-06,297,0,1
46,2025-04-06,205,500,1
47,2025-04-06,1318,0,0
48,2025-04-06,57,500,0
49,2025-04-06,50,0,0
50,2025-04-06,1516,0,0
51,2025-04-06,249,0,1
52,2025-04-06,312,0,1
53,2025-04-06,79,50,0
54,2025-04-06,268,0,0
55,2025-04-06,242,50,0
56,2025-04-06,1259,0,0
57,2025-04-06,12,300,0
58,2025-04-06,105,100,0
59,2025-04-06,389,0,0
60,2025-04-06,134,100,0
61,2025-04-06,149,100,1
62,2025-04-06,159,0,0
63,2025-04-06,72,100,1
64,2025-04-06,231,200,1
65,2025-04-06,37,300,1
66,2025-04-06,118,100,1
67,2025-04-06,183,0,0
68,2025-04-06,137,200,0
69,2025-04-06,942,0,0
70,2025-04-06,1005,0,1
71,2025-04-06,116,100,0
72,2025-04-06,136,0,0
73,2025-04-06,529,0,0
74,2025-04-06,1164,0,0
75,2025-04-06,690,0,0
76,2025-04-06,1387,0,1
77,2025-04-06,170,0,0
78,2025-04-06,104,200,1
79,2025-04-06,237,100,1
80,2025-04-06,81,0,0
81,2025-04-06,185,50,1
82,2025-04-06,125,50,0
83,2025-04-06,477,0,0
84,2025-04-06,146,100,0
85,2025-04-06,51,200,0
86,2025-04-06,124,200,0
87,2025-04-06,684,0,0
88,2025-04-06,246,0,0
89,2025-04-06,399,0,0
90,2025-04-06,0,400,0
91,2025-04-06,262,0,1
92,2025-04-06,207,100,0
93,2025-04-06,283,0,4
94,2025-04-06,306,0,2
95,2025-04-06,158,100,0
96,2025-04-06,34,300,1
97,2025-04-06,57,100,0
98,2025-04-06,95,100,1
99,2025-04-06,1315,0,0
100,2025-04-06,62,200,1
101,2025-04-06,179,50,1
102,2025-04-06,262,0,0
103,2025-04-06,1232,0,0
104,2025-04-06,323,0,0
105,2025-04-06,402,0,0
106,2025-04-06,1614,0,0
107,2025-04-06,38,100,0
108,2025-04-06,180,0,0
109,2025-04-06,924,0,0
110,2025-04-06,149,100,0
111,2025-04-06,665,0,2
112,2025-04-06,478,0,0
113,2025-04-06,98,0,0
114,2025-04-06,168,200,1
115,2025-04-06,138,0,0
116,2025-04-06,231,0,1
117,2025-04-06,1170,0,0
118,2025-04-06,224,0,2
119,2025-04-06,159,200,1
120,2025-04-06,489,0,0
1,2025-04-07,90,200,0
2,2025-04-07,304,0,1
3,2025-04-07,170,150,1
4,2025-04-07,376,0,0
5,2025-04-07,83,0,0
6,2025-04-07,247,200,2
7,2025-04-07,1245,0,0
8,2025-04-07,175,100,0
9,2025-04-07,81,200,0
10,2025-04-07,170,100,1
11,2025-04-07,786,0,0
12,2025-04-07,183,50,0
13,2025-04-07,555,0,3
14,2025-04-07,41,250,1
15,2025-04-07,55,100,0
16,2025-04-07,1091,0,0
17,2025-04-07,172,100,0
18,2025-04-07,693,0,0
19,2025-04-07,411,0,0
20,2025-04-07,117,200,0
21,2025-04-07,214,100,1
22,2025-04-07,86,0,0
23,2025-04-07,0,350,0
24,2025-04-07,0,300,0
25,2025-04-07,153,200,0
26,2025-04-07,1098,0,1
27,2025-04-07,874,0,2
28,2025-04-07,275,0,1
29,2025-04-07,49,200,0
30,2025-04-07,1151,0,0
31,2025-04-07,69,100,0
32,2025-04-07,94,0,0
33,2025-04-07,208,0,0
34,2025-04-07,231,0,1
35,2025-04-07,478,0,0
36,2025-04-07,305,0,0
37,2025-04-07,84,0,0
38,2025-04-07,118,0,3
39,2025-04-07,118,50,0
40,2025-04-07,203,100,0
41,2025-04-07,165,100,0
42,2025-04-07,78,50,1
43,2025-04-07,11,200,0
44,2025-04-07,984,0,0
45,2025-04-07,278,200,1
46,2025-04-07,187,500,1
47,2025-04-07,1313,0,0
48,2025-04-07,41,500,1
49,2025-04-07,48,50,0
50,2025-04-07,1512,0,0
51,2025-04-07,240,200,0
52,2025-04-07,303,200,1
53,2025-04-07,76,50,0
54,2025-04-07,262,0,0
55,2025-04-07,223,50,0
56,2025-04-07,1255,0,0
57,2025-04-07,0,300,0
58,2025-04-07,90,100,2
59,2025-04-07,387,0,0
60,2025-04-07,123,100,1
61,2025-04-07,142,150,0
62,2025-04-07,147,200,1
63,2025-04-07,67,100,0
64,2025-04-07,210,200,1
65,2025-04-07,33,300,0
66,2025-04-07,154,50,1
67,2025-04-07,171,500,0
68,2025-04-07,135,200,0
69,2025-04-07,927,0,1
70,2025-04-07,1001,0,0
71,2025-04-07,113,100,0
72,2025-04-07,132,0,0
73,2025-04-07,526,0,0
74,2025-04-07,1155,0,1
75,2025-04-07,677,0,1
76,2025-04-07,1369,0,0
77,2025-04-07,169,0,0
78,2025-04-07,291,0,1
79,2025-04-07,228,100,0
80,2025-04-07,79,0,0
81,2025-04-07,169,100,1
82,2025-04-07,117,100,0
83,2025-04-07,467,0,1
84,2025-04-07,134,100,0
85,2025-04-07,47,200,0
86,2025-04-07,311,0,0
87,2025-04-07,676,0,0
88,2025-04-07,237,0,1
89,2025-04-07,393,0,0
90,2025-04-07,0,400,0
91,2025-04-07,251,0,1
92,2025-04-07,193,100,1
93,2025-04-07,266,200,1
94,2025-04-07,291,200,0
95,2025-04-07,151,100,0
96,2025-04-07,22,300,1
97,2025-04-07,52,100,0
98,2025-04-07,82,100,1
99,2025-04-07,1311,0,0
100,2025-04-07,50,200,1
101,2025-04-07,175,50,0
102,2025-04-07,254,0,0
103,2025-04-07,1230,0,0
104,2025-04-07,315,0,0
105,2025-04-07,394,0,0
106,2025-04-07,1610,0,0
107,2025-04-07,32,100,0
108,2025-04-07,174,0,0
109,2025-04-07,912,0,1
110,2025-04-07,132,100,2
111,2025-04-07,651,0,0
112,2025-04-07,468,0,1
113,2025-04-07,96,0,0
114,2025-04-07,158,200,1
115,2025-04-07,133,0,0
116,2025-04-07,225,0,0
117,2025-04-07,1162,0,0
118,2025-04-07,214,200,1
119,2025-04-07,246,100,0
120,2025-04-07,484,0,0
1,2025-04-08,71,200,1
2,2025-04-08,287,200,1
3,2025-04-08,158,150,0
4,2025-04-08,375,0,0
5,2025-04-08,81,0,0
6,2025-04-08,233,200,1
7,2025-04-08,1243,0,0
8,2025-04-08,155,200,2
9,2025-04-08,77,200,0
10,2025-04-08,162,100,1
11,2025-04-08,774,0,0
12,2025-04-08,176,50,0
13,2025-04-08,538,0,2
14,2025-04-08,37,250,0
15,2025-04-08,54,100,0
16,2025-04-08,1086,0,0
17,2025-04-08,163,100,0
18,2025-04-08,681,0,1
19,2025-04-08,407,0,0
20,2025-04-08,305,0,1
21,2025-04-08,203,100,1
22,2025-04-08,83,200,0
23,2025-04-08,0,350,0
24,2025-04-08,0,300,0
25,2025-04-08,143,200,1
26,2025-04-08,1092,0,0
27,2025-04-08,854,0,0
28,2025-04-08,268,0,0
29,2025-04-08,48,200,0
30,2025-04-08,1135,0,1
31,2025-04-08,64,100,0
32,2025-04-08,92,0,0
33,2025-04-08,200,100,0
34,2025-04-08,222,0,0
35,2025-04-08,476,0,0
36,2025-04-08,303,0,0
37,2025-04-08,83,0,0
38,2025-04-08,116,0,0
39,2025-04-08,114,50,0
40,2025-04-08,193,100,0
41,2025-04-08,154,100,0
42,2025-04-08,76,50,0
43,2025-04-08,8,200,0
44,2025-04-08,981,0,0
45,2025-04-08,264,200,1
46,2025-04-08,178,500,0
47,2025-04-08,1309,0,0
48,2025-04-08,539,0,0
49,2025-04-08,45,50,0
50,2025-04-08,1504,0,0
51,2025-04-08,228,200,1
52,2025-04-08,479,0,2
53,2025-04-08,73,50,0
54,2025-04-08,254,0,0
55,2025-04-08,206,50,1
56,2025-04-08,1251,0,0
57,2025-04-08,0,300,0
58,2025-04-08,82,100,0
59,2025-04-08,384,0,0
60,2025-04-08,108,100,1
61,2025-04-08,183,100,0
62,2025-04-08,141,200,0
63,2025-04-08,107,50,1
64,2025-04-08,194,200,2
65,2025-04-08,21,300,1
66,2025-04-08,139,100,1
67,2025-04-08,168,500,0
68,2025-04-08,121,200,1
69,2025-04-08,917,0,1
70,2025-04-08,998,0,0
71,2025-04-08,104,100,1
72,2025-04-08,129,0,0
73,2025-04-08,525,0,0
74,2025-04-08,1148,0,0
75,2025-04-08,668,0,1
76,2025-04-08,1360,0,1
77,2025-04-08,167,0,0
78,2025-04-08,285,200,0
79,2025-04-08,216,100,1
80,2025-04-08,76,0,0
81,2025-04-08,160,100,0
82,2025-04-08,105,100,1
83,2025-04-08,463,0,0
84,2025-04-08,216,0,1
85,2025-04-08,44,200,0
86,2025-04-08,307,0,0
87,2025-04-08,668,0,1
88,2025-04-08,229,0,0
89,2025-04-08,387,0,0
90,2025-04-08,0,400,0
91,2025-04-08,243,100,1
92,2025-04-08,178,100,2
93,2025-04-08,240,200,3
94,2025-04-08,273,200,1
95,2025-04-08,140,100,1
96,2025-04-08,61,250,1
97,2025-04-08,47,100,0
98,2025-04-08,75,200,1
99,2025-04-08,1307,0,0
100,2025-04-08,38,200,0
101,2025-04-08,164,50,1
102,2025-04-08,242,0,1
103,2025-04-08,1227,0,0
104,2025-04-08,294,0,0
105,2025-04-08,391,0,0
106,2025-04-08,1605,0,0
107,2025-04-08,28,100,0
108,2025-04-08,167,0,0
109,2025-04-08,907,0,0
110,2025-04-08,122,100,1
111,2025-04-08,637,0,1
112,2025-04-08,456,0,1
113,2025-04-08,95,0,0
114,2025-04-08,146,200,0
115,2025-04-08,127,0,0
116,2025-04-08,221,0,0
117,2025-04-08,1147,0,1
118,2025-04-08,211,200,0
119,2025-04-08,234,100,1
120,2025-04-08,475,0,1
1,2025-04-09,152,200,1
2,2025-04-09,268,200,2
3,2025-04-09,145,150,0
4,2025-04-09,373,0,0
5,2025-04-09,78,0,0
6,2025-04-09,217,200,1
7,2025-04-09,1241,0,0
8,2025-04-09,142,200,1
9,2025-04-09,70,200,0
10,2025-04-09,144,100,1
11,2025-04-09,760,0,0
12,2025-04-09,157,50,2
13,2025-04-09,528,0,0
14,2025-04-09,22,250,1
15,2025-04-09,49,100,0
16,2025-04-09,1082,0,0
17,2025-04-09,156,100,0
18,2025-04-09,665,0,1
19,2025-04-09,404,0,0
20,2025-04-09,296,0,1
21,2025-04-09,181,100,1
22,2025-04-09,78,200,0
23,2025-04-09,33,300,1
24,2025-04-09,0,300,0
25,2025-04-09,132,200,1
26,2025-04-09,1086,0,0
27,2025-04-09,829,0,2
28,2025-04-09,256,0,1
29,2025-04-09,245,0,0
30,2025-04-09,1130,0,0
31,2025-04-09,61,100,0
32,2025-04-09,89,0,0
33,2025-04-09,195,100,0
34,2025-04-09,215,0,0
35,2025-04-09,473,0,0
36,2025-04-09,296,0,0
37,2025-04-09,78,0,0
38,2025-04-09,112,0,0
39,2025-04-09,102,100,1
40,2025-04-09,183,100,1
41,2025-04-09,137,100,2
42,2025-04-09,64,100,1
43,2025-04-09,2,200,0
44,2025-04-09,978,0,0
45,2025-04-09,253,200,1
46,2025-04-09,162,500,1
47,2025-04-09,1298,0,0
48,2025-04-09,527,0,1
49,2025-04-09,43,50,0
50,2025-04-09,1500,0,0
51,2025-04-09,219,200,1
52,2025-04-09,463,0,1
53,2025-04-09,64,50,1
54,2025-04-09,244,0,0
55,2025-04-09,192,50,2
56,2025-04-09,1241,0,0
57,2025-04-09,0,300,0
58,2025-04-09,125,50,1
59,2025-04-09,382,0,0
60,2025-04-09,100,100,1
61,2025-04-09,174,100,1
62,2025-04-09,131,200,1
63,2025-04-09,102,50,0
64,2025-04-09,184,200,0
65,2025-04-09,0,300,0
66,2025-04-09,132,100,0
67,2025-04-09,160,500,0
68,2025-04-09,107,200,1
69,2025-04-09,913,0,0
70,2025-04-09,993,0,0
71,2025-04-09,144,50,1
72,2025-04-09,121,0,0
73,2025-04-09,524,0,0
74,2025-04-09,1141,0,0
75,2025-04-09,655,0,1
76,2025-04-09,1347,0,1
77,2025-04-09,167,0,3
78,2025-04-09,272,200,1
79,2025-04-09,213,100,0
80,2025-04-09,73,0,0
81,2025-04-09,154,100,0
82,2025-04-09,101,100,0
83,2025-04-09,451,0,1
84,2025-04-09,210,0,0
85,2025-04-09,43,200,0
86,2025-04-09,295,0,1
87,2025-04-09,661,0,0
88,2025-04-09,218,0,0
89,2025-04-09,370,0,2
90,2025-04-09,0,400,0
91,2025-04-09,233,100,0
92,2025-04-09,163,100,1
93,2025-04-09,227,200,1
94,2025-04-09,266,200,0
95,2025-04-09,131,100,1
96,2025-04-09,46,300,1
97,2025-04-09,43,100,0
98,2025-04-09,70,200,0
99,2025-04-09,1304,0,0
100,2025-04-09,29,200,1
101,2025-04-09,164,100,3
102,2025-04-09,228,0,1
103,2025-04-09,1225,0,0
104,2025-04-09,290,0,0
105,2025-04-09,385,0,0
106,2025-04-09,1602,0,0
107,2025-04-09,19,150,0
108,2025-04-09,158,0,1
109,2025-04-09,898,0,0
110,2025-04-09,114,100,1
111,2025-04-09,621,0,1
112,2025-04-09,447,0,0
113,2025-04-09,93,0,0
114,2025-04-09,133,200,1
115,2025-04-09,122,0,0
116,2025-04-09,213,0,0
117,2025-04-09,1130,0,2
118,2025-04-09,201,200,0
119,2025-04-09,221,100,0
120,2025-04-09,471,0,0
1,2025-04-10,137,200,0
2,2025-04-10,246,200,1
3,2025-04-10,132,150,0
4,2025-04-10,369,0,0
5,2025-04-10,76,0,0
6,2025-04-10,207,200,0
7,2025-04-10,1238,0,0
8,2025-04-10,228,100,1
9,2025-04-10,64,200,0
10,2025-04-10,136,100,0
11,2025-04-10,752,0,0
12,2025-04-10,143,50,0
13,2025-04-10,515,0,1
14,2025-04-10,15,250,0
15,2025-04-10,44,100,0
16,2025-04-10,1073,0,1
17,2025-04-10,138,100,1
18,2025-04-10,655,0,1
19,2025-04-10,401,0,0
20,2025-04-10,286,0,0
21,2025-04-10,172,100,0
22,2025-04-10,275,0,0
23,2025-04-10,16,300,2
24,2025-04-10,0,300,0
25,2025-04-10,123,200,0
26,2025-04-10,1078,0,0
27,2025-04-10,824,0,0
28,2025-04-10,242,0,1
29,2025-04-10,244,0,0
30,2025-04-10,1123,0,0
31,2025-04-10,57,100,0
32,2025-04-10,86,0,0
33,2025-04-10,179,100,1
34,2025-04-10,205,0,0
35,2025-04-10,471,0,0
36,2025-04-10,289,0,0
37,2025-04-10,75,0,0
38,2025-04-10,108,0,0
39,2025-04-10,95,100,0
40,2025-04-10,180,100,0
41,2025-04-10,129,100,0
42,2025-04-10,57,100,0
43,2025-04-10,0,200,0
44,2025-04-10,975,0,0
45,2025-04-10,236,200,0
46,2025-04-10,143,500,2
47,2025-04-10,1294,0,0
48,2025-04-10,517,0,1
49,2025-04-10,40,50,0
50,2025-04-10,1496,0,0
51,2025-04-10,199,200,2
52,2025-04-10,442,0,1
53,2025-04-10,61,50,0
54,2025-04-10,237,0,0
55,2025-04-10,177,100,1
56,2025-04-10,1240,0,0
57,2025-04-10,0,300,0
58,2025-04-10,114,100,0
59,2025-04-10,380,0,0
60,2025-04-10,86,100,1
61,2025-04-10,166,100,0
62,2025-04-10,125,200,0
63,2025-04-10,94,50,1
64,2025-04-10,361,0,0
65,2025-04-10,0,300,0
66,2025-04-10,130,100,0
67,2025-04-10,153,500,0
68,2025-04-10,93,200,0
69,2025-04-10,906,0,0
70,2025-04-10,988,0,0
71,2025-04-10,137,50,0
72,2025-04-10,117,0,0
73,2025-04-10,519,0,0
74,2025-04-10,1129,0,1
75,2025-04-10,645,0,1
76,2025-04-10,1332,0,1
77,2025-04-10,166,0,0
78,2025-04-10,254,200,1
79,2025-04-10,187,100,3
80,2025-04-10,72,0,0
81,2025-04-10,147,100,0
82,2025-04-10,95,100,0
83,2025-04-10,441,0,0
84,2025-04-10,201,0,0
85,2025-04-10,240,0,0
86,2025-04-10,291,0,0
87,2025-04-10,659,0,0
88,2025-04-10,215,0,0
89,2025-04-10,365,0,0
90,2025-04-10,0,400,0
91,2025-04-10,225,100,0
92,2025-04-10,259,0,0
93,2025-04-10,212,200,0
94,2025-04-10,245,200,1
95,2025-04-10,123,100,0
96,2025-04-10,72,250,3
97,2025-04-10,37,100,0
98,2025-04-10,162,100,0
99,2025-04-10,1302,0,0
100,2025-04-10,21,200,1
101,2025-04-10,156,100,0
102,2025-04-10,221,0,0
103,2025-04-10,1224,0,0
104,2025-04-10,280,0,0
105,2025-04-10,382,0,0
106,2025-04-10,1596,0,0
107,2025-04-10,63,100,0
108,2025-04-10,151,200,0
109,2025-04-10,891,0,0
110,2025-04-10,94,200,1
111,2025-04-10,613,0,1
112,2025-04-10,439,0,0
113,2025-04-10,90,0,0
114,2025-04-10,321,0,1
115,2025-04-10,121,100,0
116,2025-04-10,205,0,0
117,2025-04-10,1114,0,1
118,2025-04-10,190,200,1
119,2025-04-10,206,100,1
120,2025-04-10,462,0,1
1,2025-04-11,124,200,0
2,2025-04-11,238,200,0
3,2025-04-11,119,150,1
4,2025-04-11,367,0,0
5,2025-04-11,70,0,0
6,2025-04-11,187,200,2
7,2025-04-11,1236,0,0
8,2025-04-11,218,100,1
9,2025-04-11,58,200,0
10,2025-04-11,124,100,1
11,2025-04-11,740,0,1
12,2025-04-11,139,100,0
13,2025-04-11,504,0,0
14,2025-04-11,52,250,1
15,2025-04-11,40,100,0
16,2025-04-11,1066,0,0
17,2025-04-11,225,0,1
18,2025-04-11,636,0,1
19,2025-04-11,396,0,0
20,2025-04-11,270,200,0
21,2025-04-11,164,100,0
22,2025-04-11,266,0,0
23,2025-04-11,0,300,0
24,2025-04-11,0,300,0
25,2025-04-11,110,200,0
26,2025-04-11,1073,0,0
27,2025-04-11,814,0,0
28,2025-04-11,242,0,6
29,2025-04-11,243,0,0
30,2025-04-11,1118,0,0
31,2025-04-11,57,100,1
32,2025-04-11,84,0,0
33,2025-04-11,164,100,1
34,2025-04-11,197,0,1
35,2025-04-11,470,0,0
36,2025-04-11,286,0,0
37,2025-04-11,71,0,0
38,2025-04-11,102,0,0
39,2025-04-11,87,100,0
40,2025-04-11,168,100,0
41,2025-04-11,124,100,0
42,2025-04-11,51,100,0
43,2025-04-11,0,200,0
44,2025-04-11,972,0,0
45,2025-04-11,223,200,0
46,2025-04-11,138,500,0
47,2025-04-11,1283,0,1
48,2025-04-11,504,0,1
49,2025-04-11,38,50,0
50,2025-04-11,1489,0,0
51,2025-04-11,186,200,1
52,2025-04-11,429,0,1
53,2025-04-11,59,50,0
54,2025-04-11,229,0,1
55,2025-04-11,161,100,0
56,2025-04-11,1237,0,0
57,2025-04-11,0,300,0
58,2025-04-11,106,100,1
59,2025-04-11,377,0,0
60,2025-04-11,75,150,0
61,2025-04-11,157,100,1
62,2025-04-11,117,200,0
63,2025-04-11,86,50,1
64,2025-04-11,348,0,0
65,2025-04-11,0,300,0
66,2025-04-11,119,100,1
67,2025-04-11,146,500,0
68,2025-04-11,88,200,0
69,2025-04-11,890,0,1
70,2025-04-11,987,0,0
71,2025-04-11,130,50,0
72,2025-04-11,111,0,0
73,2025-04-11,516,0,0
74,2025-04-11,1122,0,0
75,2025-04-11,645,0,8
76,2025-04-11,1324,0,0
77,2025-04-11,164,0,0
78,2025-04-11,242,200,1
79,2025-04-11,171,200,1
80,2025-04-11,68,0,0
81,2025-04-11,135,150,1
82,2025-04-11,90,100,0
83,2025-04-11,434,0,0
84,2025-04-11,187,100,1
85,2025-04-11,237,0,0
86,2025-04-11,283,0,0
87,2025-04-11,652,0,0
88,2025-04-11,204,0,0
89,2025-04-11,360,0,0
90,2025-04-11,0,400,0
91,2025-04-11,224,100,0
92,2025-04-11,249,0,1
93,2025-04-11,194,200,0
94,2025-04-11,234,200,1
95,2025-04-11,110,100,1
96,2025-04-11,108,200,1
97,2025-04-11,32,100,0
98,2025-04-11,155,100,0
99,2025-04-11,1301,0,0
100,2025-04-11,14,200,0
101,2025-04-11,145,100,1
102,2025-04-11,212,0,0
103,2025-04-11,1221,0,0
104,2025-04-11,270,0,1
105,2025-04-11,380,0,0
106,2025-04-11,1593,0,0
107,2025-04-11,57,100,0
108,2025-04-11,145,200,0
109,2025-04-11,881,0,0
110,2025-04-11,83,200,0
111,2025-04-11,595,0,2
112,2025-04-11,425,0,1
113,2025-04-11,86,0,0
114,2025-04-11,308,0,0
115,2025-04-11,115,100,0
116,2025-04-11,191,0,1
117,2025-04-11,1098,0,0
118,2025-04-11,185,200,0
119,2025-04-11,203,100,0
120,2025-04-11,457,0,0
1,2025-04-12,105,200,2
2,2025-04-12,220,200,1
3,2025-04-12,107,150,1
4,2025-04-12,360,0,0
5,2025-04-12,69,0,0
6,2025-04-12,172,200,1
7,2025-04-12,1234,0,0
8,2025-04-12,202,100,1
9,2025-04-12,58,200,1
10,2025-04-12,107,100,1
11,2025-04-12,725,0,2
12,2025-04-12,128,100,1
13,2025-04-12,491,0,1
14,2025-04-12,36,250,2
15,2025-04-12,36,100,0
16,2025-04-12,1056,0,0
17,2025-04-12,214,0,0
18,2025-04-12,625,0,1
19,2025-04-12,389,0,0
20,2025-04-12,252,200,1
21,2025-04-12,252,100,1
22,2025-04-12,262,0,0
23,2025-04-12,35,250,1
24,2025-04-12,84,200,2
25,2025-04-12,190,100,1
26,2025-04-12,1068,0,0
27,2025-04-12,804,0,1
28,2025-04-12,229,200,1
29,2025-04-12,241,0,0
30,2025-04-12,1109,0,1
31,2025-04-12,51,100,0
32,2025-04-12,81,0,0
33,2025-04-12,164,100,2
34,2025-04-12,186,0,1
35,2025-04-12,468,0,0
36,2025-04-12,278,0,0
37,2025-04-12,67,0,0
38,2025-04-12,98,0,0
39,2025-04-12,87,100,1
40,2025-04-12,168,100,1
41,2025-04-12,112,100,1
42,2025-04-12,96,50,0
43,2025-04-12,0,200,0
44,2025-04-12,967,0,0
45,2025-04-12,189,200,3
46,2025-04-12,134,500,0
47,2025-04-12,1273,0,1
48,2025-04-12,494,0,0
49,2025-04-12,36,50,0
50,2025-04-12,1481,0,0
51,2025-04-12,162,200,3
52,2025-04-12,413,0,0
53,2025-04-12,52,50,1
54,2025-04-12,220,0,1
55,2025-04-12,152,150,0
56,2025-04-12,1230,0,0
57,2025-04-12,41,250,0
58,2025-04-12,147,50,1
59,2025-04-12,375,0,0
60,2025-04-12,115,100,1
61,2025-04-12,143,100,1
62,2025-04-12,106,200,1
63,2025-04-12,78,100,0
64,2025-04-12,326,0,2
65,2025-04-12,0,300,0
66,2025-04-12,110,100,0
67,2025-04-12,118,500,2
68,2025-04-12,63,200,1
69,2025-04-12,877,0,1
70,2025-04-12,983,0,0
71,2025-04-12,130,50,1
72,2025-04-12,106,0,0
73,2025-04-12,514,0,0
74,2025-04-12,1112,0,0
75,2025-04-12,634,0,1
76,2025-04-12,1312,0,0
77,2025-04-12,161,0,0
78,2025-04-12,231,200,1
79,2025-04-12,154,200,1
80,2025-04-12,65,0,0
81,2025-04-12,168,100,0
82,2025-04-12,81,100,0
83,2025-04-12,421,0,1
84,2025-04-12,176,100,1
85,2025-04-12,236,0,0
86,2025-04-12,274,0,0
87,2025-04-12,646,0,0
88,2025-04-12,194,0,0
89,2025-04-12,357,0,0
90,2025-04-12,0,400,0
91,2025-04-12,210,100,1
92,2025-04-12,242,0,0
93,2025-04-12,182,200,1
94,2025-04-12,215,200,1
95,2025-04-12,165,0,1
96,2025-04-12,174,150,0
97,2025-04-12,26,150,0
98,2025-04-12,242,0,0
99,2025-04-12,1297,0,0
100,2025-04-12,5,200,0
101,2025-04-12,132,100,1
102,2025-04-12,198,100,1
103,2025-04-12,1216,0,0
104,2025-04-12,263,0,1
105,2025-04-12,372,0,0
106,2025-04-12,1589,0,0
107,2025-04-12,49,100,1
108,2025-04-12,140,200,0
109,2025-04-12,873,0,0
110,2025-04-12,72,200,1
111,2025-04-12,592,0,0
112,2025-04-12,418,0,0
113,2025-04-12,85,0,0
114,2025-04-12,300,0,0
115,2025-04-12,109,100,0
116,2025-04-12,183,0,1
117,2025-04-12,1073,0,3
118,2025-04-12,178,200,0
119,2025-04-12,287,0,0
120,2025-04-12,454,0,0
1,2025-04-13,77,300,3
2,2025-04-13,202,200,2
3,2025-04-13,89,200,1
4,2025-04-13,356,0,0
5,2025-04-13,67,0,0
6,2025-04-13,152,200,1
7,2025-04-13,1233,0,0
8,2025-04-13,191,100,1
9,2025-04-13,57,200,0
10,2025-04-13,95,100,0
11,2025-04-13,717,0,0
12,2025-04-13,115,100,0
13,2025-04-13,474,0,2
14,2025-04-13,19,250,1
15,2025-04-13,33,100,0
16,2025-04-13,1046,0,0
17,2025-04-13,198,0,0
18,2025-04-13,610,0,1
19,2025-04-13,384,0,0
20,2025-04-13,236,200,2
21,2025-04-13,241,100,1
22,2025-04-13,257,0,0
23,2025-04-13,32,300,0
24,2025-04-13,73,300,1
25,2025-04-13,183,100,0
26,2025-04-13,1063,0,0
27,2025-04-13,787,0,2
28,2025-04-13,213,200,1
29,2025-04-13,239,0,0
30,2025-04-13,1097,0,1
31,2025-04-13,50,100,0
32,2025-04-13,78,0,0
33,2025-04-13,158,100,0
34,2025-04-13,181,0,0
35,2025-04-13,464,0,0
36,2025-04-13,275,0,0
37,2025-04-13,65,0,0
38,2025-04-13,97,0,0
39,2025-04-13,79,100,0
40,2025-04-13,161,100,0
41,2025-04-13,202,0,1
42,2025-04-13,93,50,0
43,2025-04-13,0,200,0
44,2025-04-13,963,0,0
45,2025-04-13,369,0,1
46,2025-04-13,614,0,2
47,2025-04-13,1268,0,0
48,2025-04-13,488,0,0
49,2025-04-13,34,50,0
50,2025-04-13,1479,0,0
51,2025-04-13,160,200,0
52,2025-04-13,387,0,1
53,2025-04-13,46,50,0
54,2025-04-13,209,0,1
55,2025-04-13,140,150,1
56,2025-04-13,1222,0,1
57,2025-04-13,32,250,1
58,2025-04-13,137,50,1
59,2025-04-13,373,0,0
60,2025-04-13,100,100,1
61,2025-04-13,137,100,0
62,2025-04-13,91,200,1
63,2025-04-13,71,100,0
64,2025-04-13,313,200,1
65,2025-04-13,0,300,0
66,2025-04-13,97,100,1
67,2025-04-13,104,500,1
68,2025-04-13,48,400,1
69,2025-04-13,870,0,0
70,2025-04-13,979,0,0
71,2025-04-13,167,50,0
72,2025-04-13,98,200,0
73,2025-04-13,511,0,0
74,2025-04-13,1102,0,0
75,2025-04-13,615,0,1
76,2025-04-13,1292,0,1
77,2025-04-13,160,0,0
78,2025-04-13,224,200,0
79,2025-04-13,139,200,1
80,2025-04-13,64,0,0
81,2025-04-13,162,100,0
82,2025-04-13,75,100,0
83,2025-04-13,404,0,2
84,2025-04-13,167,100,1
85,2025-04-13,232,0,0
86,2025-04-13,270,0,0
87,2025-04-13,643,0,0
88,2025-04-13,190,0,0
89,2025-04-13,343,0,1
90,2025-04-13,0,400,0
91,2025-04-13,194,100,1
92,2025-04-13,224,0,1
93,2025-04-13,171,200,1
94,2025-04-13,395,0,2
95,2025-04-13,160,0,0
96,2025-04-13,153,150,0
97,2025-04-13,19,150,0
98,2025-04-13,241,0,0
99,2025-04-13,1295,0,0
100,2025-04-13,0,200,0
101,2025-04-13,166,100,1
102,2025-04-13,188,100,0
103,2025-04-13,1215,0,0
104,2025-04-13,246,200,1
105,2025-04-13,369,0,0
106,2025-04-13,1587,0,0
107,2025-04-13,37,100,1
108,2025-04-13,132,200,0
109,2025-04-13,865,0,0
110,2025-04-13,64,200,0
111,2025-04-13,582,0,1
112,2025-04-13,415,0,0
113,2025-04-13,81,0,0
114,2025-04-13,289,0,1
115,2025-04-13,103,100,0
116,2025-04-13,182,0,0
117,2025-04-13,1070,0,0
118,2025-04-13,164,200,1
119,2025-04-13,270,0,0
120,2025-04-13,441,0,1
1,2025-04-14,64,300,1
2,2025-04-14,179,200,1
3,2025-04-14,70,250,2
4,2025-04-14,353,0,0
5,2025-04-14,62,0,0
6,2025-04-14,138,200,1
7,2025-04-14,1231,0,0
8,2025-04-14,176,100,0
9,2025-04-14,53,200,0
10,2025-04-14,186,100,0
11,2025-04-14,701,0,0
12,2025-04-14,156,50,0
13,2025-04-14,466,0,0
14,2025-04-14,5,300,1
15,2025-04-14,31,100,0
16,2025-04-14,1038,0,1
17,2025-04-14,186,100,1
18,2025-04-14,589,0,3
19,2025-04-14,379,0,0
20,2025-04-14,218,200,0
21,2025-04-14,232,100,0
22,2025-04-14,251,0,0
23,2025-04-14,7,300,1
24,2025-04-14,63,300,0
25,2025-04-14,161,200,3
26,2025-04-14,1060,0,0
27,2025-04-14,779,0,0
28,2025-04-14,201,200,1
29,2025-04-14,236,0,0
30,2025-04-14,1085,0,1
31,2025-04-14,49,100,0
32,2025-04-14,74,0,0
33,2025-04-14,152,100,0
34,2025-04-14,176,0,0
35,2025-04-14,462,0,0
36,2025-04-14,271,0,0
37,2025-04-14,62,0,0
38,2025-04-14,92,0,0
39,2025-04-14,77,100,0
40,2025-04-14,251,0,0
41,2025-04-14,198,0,0
42,2025-04-14,87,50,0
43,2025-04-14,97,100,0
44,2025-04-14,961,0,0
45,2025-04-14,350,0,2
46,2025-04-14,605,0,1
47,2025-04-14,1261,0,0
48,2025-04-14,485,0,0
49,2025-04-14,31,50,0
50,2025-04-14,1474,0,0
51,2025-04-14,149,200,0
52,2025-04-14,381,0,0
53,2025-04-14,41,50,0
54,2025-04-14,204,0,0
55,2025-04-14,129,150,1
56,2025-04-14,1207,0,1
57,2025-04-14,73,200,0
58,2025-04-14,127,100,0
59,2025-04-14,369,0,0
60,2025-04-14,91,150,1
61,2025-04-14,175,100,1
62,2025-04-14,83,200,0
63,2025-04-14,64,100,0
64,2025-04-14,300,200,1
65,2025-04-14,0,300,0
66,2025-04-14,92,100,0
67,2025-04-14,88,500,2
68,2025-04-14,31,400,0
69,2025-04-14,857,0,1
70,2025-04-14,974,0,0
71,2025-04-14,159,50,0
72,2025-04-14,98,200,1
73,2025-04-14,509,0,0
74,2025-04-14,1098,0,0
75,2025-04-14,606,0,0
76,2025-04-14,1285,0,0
77,2025-04-14,159,0,0
78,2025-04-14,213,200,1
79,2025-04-14,133,200,0
80,2025-04-14,61,0,0
81,2025-04-14,203,50,1
82,2025-04-14,67,100,0
83,2025-04-14,396,0,0
84,2025-04-14,159,100,0
85,2025-04-14,230,0,0
86,2025-04-14,262,0,1
87,2025-04-14,637,0,0
88,2025-04-14,186,0,0
89,2025-04-14,336,0,0
90,2025-04-14,0,400,0
91,2025-04-14,178,100,1
92,2025-04-14,214,0,0
93,2025-04-14,148,200,2
94,2025-04-14,380,0,1
95,2025-04-14,154,0,0
96,2025-04-14,141,200,1
97,2025-04-14,62,100,0
98,2025-04-14,236,0,0
99,2025-04-14,1293,0,0
100,2025-04-14,0,200,0
101,2025-04-14,158,100,0
102,2025-04-14,178,100,1
103,2025-04-14,1212,0,0
104,2025-04-14,243,200,0
105,2025-04-14,365,0,0
106,2025-04-14,1583,0,0
107,2025-04-14,32,100,0
108,2025-04-14,127,200,0
109,2025-04-14,857,0,0
110,2025-04-14,57,200,0
111,2025-04-14,573,0,0
112,2025-04-14,404,0,1
113,2025-04-14,77,0,0
114,2025-04-14,281,0,1
115,2025-04-14,99,100,0
116,2025-04-14,175,0,0
117,2025-04-14,1060,0,0
118,2025-04-14,148,200,2
119,2025-04-14,267,0,0
120,2025-04-14,437,0,0
1,2025-04-15,254,100,0
2,2025-04-15,154,200,0
3,2025-04-15,55,250,1
4,2025-04-15,351,0,0
5,2025-04-15,60,0,0
6,2025-04-15,129,200,0
7,2025-04-15,1229,0,0
8,2025-04-15,158,100,2
9,2025-04-15,50,200,0
10,2025-04-15,175,100,1
11,2025-04-15,694,0,0
12,2025-04-15,148,50,0
13,2025-04-15,442,0,1
14,2025-04-15,40,250,1
15,2025-04-15,26,100,0
16,2025-04-15,1032,0,0
17,2025-04-15,160,100,1
18,2025-04-15,583,0,0
19,2025-04-15,377,0,0
20,2025-04-15,193,200,1
21,2025-04-15,223,100,1
22,2025-04-15,247,0,0
23,2025-04-15,0,300,0
24,2025-04-15,39,300,2
25,2025-04-15,142,200,1
26,2025-04-15,1055,0,0
27,2025-04-15,770,0,0
28,2025-04-15,201,200,3
29,2025-04-15,234,0,0
30,2025-04-15,1082,0,0
31,2025-04-15,46,100,0
32,2025-04-15,68,500,0
33,2025-04-15,243,0,1
34,2025-04-15,168,0,0
35,2025-04-15,458,0,0
36,2025-04-15,263,0,0
37,2025-04-15,58,100,0
38,2025-04-15,89,0,0
39,2025-04-15,125,50,0
40,2025-04-15,236,0,2
41,2025-04-15,190,0,1
42,2025-04-15,84,50,0
43,2025-04-15,91,100,0
44,2025-04-15,956,0,0
45,2025-04-15,342,0,0
46,2025-04-15,601,0,0
47,2025-04-15,1251,0,0
48,2025-04-15,479,0,0
49,2025-04-15,29,50,0
50,2025-04-15,1470,0,0
51,2025-04-15,133,200,1
52,2025-04-15,359,0,3
53,2025-04-15,36,100,0
54,2025-04-15,197,0,0
55,2025-04-15,112,150,2
56,2025-04-15,1198,0,1
57,2025-04-15,60,200,1
58,2025-04-15,117,100,1
59,2025-04-15,366,0,0
60,2025-04-15,82,150,0
61,2025-04-15,214,50,1
62,2025-04-15,80,200,0
63,2025-04-15,58,100,0
64,2025-04-15,273,200,1
65,2025-04-15,0,300,0
66,2025-04-15,84,100,0
67,2025-04-15,81,500,0
68,2025-04-15,17,400,1
69,2025-04-15,843,0,1
70,2025-04-15,973,0,0
71,2025-04-15,157,50,0
72,2025-04-15,92,200,0
73,2025-04-15,508,0,0
74,2025-04-15,1088,0,0
75,2025-04-15,596,0,1
76,2025-04-15,1271,0,1
77,2025-04-15,157,0,0
78,2025-04-15,204,200,0
79,2025-04-15,125,200,0
80,2025-04-15,58,100,0
81,2025-04-15,195,50,0
82,2025-04-15,156,0,0
83,2025-04-15,391,0,0
84,2025-04-15,149,100,1
85,2025-04-15,228,0,0
86,2025-04-15,254,0,0
87,2025-04-15,633,0,0
88,2025-04-15,179,0,0
89,2025-04-15,336,0,4
90,2025-04-15,195,200,0
91,2025-04-15,168,200,1
92,2025-04-15,204,100,1
93,2025-04-15,130,200,0
94,2025-04-15,369,0,1
95,2025-04-15,139,100,1
96,2025-04-15,132,200,0
97,2025-04-15,60,100,0
98,2025-04-15,233,0,0
99,2025-04-15,1289,0,0
100,2025-04-15,0,200,0
101,2025-04-15,145,100,1
102,2025-04-15,168,100,0
103,2025-04-15,1209,0,0
104,2025-04-15,230,200,0
105,2025-04-15,357,0,0
106,2025-04-15,1580,0,0
107,2025-04-15,72,50,1
108,2025-04-15,118,200,0
109,2025-04-15,846,0,1
110,2025-04-15,46,200,1
111,2025-04-15,573,0,12
112,2025-04-15,395,0,1
113,2025-04-15,75,0,0
114,2025-04-15,257,200,2
115,2025-04-15,95,100,0
116,2025-04-15,168,0,0
117,2025-04-15,1048,0,1
118,2025-04-15,143,200,0
119,2025-04-15,256,100,1
120,2025-04-15,430,0,0
1,2025-04-16,243,100,1
2,2025-04-16,148,200,0
3,2025-04-16,90,250,1
4,2025-04-16,345,0,0
5,2025-04-16,57,0,0
6,2025-04-16,92,400,4
7,2025-04-16,1226,0,0
8,2025-04-16,148,200,1
9,2025-04-16,45,200,0
10,2025-04-16,159,100,2
11,2025-04-16,675,0,1
12,2025-04-16,142,100,0
13,2025-04-16,428,0,1
14,2025-04-16,32,250,0
15,2025-04-16,22,100,0
16,2025-04-16,1021,0,1
17,2025-04-16,150,100,0
18,2025-04-16,574,0,0
19,2025-04-16,373,0,0
20,2025-04-16,177,200,0
21,2025-04-16,211,100,1
22,2025-04-16,243,0,0
23,2025-04-16,0,300,0
24,2025-04-16,21,300,1
25,2025-04-16,124,200,1
26,2025-04-16,1053,0,0
27,2025-04-16,764,0,0
28,2025-04-16,191,200,1
29,2025-04-16,231,0,0
30,2025-04-16,1071,0,1
31,2025-04-16,144,0,0
32,2025-04-16,65,500,0
33,2025-04-16,235,0,1
34,2025-04-16,159,0,0
35,2025-04-16,455,0,0
36,2025-04-16,258,0,0
37,2025-04-16,55,100,0
38,2025-04-16,83,0,0
39,2025-04-16,119,50,0
40,2025-04-16,225,0,1
41,2025-04-16,182,0,0
42,2025-04-16,78,50,0
43,2025-04-16,87,100,0
44,2025-04-16,952,0,0
45,2025-04-16,324,0,1
46,2025-04-16,595,0,0
47,2025-04-16,1245,0,0
48,2025-04-16,474,0,0
49,2025-04-16,28,50,0
50,2025-04-16,1465,0,0
51,2025-04-16,129,200,0
52,2025-04-16,346,0,1
53,2025-04-16,31,100,0
54,2025-04-16,189,0,0
55,2025-04-16,152,100,0
56,2025-04-16,1191,0,0
57,2025-04-16,126,150,1
58,2025-04-16,110,100,0
59,2025-04-16,363,0,0
60,2025-04-16,68,150,1
61,2025-04-16,201,50,0
62,2025-04-16,67,200,1
63,2025-04-16,53,100,0
64,2025-04-16,259,200,1
65,2025-04-16,0,300,0
66,2025-04-16,78,150,0
67,2025-04-16,70,500,1
68,2025-04-16,7,400,0
69,2025-04-16,823,0,2
70,2025-04-16,971,0,0
71,2025-04-16,152,50,0
72,2025-04-16,88,200,0
73,2025-04-16,506,0,0
74,2025-04-16,1078,0,1
75,2025-04-16,581,0,1
76,2025-04-16,1261,0,0
77,2025-04-16,156,0,0
78,2025-04-16,193,200,0
79,2025-04-16,116,200,0
80,2025-04-16,57,100,0
81,2025-04-16,178,100,0
82,2025-04-16,152,50,0
83,2025-04-16,376,0,0
84,2025-04-16,142,100,0
85,2025-04-16,227,0,0
86,2025-04-16,243,0,1
87,2025-04-16,623,0,0
88,2025-04-16,167,500,1
89,2025-04-16,331,0,0
90,2025-04-16,181,200,1
91,2025-04-16,162,200,0
92,2025-04-16,196,100,1
93,2025-04-16,120,200,0
94,2025-04-16,351,0,1
95,2025-04-16,133,100,0
96,2025-04-16,116,200,1
97,2025-04-16,53,100,0
98,2025-04-16,225,0,0
99,2025-04-16,1287,0,0
100,2025-04-16,0,200,0
101,2025-04-16,238,0,0
102,2025-04-16,158,100,0
103,2025-04-16,1207,0,0
104,2025-04-16,219,200,1
105,2025-04-16,353,0,0
106,2025-04-16,1578,0,0
107,2025-04-16,70,100,0
108,2025-04-16,310,0,0
109,2025-04-16,840,0,0
110,2025-04-16,42,200,0
111,2025-04-16,565,0,1
112,2025-04-16,385,0,1
113,2025-04-16,72,0,0
114,2025-04-16,238,200,2
115,2025-04-16,92,100,0
116,2025-04-16,156,200,1
117,2025-04-16,1041,0,0
118,2025-04-16,129,200,0
119,2025-04-16,247,100,1
120,2025-04-16,427,0,0
1,2025-04-17,227,100,1
2,2025-04-17,142,200,0
3,2025-04-17,82,250,0
4,2025-04-17,342,0,0
5,2025-04-17,56,50,0
6,2025-04-17,74,400,0
7,2025-04-17,1224,0,0
8,2025-04-17,142,200,0
9,2025-04-17,44,200,0
10,2025-04-17,146,100,1
11,2025-04-17,675,0,19
12,2025-04-17,136,100,0
13,2025-04-17,406,0,2
14,2025-04-17,22,250,1
15,2025-04-17,18,100,0
16,2025-04-17,1014,0,0
17,2025-04-17,141,100,0
18,2025-04-17,571,0,0
19,2025-04-17,371,0,0
20,2025-04-17,169,200,1
21,2025-04-17,197,100,2
22,2025-04-17,235,0,0
23,2025-04-17,0,350,0
24,2025-04-17,8,300,1
25,2025-04-17,111,200,1
26,2025-04-17,1048,0,0
27,2025-04-17,755,0,1
28,2025-04-17,172,200,1
29,2025-04-17,228,0,0
30,2025-04-17,1061,0,0
31,2025-04-17,141,0,0
32,2025-04-17,63,500,0
33,2025-04-17,224,0,1
34,2025-04-17,153,500,0
35,2025-04-17,452,0,0
36,2025-04-17,258,0,4
37,2025-04-17,53,100,0
38,2025-04-17,80,0,0
39,2025-04-17,158,0,1
40,2025-04-17,218,0,0
41,2025-04-17,178,0,0
42,2025-04-17,72,50,0
43,2025-04-17,82,100,0
44,2025-04-17,951,0,0
45,2025-04-17,318,0,0
46,2025-04-17,585,0,0
47,2025-04-17,1237,0,0
48,2025-04-17,455,0,1
49,2025-04-17,77,0,0
50,2025-04-17,1460,0,0
51,2025-04-17,123,200,0
52,2025-04-17,330,0,1
53,2025-04-17,23,100,0
54,2025-04-17,181,0,1
55,2025-04-17,142,150,1
56,2025-04-17,1183,0,0
57,2025-04-17,114,200,0
58,2025-04-17,101,100,0
59,2025-04-17,361,0,0
60,2025-04-17,58,150,1
61,2025-04-17,193,50,0
62,2025-04-17,59,200,0
63,2025-04-17,47,100,0
64,2025-04-17,241,200,1
65,2025-04-17,0,300,0
66,2025-04-17,70,150,0
67,2025-04-17,61,500,0
68,2025-04-17,0,400,0
69,2025-04-17,814,0,0
70,2025-04-17,968,0,0
71,2025-04-17,145,50,0
72,2025-04-17,82,200,0
73,2025-04-17,501,0,0
74,2025-04-17,1074,0,0
75,2025-04-17,574,0,0
76,2025-04-17,1250,0,1
77,2025-04-17,154,0,0
78,2025-04-17,181,200,0
79,2025-04-17,104,200,1
80,2025-04-17,57,100,1
81,2025-04-17,169,100,0
82,2025-04-17,142,50,0
83,2025-04-17,367,0,0
84,2025-04-17,131,100,1
85,2025-04-17,226,0,0
86,2025-04-17,231,0,0
87,2025-04-17,619,0,0
88,2025-04-17,157,500,1
89,2025-04-17,327,0,0
90,2025-04-17,175,200,0
91,2025-04-17,146,200,1
92,2025-04-17,183,100,1
93,2025-04-17,97,200,2
94,2025-04-17,333,0,1
95,2025-04-17,123,100,0
96,2025-04-17,98,250,1
97,2025-04-17,46,100,0
98,2025-04-17,217,0,0
99,2025-04-17,1284,0,0
100,2025-04-17,0,200,0
101,2025-04-17,222,50,1
102,2025-04-17,152,100,0
103,2025-04-17,1206,0,0
104,2025-04-17,199,200,2
105,2025-04-17,350,0,0
106,2025-04-17,1577,0,0
107,2025-04-17,68,100,0
108,2025-04-17,297,0,1
109,2025-04-17,828,0,0
110,2025-04-17,35,200,0
111,2025-04-17,555,0,0
112,2025-04-17,374,0,1
113,2025-04-17,69,0,0
114,2025-04-17,228,200,1
115,2025-04-17,88,100,0
116,2025-04-17,145,200,1
117,2025-04-17,1029,0,1
118,2025-04-17,119,200,1
119,2025-04-17,284,0,2
120,2025-04-17,426,0,0
1,2025-04-18,216,100,1
2,2025-04-18,133,200,1
3,2025-04-18,70,250,1
4,2025-04-18,341,0,0
5,2025-04-18,53,50,0
6,2025-04-18,61,400,1
7,2025-04-18,1220,0,0
8,2025-04-18,126,200,1
9,2025-04-18,40,200,0
10,2025-04-18,135,100,1
11,2025-04-18,666,0,1
12,2025-04-18,177,50,1
13,2025-04-18,394,0,1
14,2025-04-18,6,250,1
15,2025-04-18,112,0,0
16,2025-04-18,1006,0,0
17,2025-04-18,127,100,1
18,2025-04-18,556,0,0
19,2025-04-18,367,0,0
20,2025-04-18,165,200,0
21,2025-04-18,181,100,1
22,2025-04-18,229,0,0
23,2025-04-18,0,350,0
24,2025-04-18,0,300,0
25,2025-04-18,96,200,1
26,2025-04-18,1042,0,0
27,2025-04-18,743,0,0
28,2025-04-18,167,200,0
29,2025-04-18,226,0,0
30,2025-04-18,1048,0,1
31,2025-04-18,137,0,0
32,2025-04-18,59,500,0
33,2025-04-18,216,0,0
34,2025-04-18,143,500,1
35,2025-04-18,449,0,0
36,2025-04-18,254,0,0
37,2025-04-18,51,100,0
38,2025-04-18,80,100,1
39,2025-04-18,151,50,1
40,2025-04-18,207,0,0
41,2025-04-18,168,100,0
42,2025-04-18,64,100,0
43,2025-04-18,78,100,0
44,2025-04-18,946,0,0
45,2025-04-18,302,0,1
46,2025-04-18,554,0,3
47,2025-04-18,1228,0,1
48,2025-04-18,451,0,0
49,2025-04-18,75,0,0
50,2025-04-18,1454,0,0
51,2025-04-18,113,200,1
52,2025-04-18,313,0,1
53,2025-04-18,17,100,0
54,2025-04-18,169,0,0
55,2025-04-18,129,150,1
56,2025-04-18,1178,0,0
57,2025-04-18,103,200,1
58,2025-04-18,90,100,1
59,2025-04-18,356,0,0
60,2025-04-18,93,150,1
61,2025-04-18,233,50,1
62,2025-04-18,50,200,0
63,2025-04-18,88,100,1
64,2025-04-18,224,200,1
65,2025-04-18,0,300,0
66,2025-04-18,112,100,0
67,2025-04-18,47,500,1
68,2025-04-18,0,400,0
69,2025-04-18,811,0,0
70,2025-04-18,963,0,0
71,2025-04-18,135,50,1
72,2025-04-18,76,200,0
73,2025-04-18,501,0,7
74,2025-04-18,1064,0,0
75,2025-04-18,560,0,1
76,2025-04-18,1248,0,0
77,2025-04-18,151,0,0
78,2025-04-18,168,200,0
79,2025-04-18,93,300,1
80,2025-04-18,55,100,0
81,2025-04-18,164,100,0
82,2025-04-18,133,50,1
83,2025-04-18,357,0,1
84,2025-04-18,124,100,0
85,2025-04-18,222,0,0
86,2025-04-18,227,0,0
87,2025-04-18,614,0,0
88,2025-04-18,153,500,0
89,2025-04-18,323,0,0
90,2025-04-18,165,200,0
91,2025-04-18,131,200,1
92,2025-04-18,173,100,1
93,2025-04-18,87,200,1
94,2025-04-18,308,0,3
95,2025-04-18,108,100,1
96,2025-04-18,83,250,2
97,2025-04-18,42,100,0
98,2025-04-18,205,0,0
99,2025-04-18,1283,0,0
100,2025-04-18,0,200,0
101,2025-04-18,215,50,0
102,2025-04-18,147,100,0
103,2025-04-18,1203,0,0
104,2025-04-18,190,200,0
105,2025-04-18,346,0,0
106,2025-04-18,1574,0,0
107,2025-04-18,65,100,0
108,2025-04-18,292,0,0
109,2025-04-18,820,0,0
110,2025-04-18,24,200,0
111,2025-04-18,542,0,1
112,2025-04-18,359,0,1
113,2025-04-18,66,0,0
114,2025-04-18,215,200,1
115,2025-04-18,80,100,1
116,2025-04-18,140,200,0
117,2025-04-18,1019,0,0
118,2025-04-18,104,200,0
119,2025-04-18,272,0,1
120,2025-04-18,425,0,0
1,2025-04-19,197,100,0
2,2025-04-19,120,200,1
3,2025-04-19,48,250,2
4,2025-04-19,339,0,0
5,2025-04-19,52,50,0
6,2025-04-19,35,400,3
7,2025-04-19,1218,0,0
8,2025-04-19,108,200,2
9,2025-04-19,32,200,0
10,2025-04-19,123,100,1
11,2025-04-19,652,0,0
12,2025-04-19,164,50,1
13,2025-04-19,367,0,1
14,2025-04-19,0,250,0
15,2025-04-19,108,0,0
16,2025-04-19,1004,0,0
17,2025-04-19,114,200,1
18,2025-04-19,539,0,1
19,2025-04-19,365,0,0
20,2025-04-19,153,200,1
21,2025-04-19,166,100,1
22,2025-04-19,222,0,0
23,2025-04-19,43,300,0
24,2025-04-19,0,300,0
25,2025-04-19,83,200,1
26,2025-04-19,1038,0,0
27,2025-04-19,734,0,0
28,2025-04-19,157,200,1
29,2025-04-19,223,0,0
30,2025-04-19,1038,0,1
31,2025-04-19,133,0,0
32,2025-04-19,58,500,0
33,2025-04-19,204,0,1
34,2025-04-19,133,500,0
35,2025-04-19,448,0,0
36,2025-04-19,244,0,0
37,2025-04-19,48,100,0
38,2025-04-19,75,100,0
39,2025-04-19,140,50,0
40,2025-04-19,191,0,1
41,2025-04-19,159,100,1
42,2025-04-19,56,100,0
43,2025-04-19,78,100,1
44,2025-04-19,940,0,0
45,2025-04-19,272,200,2
46,2025-04-19,545,0,1
47,2025-04-19,1213,0,1
48,2025-04-19,431,0,1
49,2025-04-19,72,0,0
50,2025-04-19,1448,0,0
51,2025-04-19,108,200,0
52,2025-04-19,303,0,1
53,2025-04-19,11,100,0
54,2025-04-19,157,200,0
55,2025-04-19,112,150,1
56,2025-04-19,1172,0,0
57,2025-04-19,88,200,1
58,2025-04-19,78,100,1
59,2025-04-19,353,0,0
60,2025-04-19,82,150,1
61,2025-04-19,217,50,1
62,2025-04-19,44,200,0
63,2025-04-19,133,50,0
64,2025-04-19,203,200,2
65,2025-04-19,0,300,0
66,2025-04-19,104,100,1
67,2025-04-19,40,500,0
68,2025-04-19,0,400,0
69,2025-04-19,798,0,1
70,2025-04-19,960,0,0
71,2025-04-19,127,100,0
72,2025-04-19,268,0,0
73,2025-04-19,500,0,0
74,2025-04-19,1057,0,0
75,2025-04-19,546,0,0
76,2025-04-19,1237,0,1
77,2025-04-19,150,0,0
78,2025-04-19,157,200,1
79,2025-04-19,176,200,1
80,2025-04-19,53,100,0
81,2025-04-19,151,100,1
82,2025-04-19,127,50,0
83,2025-04-19,348,0,1
84,2025-04-19,114,100,0
85,2025-04-19,220,0,0
86,2025-04-19,214,0,1
87,2025-04-19,608,0,0
88,2025-04-19,142,500,1
89,2025-04-19,319,0,0
90,2025-04-19,159,200,0
91,2025-04-19,129,200,0
92,2025-04-19,165,100,1
93,2025-04-19,274,200,0
94,2025-04-19,292,200,1
95,2025-04-19,96,100,0
96,2025-04-19,61,250,2
97,2025-04-19,34,100,0
98,2025-04-19,199,0,0
99,2025-04-19,1278,0,0
100,2025-04-19,0,200,0
101,2025-04-19,201,50,1
102,2025-04-19,130,100,2
103,2025-04-19,1202,0,0
104,2025-04-19,174,200,1
105,2025-04-19,340,0,0
106,2025-04-19,1571,0,0
107,2025-04-19,59,100,0
108,2025-04-19,286,0,0
109,2025-04-19,810,0,0
110,2025-04-19,16,200,0
111,2025-04-19,530,0,0
112,2025-04-19,344,0,1
113,2025-04-19,64,0,0
114,2025-04-19,205,200,1
115,2025-04-19,74,100,0
116,2025-04-19,138,200,0
117,2025-04-19,1008,0,1
118,2025-04-19,86,200,2
119,2025-04-19,259,100,1
120,2025-04-19,420,0,0
1,2025-04-20,184,100,1
2,2025-04-20,93,200,3
3,2025-04-20,40,250,0
4,2025-04-20,337,0,0
5,2025-04-20,84,0,0
6,2025-04-20,15,400,2
7,2025-04-20,1216,0,0
8,2025-04-20,99,200,0
9,2025-04-20,25,200,0
10,2025-04-20,110,100,1
11,2025-04-20,645,0,0
12,2025-04-20,159,50,0
13,2025-04-20,347,0,1
14,2025-04-20,0,250,0
15,2025-04-20,104,0,0
16,2025-04-20,995,0,1
17,2025-04-20,114,200,2
18,2025-04-20,526,0,1
19,2025-04-20,365,0,8
20,2025-04-20,147,200,0
21,2025-04-20,146,100,0
22,2025-04-20,221,0,0
23,2025-04-20,16,300,1
24,2025-04-20,0,300,0
25,2025-04-20,63,300,1
26,2025-04-20,1033,0,0
27,2025-04-20,719,0,1
28,2025-04-20,338,0,2
29,2025-04-20,220,0,0
30,2025-04-20,1024,0,1
31,2025-04-20,130,0,0
32,2025-04-20,56,500,0
33,2025-04-20,193,100,1
34,2025-04-20,123,500,1
35,2025-04-20,446,0,0
36,2025-04-20,237,0,0
37,2025-04-20,46,100,0
38,2025-04-20,71,100,0
39,2025-04-20,139,50,0
40,2025-04-20,175,100,1
41,2025-04-20,151,100,0
42,2025-04-20,52,100,0
43,2025-04-20,74,100,0
44,2025-04-20,939,0,0
45,2025-04-20,256,200,1
46,2025-04-20,526,0,1
47,2025-04-20,1199,0,0
48,2025-04-20,412,0,1
49,2025-04-20,69,0,0
50,2025-04-20,1441,0,0
51,2025-04-20,299,0,0
52,2025-04-20,286,0,2
53,2025-04-20,11,100,0
54,2025-04-20,146,200,0
55,2025-04-20,98,200,0
56,2025-04-20,1159,0,0
57,2025-04-20,79,200,0
58,2025-04-20,66,150,1
59,2025-04-20,352,0,0
60,2025-04-20,74,150,0
61,2025-04-20,217,50,6
62,2025-04-20,29,200,2
63,2025-04-20,123,50,0
64,2025-04-20,192,200,1
65,2025-04-20,86,200,0
66,2025-04-20,94,100,1
67,2025-04-20,34,500,0
68,2025-04-20,0,400,0
69,2025-04-20,790,0,0
70,2025-04-20,954,0,0
71,2025-04-20,170,50,0
72,2025-04-20,256,0,1
73,2025-04-20,498,0,0
74,2025-04-20,1049,0,1
75,2025-04-20,529,0,1
76,2025-04-20,1222,0,1
77,2025-04-20,148,0,0
78,2025-04-20,140,200,2
79,2025-04-20,160,200,1
80,2025-04-20,51,100,0
81,2025-04-20,144,100,0
82,2025-04-20,116,50,1
83,2025-04-20,331,0,1
84,2025-04-20,110,100,0
85,2025-04-20,218,0,0
86,2025-04-20,212,0,0
87,2025-04-20,600,0,0
88,2025-04-20,132,500,1
89,2025-04-20,316,0,0
90,2025-04-20,134,200,2
91,2025-04-20,119,200,1
92,2025-04-20,145,100,2
93,2025-04-20,254,200,1
94,2025-04-20,283,200,0
95,2025-04-20,89,100,0
96,2025-04-20,52,300,1
97,2025-04-20,32,150,0
98,2025-04-20,191,0,0
99,2025-04-20,1277,0,0
100,2025-04-20,92,100,0
101,2025-04-20,177,50,3
102,2025-04-20,118,200,1
103,2025-04-20,1200,0,0
104,2025-04-20,165,200,0
105,2025-04-20,336,0,0
106,2025-04-20,1564,0,0
107,2025-04-20,56,100,0
108,2025-04-20,279,0,0
109,2025-04-20,797,0,1
110,2025-04-20,0,200,0
111,2025-04-20,518,0,1
112,2025-04-20,335,0,1
113,2025-04-20,61,0,0
114,2025-04-20,185,200,2
115,2025-04-20,170,0,0
116,2025-04-20,133,200,0
117,2025-04-20,994,0,1
118,2025-04-20,283,0,0
119,2025-04-20,246,100,0
120,2025-04-20,409,0,0
1,2025-04-21,154,200,3
2,2025-04-21,80,200,1
3,2025-04-21,70,250,2
4,2025-04-21,334,0,0
5,2025-04-21,83,0,0
6,2025-04-21,190,200,0
7,2025-04-21,1215,0,0
8,2025-04-21,76,300,1
9,2025-04-21,217,0,0
10,2025-04-21,99,200,1
11,2025-04-21,629,0,0
12,2025-04-21,145,50,2
13,2025-04-21,335,0,1
14,2025-04-21,0,250,0
15,2025-04-21,99,0,0
16,2025-04-21,981,0,1
17,2025-04-21,105,200,1
18,2025-04-21,509,0,1
19,2025-04-21,363,0,0
20,2025-04-21,128,200,1
21,2025-04-21,138,200,1
22,2025-04-21,219,0,0
23,2025-04-21,54,250,1
24,2025-04-21,0,300,0
25,2025-04-21,48,300,1
26,2025-04-21,1028,0,0
27,2025-04-21,702,0,1
28,2025-04-21,329,0,0
29,2025-04-21,219,0,0
30,2025-04-21,1016,0,0
31,2025-04-21,123,0,0
32,2025-04-21,552,0,0
33,2025-04-21,191,100,0
34,2025-04-21,117,500,0
35,2025-04-21,443,0,0
36,2025-04-21,228,0,0
37,2025-04-21,42,100,0
38,2025-04-21,69,100,0
39,2025-04-21,174,0,1
40,2025-04-21,166,100,0
41,2025-04-21,138,100,1
42,2025-04-21,50,100,0
43,2025-04-21,72,100,0
44,2025-04-21,937,0,0
45,2025-04-21,256,200,4
46,2025-04-21,496,0,3
47,2025-04-21,1190,0,1
48,2025-04-21,404,0,0
49,2025-04-21,67,0,0
50,2025-04-21,1437,0,0
51,2025-04-21,286,0,1
52,2025-04-21,262,0,3
53,2025-04-21,8,100,0
54,2025-04-21,142,200,0
55,2025-04-21,80,200,2
56,2025-04-21,1151,0,1
57,2025-04-21,67,200,1
58,2025-04-21,47,150,1
59,2025-04-21,350,0,0
60,2025-04-21,69,150,0
61,2025-04-21,205,50,1
62,2025-04-21,23,200,0
63,2025-04-21,115,50,1
64,2025-04-21,181,200,1
65,2025-04-21,76,200,1
66,2025-04-21,80,150,1
67,2025-04-21,27,500,0
68,2025-04-21,0,400,0
69,2025-04-21,776,0,0
70,2025-04-21,953,0,0
71,2025-04-21,214,0,0
72,2025-04-21,250,0,0
73,2025-04-21,494,0,0
74,2025-04-21,1040,0,0
75,2025-04-21,518,0,1
76,2025-04-21,1207,0,1
77,2025-04-21,147,0,0
78,2025-04-21,130,200,1
79,2025-04-21,139,200,1
80,2025-04-21,49,100,0
81,2025-04-21,133,100,0
82,2025-04-21,109,50,0
83,2025-04-21,326,0,0
84,2025-04-21,97,100,1
85,2025-04-21,215,0,0
86,2025-04-21,212,0,4
87,2025-04-21,594,0,0
88,2025-04-21,126,500,0
89,2025-04-21,310,0,0
90,2025-04-21,131,200,0
91,2025-04-21,185,100,0
92,2025-04-21,132,100,0
93,2025-04-21,240,200,0
94,2025-04-21,266,200,1
95,2025-04-21,85,100,0
96,2025-04-21,31,300,2
97,2025-04-21,25,150,1
98,2025-04-21,180,0,1
99,2025-04-21,1273,0,0
100,2025-04-21,84,100,0
101,2025-04-21,172,50,0
102,2025-04-21,110,200,1
103,2025-04-21,1195,0,0
104,2025-04-21,149,200,0
105,2025-04-21,333,0,0
106,2025-04-21,1564,0,17
107,2025-04-21,101,50,0
108,2025-04-21,273,0,0
109,2025-04-21,789,0,0
110,2025-04-21,0,200,0
111,2025-04-21,499,0,0
112,2025-04-21,322,0,1
113,2025-04-21,59,0,0
114,2025-04-21,182,200,0
115,2025-04-21,165,0,0
116,2025-04-21,118,200,2
117,2025-04-21,980,0,0
118,2025-04-21,271,0,0
119,2025-04-21,232,100,1
120,2025-04-21,402,0,0
1,2025-04-22,142,200,1
2,2025-04-22,67,200,1
3,2025-04-22,64,250,0
4,2025-04-22,332,0,0
5,2025-04-22,80,0,0
6,2025-04-22,175,200,1
7,2025-04-22,1213,0,0
8,2025-04-22,63,300,0
9,2025-04-22,212,0,0
10,2025-04-22,92,200,0
11,2025-04-22,617,0,1
12,2025-04-22,141,50,0
13,2025-04-22,319,0,1
14,2025-04-22,0,250,0
15,2025-04-22,94,0,0
16,2025-04-22,980,0,0
17,2025-04-22,93,200,1
18,2025-04-22,502,0,0
19,2025-04-22,359,0,0
20,2025-04-22,117,200,0
21,2025-04-22,121,200,1
22,2025-04-22,216,0,0
23,2025-04-22,44,250,0
24,2025-04-22,0,300,0
25,2025-04-22,37,300,0
26,2025-04-22,1022,0,0
27,2025-04-22,683,0,2
28,2025-04-22,321,0,0
29,2025-04-22,216,0,0
30,2025-04-22,1003,0,1
31,2025-04-22,122,0,0
32,2025-04-22,549,0,0
33,2025-04-22,183,100,1
34,2025-04-22,103,500,1
35,2025-04-22,439,0,0
36,2025-04-22,221,0,0
37,2025-04-22,42,100,1
38,2025-04-22,65,100,0
39,2025-04-22,170,50,0
40,2025-04-22,253,0,1
41,2025-04-22,130,100,1
42,2025-04-22,47,100,0
43,2025-04-22,68,100,0
44,2025-04-22,934,0,0
45,2025-04-22,250,200,0
46,2025-04-22,488,0,1
47,2025-04-22,1183,0,0
48,2025-04-22,384,0,2
49,2025-04-22,65,0,0
50,2025-04-22,1432,0,0
51,2025-04-22,270,0,0
52,2025-04-22,246,200,2
53,2025-04-22,5,100,0
54,2025-04-22,136,200,0
55,2025-04-22,70,200,1
56,2025-04-22,1143,0,0
57,2025-04-22,59,200,1
58,2025-04-22,29,200,0
59,2025-04-22,349,0,0
60,2025-04-22,55,150,1
61,2025-04-22,191,50,1
62,2025-04-22,13,200,0
63,2025-04-22,106,50,0
64,2025-04-22,168,200,1
65,2025-04-22,64,200,1
66,2025-04-22,70,150,1
67,2025-04-22,19,500,0
68,2025-04-22,0,400,0
69,2025-04-22,767,0,0
70,2025-04-22,949,0,0
71,2025-04-22,207,0,0
72,2025-04-22,240,0,1
73,2025-04-22,492,0,0
74,2025-04-22,1032,0,0
75,2025-04-22,495,0,3
76,2025-04-22,1195,0,0
77,2025-04-22,145,0,0
78,2025-04-22,114,200,1
79,2025-04-22,123,200,1
80,2025-04-22,47,100,0
81,2025-04-22,116,150,2
82,2025-04-22,104,100,0
83,2025-04-22,318,0,1
84,2025-04-22,83,100,1
85,2025-04-22,213,0,0
86,2025-04-22,203,0,1
87,2025-04-22,588,0,0
88,2025-04-22,619,0,0
89,2025-04-22,306,0,0
90,2025-04-22,128,200,0
91,2025-04-22,170,100,1
92,2025-04-22,120,100,1
93,2025-04-22,231,200,1
94,2025-04-22,254,200,1
95,2025-04-22,75,100,1
96,2025-04-22,18,300,1
97,2025-04-22,19,150,0
98,2025-04-22,176,0,0
99,2025-04-22,1270,0,0
100,2025-04-22,80,100,0
101,2025-04-22,165,100,0
102,2025-04-22,102,200,0
103,2025-04-22,1191,0,0
104,2025-04-22,147,200,0
105,2025-04-22,329,0,0
106,2025-04-22,1561,0,0
107,2025-04-22,94,50,0
108,2025-04-22,263,0,1
109,2025-04-22,785,0,0
110,2025-04-22,0,200,0
111,2025-04-22,486,0,1
112,2025-04-22,313,0,1
113,2025-04-22,56,0,0
114,2025-04-22,170,200,0
115,2025-04-22,160,0,0
116,2025-04-22,108,200,0
117,2025-04-22,973,0,0
118,2025-04-22,262,0,0
119,2025-04-22,217,100,1
120,2025-04-22,397,0,0
1,2025-04-23,141,200,0
2,2025-04-23,253,0,1
3,2025-04-23,51,250,1
4,2025-04-23,328,0,0
5,2025-04-23,77,0,0
6,2025-04-23,162,200,1
7,2025-04-23,1209,0,0
8,2025-04-23,146,200,1
9,2025-04-23,207,0,0
10,2025-04-23,82,200,0
11,2025-04-23,606,0,0
12,2025-04-23,132,50,1
13,2025-04-23,314,0,0
14,2025-04-23,0,300,0
15,2025-04-23,92,0,0
16,2025-04-23,973,0,0
17,2025-04-23,88,200,0
18,2025-04-23,493,0,1
19,2025-04-23,356,0,0
20,2025-04-23,103,200,0
21,2025-04-23,100,200,1
22,2025-04-23,213,0,0
23,2025-04-23,82,250,0
24,2025-04-23,0,300,0
25,2025-04-23,26,300,0
26,2025-04-23,1017,0,0
27,2025-04-23,666,0,1
28,2025-04-23,315,0,0
29,2025-04-23,213,0,0
30,2025-04-23,995,0,0
31,2025-04-23,117,0,0
32,2025-04-23,547,0,0
33,2025-04-23,178,100,0
34,2025-04-23,91,500,1
35,2025-04-23,436,0,0
36,2025-04-23,215,0,0
37,2025-04-23,40,100,0
38,2025-04-23,62,100,0
39,2025-04-23,163,50,0
40,2025-04-23,253,0,5
41,2025-04-23,130,100,2
42,2025-04-23,41,100,0
43,2025-04-23,161,0,0
44,2025-04-23,928,0,0
45,2025-04-23,239,200,0
46,2025-04-23,473,0,0
47,2025-04-23,1183,0,26
48,2025-04-23,376,0,0
49,2025-04-23,62,0,0
50,2025-04-23,1428,0,0
51,2025-04-23,260,0,0
52,2025-04-23,232,200,1
53,2025-04-23,0,100,0
54,2025-04-23,129,200,0
55,2025-04-23,107,200,1
56,2025-04-23,1134,0,1
57,2025-04-23,75,150,1
58,2025-04-23,78,150,0
59,2025-04-23,344,0,0
60,2025-04-23,42,150,1
61,2025-04-23,190,100,0
62,2025-04-23,6,200,0
63,2025-04-23,100,50,0
64,2025-04-23,261,200,2
65,2025-04-23,48,200,1
66,2025-04-23,60,150,1
67,2025-04-23,11,500,1
68,2025-04-23,0,400,0
69,2025-04-23,754,0,1
70,2025-04-23,947,0,0
71,2025-04-23,201,0,0
72,2025-04-23,235,0,0
73,2025-04-23,491,0,0
74,2025-04-23,1017,0,1
75,2025-04-23,482,0,0
76,2025-04-23,1180,0,1
77,2025-04-23,144,0,0
78,2025-04-23,97,200,1
79,2025-04-23,105,200,1
80,2025-04-23,43,100,0
81,2025-04-23,94,150,1
82,2025-04-23,149,50,0
83,2025-04-23,310,0,0
84,2025-04-23,77,100,0
85,2025-04-23,210,0,0
86,2025-04-23,193,0,0
87,2025-04-23,580,0,0
88,2025-04-23,605,0,0
89,2025-04-23,301,0,0
90,2025-04-23,119,200,0
91,2025-04-23,162,200,0
92,2025-04-23,105,200,1
93,2025-04-23,219,200,1
94,2025-04-23,237,200,1
95,2025-04-23,68,100,0
96,2025-04-23,45,250,3
97,2025-04-23,62,100,1
98,2025-04-23,163,0,1
99,2025-04-23,1267,0,0
100,2025-04-23,77,200,0
101,2025-04-23,156,100,0
102,2025-04-23,100,200,0
103,2025-04-23,1188,0,0
104,2025-04-23,141,200,0
105,2025-04-23,325,0,0
106,2025-04-23,1561,0,31
107,2025-04-23,87,50,0
108,2025-04-23,259,0,0
109,2025-04-23,774,0,1
110,2025-04-23,0,200,0
111,2025-04-23,470,0,2
112,2025-04-23,298,0,1
113,2025-04-23,55,0,0
114,2025-04-23,152,200,1
115,2025-04-23,155,0,0
116,2025-04-23,100,200,1
117,2025-04-23,954,0,2
118,2025-04-23,256,0,0
119,2025-04-23,199,100,2
120,2025-04-23,390,0,0
1,2025-04-24,130,200,1
2,2025-04-24,230,200,3
3,2025-04-24,82,200,2
4,2025-04-24,324,0,0
5,2025-04-24,74,0,0
6,2025-04-24,145,200,1
7,2025-04-24,1208,0,0
8,2025-04-24,134,200,1
9,2025-04-24,204,0,0
10,2025-04-24,74,200,0
11,2025-04-24,592,0,1
12,2025-04-24,122,100,1
13,2025-04-24,296,0,2
14,2025-04-24,46,250,0
15,2025-04-24,88,0,0
16,2025-04-24,970,0,0
17,2025-04-24,78,200,0
18,2025-04-24,478,0,2
19,2025-04-24,353,0,0
20,2025-04-24,86,200,0
21,2025-04-24,95,200,0
22,2025-04-24,200,0,1
23,2025-04-24,65,250,1
24,2025-04-24,0,300,0
25,2025-04-24,18,300,1
26,2025-04-24,1010,0,0
27,2025-04-24,653,0,0
28,2025-04-24,311,0,0
29,2025-04-24,213,0,2
30,2025-04-24,985,0,0
31,2025-04-24,115,0,0
32,2025-04-24,546,0,0
33,2025-04-24,273,0,0
34,2025-04-24,87,500,0
35,2025-04-24,433,0,0
36,2025-04-24,209,0,0
37,2025-04-24,138,0,0
38,2025-04-24,58,100,0
39,2025-04-24,151,50,1
40,2025-04-24,242,0,1
41,2025-04-24,122,100,1
42,2025-04-24,34,100,1
43,2025-04-24,158,0,0
44,2025-04-24,924,0,0
45,2025-04-24,226,200,1
46,2025-04-24,468,0,0
47,2025-04-24,1175,0,0
48,2025-04-24,376,0,4
49,2025-04-24,58,0,0
50,2025-04-24,1426,0,0
51,2025-04-24,239,0,2
52,2025-04-24,218,200,1
53,2025-04-24,45,50,0
54,2025-04-24,123,200,0
55,2025-04-24,94,200,1
56,2025-04-24,1126,0,0
57,2025-04-24,109,150,1
58,2025-04-24,67,150,1
59,2025-04-24,341,0,0
60,2025-04-24,35,150,0
61,2025-04-24,187,100,0
62,2025-04-24,0,200,0
63,2025-04-24,91,100,1
64,2025-04-24,242,200,0
65,2025-04-24,35,300,1
66,2025-04-24,53,150,0
67,2025-04-24,10,500,0
68,2025-04-24,182,200,1
69,2025-04-24,754,0,20
70,2025-04-24,944,0,0
71,2025-04-24,194,0,0
72,2025-04-24,230,0,0
73,2025-04-24,489,0,0
74,2025-04-24,1010,0,0
75,2025-04-24,476,0,0
76,2025-04-24,1169,0,0
77,2025-04-24,144,0,3
78,2025-04-24,79,200,1
79,2025-04-24,95,300,1
80,2025-04-24,43,100,0
81,2025-04-24,88,150,0
82,2025-04-24,144,50,0
83,2025-04-24,295,0,1
84,2025-04-24,68,100,1
85,2025-04-24,207,0,0
86,2025-04-24,179,200,1
87,2025-04-24,574,0,0
88,2025-04-24,595,0,1
89,2025-04-24,295,0,0
90,2025-04-24,113,200,0
91,2025-04-24,145,200,0
92,2025-04-24,102,200,0
93,2025-04-24,199,200,2
94,2025-04-24,229,200,1
95,2025-04-24,58,200,1
96,2025-04-24,26,250,1
97,2025-04-24,57,100,0
98,2025-04-24,156,100,0
99,2025-04-24,1263,0,0
100,2025-04-24,71,200,0
101,2025-04-24,190,50,1
102,2025-04-24,90,200,0
103,2025-04-24,1186,0,0
104,2025-04-24,132,200,1
105,2025-04-24,323,0,0
106,2025-04-24,1558,0,0
107,2025-04-24,82,50,0
108,2025-04-24,254,0,0
109,2025-04-24,769,0,0
110,2025-04-24,0,200,0
111,2025-04-24,463,0,0
112,2025-04-24,287,0,0
113,2025-04-24,52,0,0
114,2025-04-24,139,200,1
115,2025-04-24,150,0,0
116,2025-04-24,94,200,0
117,2025-04-24,940,0,1
118,2025-04-24,244,0,1
119,2025-04-24,188,100,1
120,2025-04-24,389,0,0
1,2025-04-25,116,200,1
2,2025-04-25,212,200,1
3,2025-04-25,126,150,0
4,2025-04-25,320,0,0
5,2025-04-25,74,0,1
6,2025-04-25,127,200,2
7,2025-04-25,1206,0,0
8,2025-04-25,122,200,0
9,2025-04-25,201,0,0
10,2025-04-25,65,200,0
11,2025-04-25,580,0,1
12,2025-04-25,160,50,1
13,2025-04-25,278,0,2
14,2025-04-25,34,250,1
15,2025-04-25,88,0,2
16,2025-04-25,961,0,0
17,2025-04-25,76,200,0
18,2025-04-25,470,0,1
19,2025-04-25,350,0,0
20,2025-04-25,73,400,1
21,2025-04-25,88,200,0
22,2025-04-25,198,0,0
23,2025-04-25,102,250,1
24,2025-04-25,0,300,0
25,2025-04-25,76,200,2
26,2025-04-25,1006,0,0
27,2025-04-25,646,0,0
28,2025-04-25,294,0,1
29,2025-04-25,210,0,0
30,2025-04-25,962,0,2
31,2025-04-25,115,0,2
32,2025-04-25,543,0,0
33,2025-04-25,262,0,1
34,2025-04-25,80,500,1
35,2025-04-25,431,0,0
36,2025-04-25,201,0,0
37,2025-04-25,135,0,0
38,2025-04-25,57,100,0
39,2025-04-25,147,50,0
40,2025-04-25,238,0,0
41,2025-04-25,114,100,0
42,2025-04-25,26,100,1
43,2025-04-25,154,0,0
44,2025-04-25,920,0,0
45,2025-04-25,416,0,0
46,2025-04-25,448,0,2
47,2025-04-25,1162,0,1
48,2025-04-25,366,0,0
49,2025-04-25,55,0,0
50,2025-04-25,1423,0,0
51,2025-04-25,234,200,0
52,2025-04-25,402,0,2
53,2025-04-25,41,100,0
54,2025-04-25,117,200,0
55,2025-04-25,81,200,1
56,2025-04-25,1122,0,0
57,2025-04-25,106,150,0
58,2025-04-25,58,150,0
59,2025-04-25,337,0,0
60,2025-04-25,22,150,1
61,2025-04-25,174,100,1
62,2025-04-25,138,200,1
63,2025-04-25,81,100,1
64,2025-04-25,227,200,2
65,2025-04-25,26,300,1
66,2025-04-25,40,200,1
67,2025-04-25,499,0,0
68,2025-04-25,171,200,0
69,2025-04-25,747,0,0
70,2025-04-25,944,0,13
71,2025-04-25,185,0,0
72,2025-04-25,224,0,0
73,2025-04-25,486,0,0
74,2025-04-25,1001,0,0
75,2025-04-25,468,0,0
76,2025-04-25,1169,0,26
77,2025-04-25,142,0,0
78,2025-04-25,58,400,2
79,2025-04-25,80,300,1
80,2025-04-25,42,100,0
81,2025-04-25,76,200,0
82,2025-04-25,141,50,0
83,2025-04-25,294,0,0
84,2025-04-25,60,100,0
85,2025-04-25,204,0,0
86,2025-04-25,171,200,0
87,2025-04-25,567,0,0
88,2025-04-25,590,0,0
89,2025-04-25,291,0,0
90,2025-04-25,105,200,0
91,2025-04-25,134,200,1
92,2025-04-25,90,200,0
93,2025-04-25,177,200,2
94,2025-04-25,214,200,0
95,2025-04-25,48,200,0
96,2025-04-25,12,250,1
97,2025-04-25,50,100,0
98,2025-04-25,143,100,1
99,2025-04-25,1259,0,0
100,2025-04-25,61,200,1
101,2025-04-25,180,50,1
102,2025-04-25,78,200,0
103,2025-04-25,1183,0,0
104,2025-04-25,123,200,1
105,2025-04-25,318,0,0
106,2025-04-25,1556,0,0
107,2025-04-25,75,50,0
108,2025-04-25,240,0,1
109,2025-04-25,756,0,0
110,2025-04-25,0,200,0
111,2025-04-25,452,0,0
112,2025-04-25,269,0,2
113,2025-04-25,49,100,0
114,2025-04-25,129,200,1
115,2025-04-25,143,0,0
116,2025-04-25,85,200,0
117,2025-04-25,925,0,1
118,2025-04-25,240,0,0
119,2025-04-25,170,200,1
120,2025-04-25,382,0,0
1,2025-04-26,111,200,0
2,2025-04-26,202,200,0
3,2025-04-26,125,150,0
4,2025-04-26,317,0,0
5,2025-04-26,71,0,0
6,2025-04-26,109,200,1
7,2025-04-26,1205,0,0
8,2025-04-26,203,100,1
9,2025-04-26,194,0,0
10,2025-04-26,58,200,1
11,2025-04-26,574,0,0
12,2025-04-26,151,50,1
13,2025-04-26,257,500,0
14,2025-04-26,11,250,2
15,2025-04-26,83,0,0
16,2025-04-26,956,0,0
17,2025-04-26,61,200,0
18,2025-04-26,461,0,0
19,2025-04-26,348,0,0
20,2025-04-26,265,200,0
21,2025-04-26,174,100,0
22,2025-04-26,196,0,0
23,2025-04-26,86,250,1
24,2025-04-26,0,300,0
25,2025-04-26,61,300,0
26,2025-04-26,1004,0,0
27,2025-04-26,628,0,1
28,2025-04-26,280,0,1
29,2025-04-26,208,0,0
30,2025-04-26,948,0,1
31,2025-04-26,112,0,0
32,2025-04-26,539,0,0
33,2025-04-26,250,0,0
34,2025-04-26,79,500,0
35,2025-04-26,429,0,0
36,2025-04-26,195,0,0
37,2025-04-26,133,0,0
38,2025-04-26,51,100,0
39,2025-04-26,141,50,0
40,2025-04-26,230,0,0
41,2025-04-26,213,0,0
42,2025-04-26,17,150,0
43,2025-04-26,149,0,0
44,2025-04-26,916,0,0
45,2025-04-26,401,0,1
46,2025-04-26,430,0,1
47,2025-04-26,1151,0,1
48,2025-04-26,336,0,3
49,2025-04-26,53,0,0
50,2025-04-26,1420,0,0
51,2025-04-26,223,200,1
52,2025-04-26,389,0,1
53,2025-04-26,41,100,0
54,2025-04-26,108,200,1
55,2025-04-26,91,150,2
56,2025-04-26,1117,0,0
57,2025-04-26,97,200,1
58,2025-04-26,45,150,0
59,2025-04-26,336,0,0
60,2025-04-26,18,200,0
61,2025-04-26,166,100,0
62,2025-04-26,135,200,0
63,2025-04-26,73,100,0
64,2025-04-26,213,200,0
65,2025-04-26,15,300,1
66,2025-04-26,57,150,0
67,2025-04-26,494,0,0
68,2025-04-26,152,200,2
69,2025-04-26,733,0,1
70,2025-04-26,941,0,0
71,2025-04-26,173,50,1
72,2025-04-26,220,0,0
73,2025-04-26,482,0,0
74,2025-04-26,997,0,0
75,2025-04-26,466,0,0
76,2025-04-26,1158,0,0
77,2025-04-26,141,0,0
78,2025-04-26,46,400,1
79,2025-04-26,67,300,1
80,2025-04-26,138,0,0
81,2025-04-26,65,200,0
82,2025-04-26,135,50,0
83,2025-04-26,285,0,1
84,2025-04-26,155,100,0
85,2025-04-26,203,0,0
86,2025-04-26,166,200,0
87,2025-04-26,561,0,0
88,2025-04-26,583,0,0
89,2025-04-26,284,0,0
90,2025-04-26,98,200,0
91,2025-04-26,123,200,1
92,2025-04-26,67,200,2
93,2025-04-26,167,200,1
94,2025-04-26,200,200,1
95,2025-04-26,46,200,0
96,2025-04-26,8,300,0
97,2025-04-26,79,50,0
98,2025-04-26,133,100,0
99,2025-04-26,1256,0,0
100,2025-04-26,161,100,1
101,2025-04-26,168,100,0
102,2025-04-26,164,100,1
103,2025-04-26,1179,0,0
104,2025-04-26,106,200,1
105,2025-04-26,316,0,0
106,2025-04-26,1552,0,0
107,2025-04-26,67,50,0
108,2025-04-26,237,0,0
109,2025-04-26,753,0,0
110,2025-04-26,0,200,0
111,2025-04-26,431,0,2
112,2025-04-26,268,0,0
113,2025-04-26,46,100,0
114,2025-04-26,315,0,1
115,2025-04-26,136,0,0
116,2025-04-26,79,200,0
117,2025-04-26,908,0,1
118,2025-04-26,225,0,1
119,2025-04-26,158,200,1
120,2025-04-26,376,0,0
1,2025-04-27,93,200,1
2,2025-04-27,188,200,1
3,2025-04-27,104,200,2
4,2025-04-27,314,0,0
5,2025-04-27,68,0,0
6,2025-04-27,94,200,1
7,2025-04-27,1204,0,0
8,2025-04-27,196,100,0
9,2025-04-27,190,0,0
10,2025-04-27,54,200,0
11,2025-04-27,564,0,1
12,2025-04-27,136,50,1
13,2025-04-27,245,500,1
14,2025-04-27,0,250,0
15,2025-04-27,80,0,0
16,2025-04-27,940,0,1
17,2025-04-27,145,100,2
18,2025-04-27,450,0,0
19,2025-04-27,344,0,0
20,2025-04-27,262,200,0
21,2025-04-27,162,100,1
22,2025-04-27,194,0,0
23,2025-04-27,68,250,1
24,2025-04-27,0,300,0
25,2025-04-27,41,300,2
26,2025-04-27,998,0,0
27,2025-04-27,619,0,0
28,2025-04-27,268,0,0
29,2025-04-27,205,0,0
30,2025-04-27,934,0,2
31,2025-04-27,108,0,0
32,2025-04-27,534,0,0
33,2025-04-27,239,0,1
34,2025-04-27,68,500,1
35,2025-04-27,427,0,0
36,2025-04-27,190,0,0
37,2025-04-27,130,0,0
38,2025-04-27,48,100,0
39,2025-04-27,132,50,0
40,2025-04-27,220,0,1
41,2025-04-27,195,100,1
42,2025-04-27,63,100,0
43,2025-04-27,146,0,0
44,2025-04-27,910,0,0
45,2025-04-27,387,0,1
46,2025-04-27,420,0,0
47,2025-04-27,1139,0,1
48,2025-04-27,326,0,0
49,2025-04-27,50,50,0
50,2025-04-27,1417,0,0
51,2025-04-27,213,200,0
52,2025-04-27,372,0,2
53,2025-04-27,34,100,0
54,2025-04-27,303,0,0
55,2025-04-27,75,203,0
56,2025-04-27,1115,0,0
57,2025-04-27,81,200,1
58,2025-04-27,87,150,0
59,2025-04-27,332,0,0
60,2025-04-27,50,150,1
61,2025-04-27,162,100,0
62,2025-04-27,126,200,1
63,2025-04-27,68,100,0
64,2025-04-27,193,200,1
65,2025-04-27,8,300,0
66,2025-04-27,49,150,1
67,2025-04-27,480,0,1
68,2025-04-27,134,200,1
69,2025-04-27,729,0,0
70,2025-04-27,934,0,0
71,2025-04-27,171,50,0
72,2025-04-27,214,0,0
73,2025-04-27,482,0,8
74,2025-04-27,988,0,0
75,2025-04-27,454,0,1
76,2025-04-27,1151,0,0
77,2025-04-27,140,0,0
78,2025-04-27,35,400,1
79,2025-04-27,52,300,1
80,2025-04-27,134,0,0
81,2025-04-27,92,150,2
82,2025-04-27,128,50,0
83,2025-04-27,274,0,0
84,2025-04-27,142,100,1
85,2025-04-27,201,0,0
86,2025-04-27,159,200,0
87,2025-04-27,551,0,1
88,2025-04-27,575,0,1
89,2025-04-27,279,0,0
90,2025-04-27,92,200,0
91,2025-04-27,113,200,1
92,2025-04-27,48,200,2
93,2025-04-27,151,200,1
94,2025-04-27,186,200,1
95,2025-04-27,32,200,2
96,2025-04-27,2,300,0
97,2025-04-27,74,50,0
98,2025-04-27,115,100,2
99,2025-04-27,1253,0,0
100,2025-04-27,153,100,0
101,2025-04-27,148,100,2
102,2025-04-27,150,100,1
103,2025-04-27,1177,0,0
104,2025-04-27,91,200,1
105,2025-04-27,307,0,1
106,2025-04-27,1550,0,0
107,2025-04-27,63,100,0
108,2025-04-27,229,0,0
109,2025-04-27,741,0,1
110,2025-04-27,0,200,0
111,2025-04-27,431,0,11
112,2025-04-27,256,0,0
113,2025-04-27,43,100,0
114,2025-04-27,304,0,1
115,2025-04-27,132,0,0
116,2025-04-27,71,200,1
117,2025-04-27,889,0,2
118,2025-04-27,218,0,0
119,2025-04-27,241,100,1
120,2025-04-27,373,0,0
1,2025-04-28,79,300,2
2,2025-04-28,164,200,1
3,2025-04-28,144,150,0
4,2025-04-28,314,0,6
5,2025-04-28,68,0,1
6,2025-04-28,88,200,0
7,2025-04-28,1199,0,0
8,2025-04-28,183,100,1
9,2025-04-28,180,0,0
10,2025-04-28,46,200,1
11,2025-04-28,558,0,0
12,2025-04-28,131,100,0
13,2025-04-28,235,500,1
14,2025-04-28,35,250,2
15,2025-04-28,77,100,0
16,2025-04-28,939,0,0
17,2025-04-28,186,0,1
18,2025-04-28,436,0,1
19,2025-04-28,342,0,0
20,2025-04-28,254,200,1
21,2025-04-28,160,100,0
22,2025-04-28,190,0,0
23,2025-04-28,56,300,1
24,2025-04-28,99,200,0
25,2025-04-28,34,300,0
26,2025-04-28,992,0,0
27,2025-04-28,607,0,1
28,2025-04-28,260,0,1
29,2025-04-28,203,0,0
30,2025-04-28,928,0,0
31,2025-04-28,106,0,0
32,2025-04-28,531,0,0
33,2025-04-28,225,0,1
34,2025-04-28,56,500,1
35,2025-04-28,427,0,7
36,2025-04-28,185,0,0
37,2025-04-28,129,0,0
38,2025-04-28,46,100,0
39,2025-04-28,132,50,2
40,2025-04-28,213,0,1
41,2025-04-28,192,100,0
42,2025-04-28,55,100,0
43,2025-04-28,142,0,0
44,2025-04-28,910,0,21
45,2025-04-28,374,0,1
46,2025-04-28,407,0,0
47,2025-04-28,1131,0,0
48,2025-04-28,314,0,1
49,2025-04-28,47,50,0
50,2025-04-28,1414,0,0
51,2025-04-28,200,200,1
52,2025-04-28,360,0,1
53,2025-04-28,29,100,0
54,2025-04-28,301,0,0
55,2025-04-28,149,153,1
56,2025-04-28,1108,0,0
57,2025-04-28,75,200,0
58,2025-04-28,68,150,2
59,2025-04-28,331,0,0
60,2025-04-28,91,100,1
61,2025-04-28,156,100,0
62,2025-04-28,117,200,1
63,2025-04-28,55,100,1
64,2025-04-28,174,200,1
65,2025-04-28,0,300,0
66,2025-04-28,137,100,0
67,2025-04-28,474,0,0
68,2025-04-28,120,200,1
69,2025-04-28,719,0,0
70,2025-04-28,932,0,0
71,2025-04-28,156,50,1
72,2025-04-28,208,0,0
73,2025-04-28,481,0,0
74,2025-04-28,977,0,0
75,2025-04-28,448,0,0
76,2025-04-28,1137,0,1
77,2025-04-28,138,0,0
78,2025-04-28,14,400,2
79,2025-04-28,37,300,1
80,2025-04-28,133,0,0
81,2025-04-28,126,100,2
82,2025-04-28,122,50,0
83,2025-04-28,267,0,0
84,2025-04-28,134,100,1
85,2025-04-28,199,0,0
86,2025-04-28,148,200,1
87,2025-04-28,543,0,1
88,2025-04-28,572,0,0
89,2025-04-28,276,0,0
90,2025-04-28,87,200,0
91,2025-04-28,293,0,1
92,2025-04-28,38,200,1
93,2025-04-28,138,200,1
94,2025-04-28,168,200,1
95,2025-04-28,23,200,0
96,2025-04-28,0,300,0
97,2025-04-28,118,50,0
98,2025-04-28,114,100,0
99,2025-04-28,1250,0,0
100,2025-04-28,146,100,0
101,2025-04-28,185,50,1
102,2025-04-28,139,100,1
103,2025-04-28,1174,0,0
104,2025-04-28,80,200,1
105,2025-04-28,300,0,0
106,2025-04-28,1548,0,0
107,2025-04-28,59,100,0
108,2025-04-28,219,0,0
109,2025-04-28,725,0,2
110,2025-04-28,0,200,0
111,2025-04-28,420,0,1
112,2025-04-28,250,0,0
113,2025-04-28,143,0,2
114,2025-04-28,284,0,1
115,2025-04-28,127,0,0
116,2025-04-28,62,200,1
117,2025-04-28,874,0,1
118,2025-04-28,199,200,2
119,2025-04-28,229,100,1
120,2025-04-28,368,0,0
1,2025-04-29,61,300,2
2,2025-04-29,155,200,0
3,2025-04-29,134,200,1
4,2025-04-29,311,0,0
5,2025-04-29,66,0,0
6,2025-04-29,77,400,1
7,2025-04-29,1196,0,0
8,2025-04-29,170,100,1
9,2025-04-29,179,0,0
10,2025-04-29,37,200,0
11,2025-04-29,547,0,0
12,2025-04-29,124,100,0
13,2025-04-29,216,500,2
14,2025-04-29,71,200,1
15,2025-04-29,74,100,0
16,2025-04-29,933,0,0
17,2025-04-29,178,100,0
18,2025-04-29,426,0,1
19,2025-04-29,339,0,0
20,2025-04-29,249,200,0
21,2025-04-29,148,100,1
22,2025-04-29,186,0,0
23,2025-04-29,84,250,2
24,2025-04-29,83,200,0
25,2025-04-29,125,200,0
26,2025-04-29,991,0,0
27,2025-04-29,599,0,0
28,2025-04-29,251,0,0
29,2025-04-29,202,0,0
30,2025-04-29,919,0,0
31,2025-04-29,104,0,0
32,2025-04-29,528,0,0
33,2025-04-29,219,0,0
34,2025-04-29,49,500,0
35,2025-04-29,426,0,0
36,2025-04-29,183,0,0
37,2025-04-29,127,0,0
38,2025-04-29,42,100,0
39,2025-04-29,129,50,0
40,2025-04-29,205,0,0
41,2025-04-29,184,100,0
42,2025-04-29,50,100,0
43,2025-04-29,135,0,0
44,2025-04-29,903,0,1
45,2025-04-29,360,0,0
46,2025-04-29,389,0,2
47,2025-04-29,1124,0,0
48,2025-04-29,299,0,1
49,2025-04-29,46,50,0
50,2025-04-29,1410,0,0
51,2025-04-29,185,200,1
52,2025-04-29,346,0,1
53,2025-04-29,27,100,0
54,2025-04-29,301,0,6
55,2025-04-29,134,153,1
56,2025-04-29,1102,0,0
57,2025-04-29,115,150,0
58,2025-04-29,56,150,1
59,2025-04-29,330,0,0
60,2025-04-29,131,50,0
61,2025-04-29,197,50,0
62,2025-04-29,110,200,0
63,2025-04-29,53,100,0
64,2025-04-29,164,200,1
65,2025-04-29,0,300,0
66,2025-04-29,121,100,1
67,2025-04-29,466,0,0
68,2025-04-29,107,200,1
69,2025-04-29,696,0,3
70,2025-04-29,928,0,0
71,2025-04-29,201,0,0
72,2025-04-29,205,0,0
73,2025-04-29,478,0,0
74,2025-04-29,973,0,0
75,2025-04-29,441,0,0
76,2025-04-29,1125,0,0
77,2025-04-29,136,0,0
78,2025-04-29,3,400,0
79,2025-04-29,31,300,0
80,2025-04-29,131,0,0
81,2025-04-29,116,100,1
82,2025-04-29,164,0,0
83,2025-04-29,263,0,0
84,2025-04-29,130,100,0
85,2025-04-29,195,0,0
86,2025-04-29,136,200,1
87,2025-04-29,534,0,1
88,2025-04-29,569,0,0
89,2025-04-29,274,0,0
90,2025-04-29,184,200,1
91,2025-04-29,278,0,1
92,2025-04-29,126,100,1
93,2025-04-29,326,0,1
94,2025-04-29,157,200,0
95,2025-04-29,115,100,0
96,2025-04-29,0,300,0
97,2025-04-29,111,50,0
98,2025-04-29,106,100,1
99,2025-04-29,1248,0,0
100,2025-04-29,137,100,1
101,2025-04-29,170,100,2
102,2025-04-29,122,100,2
103,2025-04-29,1170,0,0
104,2025-04-29,65,200,1
105,2025-04-29,297,0,0
106,2025-04-29,1546,0,0
107,2025-04-29,54,100,0
108,2025-04-29,211,0,0
109,2025-04-29,719,0,0
110,2025-04-29,0,200,0
111,2025-04-29,403,0,2
112,2025-04-29,239,0,1
113,2025-04-29,141,0,0
114,2025-04-29,278,0,0
115,2025-04-29,122,0,0
116,2025-04-29,56,200,0
117,2025-04-29,862,0,1
118,2025-04-29,191,200,1
119,2025-04-29,218,100,0
120,2025-04-29,362,0,0
1,2025-04-30,46,300,1
2,2025-04-30,148,200,0
3,2025-04-30,126,200,1
4,2025-04-30,307,0,0
5,2025-04-30,65,0,0
6,2025-04-30,68,400,0
7,2025-04-30,1193,0,0
8,2025-04-30,157,200,1
9,2025-04-30,178,0,0
10,2025-04-30,20,200,2
11,2025-04-30,539,0,0
12,2025-04-30,116,100,0
13,2025-04-30,202,500,1
14,2025-04-30,105,150,0
15,2025-04-30,69,100,0
16,2025-04-30,930,0,0
17,2025-04-30,164,100,1
18,2025-04-30,410,0,1
19,2025-04-30,336,0,0
20,2025-04-30,230,200,2
21,2025-04-30,232,100,2
22,2025-04-30,185,0,0
23,2025-04-30,158,150,3
24,2025-04-30,76,300,0
25,2025-04-30,118,200,0
26,2025-04-30,986,0,0
27,2025-04-30,577,0,2
28,2025-04-30,242,200,0
29,2025-04-30,200,0,0
30,2025-04-30,905,0,2
31,2025-04-30,102,0,0
32,2025-04-30,526,0,0
33,2025-04-30,212,0,0
34,2025-04-30,39,500,1
35,2025-04-30,423,0,0
36,2025-04-30,173,0,1
37,2025-04-30,124,0,0
38,2025-04-30,40,100,0
39,2025-04-30,121,100,1
40,2025-04-30,200,100,0
41,2025-04-30,178,100,0
42,2025-04-30,38,100,1
43,2025-04-30,128,0,0
44,2025-04-30,897,0,0
45,2025-04-30,351,0,1
46,2025-04-30,364,0,3
47,2025-04-30,1113,0,1
48,2025-04-30,285,0,1
49,2025-04-30,42,50,0
50,2025-04-30,1408,0,0
51,2025-04-30,177,200,0
52,2025-04-30,336,0,0
53,2025-04-30,75,50,0
54,2025-04-30,293,0,0
55,2025-04-30,126,153,0
56,2025-04-30,1093,0,0
57,2025-04-30,95,150,1
58,2025-04-30,98,100,1
59,2025-04-30,324,0,0
60,2025-04-30,119,50,1
61,2025-04-30,237,0,1
62,2025-04-30,106,200,0
63,2025-04-30,97,50,0
64,2025-04-30,153,200,1
65,2025-04-30,0,300,0
66,2025-04-30,111,100,1
67,2025-04-30,452,0,1
68,2025-04-30,92,200,0
69,2025-04-30,692,0,0
70,2025-04-30,925,0,0
71,2025-04-30,195,0,0
72,2025-04-30,200,0,0
73,2025-04-30,475,0,0
74,2025-04-30,968,0,0
75,2025-04-30,430,0,0
76,2025-04-30,1114,0,1
77,2025-04-30,135,0,0
78,2025-04-30,0,400,0
79,2025-04-30,115,200,2
80,2025-04-30,129,0,0
81,2025-04-30,110,100,0
82,2025-04-30,154,50,0
83,2025-04-30,256,0,0
84,2025-04-30,120,100,0
85,2025-04-30,190,0,0
86,2025-04-30,328,0,0
87,2025-04-30,526,0,0
88,2025-04-30,557,0,1
89,2025-04-30,268,0,0
90,2025-04-30,175,200,0
91,2025-04-30,264,100,0
92,2025-04-30,123,200,0
93,2025-04-30,317,0,1
94,2025-04-30,146,200,0
95,2025-04-30,101,100,0
96,2025-04-30,0,300,0
97,2025-04-30,107,50,0
98,2025-04-30,102,100,0
99,2025-04-30,1244,0,0
100,2025-04-30,229,0,0
101,2025-04-30,153,100,2
102,2025-04-30,110,100,1
103,2025-04-30,1169,0,0
104,2025-04-30,59,200,0
105,2025-04-30,291,0,0
106,2025-04-30,1543,0,0
107,2025-04-30,45,100,1
108,2025-04-30,205,0,0
109,2025-04-30,715,0,0
110,2025-04-30,92,100,0
111,2025-04-30,393,0,0
112,2025-04-30,231,0,0
113,2025-04-30,139,0,0
114,2025-04-30,264,0,1
115,2025-04-30,119,100,0
116,2025-04-30,248,0,1
117,2025-04-30,853,0,0
118,2025-04-30,184,200,0
119,2025-04-30,204,100,1
120,2025-04-30,358,0,0
1,2025-05-01,37,300,0
2,2025-05-01,138,200,1
3,2025-05-01,102,200,2
4,2025-05-01,302,0,0
5,2025-05-01,63,0,0
6,2025-05-01,47,400,1
7,2025-05-01,1192,0,0
8,2025-05-01,142,200,1
9,2025-05-01,174,0,0
10,2025-05-01,8,300,1
11,2025-05-01,535,0,0
12,2025-05-01,110,100,0
13,2025-05-01,188,500,1
14,2025-05-01,92,200,1
15,2025-05-01,68,100,0
16,2025-05-01,926,0,0
17,2025-05-01,153,100,1
18,2025-05-01,398,0,1
19,2025-05-01,331,0,0
20,2025-05-01,215,200,2
21,2025-05-01,225,100,0
22,2025-05-01,182,0,0
23,2025-05-01,142,150,2
24,2025-05-01,69,300,0
25,2025-05-01,112,200,0
26,2025-05-01,982,0,0
27,2025-05-01,562,0,1
28,2025-05-01,236,200,0
29,2025-05-01,198,0,0
30,2025-05-01,892,0,1
31,2025-05-01,98,0,0
32,2025-05-01,524,0,0
33,2025-05-01,202,0,0
34,2025-05-01,30,500,0
35,2025-05-01,419,0,0
36,2025-05-01,169,0,0
37,2025-05-01,124,0,3
38,2025-05-01,36,100,0
39,2025-05-01,109,100,1
40,2025-05-01,187,100,0
41,2025-05-01,167,100,0
42,2025-05-01,32,100,0
43,2025-05-01,121,0,0
44,2025-05-01,892,0,0
45,2025-05-01,346,0,0
46,2025-05-01,347,0,2
47,2025-05-01,1108,0,0
48,2025-05-01,275,0,0
49,2025-05-01,39,50,0
50,2025-05-01,1406,0,0
51,2025-05-01,170,200,0
52,2025-05-01,320,0,1
53,2025-05-01,72,50,0
54,2025-05-01,286,0,0
55,2025-05-01,161,150,1
56,2025-05-01,1081,0,1
57,2025-05-01,95,150,1
58,2025-05-01,91,100,0
59,2025-05-01,319,0,0
60,2025-05-01,112,100,0
61,2025-05-01,222,50,1
62,2025-05-01,96,200,0
63,2025-05-01,93,50,0
64,2025-05-01,135,200,1
65,2025-05-01,0,300,0
66,2025-05-01,99,100,0
67,2025-05-01,448,0,0
68,2025-05-01,67,200,2
69,2025-05-01,679,0,0
70,2025-05-01,924,0,0
71,2025-05-01,188,0,0
72,2025-05-01,193,0,0
73,2025-05-01,474,0,0
74,2025-05-01,963,0,0
75,2025-05-01,417,0,1
76,2025-05-01,1104,0,1
77,2025-05-01,133,0,0
78,2025-05-01,0,400,0
79,2025-05-01,99,200,0
80,2025-05-01,127,0,0
81,2025-05-01,97,150,1
82,2025-05-01,147,50,1
83,2025-05-01,249,0,0
84,2025-05-01,106,100,0
85,2025-05-01,189,0,0
86,2025-05-01,320,0,0
87,2025-05-01,521,0,0
88,2025-05-01,553,0,0
89,2025-05-01,264,0,0
90,2025-05-01,164,200,0
91,2025-05-01,256,100,1
92,2025-05-01,216,100,0
93,2025-05-01,314,0,0
94,2025-05-01,126,200,1
95,2025-05-01,88,100,1
96,2025-05-01,0,300,0
97,2025-05-01,104,50,0
98,2025-05-01,95,100,0
99,2025-05-01,1244,0,32
100,2025-05-01,220,0,1
101,2025-05-01,147,100,0
102,2025-05-01,178,100,0
103,2025-05-01,1165,0,0
104,2025-05-01,48,200,1
105,2025-05-01,285,0,0
106,2025-05-01,1537,0,0
107,2025-05-01,40,100,0
108,2025-05-01,198,0,0
109,2025-05-01,702,0,0
110,2025-05-01,84,200,0
111,2025-05-01,373,0,1
112,2025-05-01,230,0,0
113,2025-05-01,137,0,0
114,2025-05-01,252,200,1
115,2025-05-01,116,100,0
116,2025-05-01,239,0,0
117,2025-05-01,840,0,1
118,2025-05-01,177,200,0
119,2025-05-01,193,100,1
120,2025-05-01,355,0,0
1,2025-05-02,31,300,0
2,2025-05-02,128,200,1
3,2025-05-02,89,200,1
4,2025-05-02,300,0,0
5,2025-05-02,61,0,0
6,2025-05-02,34,400,0
7,2025-05-02,1189,0,0
8,2025-05-02,135,200,0
9,2025-05-02,170,0,0
10,2025-05-02,0,300,0
11,2025-05-02,524,0,1
12,2025-05-02,98,100,1
13,2025-05-02,182,500,0
14,2025-05-02,84,200,1
15,2025-05-02,63,100,0
16,2025-05-02,920,0,0
17,2025-05-02,144,100,1
18,2025-05-02,387,0,1
19,2025-05-02,325,0,0
20,2025-05-02,206,200,1
21,2025-05-02,210,100,1
22,2025-05-02,178,0,0
23,2025-05-02,133,150,1
24,2025-05-02,157,200,1
25,2025-05-02,105,200,0
26,2025-05-02,979,0,0
27,2025-05-02,544,0,2
28,2025-05-02,228,200,0
29,2025-05-02,195,0,0
30,2025-05-02,887,0,0
31,2025-05-02,93,0,0
32,2025-05-02,522,0,0
33,2025-05-02,192,0,0
34,2025-05-02,25,500,0
35,2025-05-02,419,0,7
36,2025-05-02,168,0,0
37,2025-05-02,123,0,0
38,2025-05-02,132,0,0
39,2025-05-02,152,50,0
40,2025-05-02,174,100,1
41,2025-05-02,162,100,0
42,2025-05-02,30,100,0
43,2025-05-02,113,0,0
44,2025-05-02,887,0,0
45,2025-05-02,331,0,1
46,2025-05-02,328,0,1
47,2025-05-02,1100,0,1
48,2025-05-02,264,0,0
49,2025-05-02,38,50,0
50,2025-05-02,1403,0,0
51,2025-05-02,167,200,0
52,2025-05-02,312,0,1
53,2025-05-02,62,50,0
54,2025-05-02,282,0,0
55,2025-05-02,155,150,0
56,2025-05-02,1074,0,0
57,2025-05-02,71,200,2
58,2025-05-02,86,150,0
59,2025-05-02,317,0,0
60,2025-05-02,101,100,1
61,2025-05-02,208,50,0
62,2025-05-02,91,200,0
63,2025-05-02,88,100,0
64,2025-05-02,118,200,1
65,2025-05-02,91,200,1
66,2025-05-02,139,100,0
67,2025-05-02,441,0,0
68,2025-05-02,55,200,1
69,2025-05-02,668,0,0
70,2025-05-02,924,0,18
71,2025-05-02,182,0,0
72,2025-05-02,188,0,0
73,2025-05-02,471,0,0
74,2025-05-02,958,0,0
75,2025-05-02,417,0,7
76,2025-05-02,1090,0,0
77,2025-05-02,131,0,0
78,2025-05-02,0,400,0
79,2025-05-02,88,300,1
80,2025-05-02,124,0,0
81,2025-05-02,138,100,0
82,2025-05-02,137,50,0
83,2025-05-02,232,0,2
84,2025-05-02,100,100,0
85,2025-05-02,185,0,0
86,2025-05-02,315,0,0
87,2025-05-02,513,0,0
88,2025-05-02,547,0,0
89,2025-05-02,258,0,0
90,2025-05-02,156,200,0
91,2025-05-02,250,100,0
92,2025-05-02,207,100,0
93,2025-05-02,301,200,1
94,2025-05-02,111,200,1
95,2025-05-02,82,100,0
96,2025-05-02,35,250,1
97,2025-05-02,98,50,0
98,2025-05-02,88,100,0
99,2025-05-02,1241,0,0
100,2025-05-02,214,0,0
101,2025-05-02,130,100,2
102,2025-05-02,168,100,0
103,2025-05-02,1161,0,0
104,2025-05-02,37,400,1
105,2025-05-02,283,0,0
106,2025-05-02,1532,0,0
107,2025-05-02,34,100,0
108,2025-05-02,197,0,0
109,2025-05-02,683,0,1
110,2025-05-02,74,200,0
111,2025-05-02,362,0,1
112,2025-05-02,217,0,1
113,2025-05-02,134,0,0
114,2025-05-02,238,200,1
115,2025-05-02,114,100,0
116,2025-05-02,231,0,0
117,2025-05-02,826,0,1
118,2025-05-02,160,200,2
119,2025-05-02,179,100,1
120,2025-05-02,348,0,1
1,2025-05-03,14,300,2
2,2025-05-03,103,200,3
3,2025-05-03,74,250,1
4,2025-05-03,297,0,0
5,2025-05-03,57,50,0
6,2025-05-03,16,400,1
7,2025-05-03,1186,0,0
8,2025-05-03,117,200,0
9,2025-05-03,166,0,0
10,2025-05-03,0,300,0
11,2025-05-03,519,0,0
12,2025-05-03,82,150,2
13,2025-05-03,171,500,1
14,2025-05-03,66,250,2
15,2025-05-03,160,0,0
16,2025-05-03,913,0,0
17,2025-05-03,133,100,0
18,2025-05-03,378,0,0
19,2025-05-03,321,0,0
20,2025-05-03,184,200,2
21,2025-05-03,189,100,2
22,2025-05-03,173,0,0
23,2025-05-03,175,100,0
24,2025-05-03,153,200,0
25,2025-05-03,87,200,2
26,2025-05-03,975,0,0
27,2025-05-03,527,0,2
28,2025-05-03,215,200,1
29,2025-05-03,191,0,0
30,2025-05-03,873,0,1
31,2025-05-03,89,0,0
32,2025-05-03,515,0,0
33,2025-05-03,180,100,1
34,2025-05-03,15,500,0
35,2025-05-03,417,0,0
36,2025-05-03,166,0,0
37,2025-05-03,121,0,0
38,2025-05-03,132,0,2
39,2025-05-03,145,50,0
40,2025-05-03,159,100,1
41,2025-05-03,147,100,0
42,2025-05-03,25,100,0
43,2025-05-03,99,100,1
44,2025-05-03,881,0,0
45,2025-05-03,316,0,1
46,2025-05-03,302,0,2
47,2025-05-03,1093,0,0
48,2025-05-03,251,0,1
49,2025-05-03,36,50,0
50,2025-05-03,1400,0,0
51,2025-05-03,153,200,1
52,2025-05-03,296,0,1
53,2025-05-03,57,50,0
54,2025-05-03,274,0,0
55,2025-05-03,148,150,1
56,2025-05-03,1062,0,1
57,2025-05-03,57,200,1
58,2025-05-03,79,150,0
59,2025-05-03,315,0,0
60,2025-05-03,85,100,2
61,2025-05-03,192,50,1
62,2025-05-03,283,0,0
63,2025-05-03,85,100,0
64,2025-05-03,88,200,1
65,2025-05-03,81,200,1
66,2025-05-03,132,100,0
67,2025-05-03,433,0,0
68,2025-05-03,40,400,1
69,2025-05-03,659,0,1
70,2025-05-03,924,0,13
71,2025-05-03,173,0,0
72,2025-05-03,181,0,0
73,2025-05-03,470,0,0
74,2025-05-03,948,0,1
75,2025-05-03,395,0,2
76,2025-05-03,1075,0,1
77,2025-05-03,130,0,0
78,2025-05-03,0,400,0
79,2025-05-03,71,300,1
80,2025-05-03,116,0,0
81,2025-05-03,123,100,2
82,2025-05-03,130,50,1
83,2025-05-03,223,0,1
84,2025-05-03,95,100,0
85,2025-05-03,183,0,0
86,2025-05-03,307,0,0
87,2025-05-03,508,0,0
88,2025-05-03,540,0,0
89,2025-05-03,252,0,0
90,2025-05-03,142,200,1
91,2025-05-03,246,100,0
92,2025-05-03,188,100,0
93,2025-05-03,283,200,1
94,2025-05-03,303,0,0
95,2025-05-03,74,100,0
96,2025-05-03,18,300,0
97,2025-05-03,98,50,1
98,2025-05-03,80,100,0
99,2025-05-03,1237,0,0
100,2025-05-03,208,0,0
101,2025-05-03,123,150,0
102,2025-05-03,156,100,1
103,2025-05-03,1154,0,0
104,2025-05-03,27,400,1
105,2025-05-03,280,0,0
106,2025-05-03,1529,0,0
107,2025-05-03,22,150,0
108,2025-05-03,195,0,0
109,2025-05-03,670,0,1
110,2025-05-03,66,200,0
111,2025-05-03,349,0,1
112,2025-05-03,208,500,0
113,2025-05-03,132,0,0
114,2025-05-03,229,200,1
115,2025-05-03,110,100,0
116,2025-05-03,231,0,3
117,2025-05-03,820,0,0
118,2025-05-03,146,200,1
119,2025-05-03,154,200,2
120,2025-05-03,333,0,0
1,2025-05-04,95,200,2
2,2025-05-04,251,200,1
3,2025-05-04,65,250,0
4,2025-05-04,295,0,0
5,2025-05-04,102,0,0
6,2025-05-04,16,400,0
7,2025-05-04,1185,0,0
8,2025-05-04,85,200,3
9,2025-05-04,156,0,0
10,2025-05-04,71,200,2
11,2025-05-04,505,0,0
12,2025-05-04,76,150,0
13,2025-05-04,164,500,0
14,2025-05-04,99,200,1
15,2025-05-04,157,0,0
16,2025-05-04,902,0,0
17,2025-05-04,133,100,3
18,2025-05-04,365,0,1
19,2025-05-04,316,0,0
20,2025-05-04,163,200,2
21,2025-05-04,174,100,1
22,2025-05-04,169,0,0
23,2025-05-04,159,150,2
24,2025-05-04,134,200,1
25,2025-05-04,72,300,0
26,2025-05-04,968,0,0
27,2025-05-04,513,0,1
28,2025-05-04,404,0,1
29,2025-05-04,190,0,0
30,2025-05-04,869,0,0
31,2025-05-04,86,0,0
32,2025-05-04,512,0,0
33,2025-05-04,173,100,0
34,2025-05-04,12,500,0
35,2025-05-04,415,0,0
36,2025-05-04,157,0,0
37,2025-05-04,121,0,2
38,2025-05-04,130,0,0
39,2025-05-04,136,50,0
40,2025-05-04,145,100,1
41,2025-05-04,232,0,1
42,2025-05-04,20,100,0
43,2025-05-04,94,100,0
44,2025-05-04,877,0,0
45,2025-05-04,300,0,1
46,2025-05-04,287,0,1
47,2025-05-04,1083,0,1
48,2025-05-04,247,0,0
49,2025-05-04,35,50,0
50,2025-05-04,1394,0,0
51,2025-05-04,142,200,1
52,2025-05-04,277,200,2
53,2025-05-04,52,50,0
54,2025-05-04,268,0,0
55,2025-05-04,124,150,2
56,2025-05-04,1054,0,1
57,2025-05-04,49,200,1
58,2025-05-04,123,100,0
59,2025-05-04,314,0,0
60,2025-05-04,75,100,0
61,2025-05-04,180,100,0
62,2025-05-04,271,0,1
63,2025-05-04,77,100,0
64,2025-05-04,63,400,3
65,2025-05-04,73,200,0
66,2025-05-04,123,100,0
67,2025-05-04,422,0,1
68,2025-05-04,23,400,1
69,2025-05-04,649,0,1
70,2025-05-04,922,0,0
71,2025-05-04,170,50,0
72,2025-05-04,176,0,0
73,2025-05-04,468,0,0
74,2025-05-04,940,0,1
75,2025-05-04,387,0,0
76,2025-05-04,1069,0,0
77,2025-05-04,128,0,0
78,2025-05-04,182,200,2
79,2025-05-04,54,300,2
80,2025-05-04,114,0,0
81,2025-05-04,114,150,0
82,2025-05-04,120,50,0
83,2025-05-04,209,0,1
84,2025-05-04,89,100,0
85,2025-05-04,179,0,0
86,2025-05-04,299,0,1
87,2025-05-04,503,0,0
88,2025-05-04,529,0,1
89,2025-05-04,247,0,0
90,2025-05-04,334,0,0
91,2025-05-04,239,100,0
92,2025-05-04,184,100,0
93,2025-05-04,262,200,1
94,2025-05-04,285,0,2
95,2025-05-04,72,200,0
96,2025-05-04,6,300,1
97,2025-05-04,86,50,0
98,2025-05-04,70,200,0
99,2025-05-04,1232,0,0
100,2025-05-04,196,0,0
101,2025-05-04,117,150,0
102,2025-05-04,137,100,2
103,2025-05-04,1152,0,0
104,2025-05-04,10,400,1
105,2025-05-04,276,0,0
106,2025-05-04,1524,0,0
107,2025-05-04,17,150,0
108,2025-05-04,185,0,1
109,2025-05-04,654,0,2
110,2025-05-04,51,200,1
111,2025-05-04,335,0,1
112,2025-05-04,203,500,0
113,2025-05-04,130,0,0
114,2025-05-04,214,200,2
115,2025-05-04,103,100,0
116,2025-05-04,218,0,1
117,2025-05-04,812,0,0
118,2025-05-04,139,200,0
119,2025-05-04,148,200,0
120,2025-05-04,328,0,0
1,2025-05-05,78,200,0
2,2025-05-05,235,200,1
3,2025-05-05,52,250,1
4,2025-05-05,292,0,0
5,2025-05-05,100,0,0
6,2025-05-05,5,400,0
7,2025-05-05,1182,0,0
8,2025-05-05,171,100,1
9,2025-05-05,154,0,0
10,2025-05-05,55,200,1
11,2025-05-05,501,0,0
12,2025-05-05,64,150,1
13,2025-05-05,147,500,1
14,2025-05-05,98,200,0
15,2025-05-05,153,0,0
16,2025-05-05,893,0,0
17,2025-05-05,225,0,0
18,2025-05-05,364,0,0
19,2025-05-05,313,0,0
20,2025-05-05,147,200,1
21,2025-05-05,163,100,1
22,2025-05-05,167,0,0
23,2025-05-05,151,150,1
24,2025-05-05,130,200,0
25,2025-05-05,72,300,0
26,2025-05-05,964,0,0
27,2025-05-05,498,0,2
28,2025-05-05,392,0,1
29,2025-05-05,188,0,0
30,2025-05-05,855,0,1
31,2025-05-05,80,0,0
32,2025-05-05,509,0,0
33,2025-05-05,163,100,1
34,2025-05-05,4,500,1
35,2025-05-05,412,0,0
36,2025-05-05,151,0,0
37,2025-05-05,118,0,0
38,2025-05-05,123,0,0
39,2025-05-05,123,50,1
40,2025-05-05,140,100,0
41,2025-05-05,223,0,0
42,2025-05-05,56,100,0
43,2025-05-05,86,100,0
44,2025-05-05,873,0,0
45,2025-05-05,285,0,1
46,2025-05-05,276,500,1
47,2025-05-05,1071,0,0
48,2025-05-05,245,0,0
49,2025-05-05,33,50,0
50,2025-05-05,1392,0,0
51,2025-05-05,133,200,0
52,2025-05-05,465,0,1
53,2025-05-05,46,100,0
54,2025-05-05,261,0,0
55,2025-05-05,101,200,3
56,2025-05-05,1048,0,0
57,2025-05-05,41,250,0
58,2025-05-05,116,100,0
59,2025-05-05,310,0,0
60,2025-05-05,60,150,1
61,2025-05-05,171,100,0
62,2025-05-05,256,0,0
63,2025-05-05,72,100,0
64,2025-05-05,51,400,1
65,2025-05-05,58,200,1
66,2025-05-05,111,100,1
67,2025-05-05,413,0,0
68,2025-05-05,21,400,0
69,2025-05-05,638,0,0
70,2025-05-05,916,0,0
71,2025-05-05,220,0,6
72,2025-05-05,171,0,0
73,2025-05-05,466,0,0
74,2025-05-05,936,0,0
75,2025-05-05,367,0,1
76,2025-05-05,1067,0,0
77,2025-05-05,127,0,0
78,2025-05-05,163,200,1
79,2025-05-05,34,300,2
80,2025-05-05,111,0,0
81,2025-05-05,103,150,1
82,2025-05-05,163,0,1
83,2025-05-05,202,500,1
84,2025-05-05,86,100,0
85,2025-05-05,175,0,0
86,2025-05-05,291,0,1
87,2025-05-05,494,0,0
88,2025-05-05,524,0,0
89,2025-05-05,244,0,0
90,2025-05-05,322,0,0
91,2025-05-05,236,100,0
92,2025-05-05,184,100,3
93,2025-05-05,243,200,2
94,2025-05-05,276,200,0
95,2025-05-05,64,200,0
96,2025-05-05,0,300,0
97,2025-05-05,77,100,1
98,2025-05-05,63,200,0
99,2025-05-05,1230,0,0
100,2025-05-05,190,0,0
101,2025-05-05,104,150,1
102,2025-05-05,126,100,0
103,2025-05-05,1147,0,0
104,2025-05-05,5,400,0
105,2025-05-05,269,0,0
106,2025-05-05,1521,0,0
107,2025-05-05,12,150,0
108,2025-05-05,178,0,0
109,2025-05-05,648,0,0
110,2025-05-05,44,200,0
111,2025-05-05,311,0,2
112,2025-05-05,187,500,1
113,2025-05-05,128,0,0
114,2025-05-05,199,200,2
115,2025-05-05,97,100,0
116,2025-05-05,211,0,0
117,2025-05-05,805,0,0
118,2025-05-05,133,200,0
119,2025-05-05,238,100,0
120,2025-05-05,318,0,1
1,2025-05-06,62,300,2
2,2025-05-06,217,200,2
3,2025-05-06,132,200,2
4,2025-05-06,290,0,0
5,2025-05-06,98,0,0
6,2025-05-06,0,400,0
7,2025-05-06,1174,0,1
8,2025-05-06,159,100,0
9,2025-05-06,152,0,0
10,2025-05-06,40,200,1
11,2025-05-06,488,0,0
12,2025-05-06,55,150,0
13,2025-05-06,638,0,0
14,2025-05-06,90,200,1
15,2025-05-06,149,0,0
16,2025-05-06,886,0,0
17,2025-05-06,220,0,0
18,2025-05-06,356,0,0
19,2025-05-06,309,0,0
20,2025-05-06,128,200,2
21,2025-05-06,151,100,1
22,2025-05-06,164,0,0
23,2025-05-06,141,150,0
24,2025-05-06,122,200,1
25,2025-05-06,56,300,0
26,2025-05-06,963,0,0
27,2025-05-06,477,0,2
28,2025-05-06,381,0,1
29,2025-05-06,188,0,3
30,2025-05-06,842,0,1
31,2025-05-06,76,100,0
32,2025-05-06,506,0,0
33,2025-05-06,251,0,1
34,2025-05-06,0,500,0
35,2025-05-06,409,0,0
36,2025-05-06,146,0,0
37,2025-05-06,116,0,0
38,2025-05-06,118,0,0
39,2025-05-06,112,100,1
40,2025-05-06,135,100,0
41,2025-05-06,213,0,1
42,2025-05-06,48,100,0
43,2025-05-06,77,100,0
44,2025-05-06,870,0,0
45,2025-05-06,262,200,3
46,2025-05-06,255,500,3
47,2025-05-06,1065,0,0
48,2025-05-06,234,0,0
49,2025-05-06,31,50,0
50,2025-05-06,1390,0,0
51,2025-05-06,295,0,1
52,2025-05-06,441,0,2
53,2025-05-06,89,50,0
54,2025-05-06,253,0,0
55,2025-05-06,140,150,1
56,2025-05-06,1041,0,0
57,2025-05-06,32,250,1
58,2025-05-06,138,50,0
59,2025-05-06,309,0,0
60,2025-05-06,49,150,0
61,2025-05-06,161,100,1
62,2025-05-06,247,0,0
63,2025-05-06,116,50,0
64,2025-05-06,444,0,0
65,2025-05-06,146,100,1
66,2025-05-06,105,150,0
67,2025-05-06,400,0,1
68,2025-05-06,115,200,0
69,2025-05-06,630,0,0
70,2025-05-06,915,0,0
71,2025-05-06,217,0,0
72,2025-05-06,166,0,0
73,2025-05-06,466,0,10
74,2025-05-06,930,0,0
75,2025-05-06,352,0,0
76,2025-05-06,1058,0,0
77,2025-05-06,127,0,1
78,2025-05-06,342,0,0
79,2025-05-06,119,200,2
80,2025-05-06,108,0,0
81,2025-05-06,144,100,0
82,2025-05-06,153,50,1
83,2025-05-06,188,500,1
84,2025-05-06,75,200,1
85,2025-05-06,172,0,0
86,2025-05-06,288,0,0
87,2025-05-06,488,0,0
88,2025-05-06,515,0,0
89,2025-05-06,241,0,0
90,2025-05-06,317,0,0
91,2025-05-06,220,100,2
92,2025-05-06,174,100,0
93,2025-05-06,231,200,1
94,2025-05-06,256,200,1
95,2025-05-06,55,200,0
96,2025-05-06,0,300,0
97,2025-05-06,69,100,0
98,2025-05-06,54,200,1
99,2025-05-06,1228,0,0
100,2025-05-06,184,0,0
101,2025-05-06,90,150,1
102,2025-05-06,113,100,1
103,2025-05-06,1144,0,0
104,2025-05-06,0,400,0
105,2025-05-06,264,0,0
106,2025-05-06,1518,0,0
107,2025-05-06,6,150,0
108,2025-05-06,174,0,0
109,2025-05-06,628,0,2
110,2025-05-06,34,200,1
111,2025-05-06,301,0,1
112,2025-05-06,175,500,1
113,2025-05-06,125,0,0
114,2025-05-06,185,200,0
115,2025-05-06,95,100,0
116,2025-05-06,198,0,1
117,2025-05-06,794,0,1
118,2025-05-06,123,200,1
119,2025-05-06,233,100,0
120,2025-05-06,314,0,0
1,2025-05-07,49,300,1
2,2025-05-07,201,200,2
3,2025-05-07,112,200,1
4,2025-05-07,287,0,0
5,2025-05-07,97,0,0
6,2025-05-07,0,400,0
7,2025-05-07,1170,0,0
8,2025-05-07,147,200,1
9,2025-05-07,149,0,0
10,2025-05-07,31,200,0
11,2025-05-07,480,0,0
12,2025-05-07,44,150,1
13,2025-05-07,629,0,0
14,2025-05-07,73,250,1
15,2025-05-07,145,0,0
16,2025-05-07,879,0,0
17,2025-05-07,208,0,1
18,2025-05-07,341,0,1
19,2025-05-07,306,0,0
20,2025-05-07,118,200,0
21,2025-05-07,142,200,1
22,2025-05-07,159,0,0
23,2025-05-07,138,200,0
24,2025-05-07,115,200,0
25,2025-05-07,42,300,0
26,2025-05-07,955,0,1
27,2025-05-07,457,0,2
28,2025-05-07,376,0,0
29,2025-05-07,188,0,3
30,2025-05-07,834,0,0
31,2025-05-07,74,100,0
32,2025-05-07,504,0,0
33,2025-05-07,242,0,1
34,2025-05-07,0,500,0
35,2025-05-07,406,0,0
36,2025-05-07,138,0,0
37,2025-05-07,113,0,0
38,2025-05-07,116,0,0
39,2025-05-07,102,100,1
40,2025-05-07,123,100,1
41,2025-05-07,204,0,0
42,2025-05-07,43,100,0
43,2025-05-07,172,0,0
44,2025-05-07,867,0,0
45,2025-05-07,233,200,1
46,2025-05-07,237,500,0
47,2025-05-07,1055,0,0
48,2025-05-07,225,0,1
49,2025-05-07,29,50,0
50,2025-05-07,1387,0,0
51,2025-05-07,281,0,1
52,2025-05-07,424,0,2
53,2025-05-07,85,50,0
54,2025-05-07,245,0,0
55,2025-05-07,180,100,1
56,2025-05-07,1036,0,0
57,2025-05-07,25,250,1
58,2025-05-07,134,50,0
59,2025-05-07,307,0,0
60,2025-05-07,133,50,0
61,2025-05-07,143,100,1
62,2025-05-07,241,0,0
63,2025-05-07,114,50,0
64,2025-05-07,428,0,1
65,2025-05-07,132,200,1
66,2025-05-07,92,150,1
67,2025-05-07,392,0,1
68,2025-05-07,107,200,0
69,2025-05-07,623,0,0
70,2025-05-07,911,0,0
71,2025-05-07,205,0,1
72,2025-05-07,164,0,0
73,2025-05-07,464,0,0
74,2025-05-07,924,0,0
75,2025-05-07,341,0,1
76,2025-05-07,1046,0,1
77,2025-05-07,126,0,0
78,2025-05-07,337,0,0
79,2025-05-07,104,200,0
80,2025-05-07,106,0,0
81,2025-05-07,130,100,0
82,2025-05-07,148,50,0
83,2025-05-07,183,500,0
84,2025-05-07,69,200,0
85,2025-05-07,168,0,0
86,2025-05-07,280,0,0
87,2025-05-07,480,0,0
88,2025-05-07,513,0,0
89,2025-05-07,236,0,0
90,2025-05-07,306,0,1
91,2025-05-07,210,100,0
92,2025-05-07,160,100,1
93,2025-05-07,209,200,2
94,2025-05-07,250,200,0
95,2025-05-07,45,200,0
96,2025-05-07,0,300,0
97,2025-05-07,63,100,0
98,2025-05-07,48,200,0
99,2025-05-07,1225,0,0
100,2025-05-07,179,0,0
101,2025-05-07,131,100,0
102,2025-05-07,103,200,0
103,2025-05-07,1140,0,0
104,2025-05-07,0,400,0
105,2025-05-07,258,0,0
106,2025-05-07,1513,0,0
107,2025-05-07,1,150,0
108,2025-05-07,166,0,1
109,2025-05-07,618,0,1
110,2025-05-07,108,100,1
111,2025-05-07,283,500,2
112,2025-05-07,166,500,1
113,2025-05-07,124,0,0
114,2025-05-07,172,200,0
115,2025-05-07,95,100,1
116,2025-05-07,189,0,1
117,2025-05-07,778,0,0
118,2025-05-07,114,200,0
119,2025-05-07,211,100,2
120,2025-05-07,310,0,0
1,2025-05-08,44,300,0
2,2025-05-08,190,200,0
3,2025-05-08,108,200,0
4,2025-05-08,286,0,0
5,2025-05-08,94,0,0
6,2025-05-08,0,400,0
7,2025-05-08,1168,0,0
8,2025-05-08,139,200,0
9,2025-05-08,146,0,0
10,2025-05-08,22,200,0
11,2025-05-08,469,0,1
12,2025-05-08,26,200,1
13,2025-05-08,629,0,7
14,2025-05-08,161,150,1
15,2025-05-08,142,0,0
16,2025-05-08,870,0,0
17,2025-05-08,197,100,1
18,2025-05-08,326,0,1
19,2025-05-08,302,0,0
20,2025-05-08,308,0,0
21,2025-05-08,127,200,1
22,2025-05-08,154,0,0
23,2025-05-08,118,200,1
24,2025-05-08,95,200,2
25,2025-05-08,27,300,1
26,2025-05-08,946,0,1
27,2025-05-08,441,0,2
28,2025-05-08,367,0,1
29,2025-05-08,186,0,0
30,2025-05-08,824,0,1
31,2025-05-08,72,100,0
32,2025-05-08,499,0,0
33,2025-05-08,232,0,1
34,2025-05-08,0,500,0
35,2025-05-08,403,0,0
36,2025-05-08,123,0,1
37,2025-05-08,112,0,0
38,2025-05-08,114,0,0
39,2025-05-08,101,100,0
40,2025-05-08,214,0,0
41,2025-05-08,195,0,0
42,2025-05-08,89,50,0
43,2025-05-08,168,0,0
44,2025-05-08,862,0,0
45,2025-05-08,222,200,1
46,2025-05-08,222,500,1
47,2025-05-08,1044,0,1
48,2025-05-08,210,0,1
49,2025-05-08,26,50,0
50,2025-05-08,1382,0,0
51,2025-05-08,268,0,1
52,2025-05-08,411,0,1
53,2025-05-08,82,50,0
54,2025-05-08,238,0,0
55,2025-05-08,222,50,1
56,2025-05-08,1027,0,1
57,2025-05-08,12,250,1
58,2025-05-08,123,100,1
59,2025-05-08,305,0,0
60,2025-05-08,167,0,1
61,2025-05-08,184,100,0
62,2025-05-08,238,0,0
63,2025-05-08,109,50,0
64,2025-05-08,404,0,2
65,2025-05-08,123,200,0
66,2025-05-08,126,100,0
67,2025-05-08,385,0,0
68,2025-05-08,96,200,1
69,2025-05-08,616,0,0
70,2025-05-08,908,0,0
71,2025-05-08,192,0,1
72,2025-05-08,158,0,0
73,2025-05-08,463,0,0
74,2025-05-08,918,0,0
75,2025-05-08,333,0,0
76,2025-05-08,1034,0,1
77,2025-05-08,123,0,0
78,2025-05-08,325,0,1
79,2025-05-08,91,200,1
80,2025-05-08,101,0,0
81,2025-05-08,115,150,1
82,2025-05-08,139,50,0
83,2025-05-08,169,500,1
84,2025-05-08,59,200,0
85,2025-05-08,168,0,4
86,2025-05-08,269,0,0
87,2025-05-08,479,0,0
88,2025-05-08,504,0,0
89,2025-05-08,236,0,2
90,2025-05-08,299,0,0
91,2025-05-08,200,100,1
92,2025-05-08,153,100,0
93,2025-05-08,397,0,1
94,2025-05-08,218,200,4
95,2025-05-08,40,200,0
96,2025-05-08,0,300,0
97,2025-05-08,109,50,0
98,2025-05-08,41,200,0
99,2025-05-08,1222,0,0
100,2025-05-08,173,0,0
101,2025-05-08,174,50,0
102,2025-05-08,91,200,0
103,2025-05-08,1136,0,0
104,2025-05-08,0,400,0
105,2025-05-08,255,0,0
106,2025-05-08,1509,0,0
107,2025-05-08,46,100,0
108,2025-05-08,158,0,0
109,2025-05-08,618,0,15
110,2025-05-08,104,100,0
111,2025-05-08,273,500,1
112,2025-05-08,155,500,0
113,2025-05-08,122,0,0
114,2025-05-08,159,200,1
115,2025-05-08,89,100,0
116,2025-05-08,185,0,0
117,2025-05-08,757,0,2
118,2025-05-08,99,200,0
119,2025-05-08,207,100,0
120,2025-05-08,304,0,0
1,2025-05-09,29,300,1
2,2025-05-09,178,200,0
3,2025-05-09,91,200,1
4,2025-05-09,284,0,0
5,2025-05-09,91,0,0
6,2025-05-09,0,400,0
7,2025-05-09,1167,0,0
8,2025-05-09,124,200,1
9,2025-05-09,140,0,0
10,2025-05-09,16,200,0
11,2025-05-09,465,0,0
12,2025-05-09,121,100,0
13,2025-05-09,616,0,0
14,2025-05-09,197,100,1
15,2025-05-09,139,0,0
16,2025-05-09,857,0,1
17,2025-05-09,285,0,0
18,2025-05-09,312,0,1
19,2025-05-09,299,0,0
20,2025-05-09,294,200,2
21,2025-05-09,111,200,1
22,2025-05-09,149,0,0
23,2025-05-09,101,200,1
24,2025-05-09,83,200,0
25,2025-05-09,17,300,0
26,2025-05-09,945,0,0
27,2025-05-09,425,0,0
28,2025-05-09,361,0,0
29,2025-05-09,184,0,0
30,2025-05-09,816,0,1
31,2025-05-09,169,0,0
32,2025-05-09,494,0,0
33,2025-05-09,219,0,1
34,2025-05-09,0,500,0
35,2025-05-09,401,0,0
36,2025-05-09,118,0,0
37,2025-05-09,110,0,0
38,2025-05-09,112,0,0
39,2025-05-09,92,100,1
40,2025-05-09,207,0,0
41,2025-05-09,189,100,0
42,2025-05-09,86,50,0
43,2025-05-09,161,0,0
44,2025-05-09,859,0,0
45,2025-05-09,222,200,3
46,2025-05-09,201,500,2
47,2025-05-09,1031,0,1
48,2025-05-09,205,500,0
49,2025-05-09,24,50,0
50,2025-05-09,1376,0,0
51,2025-05-09,258,0,1
52,2025-05-09,396,0,1
53,2025-05-09,79,50,0
54,2025-05-09,229,0,0
55,2025-05-09,205,50,1
56,2025-05-09,1024,0,0
57,2025-05-09,54,250,0
58,2025-05-09,114,100,0
59,2025-05-09,302,0,0
60,2025-05-09,158,50,0
61,2025-05-09,224,50,1
62,2025-05-09,233,0,0
63,2025-05-09,101,50,0
64,2025-05-09,398,0,0
65,2025-05-09,115,200,0
66,2025-05-09,117,100,1
67,2025-05-09,377,0,0
68,2025-05-09,86,200,0
69,2025-05-09,603,0,1
70,2025-05-09,904,0,0
71,2025-05-09,186,0,0
72,2025-05-09,153,0,0
73,2025-05-09,461,0,0
74,2025-05-09,912,0,0
75,2025-05-09,333,0,8
76,2025-05-09,1021,0,1
77,2025-05-09,121,0,0
78,2025-05-09,309,0,0
79,2025-05-09,79,200,1
80,2025-05-09,99,0,0
81,2025-05-09,108,150,0
82,2025-05-09,189,0,4
83,2025-05-09,162,500,0
84,2025-05-09,141,100,2
85,2025-05-09,164,0,0
86,2025-05-09,264,0,0
87,2025-05-09,475,0,0
88,2025-05-09,499,0,0
89,2025-05-09,230,0,0
90,2025-05-09,280,0,0
91,2025-05-09,187,100,1
92,2025-05-09,142,100,0
93,2025-05-09,380,0,2
94,2025-05-09,204,200,1
95,2025-05-09,31,200,1
96,2025-05-09,36,250,1
97,2025-05-09,103,50,0
98,2025-05-09,40,200,0
99,2025-05-09,1220,0,0
100,2025-05-09,170,100,0
101,2025-05-09,161,100,1
102,2025-05-09,184,100,0
103,2025-05-09,1135,0,0
104,2025-05-09,0,400,0
105,2025-05-09,250,0,0
106,2025-05-09,1507,0,0
107,2025-05-09,41,100,0
108,2025-05-09,148,0,1
109,2025-05-09,608,0,0
110,2025-05-09,96,200,1
111,2025-05-09,268,500,0
112,2025-05-09,143,500,1
113,2025-05-09,120,0,0
114,2025-05-09,144,200,2
115,2025-05-09,89,100,1
116,2025-05-09,173,0,1
117,2025-05-09,752,0,0
118,2025-05-09,91,200,0
119,2025-05-09,188,100,1
120,2025-05-09,303,0,0
1,2025-05-10,18,300,0
2,2025-05-10,162,200,2
3,2025-05-10,79,200,1
4,2025-05-10,279,0,0
5,2025-05-10,88,0,0
6,2025-05-10,177,200,3
7,2025-05-10,1165,0,0
8,2025-05-10,107,200,1
9,2025-05-10,136,0,0
10,2025-05-10,8,200,0
11,2025-05-10,464,0,0
12,2025-05-10,105,150,1
13,2025-05-10,592,0,2
14,2025-05-10,191,100,0
15,2025-05-10,134,0,0
16,2025-05-10,849,0,0
17,2025-05-10,276,0,1
18,2025-05-10,302,0,1
19,2025-05-10,293,0,0
20,2025-05-10,275,200,2
21,2025-05-10,195,100,1
22,2025-05-10,146,0,0
23,2025-05-10,82,200,2
24,2025-05-10,75,200,1
25,2025-05-10,0,300,0
26,2025-05-10,934,0,0
27,2025-05-10,400,0,2
28,2025-05-10,347,0,1
29,2025-05-10,184,0,5
30,2025-05-10,806,0,0
31,2025-05-10,163,0,0
32,2025-05-10,489,0,0
33,2025-05-10,208,0,1
34,2025-05-10,0,500,0
35,2025-05-10,394,0,0
36,2025-05-10,117,500,0
37,2025-05-10,107,0,0
38,2025-05-10,105,0,0
39,2025-05-10,88,100,0
40,2025-05-10,194,100,1
41,2025-05-10,188,100,0
42,2025-05-10,81,50,0
43,2025-05-10,155,0,0
44,2025-05-10,854,0,0
45,2025-05-10,304,0,3
46,2025-05-10,690,0,1
47,2025-05-10,1020,0,1
48,2025-05-10,191,500,1
49,2025-05-10,23,50,0
50,2025-05-10,1370,0,0
51,2025-05-10,243,0,1
52,2025-05-10,383,0,1
53,2025-05-10,74,50,0
54,2025-05-10,223,0,0
55,2025-05-10,196,50,0
56,2025-05-10,1017,0,0
57,2025-05-10,139,150,1
58,2025-05-10,105,100,0
59,2025-05-10,300,0,0
60,2025-05-10,150,50,0
61,2025-05-10,209,50,1
62,2025-05-10,229,0,0
63,2025-05-10,92,50,0
64,2025-05-10,380,0,1
65,2025-05-10,113,200,0
66,2025-05-10,108,100,1
67,2025-05-10,367,0,0
68,2025-05-10,82,200,0
69,2025-05-10,597,0,0
70,2025-05-10,904,0,11
71,2025-05-10,179,0,0
72,2025-05-10,146,0,0
73,2025-05-10,458,0,0
74,2025-05-10,906,0,0
75,2025-05-10,314,0,2
76,2025-05-10,1004,0,2
77,2025-05-10,119,0,0
78,2025-05-10,295,0,2
79,2025-05-10,62,300,0
80,2025-05-10,92,0,0
81,2025-05-10,148,100,1
82,2025-05-10,182,0,0
83,2025-05-10,153,500,0
84,2025-05-10,133,100,1
85,2025-05-10,160,0,0
86,2025-05-10,255,0,1
87,2025-05-10,473,0,0
88,2025-05-10,491,0,0
89,2025-05-10,226,0,0
90,2025-05-10,277,0,0
91,2025-05-10,165,200,2
92,2025-05-10,133,100,0
93,2025-05-10,363,0,2
94,2025-05-10,204,200,3
95,2025-05-10,119,100,1
96,2025-05-10,22,250,1
97,2025-05-10,102,50,0
98,2025-05-10,234,0,0
99,2025-05-10,1218,0,0
100,2025-05-10,159,100,1
101,2025-05-10,149,100,0
102,2025-05-10,178,100,0
103,2025-05-10,1132,0,0
104,2025-05-10,0,400,0
105,2025-05-10,247,0,0
106,2025-05-10,1503,0,0
107,2025-05-10,37,100,0
108,2025-05-10,138,200,0
109,2025-05-10,598,0,1
110,2025-05-10,85,200,0
111,2025-05-10,247,500,2
112,2025-05-10,134,500,1
113,2025-05-10,119,0,0
114,2025-05-10,132,200,1
115,2025-05-10,82,100,0
116,2025-05-10,165,0,0
117,2025-05-10,736,0,1
118,2025-05-10,79,200,0
119,2025-05-10,179,100,1
120,2025-05-10,301,0,0
1,2025-05-11,4,300,1
2,2025-05-11,140,200,2
3,2025-05-11,68,200,1
4,2025-05-11,278,0,0
5,2025-05-11,85,0,0
6,2025-05-11,159,200,2
7,2025-05-11,1160,0,0
8,2025-05-11,94,200,1
9,2025-05-11,132,0,0
10,2025-05-11,89,200,2
11,2025-05-11,451,0,1
12,2025-05-11,96,150,0
13,2025-05-11,575,0,1
14,2025-05-11,181,100,0
15,2025-05-11,130,0,0
16,2025-05-11,842,0,0
17,2025-05-11,260,0,0
18,2025-05-11,294,0,1
19,2025-05-11,288,0,0
20,2025-05-11,265,200,1
21,2025-05-11,174,100,2
22,2025-05-11,143,0,0
23,2025-05-11,126,150,0
24,2025-05-11,40,300,3
25,2025-05-11,0,300,0
26,2025-05-11,928,0,0
27,2025-05-11,390,0,0
28,2025-05-11,335,0,0
29,2025-05-11,180,0,0
30,2025-05-11,793,0,1
31,2025-05-11,163,0,1
32,2025-05-11,487,0,0
33,2025-05-11,195,0,1
34,2025-05-11,0,500,0
35,2025-05-11,392,0,0
36,2025-05-11,109,500,1
37,2025-05-11,107,0,3
38,2025-05-11,103,0,0
39,2025-05-11,88,100,2
40,2025-05-11,180,100,1
41,2025-05-11,179,100,0
42,2025-05-11,75,50,0
43,2025-05-11,154,0,0
44,2025-05-11,849,0,0
45,2025-05-11,287,0,1
46,2025-05-11,682,0,0
47,2025-05-11,1010,0,1
48,2025-05-11,180,500,1
49,2025-05-11,22,50,0
50,2025-05-11,1362,0,0
51,2025-05-11,223,0,2
52,2025-05-11,346,0,5
53,2025-05-11,72,50,0
54,2025-05-11,213,0,0
55,2025-05-11,177,101,0
56,2025-05-11,1011,0,0
57,2025-05-11,113,150,1
58,2025-05-11,145,50,1
59,2025-05-11,300,0,3
60,2025-05-11,145,50,0
61,2025-05-11,250,50,1
62,2025-05-11,221,0,1
63,2025-05-11,84,50,0
64,2025-05-11,366,0,1
65,2025-05-11,94,200,1
66,2025-05-11,148,100,1
67,2025-05-11,359,0,0
68,2025-05-11,71,200,0
69,2025-05-11,583,0,1
70,2025-05-11,900,0,0
71,2025-05-11,173,50,0
72,2025-05-11,140,0,0
73,2025-05-11,456,0,0
74,2025-05-11,900,0,0
75,2025-05-11,292,0,2
76,2025-05-11,992,0,1
77,2025-05-11,116,0,0
78,2025-05-11,278,0,1
79,2025-05-11,52,300,0
80,2025-05-11,91,0,0
81,2025-05-11,144,100,0
82,2025-05-11,172,0,1
83,2025-05-11,146,500,0
84,2025-05-11,132,100,0
85,2025-05-11,158,0,0
86,2025-05-11,248,0,0
87,2025-05-11,466,0,0
88,2025-05-11,483,0,0
89,2025-05-11,219,0,0
90,2025-05-11,270,0,0
91,2025-05-11,154,200,0
92,2025-05-11,209,0,3
93,2025-05-11,351,0,0
94,2025-05-11,187,200,1
95,2025-05-11,113,100,0
96,2025-05-11,8,250,1
97,2025-05-11,94,50,0
98,2025-05-11,224,0,1
99,2025-05-11,1215,0,0
100,2025-05-11,152,100,0
101,2025-05-11,137,100,1
102,2025-05-11,171,100,1
103,2025-05-11,1129,0,0
104,2025-05-11,185,200,1
105,2025-05-11,242,0,0
106,2025-05-11,1501,0,0
107,2025-05-11,32,100,0
108,2025-05-11,133,200,0
109,2025-05-11,590,0,1
110,2025-05-11,70,200,1
111,2025-05-11,237,500,1
112,2025-05-11,123,500,1
113,2025-05-11,118,0,0
114,2025-05-11,124,200,1
115,2025-05-11,79,100,0
116,2025-05-11,155,200,1
117,2025-05-11,720,0,2
118,2025-05-11,67,200,1
119,2025-05-11,164,100,1
120,2025-05-11,295,0,0
1,2025-05-12,0,300,0
2,2025-05-12,128,200,1
3,2025-05-12,54,250,1
4,2025-05-12,275,0,0
5,2025-05-12,82,0,0
6,2025-05-12,143,200,1
7,2025-05-12,1158,0,0
8,2025-05-12,82,200,1
9,2025-05-12,127,0,0
10,2025-05-12,78,200,1
11,2025-05-12,437,0,0
12,2025-05-12,139,100,0
13,2025-05-12,563,0,1
14,2025-05-12,174,150,0
15,2025-05-12,129,0,0
16,2025-05-12,839,0,0
17,2025-05-12,255,0,0
18,2025-05-12,286,0,0
19,2025-05-12,284,0,0
20,2025-05-12,255,200,0
21,2025-05-12,162,200,0
22,2025-05-12,138,0,0
23,2025-05-12,117,150,0
24,2025-05-12,31,300,0
25,2025-05-12,0,300,0
26,2025-05-12,926,0,0
27,2025-05-12,367,0,3
28,2025-05-12,320,0,0
29,2025-05-12,176,0,0
30,2025-05-12,787,0,0
31,2025-05-12,159,0,0
32,2025-05-12,485,0,0
33,2025-05-12,189,0,0
34,2025-05-12,0,500,0
35,2025-05-12,390,0,0
36,2025-05-12,91,500,2
37,2025-05-12,105,0,0
38,2025-05-12,101,0,0
39,2025-05-12,136,50,0
40,2025-05-12,170,100,1
41,2025-05-12,176,100,0
42,2025-05-12,120,0,0
43,2025-05-12,152,0,0
44,2025-05-12,844,0,0
45,2025-05-12,281,0,0
46,2025-05-12,669,0,0
47,2025-05-12,1007,0,0
48,2025-05-12,167,500,1
49,2025-05-12,22,50,0
50,2025-05-12,1359,0,0
51,2025-05-12,210,200,1
52,2025-05-12,330,0,1
53,2025-05-12,69,50,0
54,2025-05-12,212,0,0
55,2025-05-12,160,101,2
56,2025-05-12,1005,0,0
57,2025-05-12,109,150,0
58,2025-05-12,133,50,1
59,2025-05-12,298,0,0
60,2025-05-12,139,50,0
61,2025-05-12,242,50,0
62,2025-05-12,217,0,0
63,2025-05-12,80,100,0
64,2025-05-12,349,0,0
65,2025-05-12,79,200,0
66,2025-05-12,145,100,0
67,2025-05-12,353,0,0
68,2025-05-12,60,200,1
69,2025-05-12,571,0,1
70,2025-05-12,895,0,0
71,2025-05-12,166,50,1
72,2025-05-12,137,0,0
73,2025-05-12,453,0,0
74,2025-05-12,897,0,0
75,2025-05-12,286,0,0
76,2025-05-12,964,0,3
77,2025-05-12,115,0,0
78,2025-05-12,269,0,0
79,2025-05-12,36,300,1
80,2025-05-12,88,0,0
81,2025-05-12,130,100,0
82,2025-05-12,161,50,1
83,2025-05-12,643,0,0
84,2025-05-12,117,100,1
85,2025-05-12,155,0,0
86,2025-05-12,239,0,0
87,2025-05-12,459,0,0
88,2025-05-12,483,0,13
89,2025-05-12,215,0,0
90,2025-05-12,263,0,0
91,2025-05-12,249,100,0
92,2025-05-12,200,100,0
93,2025-05-12,332,0,1
94,2025-05-12,372,0,1
95,2025-05-12,104,100,0
96,2025-05-12,0,300,0
97,2025-05-12,88,50,0
98,2025-05-12,217,0,0
99,2025-05-12,1211,0,0
100,2025-05-12,141,100,1
101,2025-05-12,126,100,1
102,2025-05-12,166,100,0
103,2025-05-12,1126,0,0
104,2025-05-12,172,200,1
105,2025-05-12,238,0,0
106,2025-05-12,1499,0,0
107,2025-05-12,28,100,0
108,2025-05-12,125,200,0
109,2025-05-12,583,0,0
110,2025-05-12,62,200,0
111,2025-05-12,222,500,2
112,2025-05-12,111,500,0
113,2025-05-12,117,0,0
114,2025-05-12,111,200,1
115,2025-05-12,68,100,1
116,2025-05-12,346,0,0
117,2025-05-12,709,0,0
118,2025-05-12,252,0,1
119,2025-05-12,141,200,1
120,2025-05-12,288,0,0
1,2025-05-13,0,300,0
2,2025-05-13,316,0,0
3,2025-05-13,91,200,0
4,2025-05-13,272,0,0
5,2025-05-13,80,0,0
6,2025-05-13,126,200,2
7,2025-05-13,1154,0,0
8,2025-05-13,60,200,0
9,2025-05-13,125,0,0
10,2025-05-13,73,200,0
11,2025-05-13,425,0,1
12,2025-05-13,180,50,0
13,2025-05-13,548,0,1
14,2025-05-13,168,150,0
15,2025-05-13,127,0,0
16,2025-05-13,832,0,1
17,2025-05-13,250,0,0
18,2025-05-13,270,0,1
19,2025-05-13,281,0,0
20,2025-05-13,248,200,0
21,2025-05-13,160,200,0
22,2025-05-13,131,0,0
23,2025-05-13,101,200,1
24,2025-05-13,124,200,0
25,2025-05-13,0,300,0
26,2025-05-13,919,0,0
27,2025-05-13,350,0,0
28,2025-05-13,310,0,1
29,2025-05-13,174,0,0
30,2025-05-13,772,0,1
31,2025-05-13,158,0,0
32,2025-05-13,483,0,0
33,2025-05-13,180,100,1
34,2025-05-13,0,500,0
35,2025-05-13,388,0,0
36,2025-05-13,83,500,1
37,2025-05-13,102,0,0
38,2025-05-13,96,0,0
39,2025-05-13,129,50,0
40,2025-05-13,168,100,0
41,2025-05-13,167,100,0
42,2025-05-13,118,0,0
43,2025-05-13,150,0,0
44,2025-05-13,840,0,0
45,2025-05-13,267,200,1
46,2025-05-13,650,0,1
47,2025-05-13,1002,0,0
48,2025-05-13,153,500,0
49,2025-05-13,22,50,0
50,2025-05-13,1352,0,0
51,2025-05-13,201,200,0
52,2025-05-13,317,0,1
53,2025-05-13,65,50,0
54,2025-05-13,203,0,1
55,2025-05-13,157,151,0
56,2025-05-13,999,0,0
57,2025-05-13,100,200,0
58,2025-05-13,119,100,0
59,2025-05-13,296,0,0
60,2025-05-13,139,50,3
61,2025-05-13,227,50,1
62,2025-05-13,207,0,1
63,2025-05-13,76,100,0
64,2025-05-13,335,0,1
65,2025-05-13,71,200,0
66,2025-05-13,142,100,0
67,2025-05-13,346,0,1
68,2025-05-13,49,400,1
69,2025-05-13,561,0,1
70,2025-05-13,893,0,0
71,2025-05-13,161,50,0
72,2025-05-13,133,0,0
73,2025-05-13,452,0,0
74,2025-05-13,888,0,1
75,2025-05-13,269,0,1
76,2025-05-13,955,0,1
77,2025-05-13,113,0,0
78,2025-05-13,261,200,0
79,2025-05-13,25,300,0
80,2025-05-13,85,0,0
81,2025-05-13,117,100,1
82,2025-05-13,153,50,0
83,2025-05-13,636,0,0
84,2025-05-13,109,100,0
85,2025-05-13,154,0,0
86,2025-05-13,232,0,0
87,2025-05-13,452,0,0
88,2025-05-13,476,0,0
89,2025-05-13,211,0,0
90,2025-05-13,257,0,0
91,2025-05-13,241,100,0
92,2025-05-13,195,100,0
93,2025-05-13,320,0,0
94,2025-05-13,355,0,1
95,2025-05-13,100,100,0
96,2025-05-13,0,300,0
97,2025-05-13,82,100,0
98,2025-05-13,207,0,0
99,2025-05-13,1208,0,0
100,2025-05-13,137,100,0
101,2025-05-13,106,150,2
102,2025-05-13,154,100,1
103,2025-05-13,1123,0,0
104,2025-05-13,162,200,1
105,2025-05-13,235,0,0
106,2025-05-13,1497,0,0
107,2025-05-13,23,100,0
108,2025-05-13,117,200,0
109,2025-05-13,574,0,0
110,2025-05-13,48,200,1
111,2025-05-13,205,500,1
112,2025-05-13,98,500,0
113,2025-05-13,114,0,0
114,2025-05-13,99,200,0
115,2025-05-13,62,100,0
116,2025-05-13,344,0,0
117,2025-05-13,698,0,0
118,2025-05-13,251,0,0
119,2025-05-13,132,200,1
120,2025-05-13,280,0,0
1,2025-05-14,0,300,0
2,2025-05-14,307,0,1
3,2025-05-14,77,200,1
4,2025-05-14,270,0,0
5,2025-05-14,78,0,0
6,2025-05-14,105,200,2
7,2025-05-14,1153,0,0
8,2025-05-14,46,300,1
9,2025-05-14,119,0,0
10,2025-05-14,65,200,0
11,2025-05-14,415,0,0
12,2025-05-14,175,50,0
13,2025-05-14,533,0,1
14,2025-05-14,156,150,1
15,2025-05-14,123,0,0
16,2025-05-14,820,0,1
17,2025-05-14,241,0,0
18,2025-05-14,257,0,1
19,2025-05-14,276,0,0
20,2025-05-14,235,200,1
21,2025-05-14,253,100,0
22,2025-05-14,127,0,0
23,2025-05-14,93,250,1
24,2025-05-14,102,200,2
25,2025-05-14,0,300,0
26,2025-05-14,916,0,0
27,2025-05-14,347,0,0
28,2025-05-14,298,0,1
29,2025-05-14,172,0,0
30,2025-05-14,769,0,0
31,2025-05-14,154,0,0
32,2025-05-14,478,0,0
33,2025-05-14,170,100,1
34,2025-05-14,0,500,0
35,2025-05-14,386,0,0
36,2025-05-14,81,500,0
37,2025-05-14,100,0,0
38,2025-05-14,94,0,0
39,2025-05-14,120,100,1
40,2025-05-14,155,100,1
41,2025-05-14,161,100,0
42,2025-05-14,115,50,0
43,2025-05-14,143,0,0
44,2025-05-14,837,0,0
45,2025-05-14,256,200,1
46,2025-05-14,641,0,0
47,2025-05-14,996,0,0
48,2025-05-14,147,500,0
49,2025-05-14,19,50,0
50,2025-05-14,1346,0,0
51,2025-05-14,192,200,0
52,2025-05-14,299,200,1
53,2025-05-14,64,50,0
54,2025-05-14,194,0,1
55,2025-05-14,201,100,0
56,2025-05-14,988,0,1
57,2025-05-14,87,200,1
58,2025-05-14,112,100,0
59,2025-05-14,294,0,0
60,2025-05-14,130,100,0
61,2025-05-14,220,50,1
62,2025-05-14,196,0,0
63,2025-05-14,69,100,0
64,2025-05-14,317,0,2
65,2025-05-14,71,200,1
66,2025-05-14,133,100,1
67,2025-05-14,338,0,0
68,2025-05-14,38,400,1
69,2025-05-14,552,0,0
70,2025-05-14,890,0,0
71,2025-05-14,148,50,0
72,2025-05-14,128,0,0
73,2025-05-14,450,0,0
74,2025-05-14,879,0,0
75,2025-05-14,259,0,1
76,2025-05-14,950,0,0
77,2025-05-14,111,0,0
78,2025-05-14,250,200,1
79,2025-05-14,6,400,1
80,2025-05-14,81,0,0
81,2025-05-14,117,100,1
82,2025-05-14,146,50,1
83,2025-05-14,622,0,1
84,2025-05-14,107,100,0
85,2025-05-14,151,0,0
86,2025-05-14,222,0,0
87,2025-05-14,446,0,0
88,2025-05-14,469,0,0
89,2025-05-14,204,0,0
90,2025-05-14,251,0,0
91,2025-05-14,222,100,2
92,2025-05-14,183,100,0
93,2025-05-14,297,200,3
94,2025-05-14,349,0,0
95,2025-05-14,86,100,1
96,2025-05-14,44,250,0
97,2025-05-14,77,100,0
98,2025-05-14,203,0,0
99,2025-05-14,1204,0,0
100,2025-05-14,133,100,0
101,2025-05-14,92,150,1
102,2025-05-14,150,100,0
103,2025-05-14,1121,0,0
104,2025-05-14,141,200,1
105,2025-05-14,233,0,0
106,2025-05-14,1492,0,0
107,2025-05-14,17,150,0
108,2025-05-14,115,200,0
109,2025-05-14,564,0,0
110,2025-05-14,32,200,2
111,2025-05-14,193,500,0
112,2025-05-14,91,500,0
113,2025-05-14,112,0,0
114,2025-05-14,89,200,1
115,2025-05-14,62,100,1
116,2025-05-14,337,0,0
117,2025-05-14,688,0,1
118,2025-05-14,242,0,0
119,2025-05-14,232,100,4
120,2025-05-14,274,0,0
1,2025-05-15,0,300,0
2,2025-05-15,293,0,0
3,2025-05-15,109,150,2
4,2025-05-15,267,0,0
5,2025-05-15,77,0,0
6,2025-05-15,100,400,0
7,2025-05-15,1151,0,0
8,2025-05-15,31,300,2
9,2025-05-15,116,0,0
10,2025-05-15,57,200,0
11,2025-05-15,400,0,1
12,2025-05-15,170,50,0
13,2025-05-15,523,0,0
14,2025-05-15,130,150,0
15,2025-05-15,120,0,0
16,2025-05-15,816,0,0
17,2025-05-15,227,0,1
18,2025-05-15,246,0,0
19,2025-05-15,273,0,0
20,2025-05-15,221,200,0
21,2025-05-15,344,0,0
22,2025-05-15,125,0,0
23,2025-05-15,80,250,1
24,2025-05-15,94,200,0
25,2025-05-15,0,300,0
26,2025-05-15,910,0,0
27,2025-05-15,331,0,1
28,2025-05-15,283,0,0
29,2025-05-15,170,0,0
30,2025-05-15,757,0,0
31,2025-05-15,150,0,0
32,2025-05-15,474,0,0
33,2025-05-15,163,100,0
34,2025-05-15,0,500,0
35,2025-05-15,383,0,0
36,2025-05-15,80,500,0
37,2025-05-15,98,0,0
38,2025-05-15,94,0,2
39,2025-05-15,167,50,0
40,2025-05-15,151,100,0
41,2025-05-15,147,100,1
42,2025-05-15,108,50,0
43,2025-05-15,140,0,0
44,2025-05-15,831,0,0
45,2025-05-15,238,200,0
46,2025-05-15,628,0,1
47,2025-05-15,991,0,0
48,2025-05-15,138,500,0
49,2025-05-15,17,50,0
50,2025-05-15,1345,0,0
51,2025-05-15,178,200,1
52,2025-05-15,484,0,1
53,2025-05-15,59,50,0
54,2025-05-15,186,0,0
55,2025-05-15,185,100,1
56,2025-05-15,982,0,0
57,2025-05-15,75,200,1
58,2025-05-15,105,100,1
59,2025-05-15,292,0,0
60,2025-05-15,118,100,0
61,2025-05-15,217,50,0
62,2025-05-15,187,0,1
63,2025-05-15,64,100,0
64,2025-05-15,309,0,0
65,2025-05-15,159,100,1
66,2025-05-15,131,100,0
67,2025-05-15,333,0,0
68,2025-05-15,31,400,1
69,2025-05-15,543,0,1
70,2025-05-15,888,0,0
71,2025-05-15,137,50,0
72,2025-05-15,120,0,0
73,2025-05-15,450,0,11
74,2025-05-15,870,0,0
75,2025-05-15,242,500,1
76,2025-05-15,935,0,2
77,2025-05-15,109,0,0
78,2025-05-15,238,200,1
79,2025-05-15,0,400,0
80,2025-05-15,79,0,0
81,2025-05-15,164,50,0
82,2025-05-15,189,0,0
83,2025-05-15,617,0,0
84,2025-05-15,100,100,0
85,2025-05-15,149,0,0
86,2025-05-15,213,0,0
87,2025-05-15,442,0,0
88,2025-05-15,460,0,1
89,2025-05-15,197,0,0
90,2025-05-15,233,0,1
91,2025-05-15,218,100,0
92,2025-05-15,277,0,0
93,2025-05-15,285,200,1
94,2025-05-15,333,0,1
95,2025-05-15,186,0,4
96,2025-05-15,36,250,1
97,2025-05-15,121,50,0
98,2025-05-15,195,0,0
99,2025-05-15,1201,0,0
100,2025-05-15,124,100,1
101,2025-05-15,80,150,1
102,2025-05-15,209,100,1
103,2025-05-15,1118,0,0
104,2025-05-15,125,200,0
105,2025-05-15,232,0,0
106,2025-05-15,1486,0,0
107,2025-05-15,17,150,0
108,2025-05-15,310,0,0
109,2025-05-15,556,0,1
110,2025-05-15,20,200,1
111,2025-05-15,191,500,0
112,2025-05-15,81,500,0
113,2025-05-15,109,0,0
114,2025-05-15,73,200,1
115,2025-05-15,59,100,0
116,2025-05-15,330,0,0
117,2025-05-15,678,0,1
118,2025-05-15,233,200,0
119,2025-05-15,223,100,1
120,2025-05-15,270,0,0
1,2025-05-16,81,200,0
2,2025-05-16,282,0,0
3,2025-05-16,97,150,0
4,2025-05-16,263,0,0
5,2025-05-16,75,0,0
6,2025-05-16,82,400,2
7,2025-05-16,1148,0,0
8,2025-05-16,117,200,1
9,2025-05-16,111,0,0
10,2025-05-16,30,200,3
11,2025-05-16,395,0,0
12,2025-05-16,165,50,0
13,2025-05-16,511,0,1
14,2025-05-16,158,100,2
15,2025-05-16,120,0,2
16,2025-05-16,815,0,0
17,2025-05-16,218,0,1
18,2025-05-16,222,0,2
19,2025-05-16,270,0,0
20,2025-05-16,216,200,0
21,2025-05-16,330,0,1
22,2025-05-16,119,0,0
23,2025-05-16,69,250,0
24,2025-05-16,80,300,1
25,2025-05-16,0,300,0
26,2025-05-16,904,0,0
27,2025-05-16,313,0,1
28,2025-05-16,268,0,1
29,2025-05-16,167,0,0
30,2025-05-16,745,0,1
31,2025-05-16,149,0,0
32,2025-05-16,474,0,12
33,2025-05-16,158,100,0
34,2025-05-16,492,0,0
35,2025-05-16,380,0,0
36,2025-05-16,77,500,0
37,2025-05-16,95,0,0
38,2025-05-16,89,0,0
39,2025-05-16,158,50,1
40,2025-05-16,144,100,0
41,2025-05-16,140,100,0
42,2025-05-16,105,50,0
43,2025-05-16,132,0,0
44,2025-05-16,826,0,0
45,2025-05-16,235,200,0
46,2025-05-16,604,0,3
47,2025-05-16,980,0,1
48,2025-05-16,122,500,2
49,2025-05-16,16,50,0
50,2025-05-16,1342,0,0
51,2025-05-16,170,200,0
52,2025-05-16,457,0,3
53,2025-05-16,106,0,0
54,2025-05-16,182,0,0
55,2025-05-16,175,100,1
56,2025-05-16,976,0,0
57,2025-05-16,57,250,2
58,2025-05-16,95,100,1
59,2025-05-16,287,0,0
60,2025-05-16,159,50,0
61,2025-05-16,257,0,1
62,2025-05-16,184,0,0
63,2025-05-16,54,100,0
64,2025-05-16,289,200,0
65,2025-05-16,144,100,1
66,2025-05-16,117,100,1
67,2025-05-16,327,0,0
68,2025-05-16,19,400,1
69,2025-05-16,528,0,0
70,2025-05-16,883,0,0
71,2025-05-16,129,50,0
72,2025-05-16,111,0,0
73,2025-05-16,447,0,0
74,2025-05-16,860,0,0
75,2025-05-16,228,500,2
76,2025-05-16,926,0,0
77,2025-05-16,107,0,0
78,2025-05-16,218,200,1
79,2025-05-16,0,400,0
80,2025-05-16,77,0,0
81,2025-05-16,147,100,2
82,2025-05-16,184,0,0
83,2025-05-16,604,0,1
84,2025-05-16,97,100,0
85,2025-05-16,148,0,0
86,2025-05-16,204,0,0
87,2025-05-16,435,0,0
88,2025-05-16,452,0,1
89,2025-05-16,194,0,0
90,2025-05-16,220,0,0
91,2025-05-16,305,0,1
92,2025-05-16,265,0,0
93,2025-05-16,273,200,0
94,2025-05-16,323,0,1
95,2025-05-16,174,0,0
96,2025-05-16,25,300,1
97,2025-05-16,110,50,0
98,2025-05-16,191,0,0
99,2025-05-16,1198,0,0
100,2025-05-16,116,100,0
101,2025-05-16,101,100,1
102,2025-05-16,198,100,1
103,2025-05-16,1114,0,0
104,2025-05-16,110,200,1
105,2025-05-16,229,0,0
106,2025-05-16,1485,0,0
107,2025-05-16,14,150,0
108,2025-05-16,303,0,1
109,2025-05-16,538,0,1
110,2025-05-16,11,200,1
111,2025-05-16,668,0,2
112,2025-05-16,71,500,1
113,2025-05-16,107,0,0
114,2025-05-16,60,200,0
115,2025-05-16,54,100,0
116,2025-05-16,322,0,0
117,2025-05-16,676,0,0
118,2025-05-16,227,200,0
119,2025-05-16,215,100,0
120,2025-05-16,262,0,0
1,2025-05-17,64,300,2
2,2025-05-17,273,200,0
3,2025-05-17,141,100,0
4,2025-05-17,262,0,0
5,2025-05-17,73,0,0
6,2025-05-17,69,400,1
7,2025-05-17,1146,0,0
8,2025-05-17,106,200,1
9,2025-05-17,110,0,0
10,2025-05-17,19,200,0
11,2025-05-17,381,0,0
12,2025-05-17,159,50,0
13,2025-05-17,494,0,0
14,2025-05-17,187,50,2
15,2025-05-17,120,0,3
16,2025-05-17,804,0,1
17,2025-05-17,203,100,1
18,2025-05-17,205,500,1
19,2025-05-17,267,0,0
20,2025-05-17,194,200,2
21,2025-05-17,314,0,1
22,2025-05-17,117,0,0
23,2025-05-17,46,250,2
24,2025-05-17,67,300,0
25,2025-05-17,0,300,0
26,2025-05-17,899,0,0
27,2025-05-17,297,0,2
28,2025-05-17,258,0,0
29,2025-05-17,166,0,0
30,2025-05-17,731,0,1
31,2025-05-17,144,0,0
32,2025-05-17,470,0,0
33,2025-05-17,156,100,0
34,2025-05-17,487,0,0
35,2025-05-17,378,0,0
36,2025-05-17,68,500,0
37,2025-05-17,92,0,0
38,2025-05-17,85,0,0
39,2025-05-17,152,50,0
40,2025-05-17,135,100,1
41,2025-05-17,129,100,0
42,2025-05-17,104,50,0
43,2025-05-17,126,0,0
44,2025-05-17,823,0,0
45,2025-05-17,217,200,2
46,2025-05-17,584,0,2
47,2025-05-17,974,0,0
48,2025-05-17,120,500,0
49,2025-05-17,14,50,0
50,2025-05-17,1337,0,0
51,2025-05-17,152,200,1
52,2025-05-17,445,0,0
53,2025-05-17,103,0,0
54,2025-05-17,175,0,0
55,2025-05-17,172,100,0
56,2025-05-17,968,0,0
57,2025-05-17,38,250,2
58,2025-05-17,88,150,0
59,2025-05-17,284,0,0
60,2025-05-17,181,0,0
61,2025-05-17,248,50,0
62,2025-05-17,180,0,0
63,2025-05-17,48,100,0
64,2025-05-17,267,200,2
65,2025-05-17,129,200,1
66,2025-05-17,112,100,0
67,2025-05-17,318,0,1
68,2025-05-17,2,400,0
69,2025-05-17,522,0,0
70,2025-05-17,879,0,0
71,2025-05-17,116,50,1
72,2025-05-17,106,0,0
73,2025-05-17,447,0,9
74,2025-05-17,860,0,17
75,2025-05-17,212,500,1
76,2025-05-17,912,0,1
77,2025-05-17,105,0,0
78,2025-05-17,201,200,2
79,2025-05-17,96,300,0
80,2025-05-17,76,0,0
81,2025-05-17,133,100,2
82,2025-05-17,172,0,0
83,2025-05-17,595,0,0
84,2025-05-17,164,100,0
85,2025-05-17,145,0,0
86,2025-05-17,195,0,0
87,2025-05-17,431,0,0
88,2025-05-17,452,0,5
89,2025-05-17,188,0,0
90,2025-05-17,211,0,1
91,2025-05-17,290,0,0
92,2025-05-17,253,0,1
93,2025-05-17,462,0,0
94,2025-05-17,306,0,1
95,2025-05-17,167,100,0
96,2025-05-17,17,300,1
97,2025-05-17,107,50,0
98,2025-05-17,182,0,0
99,2025-05-17,1193,0,0
100,2025-05-17,108,100,0
101,2025-05-17,79,150,1
102,2025-05-17,180,100,2
103,2025-05-17,1110,0,0
104,2025-05-17,88,200,2
105,2025-05-17,223,0,0
106,2025-05-17,1479,0,0
107,2025-05-17,64,100,1
108,2025-05-17,296,0,0
109,2025-05-17,531,0,0
110,2025-05-17,0,200,0
111,2025-05-17,656,0,1
112,2025-05-17,52,500,1
113,2025-05-17,105,0,0
114,2025-05-17,48,200,1
115,2025-05-17,49,100,0
116,2025-05-17,315,0,0
117,2025-05-17,660,0,1
118,2025-05-17,416,0,1
119,2025-05-17,203,100,1
120,2025-05-17,257,0,0
1,2025-05-18,44,300,2
2,2025-05-18,263,200,1
3,2025-05-18,132,150,0
4,2025-05-18,258,0,0
5,2025-05-18,71,0,0
6,2025-05-18,61,400,0
7,2025-05-18,1145,0,0
8,2025-05-18,92,200,1
9,2025-05-18,105,0,0
10,2025-05-18,6,200,0
11,2025-05-18,369,0,1
12,2025-05-18,155,100,0
13,2025-05-18,484,0,0
14,2025-05-18,170,100,1
15,2025-05-18,115,0,0
16,2025-05-18,798,0,0
17,2025-05-18,191,100,0
18,2025-05-18,196,500,0
19,2025-05-18,263,0,0
20,2025-05-18,176,200,1
21,2025-05-18,295,0,1
22,2025-05-18,113,0,0
23,2025-05-18,83,200,1
24,2025-05-18,163,200,0
25,2025-05-18,0,300,0
26,2025-05-18,894,0,0
27,2025-05-18,283,500,1
28,2025-05-18,249,200,1
29,2025-05-18,162,0,0
30,2025-05-18,716,0,0
31,2025-05-18,141,0,0
32,2025-05-18,465,0,0
33,2025-05-18,146,100,0
34,2025-05-18,473,0,0
35,2025-05-18,376,0,0
36,2025-05-18,61,500,0
37,2025-05-18,92,0,1
38,2025-05-18,82,100,0
39,2025-05-18,143,50,0
40,2025-05-18,126,100,1
41,2025-05-18,125,100,0
42,2025-05-18,101,50,0
43,2025-05-18,124,0,0
44,2025-05-18,818,0,0
45,2025-05-18,197,200,2
46,2025-05-18,571,0,1
47,2025-05-18,958,0,1
48,2025-05-18,108,500,1
49,2025-05-18,14,50,0
50,2025-05-18,1332,0,0
51,2025-05-18,140,200,1
52,2025-05-18,419,0,3
53,2025-05-18,99,0,0
54,2025-05-18,167,200,0
55,2025-05-18,144,150,0
56,2025-05-18,968,0,13
57,2025-05-18,67,200,1
58,2025-05-18,77,150,1
59,2025-05-18,282,0,0
60,2025-05-18,181,0,4
61,2025-05-18,234,50,1
62,2025-05-18,173,0,0
63,2025-05-18,42,100,0
64,2025-05-18,245,200,2
65,2025-05-18,117,200,0
66,2025-05-18,140,100,1
67,2025-05-18,308,0,1
68,2025-05-18,0,400,0
69,2025-05-18,513,0,0
70,2025-05-18,874,0,0
71,2025-05-18,108,100,0
72,2025-05-18,99,200,0
73,2025-05-18,445,0,0
74,2025-05-18,853,0,1
75,2025-05-18,202,500,0
76,2025-05-18,903,0,1
77,2025-05-18,103,0,0
78,2025-05-18,188,200,0
79,2025-05-18,74,300,2
80,2025-05-18,75,0,0
81,2025-05-18,120,150,1
82,2025-05-18,162,0,1
83,2025-05-18,580,0,1
84,2025-05-18,159,100,0
85,2025-05-18,140,0,0
86,2025-05-18,186,0,1
87,2025-05-18,423,0,0
88,2025-05-18,447,0,0
89,2025-05-18,184,0,0
90,2025-05-18,203,0,0
91,2025-05-18,278,0,1
92,2025-05-18,241,0,1
93,2025-05-18,426,0,5
94,2025-05-18,287,0,2
95,2025-05-18,160,100,0
96,2025-05-18,4,300,0
97,2025-05-18,98,50,0
98,2025-05-18,173,100,0
99,2025-05-18,1190,0,0
100,2025-05-18,104,100,0
101,2025-05-18,68,150,0
102,2025-05-18,179,100,0
103,2025-05-18,1110,0,32
104,2025-05-18,76,200,0
105,2025-05-18,217,0,0
106,2025-05-18,1474,0,0
107,2025-05-18,57,100,0
108,2025-05-18,287,0,0
109,2025-05-18,521,0,0
110,2025-05-18,0,300,0
111,2025-05-18,640,0,0
112,2025-05-18,32,500,2
113,2025-05-18,105,0,2
114,2025-05-18,34,200,1
115,2025-05-18,43,100,0
116,2025-05-18,307,0,1
117,2025-05-18,649,0,0
118,2025-05-18,411,0,0
119,2025-05-18,185,100,2
120,2025-05-18,250,0,0
1,2025-05-19,31,300,1
2,2025-05-19,251,200,1
3,2025-05-19,124,150,0
4,2025-05-19,256,0,0
5,2025-05-19,69,0,0
6,2025-05-19,50,400,1
7,2025-05-19,1143,0,0
8,2025-05-19,80,200,1
9,2025-05-19,101,0,0
10,2025-05-19,0,200,0
11,2025-05-19,357,0,1
12,2025-05-19,144,100,0
13,2025-05-19,459,0,2
14,2025-05-19,152,150,2
15,2025-05-19,114,0,0
16,2025-05-19,794,0,0
17,2025-05-19,183,100,0
18,2025-05-19,189,500,1
19,2025-05-19,259,0,0
20,2025-05-19,160,200,1
21,2025-05-19,286,0,0
22,2025-05-19,108,0,0
23,2025-05-19,60,250,2
24,2025-05-19,159,200,0
25,2025-05-19,0,300,0
26,2025-05-19,886,0,0
27,2025-05-19,267,500,2
28,2025-05-19,233,200,2
29,2025-05-19,160,0,0
30,2025-05-19,706,0,1
31,2025-05-19,137,0,0
32,2025-05-19,462,0,0
33,2025-05-19,131,100,1
34,2025-05-19,467,0,0
35,2025-05-19,373,0,0
36,2025-05-19,53,500,0
37,2025-05-19,89,0,0
38,2025-05-19,77,100,0
39,2025-05-19,134,50,0
40,2025-05-19,118,100,1
41,2025-05-19,121,100,0
42,2025-05-19,97,50,0
43,2025-05-19,121,0,0
44,2025-05-19,818,0,24
45,2025-05-19,177,200,1
46,2025-05-19,565,0,0
47,2025-05-19,941,0,1
48,2025-05-19,600,0,0
49,2025-05-19,12,50,0
50,2025-05-19,1331,0,0
51,2025-05-19,128,200,1
52,2025-05-19,407,0,1
53,2025-05-19,95,0,0
54,2025-05-19,162,200,0
55,2025-05-19,129,150,1
56,2025-05-19,965,0,0
57,2025-05-19,55,200,0
58,2025-05-19,66,150,0
59,2025-05-19,276,0,0
60,2025-05-19,171,0,1
61,2025-05-19,222,50,0
62,2025-05-19,165,0,1
63,2025-05-19,35,100,0
64,2025-05-19,228,200,1
65,2025-05-19,111,200,0
66,2025-05-19,124,100,2
67,2025-05-19,303,0,0
68,2025-05-19,0,400,0
69,2025-05-19,501,0,1
70,2025-05-19,872,0,0
71,2025-05-19,103,100,0
72,2025-05-19,95,200,0
73,2025-05-19,445,0,11
74,2025-05-19,847,0,0
75,2025-05-19,193,500,1
76,2025-05-19,877,0,2
77,2025-05-19,100,0,0
78,2025-05-19,175,200,1
79,2025-05-19,55,300,1
80,2025-05-19,72,0,0
81,2025-05-19,114,150,0
82,2025-05-19,156,50,0
83,2025-05-19,568,0,0
84,2025-05-19,156,100,0
85,2025-05-19,137,0,0
86,2025-05-19,176,200,0
87,2025-05-19,418,0,0
88,2025-05-19,439,0,0
89,2025-05-19,179,0,0
90,2025-05-19,192,0,1
91,2025-05-19,263,100,2
92,2025-05-19,230,0,0
93,2025-05-19,410,0,0
94,2025-05-19,282,200,0
95,2025-05-19,145,100,0
96,2025-05-19,41,300,0
97,2025-05-19,94,50,0
98,2025-05-19,162,100,0
99,2025-05-19,1187,0,0
100,2025-05-19,98,100,0
101,2025-05-19,57,200,0
102,2025-05-19,169,100,1
103,2025-05-19,1107,0,0
104,2025-05-19,59,200,2
105,2025-05-19,213,0,0
106,2025-05-19,1471,0,0
107,2025-05-19,53,100,0
108,2025-05-19,283,0,0
109,2025-05-19,510,0,1
110,2025-05-19,0,300,0
111,2025-05-19,627,0,1
112,2025-05-19,17,500,2
113,2025-05-19,103,0,0
114,2025-05-19,22,400,1
115,2025-05-19,38,100,0
116,2025-05-19,298,0,1
117,2025-05-19,621,0,2
118,2025-05-19,395,0,2
119,2025-05-19,173,100,1
120,2025-05-19,242,0,0
1,2025-05-20,26,300,0
2,2025-05-20,235,200,0
3,2025-05-20,112,150,0
4,2025-05-20,252,0,0
5,2025-05-20,67,0,0
6,2025-05-20,242,200,0
7,2025-05-20,1140,0,0
8,2025-05-20,163,100,2
9,2025-05-20,97,200,0
10,2025-05-20,0,200,0
11,2025-05-20,348,0,0
12,2025-05-20,135,100,1
13,2025-05-20,441,0,1
14,2025-05-20,145,150,0
15,2025-05-20,108,0,0
16,2025-05-20,786,0,0
17,2025-05-20,172,100,1
18,2025-05-20,178,500,0
19,2025-05-20,254,0,0
20,2025-05-20,152,200,0
21,2025-05-20,269,0,0
22,2025-05-20,104,0,0
23,2025-05-20,92,200,2
24,2025-05-20,147,200,0
25,2025-05-20,0,300,0
26,2025-05-20,881,0,0
27,2025-05-20,245,500,2
28,2025-05-20,411,0,2
29,2025-05-20,159,0,0
30,2025-05-20,696,0,1
31,2025-05-20,134,0,0
32,2025-05-20,462,0,7
33,2025-05-20,224,0,0
34,2025-05-20,461,0,0
35,2025-05-20,368,0,0
36,2025-05-20,47,500,0
37,2025-05-20,86,0,0
38,2025-05-20,76,100,0
39,2025-05-20,127,50,1
40,2025-05-20,103,200,2
41,2025-05-20,103,100,1
42,2025-05-20,94,50,0
43,2025-05-20,121,0,3
44,2025-05-20,815,0,0
45,2025-05-20,368,0,1
46,2025-05-20,557,0,1
47,2025-05-20,930,0,0
48,2025-05-20,589,0,0
49,2025-05-20,12,50,0
50,2025-05-20,1325,0,0
51,2025-05-20,111,200,1
52,2025-05-20,398,0,1
53,2025-05-20,89,50,0
54,2025-05-20,155,200,0
55,2025-05-20,170,100,0
56,2025-05-20,962,0,0
57,2025-05-20,45,200,1
58,2025-05-20,59,150,0
59,2025-05-20,273,0,0
60,2025-05-20,158,50,1
61,2025-05-20,214,50,1
62,2025-05-20,164,0,0
63,2025-05-20,29,100,0
64,2025-05-20,208,200,1
65,2025-05-20,202,100,1
66,2025-05-20,161,50,1
67,2025-05-20,295,0,1
68,2025-05-20,0,400,0
69,2025-05-20,488,0,1
70,2025-05-20,870,0,0
71,2025-05-20,98,100,0
72,2025-05-20,240,0,0
73,2025-05-20,442,0,0
74,2025-05-20,840,0,0
75,2025-05-20,676,0,2
76,2025-05-20,866,0,1
77,2025-05-20,99,0,0
78,2025-05-20,161,200,1
79,2025-05-20,129,200,2
80,2025-05-20,72,0,1
81,2025-05-20,158,100,0
82,2025-05-20,149,50,0
83,2025-05-20,553,0,1
84,2025-05-20,150,100,0
85,2025-05-20,134,0,0
86,2025-05-20,172,200,0
87,2025-05-20,411,0,0
88,2025-05-20,436,0,0
89,2025-05-20,178,0,0
90,2025-05-20,178,200,1
91,2025-05-20,251,100,1
92,2025-05-20,223,0,0
93,2025-05-20,397,0,1
94,2025-05-20,269,200,0
95,2025-05-20,134,100,0
96,2025-05-20,39,300,0
97,2025-05-20,91,50,0
98,2025-05-20,156,100,0
99,2025-05-20,1184,0,0
100,2025-05-20,90,100,1
101,2025-05-20,40,200,1
102,2025-05-20,157,100,1
103,2025-05-20,1105,0,0
104,2025-05-20,247,0,1
105,2025-05-20,206,0,0
106,2025-05-20,1466,0,0
107,2025-05-20,48,100,0
108,2025-05-20,278,0,0
109,2025-05-20,507,0,0
110,2025-05-20,0,300,0
111,2025-05-20,612,0,2
112,2025-05-20,5,500,1
113,2025-05-20,101,0,0
114,2025-05-20,3,400,0
115,2025-05-20,33,100,0
116,2025-05-20,293,0,0
117,2025-05-20,605,0,2
118,2025-05-20,380,0,1
119,2025-05-20,160,100,1
120,2025-05-20,235,0,0
1,2025-05-21,11,300,1
2,2025-05-21,222,200,1
3,2025-05-21,95,200,2
4,2025-05-21,249,0,0
5,2025-05-21,65,0,0
6,2025-05-21,224,200,2
7,2025-05-21,1137,0,0
8,2025-05-21,149,200,1
9,2025-05-21,94,200,0
10,2025-05-21,0,200,0
11,2025-05-21,333,0,2
12,2025-05-21,124,100,1
13,2025-05-21,423,0,0
14,2025-05-21,132,150,1
15,2025-05-21,104,0,0
16,2025-05-21,781,0,0
17,2025-05-21,162,100,0
18,2025-05-21,170,500,0
19,2025-05-21,248,0,0
20,2025-05-21,144,200,0
21,2025-05-21,256,0,1
22,2025-05-21,101,0,0
23,2025-05-21,74,200,0
24,2025-05-21,133,200,1
25,2025-05-21,0,300,0
26,2025-05-21,876,0,0
27,2025-05-21,236,500,0
28,2025-05-21,397,0,0
29,2025-05-21,157,0,0
30,2025-05-21,689,0,0
31,2025-05-21,132,0,0
32,2025-05-21,460,0,0
33,2025-05-21,213,0,1
34,2025-05-21,446,0,1
35,2025-05-21,365,0,0
36,2025-05-21,44,500,0
37,2025-05-21,83,0,0
38,2025-05-21,70,100,0
39,2025-05-21,114,50,1
40,2025-05-21,88,200,1
41,2025-05-21,94,100,1
42,2025-05-21,88,50,0
43,2025-05-21,118,0,0
44,2025-05-21,809,0,0
45,2025-05-21,351,0,1
46,2025-05-21,550,0,0
47,2025-05-21,921,0,0
48,2025-05-21,570,0,2
49,2025-05-21,11,50,0
50,2025-05-21,1324,0,0
51,2025-05-21,100,200,1
52,2025-05-21,375,0,2
53,2025-05-21,84,50,0
54,2025-05-21,147,200,0
55,2025-05-21,164,100,0
56,2025-05-21,958,0,0
57,2025-05-21,83,150,0
58,2025-05-21,101,100,0
59,2025-05-21,268,0,0
60,2025-05-21,148,50,1
61,2025-05-21,206,50,1
62,2025-05-21,155,200,0
63,2025-05-21,23,150,0
64,2025-05-21,204,200,0
65,2025-05-21,193,100,1
66,2025-05-21,152,50,0
67,2025-05-21,282,0,1
68,2025-05-21,0,400,0
69,2025-05-21,479,0,1
70,2025-05-21,866,0,0
71,2025-05-21,90,100,0
72,2025-05-21,235,0,0
73,2025-05-21,440,0,0
74,2025-05-21,834,0,0
75,2025-05-21,665,0,1
76,2025-05-21,854,0,1
77,2025-05-21,99,0,2
78,2025-05-21,149,200,1
79,2025-05-21,119,200,1
80,2025-05-21,70,0,0
81,2025-05-21,249,0,0
82,2025-05-21,146,50,0
83,2025-05-21,545,0,0
84,2025-05-21,141,100,0
85,2025-05-21,130,0,0
86,2025-05-21,153,200,2
87,2025-05-21,409,0,0
88,2025-05-21,431,0,0
89,2025-05-21,175,0,0
90,2025-05-21,168,200,0
91,2025-05-21,309,0,1
92,2025-05-21,216,100,0
93,2025-05-21,393,0,0
94,2025-05-21,251,200,2
95,2025-05-21,125,100,0
96,2025-05-21,22,300,1
97,2025-05-21,86,50,0
98,2025-05-21,147,100,0
99,2025-05-21,1183,0,0
100,2025-05-21,88,100,0
101,2025-05-21,77,150,1
102,2025-05-21,147,100,0
103,2025-05-21,1099,0,0
104,2025-05-21,239,0,0
105,2025-05-21,197,0,0
106,2025-05-21,1458,0,1
107,2025-05-21,44,100,0
108,2025-05-21,273,0,0
109,2025-05-21,495,0,1
110,2025-05-21,0,300,0
111,2025-05-21,600,0,1
112,2025-05-21,0,500,0
113,2025-05-21,99,0,0
114,2025-05-21,0,400,0
115,2025-05-21,28,100,0
116,2025-05-21,290,0,0
117,2025-05-21,589,0,2
118,2025-05-21,361,0,1
119,2025-05-21,244,100,1
120,2025-05-21,229,0,0
1,2025-05-22,7,300,0
2,2025-05-22,204,200,1
3,2025-05-22,87,200,0
4,2025-05-22,246,0,0
5,2025-05-22,63,0,0
6,2025-05-22,214,200,0
7,2025-05-22,1137,0,21
8,2025-05-22,133,200,2
9,2025-05-22,86,200,1
10,2025-05-22,0,200,0
11,2025-05-22,328,0,0
12,2025-05-22,112,100,1
13,2025-05-22,420,0,0
14,2025-05-22,111,150,2
15,2025-05-22,102,0,0
16,2025-05-22,778,0,0
17,2025-05-22,152,100,1
18,2025-05-22,165,500,0
19,2025-05-22,246,0,0
20,2025-05-22,130,200,1
21,2025-05-22,256,0,7
22,2025-05-22,96,0,0
23,2025-05-22,60,200,2
24,2025-05-22,126,200,0
25,2025-05-22,0,300,0
26,2025-05-22,868,0,0
27,2025-05-22,474,0,1
28,2025-05-22,378,0,1
29,2025-05-22,155,0,0
30,2025-05-22,677,0,1
31,2025-05-22,128,0,0
32,2025-05-22,456,0,0
33,2025-05-22,199,100,1
34,2025-05-22,442,0,0
35,2025-05-22,363,0,0
36,2025-05-22,40,500,0
37,2025-05-22,81,0,0
38,2025-05-22,66,100,0
39,2025-05-22,111,50,0
40,2025-05-22,136,100,1
41,2025-05-22,90,200,0
42,2025-05-22,84,50,0
43,2025-05-22,110,0,0
44,2025-05-22,804,0,0
45,2025-05-22,336,0,2
46,2025-05-22,543,0,0
47,2025-05-22,918,0,0
48,2025-05-22,556,0,1
49,2025-05-22,10,50,0
50,2025-05-22,1321,0,0
51,2025-05-22,86,200,1
52,2025-05-22,366,0,0
53,2025-05-22,79,50,0
54,2025-05-22,139,200,0
55,2025-05-22,152,150,0
56,2025-05-22,953,0,0
57,2025-05-22,75,200,0
58,2025-05-22,96,100,0
59,2025-05-22,265,0,0
60,2025-05-22,141,50,0
61,2025-05-22,190,50,2
62,2025-05-22,148,200,0
63,2025-05-22,70,100,0
64,2025-05-22,192,200,1
65,2025-05-22,178,100,1
66,2025-05-22,141,100,1
67,2025-05-22,276,0,0
68,2025-05-22,0,400,0
69,2025-05-22,464,0,1
70,2025-05-22,862,0,0
71,2025-05-22,78,150,1
72,2025-05-22,226,0,0
73,2025-05-22,439,0,0
74,2025-05-22,824,0,0
75,2025-05-22,643,0,1
76,2025-05-22,833,0,0
77,2025-05-22,97,0,0
78,2025-05-22,131,200,1
79,2025-05-22,107,200,1
80,2025-05-22,69,0,0
81,2025-05-22,240,50,0
82,2025-05-22,191,0,0
83,2025-05-22,530,0,1
84,2025-05-22,134,100,0
85,2025-05-22,125,0,0
86,2025-05-22,150,200,0
87,2025-05-22,401,0,0
88,2025-05-22,424,0,0
89,2025-05-22,173,0,0
90,2025-05-22,154,200,1
91,2025-05-22,293,0,1
92,2025-05-22,205,100,0
93,2025-05-22,379,0,1
94,2025-05-22,235,200,0
95,2025-05-22,116,100,1
96,2025-05-22,15,300,0
97,2025-05-22,81,50,0
98,2025-05-22,132,100,2
99,2025-05-22,1176,0,0
100,2025-05-22,76,100,1
101,2025-05-22,64,200,1
102,2025-05-22,139,100,0
103,2025-05-22,1097,0,0
104,2025-05-22,231,200,1
105,2025-05-22,194,0,0
106,2025-05-22,1451,0,0
107,2025-05-22,84,50,0
108,2025-05-22,264,0,0
109,2025-05-22,489,0,0
110,2025-05-22,0,300,0
111,2025-05-22,588,0,1
112,2025-05-22,0,500,0
113,2025-05-22,97,0,0
114,2025-05-22,0,400,0
115,2025-05-22,26,100,0
116,2025-05-22,284,0,0
117,2025-05-22,581,0,1
118,2025-05-22,351,0,1
119,2025-05-22,231,100,0
120,2025-05-22,227,0,0
1,2025-05-23,0,300,0
2,2025-05-23,196,200,0
3,2025-05-23,58,250,4
4,2025-05-23,242,0,0
5,2025-05-23,62,0,0
6,2025-05-23,188,200,3
7,2025-05-23,1135,0,0
8,2025-05-23,120,200,1
9,2025-05-23,83,200,0
10,2025-05-23,0,300,0
11,2025-05-23,319,0,0
12,2025-05-23,100,100,1
13,2025-05-23,420,0,9
14,2025-05-23,135,150,1
15,2025-05-23,99,0,0
16,2025-05-23,769,0,0
17,2025-05-23,136,100,2
18,2025-05-23,153,500,0
19,2025-05-23,243,0,0
20,2025-05-23,121,200,1
21,2025-05-23,248,100,0
22,2025-05-23,93,0,0
23,2025-05-23,102,200,1
24,2025-05-23,114,200,1
25,2025-05-23,57,200,1
26,2025-05-23,863,0,0
27,2025-05-23,460,0,1
28,2025-05-23,370,0,0
29,2025-05-23,152,0,0
30,2025-05-23,666,0,0
31,2025-05-23,125,0,0
32,2025-05-23,455,0,0
33,2025-05-23,191,100,0
34,2025-05-23,431,0,0
35,2025-05-23,359,0,0
36,2025-05-23,32,500,1
37,2025-05-23,78,0,0
38,2025-05-23,60,100,0
39,2025-05-23,151,0,0
40,2025-05-23,226,0,0
41,2025-05-23,83,200,0
42,2025-05-23,77,50,0
43,2025-05-23,110,100,2
44,2025-05-23,798,0,0
45,2025-05-23,321,0,1
46,2025-05-23,518,0,3
47,2025-05-23,912,0,0
48,2025-05-23,540,0,1
49,2025-05-23,8,50,0
50,2025-05-23,1318,0,0
51,2025-05-23,76,200,1
52,2025-05-23,353,0,1
53,2025-05-23,126,0,0
54,2025-05-23,134,200,0
55,2025-05-23,133,150,1
56,2025-05-23,950,0,0
57,2025-05-23,121,150,0
58,2025-05-23,84,100,0
59,2025-05-23,264,0,0
60,2025-05-23,134,50,0
61,2025-05-23,184,50,0
62,2025-05-23,136,200,1
63,2025-05-23,60,100,1
64,2025-05-23,181,200,1
65,2025-05-23,271,0,0
66,2025-05-23,130,100,1
67,2025-05-23,267,0,0
68,2025-05-23,0,400,0
69,2025-05-23,456,0,0
70,2025-05-23,859,0,0
71,2025-05-23,117,100,1
72,2025-05-23,217,0,1
73,2025-05-23,435,0,0
74,2025-05-23,819,0,0
75,2025-05-23,630,0,1
76,2025-05-23,813,0,2
77,2025-05-23,96,0,0
78,2025-05-23,123,200,0
79,2025-05-23,89,200,2
80,2025-05-23,67,0,0
81,2025-05-23,237,50,0
82,2025-05-23,187,0,0
83,2025-05-23,516,0,1
84,2025-05-23,125,100,1
85,2025-05-23,125,0,1
86,2025-05-23,144,200,0
87,2025-05-23,392,0,0
88,2025-05-23,417,0,0
89,2025-05-23,169,0,0
90,2025-05-23,345,0,1
91,2025-05-23,279,0,1
92,2025-05-23,197,100,0
93,2025-05-23,362,0,2
94,2025-05-23,224,200,1
95,2025-05-23,103,100,1
96,2025-05-23,0,350,0
97,2025-05-23,74,100,0
98,2025-05-23,127,100,0
99,2025-05-23,1173,0,0
100,2025-05-23,70,200,0
101,2025-05-23,80,150,1
102,2025-05-23,129,100,0
103,2025-05-23,1094,0,0
104,2025-05-23,223,200,0
105,2025-05-23,194,0,4
106,2025-05-23,1449,0,0
107,2025-05-23,78,50,0
108,2025-05-23,253,0,1
109,2025-05-23,481,0,1
110,2025-05-23,0,300,0
111,2025-05-23,574,0,0
112,2025-05-23,0,500,0
113,2025-05-23,94,0,0
114,2025-05-23,0,400,0
115,2025-05-23,18,100,0
116,2025-05-23,273,0,1
117,2025-05-23,575,0,0
118,2025-05-23,346,0,0
119,2025-05-23,222,100,0
120,2025-05-23,219,0,0
1,2025-05-24,76,200,3
2,2025-05-24,180,200,0
3,2025-05-24,101,200,1
4,2025-05-24,239,0,0
5,2025-05-24,59,0,0
6,2025-05-24,171,200,2
7,2025-05-24,1133,0,0
8,2025-05-24,105,200,1
9,2025-05-24,75,200,0
10,2025-05-24,0,300,0
11,2025-05-24,309,0,1
12,2025-05-24,141,50,0
13,2025-05-24,409,0,1
14,2025-05-24,215,50,2
15,2025-05-24,93,0,0
16,2025-05-24,760,0,0
17,2025-05-24,220,0,1
18,2025-05-24,136,500,1
19,2025-05-24,239,0,0
20,2025-05-24,112,200,0
21,2025-05-24,237,100,1
22,2025-05-24,90,0,0
23,2025-05-24,146,200,0
24,2025-05-24,104,200,0
25,2025-05-24,40,300,1
26,2025-05-24,856,0,0
27,2025-05-24,454,0,0
28,2025-05-24,362,0,0
29,2025-05-24,148,0,0
30,2025-05-24,658,0,1
31,2025-05-24,121,0,0
32,2025-05-24,452,0,0
33,2025-05-24,180,100,0
34,2025-05-24,426,0,0
35,2025-05-24,356,0,0
36,2025-05-24,25,500,0
37,2025-05-24,75,0,0
38,2025-05-24,56,100,0
39,2025-05-24,141,50,0
40,2025-05-24,206,0,1
41,2025-05-24,61,200,3
42,2025-05-24,74,50,0
43,2025-05-24,110,100,1
44,2025-05-24,792,0,0
45,2025-05-24,306,0,1
46,2025-05-24,493,0,2
47,2025-05-24,901,0,1
48,2025-05-24,528,0,0
49,2025-05-24,4,50,0
50,2025-05-24,1311,0,0
51,2025-05-24,74,200,0
52,2025-05-24,343,0,0
53,2025-05-24,122,0,0
54,2025-05-24,126,200,0
55,2025-05-24,122,150,0
56,2025-05-24,941,0,1
57,2025-05-24,104,150,1
58,2025-05-24,68,150,1
59,2025-05-24,260,0,0
60,2025-05-24,128,50,0
61,2025-05-24,173,50,0
62,2025-05-24,128,200,1
63,2025-05-24,52,100,0
64,2025-05-24,162,200,2
65,2025-05-24,250,0,2
66,2025-05-24,121,100,1
67,2025-05-24,258,0,1
68,2025-05-24,0,400,0
69,2025-05-24,448,0,0
70,2025-05-24,856,0,0
71,2025-05-24,113,100,0
72,2025-05-24,212,0,0
73,2025-05-24,433,0,0
74,2025-05-24,808,0,1
75,2025-05-24,614,0,2
76,2025-05-24,806,0,1
77,2025-05-24,93,0,0
78,2025-05-24,107,200,2
79,2025-05-24,68,300,2
80,2025-05-24,67,0,0
81,2025-05-24,223,50,0
82,2025-05-24,175,0,0
83,2025-05-24,507,0,0
84,2025-05-24,120,100,0
85,2025-05-24,122,0,0
86,2025-05-24,130,200,1
87,2025-05-24,383,0,0
88,2025-05-24,410,0,0
89,2025-05-24,167,0,0
90,2025-05-24,337,0,0
91,2025-05-24,267,100,0
92,2025-05-24,264,0,1
93,2025-05-24,347,0,1
94,2025-05-24,212,200,1
95,2025-05-24,91,100,0
96,2025-05-24,33,300,1
97,2025-05-24,66,100,0
98,2025-05-24,127,100,1
99,2025-05-24,1173,0,19
100,2025-05-24,65,200,0
101,2025-05-24,71,150,0
102,2025-05-24,116,100,1
103,2025-05-24,1094,0,14
104,2025-05-24,201,200,1
105,2025-05-24,190,0,0
106,2025-05-24,1442,0,0
107,2025-05-24,73,50,0
108,2025-05-24,244,0,1
109,2025-05-24,471,0,1
110,2025-05-24,78,200,2
111,2025-05-24,561,0,1
112,2025-05-24,0,500,0
113,2025-05-24,91,0,0
114,2025-05-24,0,400,0
115,2025-05-24,11,100,0
116,2025-05-24,271,0,0
117,2025-05-24,558,0,1
118,2025-05-24,329,0,1
119,2025-05-24,318,0,0
120,2025-05-24,213,0,0
1,2025-05-25,65,300,1
2,2025-05-25,171,200,1
3,2025-05-25,88,200,1
4,2025-05-25,237,0,0
5,2025-05-25,58,0,0
6,2025-05-25,155,200,1
7,2025-05-25,1132,0,0
8,2025-05-25,194,100,1
9,2025-05-25,70,200,0
10,2025-05-25,0,300,0
11,2025-05-25,309,0,6
12,2025-05-25,127,100,1
13,2025-05-25,406,0,0
14,2025-05-25,209,50,0
15,2025-05-25,91,0,0
16,2025-05-25,755,0,0
17,2025-05-25,208,0,1
18,2025-05-25,123,500,1
19,2025-05-25,232,0,0
20,2025-05-25,89,200,3
21,2025-05-25,230,100,0
22,2025-05-25,88,0,0
23,2025-05-25,114,200,2
24,2025-05-25,182,100,0
25,2025-05-25,20,300,2
26,2025-05-25,850,0,0
27,2025-05-25,438,0,0
28,2025-05-25,360,0,0
29,2025-05-25,145,0,0
30,2025-05-25,646,0,1
31,2025-05-25,119,0,0
32,2025-05-25,450,0,0
33,2025-05-25,224,0,1
34,2025-05-25,419,0,1
35,2025-05-25,351,0,0
36,2025-05-25,22,500,0
37,2025-05-25,73,0,0
38,2025-05-25,56,100,1
39,2025-05-25,136,50,0
40,2025-05-25,200,100,0
41,2025-05-25,149,100,1
42,2025-05-25,68,50,0
43,2025-05-25,105,100,0
44,2025-05-25,790,0,0
45,2025-05-25,281,200,2
46,2025-05-25,480,0,1
47,2025-05-25,895,0,0
48,2025-05-25,515,0,1
49,2025-05-25,2,50,0
50,2025-05-25,1307,0,0
51,2025-05-25,61,200,1
52,2025-05-25,337,0,0
53,2025-05-25,115,0,0
54,2025-05-25,121,200,0
55,2025-05-25,162,100,0
56,2025-05-25,931,0,1
57,2025-05-25,133,150,2
58,2025-05-25,52,150,2
59,2025-05-25,255,0,0
60,2025-05-25,120,100,0
61,2025-05-25,169,50,0
62,2025-05-25,115,200,0
63,2025-05-25,93,50,0
64,2025-05-25,352,0,1
65,2025-05-25,230,0,1
66,2025-05-25,112,100,0
67,2025-05-25,243,0,0
68,2025-05-25,0,400,0
69,2025-05-25,432,0,2
70,2025-05-25,852,0,0
71,2025-05-25,97,100,0
72,2025-05-25,207,0,0
73,2025-05-25,430,0,0
74,2025-05-25,805,0,0
75,2025-05-25,594,0,0
76,2025-05-25,786,0,2
77,2025-05-25,90,0,0
78,2025-05-25,90,200,1
79,2025-05-25,50,300,2
80,2025-05-25,65,0,0
81,2025-05-25,208,50,1
82,2025-05-25,169,0,0
83,2025-05-25,497,0,0
84,2025-05-25,111,100,0
85,2025-05-25,119,0,0
86,2025-05-25,121,200,0
87,2025-05-25,377,0,0
88,2025-05-25,402,0,1
89,2025-05-25,160,0,0
90,2025-05-25,326,0,1
91,2025-05-25,251,100,1
92,2025-05-25,258,0,0
93,2025-05-25,330,0,0
94,2025-05-25,193,200,2
95,2025-05-25,84,200,0
96,2025-05-25,11,300,2
97,2025-05-25,63,100,0
98,2025-05-25,116,100,0
99,2025-05-25,1169,0,0
100,2025-05-25,55,200,1
101,2025-05-25,109,100,0
102,2025-05-25,102,100,0
103,2025-05-25,1089,0,0
104,2025-05-25,191,200,1
105,2025-05-25,186,0,0
106,2025-05-25,1438,0,0
107,2025-05-25,70,50,0
108,2025-05-25,233,0,0
109,2025-05-25,463,0,0
110,2025-05-25,77,200,0
111,2025-05-25,549,0,1
112,2025-05-25,0,500,0
113,2025-05-25,88,0,0
114,2025-05-25,0,400,0
115,2025-05-25,2,200,0
116,2025-05-25,265,0,0
117,2025-05-25,540,0,1
118,2025-05-25,303,0,0
119,2025-05-25,301,0,2
120,2025-05-25,205,0,0
1,2025-05-26,59,300,0
2,2025-05-26,161,200,1
3,2025-05-26,74,200,0
4,2025-05-26,237,0,4
5,2025-05-26,56,50,0
6,2025-05-26,143,200,1
7,2025-05-26,1130,0,0
8,2025-05-26,183,100,0
9,2025-05-26,62,200,0
10,2025-05-26,0,300,0
11,2025-05-26,300,0,1
12,2025-05-26,123,100,0
13,2025-05-26,395,0,1
14,2025-05-26,194,50,2
15,2025-05-26,90,0,0
16,2025-05-26,749,0,0
17,2025-05-26,200,100,1
18,2025-05-26,104,500,1
19,2025-05-26,228,0,0
20,2025-05-26,280,0,0
21,2025-05-26,210,100,1
22,2025-05-26,88,0,2
23,2025-05-26,98,200,1
24,2025-05-26,167,200,1
25,2025-05-26,0,300,0
26,2025-05-26,844,0,0
27,2025-05-26,430,0,0
28,2025-05-26,352,0,0
29,2025-05-26,141,0,0
30,2025-05-26,631,0,2
31,2025-05-26,117,0,0
32,2025-05-26,447,0,0
33,2025-05-26,210,0,1
34,2025-05-26,408,0,0
35,2025-05-26,349,0,0
36,2025-05-26,519,0,0
37,2025-05-26,71,0,0
38,2025-05-26,51,100,0
39,2025-05-26,180,0,0
40,2025-05-26,192,100,0
41,2025-05-26,139,100,1
42,2025-05-26,63,100,0
43,2025-05-26,99,100,0
44,2025-05-26,786,0,0
45,2025-05-26,271,200,1
46,2025-05-26,472,0,0
47,2025-05-26,884,0,0
48,2025-05-26,504,0,1
49,2025-05-26,0,50,0
50,2025-05-26,1304,0,0
51,2025-05-26,47,200,1
52,2025-05-26,322,0,2
53,2025-05-26,110,0,0
54,2025-05-26,112,200,1
55,2025-05-26,149,100,1
56,2025-05-26,928,0,0
57,2025-05-26,117,150,1
58,2025-05-26,50,150,0
59,2025-05-26,251,0,0
60,2025-05-26,112,100,0
61,2025-05-26,167,100,0
62,2025-05-26,108,200,0
63,2025-05-26,92,50,0
64,2025-05-26,329,0,2
65,2025-05-26,222,100,0
66,2025-05-26,102,100,0
67,2025-05-26,234,0,1
68,2025-05-26,0,400,0
69,2025-05-26,421,0,1
70,2025-05-26,849,0,0
71,2025-05-26,85,100,0
72,2025-05-26,203,0,0
73,2025-05-26,429,0,0
74,2025-05-26,801,0,0
75,2025-05-26,578,0,1
76,2025-05-26,777,0,1
77,2025-05-26,88,0,0
78,2025-05-26,86,200,0
79,2025-05-26,32,300,1
80,2025-05-26,63,0,0
81,2025-05-26,195,50,1
82,2025-05-26,160,0,0
83,2025-05-26,487,0,0
84,2025-05-26,101,100,0
85,2025-05-26,115,0,0
86,2025-05-26,113,200,1
87,2025-05-26,374,0,0
88,2025-05-26,389,0,1
89,2025-05-26,157,0,0
90,2025-05-26,311,0,1
91,2025-05-26,241,100,1
92,2025-05-26,250,0,0
93,2025-05-26,313,0,0
94,2025-05-26,375,0,2
95,2025-05-26,75,200,1
96,2025-05-26,1,300,0
97,2025-05-26,60,100,0
98,2025-05-26,109,100,0
99,2025-05-26,1167,0,0
100,2025-05-26,40,200,2
101,2025-05-26,101,150,1
102,2025-05-26,94,200,0
103,2025-05-26,1085,0,0
104,2025-05-26,179,200,1
105,2025-05-26,183,0,0
106,2025-05-26,1435,0,0
107,2025-05-26,67,50,0
108,2025-05-26,227,0,0
109,2025-05-26,447,0,1
110,2025-05-26,72,200,0
111,2025-05-26,529,0,2
112,2025-05-26,0,500,0
113,2025-05-26,87,0,0
114,2025-05-26,190,200,1
115,2025-05-26,0,200,0
116,2025-05-26,254,0,0
117,2025-05-26,527,0,1
118,2025-05-26,295,0,0
119,2025-05-26,286,0,1
120,2025-05-26,200,0,0
1,2025-05-27,56,300,0
2,2025-05-27,150,200,1
3,2025-05-27,65,250,0
4,2025-05-27,234,0,0
5,2025-05-27,52,50,0
6,2025-05-27,129,200,1
7,2025-05-27,1127,0,0
8,2025-05-27,171,100,0
9,2025-05-27,56,200,0
10,2025-05-27,91,200,0
11,2025-05-27,279,0,2
12,2025-05-27,165,50,0
13,2025-05-27,377,0,0
14,2025-05-27,181,100,1
15,2025-05-27,85,0,0
16,2025-05-27,741,0,0
17,2025-05-27,188,100,0
18,2025-05-27,97,500,0
19,2025-05-27,226,0,0
20,2025-05-27,269,0,1
21,2025-05-27,200,100,0
22,2025-05-27,84,200,0
23,2025-05-27,137,150,1
24,2025-05-27,167,200,2
25,2025-05-27,0,300,0
26,2025-05-27,838,0,0
27,2025-05-27,417,0,0
28,2025-05-27,336,0,1
29,2025-05-27,140,0,0
30,2025-05-27,622,0,0
31,2025-05-27,114,0,0
32,2025-05-27,444,0,0
33,2025-05-27,204,0,0
34,2025-05-27,399,0,1
35,2025-05-27,346,0,0
36,2025-05-27,513,0,0
37,2025-05-27,69,0,0
38,2025-05-27,147,0,0
39,2025-05-27,175,0,0
40,2025-05-27,182,100,1
41,2025-05-27,120,100,0
42,2025-05-27,106,50,0
43,2025-05-27,193,0,0
44,2025-05-27,779,0,0
45,2025-05-27,261,200,1
46,2025-05-27,457,0,1
47,2025-05-27,879,0,0
48,2025-05-27,496,0,0
49,2025-05-27,0,50,0
50,2025-05-27,1300,0,0
51,2025-05-27,27,200,2
52,2025-05-27,308,0,0
53,2025-05-27,104,0,0
54,2025-05-27,104,200,0
55,2025-05-27,186,100,1
56,2025-05-27,922,0,0
57,2025-05-27,103,150,1
58,2025-05-27,143,100,0
59,2025-05-27,250,0,0
60,2025-05-27,104,100,0
61,2025-05-27,156,100,1
62,2025-05-27,97,200,0
63,2025-05-27,92,50,1
64,2025-05-27,305,0,2
65,2025-05-27,207,100,2
66,2025-05-27,90,100,1
67,2025-05-27,224,0,1
68,2025-05-27,0,400,0
69,2025-05-27,402,0,0
70,2025-05-27,843,0,0
71,2025-05-27,76,100,0
72,2025-05-27,197,0,0
73,2025-05-27,427,0,0
74,2025-05-27,792,0,0
75,2025-05-27,566,0,0
76,2025-05-27,764,0,1
77,2025-05-27,86,0,0
78,2025-05-27,63,200,0
79,2025-05-27,121,200,0
80,2025-05-27,61,0,0
81,2025-05-27,177,50,1
82,2025-05-27,151,50,0
83,2025-05-27,475,0,1
84,2025-05-27,85,200,1
85,2025-05-27,111,0,0
86,2025-05-27,107,200,0
87,2025-05-27,371,0,0
88,2025-05-27,382,0,0
89,2025-05-27,153,0,0
90,2025-05-27,301,0,0
91,2025-05-27,228,100,1
92,2025-05-27,238,0,1
93,2025-05-27,309,0,0
94,2025-05-27,351,0,2
95,2025-05-27,64,200,0
96,2025-05-27,0,300,0
97,2025-05-27,55,100,0
98,2025-05-27,202,0,0
99,2025-05-27,1164,0,0
100,2025-05-27,27,200,0
101,2025-05-27,91,150,1
102,2025-05-27,94,200,0
103,2025-05-27,1079,0,0
104,2025-05-27,163,200,2
105,2025-05-27,181,0,0
106,2025-05-27,1432,0,0
107,2025-05-27,64,50,0
108,2025-05-27,220,0,0
109,2025-05-27,431,0,0
110,2025-05-27,69,200,0
111,2025-05-27,514,0,2
112,2025-05-27,0,500,0
113,2025-05-27,85,0,0
114,2025-05-27,182,200,1
115,2025-05-27,0,200,0
116,2025-05-27,247,0,0
117,2025-05-27,517,0,0
118,2025-05-27,283,0,0
119,2025-05-27,274,0,1
120,2025-05-27,195,0,0
1,2025-05-28,41,300,1
2,2025-05-28,143,200,0
3,2025-05-28,47,250,0
4,2025-05-28,231,0,0
5,2025-05-28,50,50,0
6,2025-05-28,112,400,2
7,2025-05-28,1125,0,0
8,2025-05-28,156,200,1
9,2025-05-28,51,200,0
10,2025-05-28,80,200,0
11,2025-05-28,263,0,0
12,2025-05-28,152,50,1
13,2025-05-28,361,0,1
14,2025-05-28,172,100,1
15,2025-05-28,84,0,0
16,2025-05-28,735,0,0
17,2025-05-28,180,100,1
18,2025-05-28,83,500,1
19,2025-05-28,223,0,0
20,2025-05-28,250,200,2
21,2025-05-28,200,100,2
22,2025-05-28,281,0,0
23,2025-05-28,172,100,2
24,2025-05-28,259,100,0
25,2025-05-28,0,300,0
26,2025-05-28,830,0,1
27,2025-05-28,400,0,1
28,2025-05-28,316,0,0
29,2025-05-28,139,0,0
30,2025-05-28,619,0,0
31,2025-05-28,112,0,0
32,2025-05-28,440,0,0
33,2025-05-28,202,0,0
34,2025-05-28,389,0,0
35,2025-05-28,341,0,0
36,2025-05-28,510,0,0
37,2025-05-28,66,0,0
38,2025-05-28,143,0,0
39,2025-05-28,166,50,0
40,2025-05-28,165,100,2
41,2025-05-28,114,100,0
42,2025-05-28,95,50,0
43,2025-05-28,188,0,0
44,2025-05-28,776,0,0
45,2025-05-28,239,200,3
46,2025-05-28,445,0,1
47,2025-05-28,866,0,1
48,2025-05-28,488,0,1
49,2025-05-28,0,50,0
50,2025-05-28,1298,0,0
51,2025-05-28,12,400,2
52,2025-05-28,297,0,0
53,2025-05-28,100,0,0
54,2025-05-28,99,200,0
55,2025-05-28,180,100,0
56,2025-05-28,918,0,0
57,2025-05-28,90,150,1
58,2025-05-28,143,100,4
59,2025-05-28,246,0,0
60,2025-05-28,102,100,0
61,2025-05-28,153,100,0
62,2025-05-28,96,200,0
63,2025-05-28,85,50,0
64,2025-05-28,279,200,3
65,2025-05-28,297,0,1
66,2025-05-28,80,150,1
67,2025-05-28,207,0,2
68,2025-05-28,0,400,0
69,2025-05-28,395,0,0
70,2025-05-28,836,0,0
71,2025-05-28,70,100,0
72,2025-05-28,191,0,0
73,2025-05-28,425,0,0
74,2025-05-28,786,0,0
75,2025-05-28,549,0,2
76,2025-05-28,748,0,1
77,2025-05-28,85,0,0
78,2025-05-28,49,400,1
79,2025-05-28,98,200,2
80,2025-05-28,59,0,0
81,2025-05-28,170,100,1
82,2025-05-28,145,50,0
83,2025-05-28,468,0,0
84,2025-05-28,81,200,0
85,2025-05-28,109,0,0
86,2025-05-28,300,0,0
87,2025-05-28,363,0,0
88,2025-05-28,376,0,0
89,2025-05-28,144,0,0
90,2025-05-28,295,0,0
91,2025-05-28,215,100,1
92,2025-05-28,230,0,0
93,2025-05-28,297,0,1
94,2025-05-28,339,0,0
95,2025-05-28,56,200,0
96,2025-05-28,0,300,0
97,2025-05-28,51,100,0
98,2025-05-28,200,0,0
99,2025-05-28,1159,0,0
100,2025-05-28,24,200,0
101,2025-05-28,82,200,0
102,2025-05-28,184,100,0
103,2025-05-28,1076,0,0
104,2025-05-28,155,200,0
105,2025-05-28,176,0,0
106,2025-05-28,1432,0,16
107,2025-05-28,56,100,0
108,2025-05-28,210,0,0
109,2025-05-28,415,0,1
110,2025-05-28,61,200,1
111,2025-05-28,500,0,1
112,2025-05-28,0,500,0
113,2025-05-28,83,0,0
114,2025-05-28,168,200,1
115,2025-05-28,0,200,0
116,2025-05-28,240,0,0
117,2025-05-28,508,0,1
118,2025-05-28,268,0,0
119,2025-05-28,265,100,0
120,2025-05-28,188,0,0
1,2025-05-29,132,200,0
2,2025-05-29,139,200,0
3,2025-05-29,37,250,0
4,2025-05-29,227,0,0
5,2025-05-29,45,50,0
6,2025-05-29,101,400,1
7,2025-05-29,1123,0,0
8,2025-05-29,135,200,1
9,2025-05-29,45,200,0
10,2025-05-29,170,100,1
11,2025-05-29,252,0,1
12,2025-05-29,190,0,0
13,2025-05-29,348,0,0
14,2025-05-29,153,100,2
15,2025-05-29,81,100,0
16,2025-05-29,730,0,0
17,2025-05-29,180,100,2
18,2025-05-29,66,500,1
19,2025-05-29,221,0,0
20,2025-05-29,249,200,0
21,2025-05-29,189,100,0
22,2025-05-29,278,0,0
23,2025-05-29,156,100,0
24,2025-05-29,320,0,1
25,2025-05-29,91,200,0
26,2025-05-29,818,0,1
27,2025-05-29,388,0,1
28,2025-05-29,316,0,3
29,2025-05-29,135,0,0
30,2025-05-29,606,0,1
31,2025-05-29,108,0,0
32,2025-05-29,438,0,0
33,2025-05-29,193,100,0
34,2025-05-29,389,0,5
35,2025-05-29,339,0,0
36,2025-05-29,497,0,1
37,2025-05-29,65,0,0
38,2025-05-29,139,0,0
39,2025-05-29,162,50,0
40,2025-05-29,158,100,0
41,2025-05-29,112,100,0
42,2025-05-29,138,0,0
43,2025-05-29,182,0,0
44,2025-05-29,774,0,0
45,2025-05-29,225,200,1
46,2025-05-29,430,0,2
47,2025-05-29,857,0,1
48,2025-05-29,473,0,1
49,2025-05-29,47,0,0
50,2025-05-29,1296,0,0
51,2025-05-29,2,400,0
52,2025-05-29,284,200,0
53,2025-05-29,99,0,0
54,2025-05-29,94,200,0
55,2025-05-29,165,150,0
56,2025-05-29,905,0,1
57,2025-05-29,82,200,0
58,2025-05-29,123,100,1
59,2025-05-29,244,0,0
60,2025-05-29,141,50,0
61,2025-05-29,234,0,1
62,2025-05-29,88,200,1
63,2025-05-29,79,100,0
64,2025-05-29,265,200,0
65,2025-05-29,288,0,1
66,2025-05-29,119,100,1
67,2025-05-29,191,0,1
68,2025-05-29,0,400,0
69,2025-05-29,393,0,0
70,2025-05-29,833,0,0
71,2025-05-29,54,100,1
72,2025-05-29,186,0,0
73,2025-05-29,422,0,0
74,2025-05-29,783,0,0
75,2025-05-29,538,0,1
76,2025-05-29,739,0,0
77,2025-05-29,85,0,1
78,2025-05-29,35,400,1
79,2025-05-29,91,200,0
80,2025-05-29,56,0,0
81,2025-05-29,159,100,0
82,2025-05-29,131,50,1
83,2025-05-29,468,0,8
84,2025-05-29,175,100,0
85,2025-05-29,107,0,0
86,2025-05-29,291,0,0
87,2025-05-29,358,0,0
88,2025-05-29,364,0,1
89,2025-05-29,140,0,0
90,2025-05-29,288,0,0
91,2025-05-29,203,100,1
92,2025-05-29,221,0,1
93,2025-05-29,277,200,1
94,2025-05-29,321,0,1
95,2025-05-29,53,200,0
96,2025-05-29,0,350,0
97,2025-05-29,48,100,0
98,2025-05-29,195,0,0
99,2025-05-29,1156,0,0
100,2025-05-29,17,200,0
101,2025-05-29,122,150,0
102,2025-05-29,174,100,0
103,2025-05-29,1074,0,0
104,2025-05-29,143,200,1
105,2025-05-29,173,0,0
106,2025-05-29,1428,0,0
107,2025-05-29,51,100,0
108,2025-05-29,200,0,1
109,2025-05-29,408,0,0
110,2025-05-29,51,200,0
111,2025-05-29,478,0,1
112,2025-05-29,0,500,0
113,2025-05-29,81,0,0
114,2025-05-29,156,200,1
115,2025-05-29,0,200,0
116,2025-05-29,232,0,0
117,2025-05-29,496,0,0
118,2025-05-29,253,0,1
119,2025-05-29,253,100,0
120,2025-05-29,186,0,0
1,2025-05-30,120,200,0
2,2025-05-30,326,0,1
3,2025-05-30,67,250,2
4,2025-05-30,223,0,0
5,2025-05-30,41,50,0
6,2025-05-30,91,400,1
7,2025-05-30,1122,0,0
8,2025-05-30,121,200,1
9,2025-05-30,40,200,0
10,2025-05-30,168,100,0
11,2025-05-30,240,0,1
12,2025-05-30,177,0,0
13,2025-05-30,320,0,3
14,2025-05-30,143,100,1
15,2025-05-30,76,100,0
16,2025-05-30,726,0,0
17,2025-05-30,171,100,0
18,2025-05-30,60,500,0
19,2025-05-30,219,0,0
20,2025-05-30,233,200,1
21,2025-05-30,176,100,1
22,2025-05-30,273,0,0
23,2025-05-30,140,150,0
24,2025-05-30,306,0,1
25,2025-05-30,86,200,0
26,2025-05-30,812,0,0
27,2025-05-30,376,0,0
28,2025-05-30,306,0,0
29,2025-05-30,134,0,0
30,2025-05-30,602,0,0
31,2025-05-30,106,0,0
32,2025-05-30,434,0,0
33,2025-05-30,185,100,1
34,2025-05-30,378,0,1
35,2025-05-30,337,0,0
36,2025-05-30,491,0,0
37,2025-05-30,63,0,0
38,2025-05-30,138,0,0
39,2025-05-30,204,0,1
40,2025-05-30,153,100,0
41,2025-05-30,104,100,0
42,2025-05-30,136,0,0
43,2025-05-30,177,0,0
44,2025-05-30,769,0,0
45,2025-05-30,211,200,1
46,2025-05-30,422,0,0
47,2025-05-30,847,0,1
48,2025-05-30,459,0,1
49,2025-05-30,46,50,0
50,2025-05-30,1291,0,0
51,2025-05-30,0,400,0
52,2025-05-30,268,200,1
53,2025-05-30,94,50,0
54,2025-05-30,82,200,0
55,2025-05-30,154,150,0
56,2025-05-30,901,0,0
57,2025-05-30,61,250,1
58,2025-05-30,165,50,0
59,2025-05-30,240,0,0
60,2025-05-30,133,100,1
61,2025-05-30,230,50,0
62,2025-05-30,81,200,0
63,2025-05-30,71,100,1
64,2025-05-30,455,0,0
65,2025-05-30,270,0,1
66,2025-05-30,106,100,1
67,2025-05-30,185,0,0
68,2025-05-30,0,400,0
69,2025-05-30,389,0,0
70,2025-05-30,831,0,0
71,2025-05-30,49,150,0
72,2025-05-30,180,0,0
73,2025-05-30,421,0,0
74,2025-05-30,778,0,0
75,2025-05-30,515,0,2
76,2025-05-30,728,0,0
77,2025-05-30,83,0,0
78,2025-05-30,220,200,2
79,2025-05-30,160,200,0
80,2025-05-30,53,100,0
81,2025-05-30,146,100,1
82,2025-05-30,122,50,0
83,2025-05-30,463,0,0
84,2025-05-30,166,100,0
85,2025-05-30,105,0,0
86,2025-05-30,283,0,0
87,2025-05-30,354,0,0
88,2025-05-30,357,0,0
89,2025-05-30,134,0,0
90,2025-05-30,288,0,5
91,2025-05-30,192,100,1
92,2025-05-30,209,100,0
93,2025-05-30,267,200,0
94,2025-05-30,304,200,1
95,2025-05-30,44,200,0
96,2025-05-30,0,350,0
97,2025-05-30,41,100,0
98,2025-05-30,184,100,1
99,2025-05-30,1154,0,0
100,2025-05-30,14,200,0
101,2025-05-30,113,150,1
102,2025-05-30,268,0,0
103,2025-05-30,1071,0,0
104,2025-05-30,133,200,1
105,2025-05-30,168,0,0
106,2025-05-30,1424,0,0
107,2025-05-30,47,100,0
108,2025-05-30,195,0,0
109,2025-05-30,406,0,0
110,2025-05-30,40,200,1
111,2025-05-30,458,0,1
112,2025-05-30,0,500,0
113,2025-05-30,78,0,0
114,2025-05-30,150,200,0
115,2025-05-30,97,100,0
116,2025-05-30,229,0,0
117,2025-05-30,483,0,1
118,2025-05-30,245,0,0
119,2025-05-30,350,0,0
120,2025-05-30,180,0,0
1,2025-05-31,105,200,2
2,2025-05-31,315,0,1
3,2025-05-31,55,250,0
4,2025-05-31,220,0,0
5,2025-05-31,39,50,0
6,2025-05-31,81,400,1
7,2025-05-31,1122,0,15
8,2025-05-31,97,200,3
9,2025-05-31,33,200,0
10,2025-05-31,159,100,1
11,2025-05-31,231,0,0
12,2025-05-31,177,0,4
13,2025-05-31,312,0,1
14,2025-05-31,125,150,0
15,2025-05-31,71,100,0
16,2025-05-31,718,0,1
17,2025-05-31,160,100,0
18,2025-05-31,545,0,1
19,2025-05-31,216,0,0
20,2025-05-31,212,200,1
21,2025-05-31,166,100,0
22,2025-05-31,270,0,0
23,2025-05-31,130,200,0
24,2025-05-31,299,0,0
25,2025-05-31,67,200,1
26,2025-05-31,809,0,0
27,2025-05-31,368,0,0
28,2025-05-31,291,0,1
29,2025-05-31,131,0,0
30,2025-05-31,584,0,2
31,2025-05-31,102,0,0
32,2025-05-31,432,0,0
33,2025-05-31,175,100,1
34,2025-05-31,370,0,1
35,2025-05-31,335,0,0
36,2025-05-31,489,0,0
37,2025-05-31,61,0,0
38,2025-05-31,130,0,0
39,2025-05-31,197,0,0
40,2025-05-31,138,100,1
41,2025-05-31,96,100,0
42,2025-05-31,127,0,0
43,2025-05-31,168,0,0
44,2025-05-31,763,0,0
45,2025-05-31,194,200,2
46,2025-05-31,402,0,2
47,2025-05-31,835,0,1
48,2025-05-31,438,0,1
49,2025-05-31,46,50,1
50,2025-05-31,1286,0,0
51,2025-05-31,186,200,0
52,2025-05-31,259,200,1
53,2025-05-31,88,50,0
54,2025-05-31,78,200,0
55,2025-05-31,144,150,0
56,2025-05-31,900,0,0
57,2025-05-31,40,250,2
58,2025-05-31,157,50,0
59,2025-05-31,234,0,0
60,2025-05-31,120,100,1
61,2025-05-31,217,50,1
62,2025-05-31,74,200,0
63,2025-05-31,66,100,0
64,2025-05-31,436,0,0
65,2025-05-31,259,0,1
66,2025-05-31,101,100,0
67,2025-05-31,178,0,0
68,2025-05-31,0,400,0
69,2025-05-31,367,0,1
70,2025-05-31,823,0,0
71,2025-05-31,40,150,1
72,2025-05-31,174,0,0
73,2025-05-31,419,0,0
74,2025-05-31,772,0,0
75,2025-05-31,490,0,1
76,2025-05-31,710,0,1
77,2025-05-31,82,0,0
78,2025-05-31,206,200,2
79,2025-05-31,149,200,0
80,2025-05-31,51,100,0
81,2025-05-31,127,100,2
82,2025-05-31,121,50,0
83,2025-05-31,451,0,1
84,2025-05-31,155,100,0
85,2025-05-31,102,0,0
86,2025-05-31,272,0,0
87,2025-05-31,348,0,0
88,2025-05-31,343,0,1
89,2025-05-31,131,0,0
90,2025-05-31,279,0,0
91,2025-05-31,179,100,1
92,2025-05-31,209,100,5
93,2025-05-31,459,0,0
94,2025-05-31,293,200,1
95,2025-05-31,33,200,1
96,2025-05-31,38,300,1
97,2025-05-31,36,100,0
98,2025-05-31,173,100,0
99,2025-05-31,1154,0,29
100,2025-05-31,10,200,0
101,2025-05-31,139,100,0
102,2025-05-31,262,0,0
103,2025-05-31,1071,0,28
104,2025-05-31,119,200,0
105,2025-05-31,162,0,0
106,2025-05-31,1419,0,0
107,2025-05-31,38,100,1
108,2025-05-31,183,0,0
109,2025-05-31,402,0,0
110,2025-05-31,97,200,1
111,2025-05-31,447,0,0
112,2025-05-31,0,500,0
113,2025-05-31,75,0,0
114,2025-05-31,253,200,0
115,2025-05-31,95,100,0
116,2025-05-31,219,0,1
117,2025-05-31,466,0,2
118,2025-05-31,233,0,1
119,2025-05-31,340,0,0
120,2025-05-31,173,0,0
1,2025-06-01,90,200,1
2,2025-06-01,293,0,2
3,2025-06-01,24,250,4
4,2025-06-01,217,0,0
5,2025-06-01,37,50,0
6,2025-06-01,71,400,1
7,2025-06-01,1118,0,0
8,2025-06-01,81,200,1
9,2025-06-01,230,0,0
10,2025-06-01,146,100,1
11,2025-06-01,226,0,0
12,2025-06-01,174,50,0
13,2025-06-01,309,0,0
14,2025-06-01,170,100,0
15,2025-06-01,65,100,0
16,2025-06-01,712,0,0
17,2025-06-01,150,100,1
18,2025-06-01,532,0,1
19,2025-06-01,214,0,0
20,2025-06-01,200,200,0
21,2025-06-01,155,200,0
22,2025-06-01,267,0,0
23,2025-06-01,117,200,1
24,2025-06-01,286,0,1
25,2025-06-01,154,100,1
26,2025-06-01,803,0,0
27,2025-06-01,357,0,0
28,2025-06-01,274,0,2
29,2025-06-01,130,0,0
30,2025-06-01,576,0,0
31,2025-06-01,98,0,0
32,2025-06-01,427,0,0
33,2025-06-01,169,100,0
34,2025-06-01,362,0,1
35,2025-06-01,331,0,0
36,2025-06-01,486,0,0
37,2025-06-01,58,100,0
38,2025-06-01,128,0,0
39,2025-06-01,192,0,0
40,2025-06-01,128,100,1
41,2025-06-01,88,100,0
42,2025-06-01,124,0,0
43,2025-06-01,160,0,0
44,2025-06-01,759,0,0
45,2025-06-01,176,200,2
46,2025-06-01,378,0,2
47,2025-06-01,827,0,0
48,2025-06-01,424,0,1
49,2025-06-01,43,50,0
50,2025-06-01,1283,0,0
51,2025-06-01,168,200,1
52,2025-06-01,244,200,1
53,2025-06-01,85,50,0
54,2025-06-01,77,200,0
55,2025-06-01,137,150,0
56,2025-06-01,893,0,0
57,2025-06-01,32,250,0
58,2025-06-01,145,50,1
59,2025-06-01,231,0,0
60,2025-06-01,164,50,0
61,2025-06-01,210,50,0
62,2025-06-01,71,200,0
63,2025-06-01,61,100,0
64,2025-06-01,436,0,7
65,2025-06-01,247,100,1
66,2025-06-01,97,100,0
67,2025-06-01,162,0,2
68,2025-06-01,0,400,0
69,2025-06-01,347,0,1
70,2025-06-01,818,0,0
71,2025-06-01,83,100,0
72,2025-06-01,168,0,0
73,2025-06-01,417,0,0
74,2025-06-01,763,0,0
75,2025-06-01,472,0,2
76,2025-06-01,695,0,1
77,2025-06-01,80,0,0
78,2025-06-01,192,200,1
79,2025-06-01,132,200,2
80,2025-06-01,47,100,0
81,2025-06-01,168,100,0
82,2025-06-01,114,50,0
83,2025-06-01,443,0,0
84,2025-06-01,146,100,1
85,2025-06-01,98,0,0
86,2025-06-01,262,0,0
87,2025-06-01,342,0,0
88,2025-06-01,331,0,1
89,2025-06-01,129,0,0
90,2025-06-01,275,0,0
91,2025-06-01,163,100,1
92,2025-06-01,198,100,0
93,2025-06-01,445,0,1
94,2025-06-01,489,0,0
95,2025-06-01,24,200,0
96,2025-06-01,9,350,1
97,2025-06-01,34,100,0
98,2025-06-01,164,100,0
99,2025-06-01,1151,0,0
100,2025-06-01,3,200,0
101,2025-06-01,127,100,1
102,2025-06-01,253,0,1
103,2025-06-01,1068,0,0
104,2025-06-01,107,200,1
105,2025-06-01,159,0,0
106,2025-06-01,1415,0,0
107,2025-06-01,31,100,0
108,2025-06-01,182,0,0
109,2025-06-01,388,0,0
110,2025-06-01,91,200,0
111,2025-06-01,427,0,1
112,2025-06-01,493,0,1
113,2025-06-01,72,0,0
114,2025-06-01,241,200,1
115,2025-06-01,192,0,0
116,2025-06-01,212,0,0
117,2025-06-01,448,0,1
118,2025-06-01,221,0,1
119,2025-06-01,329,0,1
120,2025-06-01,164,0,1
1,2025-06-02,79,200,0
2,2025-06-02,265,0,1
3,2025-06-02,16,300,0
4,2025-06-02,213,0,0
5,2025-06-02,35,50,0
6,2025-06-02,257,200,0
7,2025-06-02,1114,0,0
8,2025-06-02,59,200,3
9,2025-06-02,226,0,0
10,2025-06-02,133,100,1
11,2025-06-02,214,500,0
12,2025-06-02,215,0,0
13,2025-06-02,295,0,1
14,2025-06-02,163,100,0
15,2025-06-02,62,100,0
16,2025-06-02,708,0,0
17,2025-06-02,136,100,2
18,2025-06-02,521,0,0
19,2025-06-02,213,0,0
20,2025-06-02,190,200,1
21,2025-06-02,155,200,2
22,2025-06-02,264,0,0
23,2025-06-02,153,200,0
24,2025-06-02,274,0,1
25,2025-06-02,134,200,1
26,2025-06-02,797,0,0
27,2025-06-02,340,0,0
28,2025-06-02,274,0,4
29,2025-06-02,128,0,0
30,2025-06-02,568,0,0
31,2025-06-02,96,0,0
32,2025-06-02,425,0,0
33,2025-06-02,269,0,3
34,2025-06-02,359,0,0
35,2025-06-02,327,0,0
36,2025-06-02,481,0,0
37,2025-06-02,56,100,0
38,2025-06-02,125,0,0
39,2025-06-02,179,0,1
40,2025-06-02,119,100,0
41,2025-06-02,77,200,1
42,2025-06-02,121,0,0
43,2025-06-02,156,0,0
44,2025-06-02,754,0,0
45,2025-06-02,156,200,2
46,2025-06-02,356,0,2
47,2025-06-02,817,0,0
48,2025-06-02,413,0,1
49,2025-06-02,40,50,0
50,2025-06-02,1278,0,0
51,2025-06-02,168,200,4
52,2025-06-02,236,200,1
53,2025-06-02,80,50,0
54,2025-06-02,74,200,0
55,2025-06-02,130,150,0
56,2025-06-02,888,0,0
57,2025-06-02,22,250,1
58,2025-06-02,138,50,0
59,2025-06-02,228,0,0
60,2025-06-02,154,50,1
61,2025-06-02,200,100,1
62,2025-06-02,64,200,0
63,2025-06-02,58,100,0
64,2025-06-02,418,0,1
65,2025-06-02,241,100,0
66,2025-06-02,92,150,0
67,2025-06-02,154,0,0
68,2025-06-02,0,400,0
69,2025-06-02,340,0,0
70,2025-06-02,815,0,0
71,2025-06-02,77,150,0
72,2025-06-02,158,0,1
73,2025-06-02,415,0,0
74,2025-06-02,755,0,0
75,2025-06-02,467,0,0
76,2025-06-02,686,0,0
77,2025-06-02,79,0,0
78,2025-06-02,183,200,1
79,2025-06-02,117,200,0
80,2025-06-02,144,0,0
81,2025-06-02,156,100,1
82,2025-06-02,108,100,0
83,2025-06-02,435,0,0
84,2025-06-02,133,100,1
85,2025-06-02,91,0,0
86,2025-06-02,254,0,0
87,2025-06-02,334,0,0
88,2025-06-02,322,0,0
89,2025-06-02,123,0,0
90,2025-06-02,270,0,0
91,2025-06-02,254,100,0
92,2025-06-02,285,0,0
93,2025-06-02,423,0,2
94,2025-06-02,482,0,0
95,2025-06-02,124,100,2
96,2025-06-02,0,350,0
97,2025-06-02,26,100,1
98,2025-06-02,163,100,0
99,2025-06-02,1150,0,0
100,2025-06-02,0,200,0
101,2025-06-02,117,150,0
102,2025-06-02,240,0,1
103,2025-06-02,1067,0,0
104,2025-06-02,97,200,0
105,2025-06-02,152,0,0
106,2025-06-02,1413,0,0
107,2025-06-02,71,50,0
108,2025-06-02,178,0,0
109,2025-06-02,376,0,1
110,2025-06-02,83,200,0
111,2025-06-02,417,0,1
112,2025-06-02,484,0,1
113,2025-06-02,69,0,0
114,2025-06-02,230,200,0
115,2025-06-02,185,0,0
116,2025-06-02,200,0,1
117,2025-06-02,441,0,0
118,2025-06-02,216,0,0
119,2025-06-02,325,0,0
120,2025-06-02,160,0,0
1,2025-06-03,125,200,1
2,2025-06-03,253,200,1
3,2025-06-03,3,300,0
4,2025-06-03,211,0,0
5,2025-06-03,31,50,0
6,2025-06-03,249,200,0
7,2025-06-03,1112,0,0
8,2025-06-03,45,300,1
9,2025-06-03,220,0,0
10,2025-06-03,129,100,0
11,2025-06-03,204,500,0
12,2025-06-03,206,0,1
13,2025-06-03,278,0,2
14,2025-06-03,153,100,1
15,2025-06-03,59,100,0
16,2025-06-03,702,0,0
17,2025-06-03,120,100,1
18,2025-06-03,520,0,0
19,2025-06-03,209,0,0
20,2025-06-03,172,200,2
21,2025-06-03,248,100,0
22,2025-06-03,262,0,0
23,2025-06-03,134,200,2
24,2025-06-03,263,0,0
25,2025-06-03,123,200,1
26,2025-06-03,791,0,0
27,2025-06-03,340,0,8
28,2025-06-03,274,0,4
29,2025-06-03,125,0,0
30,2025-06-03,559,0,1
31,2025-06-03,93,0,0
32,2025-06-03,423,0,0
33,2025-06-03,262,0,0
34,2025-06-03,347,0,0
35,2025-06-03,324,0,0
36,2025-06-03,473,0,1
37,2025-06-03,154,0,0
38,2025-06-03,122,0,0
39,2025-06-03,170,0,0
40,2025-06-03,182,100,1
41,2025-06-03,72,200,0
42,2025-06-03,116,50,0
43,2025-06-03,152,0,0
44,2025-06-03,746,0,1
45,2025-06-03,152,200,0
46,2025-06-03,339,0,1
47,2025-06-03,811,0,0
48,2025-06-03,406,0,0
49,2025-06-03,38,50,0
50,2025-06-03,1272,0,0
51,2025-06-03,160,200,0
52,2025-06-03,234,200,0
53,2025-06-03,77,50,0
54,2025-06-03,66,200,1
55,2025-06-03,123,150,0
56,2025-06-03,880,0,1
57,2025-06-03,20,250,0
58,2025-06-03,131,50,0
59,2025-06-03,224,0,0
60,2025-06-03,197,0,0
61,2025-06-03,248,50,0
62,2025-06-03,57,200,0
63,2025-06-03,104,50,0
64,2025-06-03,399,0,2
65,2025-06-03,225,100,2
66,2025-06-03,82,150,1
67,2025-06-03,147,500,0
68,2025-06-03,0,400,0
69,2025-06-03,331,0,0
70,2025-06-03,815,0,15
71,2025-06-03,69,150,1
72,2025-06-03,155,0,0
73,2025-06-03,413,0,0
74,2025-06-03,748,0,0
75,2025-06-03,456,0,1
76,2025-06-03,672,0,0
77,2025-06-03,79,0,0
78,2025-06-03,172,200,1
79,2025-06-03,106,200,1
80,2025-06-03,141,0,0
81,2025-06-03,145,100,1
82,2025-06-03,101,100,0
83,2025-06-03,422,0,1
84,2025-06-03,127,100,0
85,2025-06-03,87,0,0
86,2025-06-03,244,0,1
87,2025-06-03,326,0,0
88,2025-06-03,316,0,0
89,2025-06-03,119,0,0
90,2025-06-03,260,0,1
91,2025-06-03,242,100,1
92,2025-06-03,272,0,1
93,2025-06-03,410,0,0
94,2025-06-03,474,0,1
95,2025-06-03,111,100,1
96,2025-06-03,0,350,0
97,2025-06-03,24,150,0
98,2025-06-03,154,100,0
99,2025-06-03,1146,0,0
100,2025-06-03,0,200,0
101,2025-06-03,150,100,1
102,2025-06-03,233,0,0
103,2025-06-03,1065,0,0
104,2025-06-03,85,200,0
105,2025-06-03,147,0,0
106,2025-06-03,1407,0,0
107,2025-06-03,67,50,0
108,2025-06-03,174,0,0
109,2025-06-03,363,0,1
110,2025-06-03,74,200,0
111,2025-06-03,403,0,1
112,2025-06-03,471,0,1
113,2025-06-03,68,0,0
114,2025-06-03,220,200,0
115,2025-06-03,178,0,0
116,2025-06-03,196,0,0
117,2025-06-03,432,0,0
118,2025-06-03,205,200,1
119,2025-06-03,310,0,1
120,2025-06-03,160,0,3
1,2025-06-04,112,200,1
2,2025-06-04,244,200,0
3,2025-06-04,0,300,0
4,2025-06-04,210,0,0
5,2025-06-04,79,0,0
6,2025-06-04,237,200,1
7,2025-06-04,1110,0,0
8,2025-06-04,32,300,1
9,2025-06-04,212,0,0
10,2025-06-04,118,100,1
11,2025-06-04,694,0,0
12,2025-06-04,200,0,0
13,2025-06-04,265,500,0
14,2025-06-04,135,100,2
15,2025-06-04,55,100,0
16,2025-06-04,699,0,0
17,2025-06-04,211,100,1
18,2025-06-04,508,0,1
19,2025-06-04,206,0,0
20,2025-06-04,161,200,0
21,2025-06-04,246,100,0
22,2025-06-04,260,0,0
23,2025-06-04,118,200,1
24,2025-06-04,244,100,2
25,2025-06-04,110,200,1
26,2025-06-04,782,0,0
27,2025-06-04,327,0,1
28,2025-06-04,266,0,0
29,2025-06-04,123,0,0
30,2025-06-04,546,0,1
31,2025-06-04,90,0,0
32,2025-06-04,421,0,0
33,2025-06-04,258,0,0
34,2025-06-04,344,0,0
35,2025-06-04,322,0,0
36,2025-06-04,469,0,0
37,2025-06-04,152,0,0
38,2025-06-04,116,0,0
39,2025-06-04,161,0,1
40,2025-06-04,162,100,2
41,2025-06-04,69,200,0
42,2025-06-04,110,50,0
43,2025-06-04,148,0,0
44,2025-06-04,742,0,0
45,2025-06-04,285,200,2
46,2025-06-04,337,0,0
47,2025-06-04,805,0,0
48,2025-06-04,400,0,0
49,2025-06-04,37,50,0
50,2025-06-04,1270,0,0
51,2025-06-04,142,200,1
52,2025-06-04,215,200,2
53,2025-06-04,72,50,0
54,2025-06-04,65,200,0
55,2025-06-04,109,150,2
56,2025-06-04,871,0,1
57,2025-06-04,57,200,1
58,2025-06-04,123,100,0
59,2025-06-04,219,0,0
60,2025-06-04,191,0,0
61,2025-06-04,237,50,1
62,2025-06-04,47,200,1
63,2025-06-04,97,50,0
64,2025-06-04,381,0,2
65,2025-06-04,211,100,1
66,2025-06-04,122,100,1
67,2025-06-04,141,500,0
68,2025-06-04,192,200,0
69,2025-06-04,321,0,0
70,2025-06-04,809,0,0
71,2025-06-04,111,100,1
72,2025-06-04,149,0,0
73,2025-06-04,411,0,0
74,2025-06-04,735,0,1
75,2025-06-04,444,0,1
76,2025-06-04,658,0,0
77,2025-06-04,78,0,0
78,2025-06-04,168,200,0
79,2025-06-04,92,200,1
80,2025-06-04,137,0,0
81,2025-06-04,133,100,1
82,2025-06-04,101,100,2
83,2025-06-04,410,0,1
84,2025-06-04,124,100,0
85,2025-06-04,83,0,0
86,2025-06-04,234,0,1
87,2025-06-04,321,0,0
88,2025-06-04,305,0,0
89,2025-06-04,115,0,0
90,2025-06-04,250,0,1
91,2025-06-04,240,100,0
92,2025-06-04,263,0,0
93,2025-06-04,392,0,2
94,2025-06-04,469,0,0
95,2025-06-04,101,100,0
96,2025-06-04,39,300,0
97,2025-06-04,22,150,0
98,2025-06-04,147,100,0
99,2025-06-04,1143,0,0
100,2025-06-04,0,200,0
101,2025-06-04,176,100,0
102,2025-06-04,219,100,1
103,2025-06-04,1061,0,0
104,2025-06-04,75,200,1
105,2025-06-04,144,0,0
106,2025-06-04,1404,0,0
107,2025-06-04,57,100,0
108,2025-06-04,167,0,0
109,2025-06-04,346,0,2
110,2025-06-04,61,200,1
111,2025-06-04,390,0,0
112,2025-06-04,463,0,0
113,2025-06-04,65,0,0
114,2025-06-04,213,200,0
115,2025-06-04,174,0,0
116,2025-06-04,186,0,1
117,2025-06-04,422,0,0
118,2025-06-04,197,200,0
119,2025-06-04,299,0,0
120,2025-06-04,157,0,0
1,2025-06-05,91,200,1
2,2025-06-05,330,0,0
3,2025-06-05,0,300,0
4,2025-06-05,208,0,0
5,2025-06-05,77,0,0
6,2025-06-05,221,200,1
7,2025-06-05,1109,0,0
8,2025-06-05,14,300,2
9,2025-06-05,208,0,0
10,2025-06-05,110,100,0
11,2025-06-05,681,0,0
12,2025-06-05,191,0,1
13,2025-06-05,249,500,1
14,2025-06-05,123,150,1
15,2025-06-05,138,0,0
16,2025-06-05,692,0,0
17,2025-06-05,300,0,0
18,2025-06-05,494,0,1
19,2025-06-05,201,0,0
20,2025-06-05,142,200,2
21,2025-06-05,237,100,0
22,2025-06-05,255,0,0
23,2025-06-05,165,150,0
24,2025-06-05,233,100,0
25,2025-06-05,198,100,1
26,2025-06-05,780,0,0
27,2025-06-05,312,0,1
28,2025-06-05,251,0,0
29,2025-06-05,121,0,0
30,2025-06-05,535,0,1
31,2025-06-05,85,0,0
32,2025-06-05,420,0,0
33,2025-06-05,249,0,0
34,2025-06-05,336,0,0
35,2025-06-05,321,0,0
36,2025-06-05,468,0,0
37,2025-06-05,150,0,0
38,2025-06-05,113,0,0
39,2025-06-05,156,50,0
40,2025-06-05,150,100,1
41,2025-06-05,58,200,1
42,2025-06-05,104,50,0
43,2025-06-05,141,0,0
44,2025-06-05,736,0,0
45,2025-06-05,270,200,1
46,2025-06-05,332,0,0
47,2025-06-05,793,0,0
48,2025-06-05,386,0,0
49,2025-06-05,36,50,0
50,2025-06-05,1267,0,0
51,2025-06-05,129,200,1
52,2025-06-05,211,200,0
53,2025-06-05,67,50,0
54,2025-06-05,53,200,1
55,2025-06-05,149,100,1
56,2025-06-05,864,0,0
57,2025-06-05,145,150,0
58,2025-06-05,113,100,1
59,2025-06-05,216,0,0
60,2025-06-05,184,0,0
61,2025-06-05,231,50,0
62,2025-06-05,39,200,0
63,2025-06-05,91,50,0
64,2025-06-05,378,0,0
65,2025-06-05,203,100,0
66,2025-06-05,115,100,0
67,2025-06-05,135,500,0
68,2025-06-05,297,0,1
69,2025-06-05,312,0,0
70,2025-06-05,806,0,0
71,2025-06-05,99,100,0
72,2025-06-05,145,0,0
73,2025-06-05,410,0,0
74,2025-06-05,721,0,1
75,2025-06-05,421,0,1
76,2025-06-05,653,0,0
77,2025-06-05,75,0,0
78,2025-06-05,168,200,4
79,2025-06-05,57,200,1
80,2025-06-05,134,0,0
81,2025-06-05,120,100,0
82,2025-06-05,141,50,1
83,2025-06-05,400,0,1
84,2025-06-05,119,100,0
85,2025-06-05,79,0,0
86,2025-06-05,223,0,1
87,2025-06-05,317,0,0
88,2025-06-05,298,0,1
89,2025-06-05,114,0,0
90,2025-06-05,241,0,0
91,2025-06-05,228,100,1
92,2025-06-05,249,0,1
93,2025-06-05,373,0,0
94,2025-06-05,459,0,0
95,2025-06-05,90,100,0
96,2025-06-05,19,300,2
97,2025-06-05,18,150,0
98,2025-06-05,136,100,1
99,2025-06-05,1141,0,0
100,2025-06-05,0,200,0
101,2025-06-05,170,100,0
102,2025-06-05,217,100,0
103,2025-06-05,1057,0,0
104,2025-06-05,67,200,0
105,2025-06-05,141,0,0
106,2025-06-05,1401,0,0
107,2025-06-05,50,100,0
108,2025-06-05,163,0,0
109,2025-06-05,334,0,1
110,2025-06-05,53,200,1
111,2025-06-05,381,0,1
112,2025-06-05,450,0,1
113,2025-06-05,61,0,0
114,2025-06-05,201,200,1
115,2025-06-05,170,0,0
116,2025-06-05,181,0,0
117,2025-06-05,404,0,1
118,2025-06-05,387,0,1
119,2025-06-05,292,0,0
120,2025-06-05,155,0,0
1,2025-06-06,77,300,1
2,2025-06-06,323,0,0
3,2025-06-06,0,300,0
4,2025-06-06,205,0,0
5,2025-06-06,75,0,0
6,2025-06-06,220,200,0
7,2025-06-06,1107,0,0
8,2025-06-06,8,300,0
9,2025-06-06,202,0,0
10,2025-06-06,101,200,1
11,2025-06-06,679,0,0
12,2025-06-06,186,50,0
13,2025-06-06,739,0,1
14,2025-06-06,111,200,1
15,2025-06-06,136,0,0
16,2025-06-06,686,0,0
17,2025-06-06,290,0,0
18,2025-06-06,480,0,1
19,2025-06-06,200,0,0
20,2025-06-06,131,200,1
21,2025-06-06,221,100,1
22,2025-06-06,253,0,0
23,2025-06-06,156,150,0
24,2025-06-06,323,0,0
25,2025-06-06,187,100,1
26,2025-06-06,775,0,0
27,2025-06-06,304,0,0
28,2025-06-06,248,0,0
29,2025-06-06,118,0,0
30,2025-06-06,522,0,1
31,2025-06-06,82,0,0
32,2025-06-06,417,0,0
33,2025-06-06,242,0,0
34,2025-06-06,331,0,0
35,2025-06-06,320,0,0
36,2025-06-06,460,0,0
37,2025-06-06,148,0,0
38,2025-06-06,112,0,0
39,2025-06-06,153,50,0
40,2025-06-06,139,100,1
41,2025-06-06,148,100,1
42,2025-06-06,100,50,0
43,2025-06-06,139,0,0
44,2025-06-06,733,0,0
45,2025-06-06,267,200,0
46,2025-06-06,322,0,0
47,2025-06-06,787,0,0
48,2025-06-06,367,0,1
49,2025-06-06,35,50,0
50,2025-06-06,1263,0,0
51,2025-06-06,110,200,1
52,2025-06-06,203,200,0
53,2025-06-06,64,50,0
54,2025-06-06,47,200,0
55,2025-06-06,144,150,0
56,2025-06-06,859,0,0
57,2025-06-06,126,150,1
58,2025-06-06,143,50,0
59,2025-06-06,211,0,0
60,2025-06-06,178,0,0
61,2025-06-06,275,0,0
62,2025-06-06,28,200,1
63,2025-06-06,84,50,0
64,2025-06-06,376,0,0
65,2025-06-06,181,100,2
66,2025-06-06,156,50,1
67,2025-06-06,132,500,0
68,2025-06-06,281,0,2
69,2025-06-06,312,0,3
70,2025-06-06,803,0,0
71,2025-06-06,87,100,1
72,2025-06-06,139,0,0
73,2025-06-06,406,0,0
74,2025-06-06,711,0,1
75,2025-06-06,398,0,2
76,2025-06-06,642,0,0
77,2025-06-06,74,0,0
78,2025-06-06,157,200,1
79,2025-06-06,33,300,3
80,2025-06-06,132,0,0
81,2025-06-06,155,100,0
82,2025-06-06,186,0,0
83,2025-06-06,396,0,0
84,2025-06-06,106,100,1
85,2025-06-06,75,0,0
86,2025-06-06,219,0,0
87,2025-06-06,314,0,0
88,2025-06-06,298,0,4
89,2025-06-06,110,0,0
90,2025-06-06,233,0,1
91,2025-06-06,318,0,0
92,2025-06-06,234,0,1
93,2025-06-06,358,0,1
94,2025-06-06,436,0,1
95,2025-06-06,80,100,0
96,2025-06-06,103,250,1
97,2025-06-06,58,100,1
98,2025-06-06,129,100,0
99,2025-06-06,1139,0,0
100,2025-06-06,0,200,0
101,2025-06-06,160,100,1
102,2025-06-06,208,100,0
103,2025-06-06,1053,0,0
104,2025-06-06,54,400,0
105,2025-06-06,138,0,0
106,2025-06-06,1399,0,0
107,2025-06-06,44,100,0
108,2025-06-06,160,0,0
109,2025-06-06,327,0,0
110,2025-06-06,47,200,0
111,2025-06-06,352,0,3
112,2025-06-06,443,0,0
113,2025-06-06,60,0,0
114,2025-06-06,192,200,0
115,2025-06-06,166,0,0
116,2025-06-06,169,0,1
117,2025-06-06,393,0,0
118,2025-06-06,385,0,0
119,2025-06-06,267,0,3
120,2025-06-06,149,0,0
1,2025-06-07,70,300,0
2,2025-06-07,323,0,7
3,2025-06-07,0,300,0
4,2025-06-07,200,0,0
5,2025-06-07,73,0,0
6,2025-06-07,196,200,2
7,2025-06-07,1104,0,0
8,2025-06-07,1,300,0
9,2025-06-07,191,0,1
10,2025-06-07,89,200,0
11,2025-06-07,666,0,1
12,2025-06-07,229,0,0
13,2025-06-07,735,0,0
14,2025-06-07,106,200,0
15,2025-06-07,131,0,0
16,2025-06-07,674,0,1
17,2025-06-07,278,0,1
18,2025-06-07,467,0,0
19,2025-06-07,195,0,0
20,2025-06-07,109,200,0
21,2025-06-07,216,100,0
22,2025-06-07,246,0,0
23,2025-06-07,143,150,1
24,2025-06-07,304,0,1
25,2025-06-07,278,0,0
26,2025-06-07,765,0,0
27,2025-06-07,296,0,1
28,2025-06-07,234,0,1
29,2025-06-07,115,0,0
30,2025-06-07,515,0,0
31,2025-06-07,76,0,0
32,2025-06-07,415,0,0
33,2025-06-07,230,0,0
34,2025-06-07,322,0,0
35,2025-06-07,319,0,0
36,2025-06-07,456,0,0
37,2025-06-07,139,0,0
38,2025-06-07,103,0,1
39,2025-06-07,145,50,0
40,2025-06-07,128,100,1
41,2025-06-07,133,100,0
42,2025-06-07,98,50,0
43,2025-06-07,132,0,0
44,2025-06-07,726,0,0
45,2025-06-07,450,0,1
46,2025-06-07,299,500,3
47,2025-06-07,777,0,0
48,2025-06-07,349,0,2
49,2025-06-07,33,50,0
50,2025-06-07,1260,0,0
51,2025-06-07,91,200,1
52,2025-06-07,378,0,2
53,2025-06-07,60,50,0
54,2025-06-07,42,200,0
55,2025-06-07,125,200,1
56,2025-06-07,851,0,0
57,2025-06-07,111,150,0
58,2025-06-07,183,0,0
59,2025-06-07,207,0,0
60,2025-06-07,168,50,0
61,2025-06-07,266,0,1
62,2025-06-07,23,200,0
63,2025-06-07,79,100,0
64,2025-06-07,354,0,2
65,2025-06-07,170,100,1
66,2025-06-07,142,50,1
67,2025-06-07,131,500,0
68,2025-06-07,276,0,0
69,2025-06-07,308,0,0
70,2025-06-07,799,0,0
71,2025-06-07,70,150,1
72,2025-06-07,131,0,0
73,2025-06-07,402,0,0
74,2025-06-07,710,0,0
75,2025-06-07,388,0,0
76,2025-06-07,642,0,18
77,2025-06-07,72,0,0
78,2025-06-07,132,200,2
79,2025-06-07,15,300,2
80,2025-06-07,132,0,3
81,2025-06-07,136,100,1
82,2025-06-07,172,0,0
83,2025-06-07,378,0,1
84,2025-06-07,193,0,1
85,2025-06-07,72,0,0
86,2025-06-07,216,0,0
87,2025-06-07,305,0,0
88,2025-06-07,287,0,1
89,2025-06-07,107,0,0
90,2025-06-07,225,0,0
91,2025-06-07,310,0,0
92,2025-06-07,218,100,1
93,2025-06-07,344,0,1
94,2025-06-07,422,0,1
95,2025-06-07,73,100,0
96,2025-06-07,95,250,0
97,2025-06-07,48,100,1
98,2025-06-07,123,100,0
99,2025-06-07,1134,0,0
100,2025-06-07,0,200,0
101,2025-06-07,151,100,0
102,2025-06-07,287,0,2
103,2025-06-07,1050,0,0
104,2025-06-07,44,400,1
105,2025-06-07,135,0,0
106,2025-06-07,1397,0,0
107,2025-06-07,37,100,0
108,2025-06-07,149,0,0
109,2025-06-07,316,0,1
110,2025-06-07,137,100,1
111,2025-06-07,332,0,2
112,2025-06-07,442,0,0
113,2025-06-07,57,0,0
114,2025-06-07,178,200,1
115,2025-06-07,160,0,0
116,2025-06-07,163,200,0
117,2025-06-07,383,0,1
118,2025-06-07,377,0,0
119,2025-06-07,247,0,2
120,2025-06-07,143,0,0
1,2025-06-08,149,200,2
2,2025-06-08,307,0,1
3,2025-06-08,0,300,0
4,2025-06-08,196,0,0
5,2025-06-08,70,0,0
6,2025-06-08,181,200,1
7,2025-06-08,1104,0,25
8,2025-06-08,186,100,1
9,2025-06-08,185,0,0
10,2025-06-08,77,200,0
11,2025-06-08,658,0,0
12,2025-06-08,220,0,0
13,2025-06-08,714,0,2
14,2025-06-08,150,150,0
15,2025-06-08,129,0,0
16,2025-06-08,667,0,0
17,2025-06-08,260,0,1
18,2025-06-08,441,0,3
19,2025-06-08,190,0,0
20,2025-06-08,100,200,0
21,2025-06-08,209,100,0
22,2025-06-08,238,0,1
23,2025-06-08,132,200,1
24,2025-06-08,289,0,2
25,2025-06-08,265,100,1
26,2025-06-08,759,0,0
27,2025-06-08,291,0,0
28,2025-06-08,211,200,0
29,2025-06-08,114,0,0
30,2025-06-08,503,0,0
31,2025-06-08,73,0,0
32,2025-06-08,410,0,0
33,2025-06-08,221,0,1
34,2025-06-08,315,0,0
35,2025-06-08,314,0,0
36,2025-06-08,450,0,0
37,2025-06-08,135,0,0
38,2025-06-08,101,0,0
39,2025-06-08,138,50,0
40,2025-06-08,121,100,0
41,2025-06-08,124,100,0
42,2025-06-08,97,50,0
43,2025-06-08,126,0,0
44,2025-06-08,720,0,0
45,2025-06-08,428,0,2
46,2025-06-08,278,500,2
47,2025-06-08,763,0,2
48,2025-06-08,335,0,0
49,2025-06-08,31,50,0
50,2025-06-08,1252,0,1
51,2025-06-08,77,200,1
52,2025-06-08,350,0,1
53,2025-06-08,51,50,0
54,2025-06-08,32,200,0
55,2025-06-08,159,150,1
56,2025-06-08,842,0,1
57,2025-06-08,86,200,2
58,2025-06-08,178,50,0
59,2025-06-08,202,0,0
60,2025-06-08,157,50,1
61,2025-06-08,247,0,2
62,2025-06-08,17,200,0
63,2025-06-08,75,100,0
64,2025-06-08,336,0,0
65,2025-06-08,152,100,1
66,2025-06-08,138,100,0
67,2025-06-08,624,0,0
68,2025-06-08,270,0,0
69,2025-06-08,296,0,0
70,2025-06-08,792,0,0
71,2025-06-08,112,100,1
72,2025-06-08,124,0,0
73,2025-06-08,399,0,0
74,2025-06-08,702,0,0
75,2025-06-08,377,0,0
76,2025-06-08,626,0,2
77,2025-06-08,71,0,0
78,2025-06-08,112,200,1
79,2025-06-08,1,400,0
80,2025-06-08,128,0,0
81,2025-06-08,169,50,2
82,2025-06-08,158,0,0
83,2025-06-08,374,0,0
84,2025-06-08,190,100,0
85,2025-06-08,68,0,0
86,2025-06-08,207,0,0
87,2025-06-08,298,0,0
88,2025-06-08,273,0,0
89,2025-06-08,102,0,0
90,2025-06-08,217,0,0
91,2025-06-08,296,0,1
92,2025-06-08,201,100,1
93,2025-06-08,328,0,2
94,2025-06-08,393,0,3
95,2025-06-08,62,100,1
96,2025-06-08,77,250,2
97,2025-06-08,43,100,0
98,2025-06-08,214,0,0
99,2025-06-08,1130,0,0
100,2025-06-08,0,200,0
101,2025-06-08,135,100,2
102,2025-06-08,276,0,0
103,2025-06-08,1047,0,0
104,2025-06-08,230,200,0
105,2025-06-08,131,0,0
106,2025-06-08,1392,0,0
107,2025-06-08,32,100,0
108,2025-06-08,136,200,1
109,2025-06-08,313,0,0
110,2025-06-08,129,100,0
111,2025-06-08,315,0,2
112,2025-06-08,433,0,1
113,2025-06-08,57,0,1
114,2025-06-08,152,200,3
115,2025-06-08,152,0,0
116,2025-06-08,158,200,0
117,2025-06-08,375,0,0
118,2025-06-08,373,0,0
119,2025-06-08,233,100,0
120,2025-06-08,135,0,0
1,2025-06-09,137,200,1
2,2025-06-09,295,0,0
3,2025-06-09,39,300,1
4,2025-06-09,195,0,0
5,2025-06-09,67,0,0
6,2025-06-09,161,200,0
7,2025-06-09,1102,0,0
8,2025-06-09,169,200,2
9,2025-06-09,179,0,0
10,2025-06-09,71,200,0
11,2025-06-09,650,0,0
12,2025-06-09,207,0,1
13,2025-06-09,703,0,1
14,2025-06-09,142,150,0
15,2025-06-09,125,0,0
16,2025-06-09,662,0,0
17,2025-06-09,249,0,1
18,2025-06-09,430,0,1
19,2025-06-09,187,0,0
20,2025-06-09,89,200,0
21,2025-06-09,203,100,0
22,2025-06-09,236,0,0
23,2025-06-09,115,200,2
24,2025-06-09,267,0,2
25,2025-06-09,257,100,0
26,2025-06-09,756,0,0
27,2025-06-09,274,0,1
28,2025-06-09,195,200,0
29,2025-06-09,111,0,0
30,2025-06-09,502,0,0
31,2025-06-09,69,100,0
32,2025-06-09,406,0,0
33,2025-06-09,210,0,1
34,2025-06-09,307,0,0
35,2025-06-09,312,0,0
36,2025-06-09,445,0,0
37,2025-06-09,131,0,0
38,2025-06-09,97,0,0
39,2025-06-09,137,50,0
40,2025-06-09,107,100,1
41,2025-06-09,112,100,1
42,2025-06-09,87,50,1
43,2025-06-09,119,0,0
44,2025-06-09,717,0,0
45,2025-06-09,413,0,1
46,2025-06-09,261,500,1
47,2025-06-09,760,0,0
48,2025-06-09,328,0,0
49,2025-06-09,29,50,0
50,2025-06-09,1247,0,0
51,2025-06-09,59,400,2
52,2025-06-09,337,0,1
53,2025-06-09,51,50,1
54,2025-06-09,25,200,0
55,2025-06-09,141,150,1
56,2025-06-09,837,0,0
57,2025-06-09,74,200,1
58,2025-06-09,171,50,0
59,2025-06-09,198,0,0
60,2025-06-09,146,50,0
61,2025-06-09,241,0,0
62,2025-06-09,12,200,0
63,2025-06-09,70,100,0
64,2025-06-09,334,0,0
65,2025-06-09,144,100,0
66,2025-06-09,187,50,0
67,2025-06-09,614,0,1
68,2025-06-09,254,0,2
69,2025-06-09,288,0,0
70,2025-06-09,788,0,0
71,2025-06-09,99,100,1
72,2025-06-09,117,0,0
73,2025-06-09,394,0,0
74,2025-06-09,694,0,0
75,2025-06-09,357,0,1
76,2025-06-09,614,0,0
77,2025-06-09,70,0,0
78,2025-06-09,94,200,2
79,2025-06-09,0,400,0
80,2025-06-09,121,0,0
81,2025-06-09,162,100,0
82,2025-06-09,151,0,0
83,2025-06-09,371,0,0
84,2025-06-09,183,100,0
85,2025-06-09,67,0,0
86,2025-06-09,201,0,0
87,2025-06-09,295,0,0
88,2025-06-09,264,0,0
89,2025-06-09,97,500,0
90,2025-06-09,207,0,1
91,2025-06-09,285,0,1
92,2025-06-09,185,100,2
93,2025-06-09,308,0,2
94,2025-06-09,380,0,1
95,2025-06-09,49,200,0
96,2025-06-09,65,250,0
97,2025-06-09,37,100,0
98,2025-06-09,207,0,0
99,2025-06-09,1128,0,0
100,2025-06-09,0,200,0
101,2025-06-09,122,100,1
102,2025-06-09,264,0,1
103,2025-06-09,1045,0,0
104,2025-06-09,214,200,0
105,2025-06-09,123,0,0
106,2025-06-09,1390,0,0
107,2025-06-09,78,50,0
108,2025-06-09,129,200,0
109,2025-06-09,301,0,1
110,2025-06-09,122,100,0
111,2025-06-09,291,0,1
112,2025-06-09,425,0,0
113,2025-06-09,55,0,0
114,2025-06-09,149,200,0
115,2025-06-09,148,0,0
116,2025-06-09,151,200,0
117,2025-06-09,362,0,1
118,2025-06-09,360,0,1
119,2025-06-09,223,100,1
120,2025-06-09,129,0,0
1,2025-06-10,122,200,0
2,2025-06-10,277,0,1
3,2025-06-10,82,250,0
4,2025-06-10,191,0,0
5,2025-06-10,65,0,0
6,2025-06-10,159,200,0
7,2025-06-10,1100,0,0
8,2025-06-10,155,200,1
9,2025-06-10,174,0,0
10,2025-06-10,70,200,0
11,2025-06-10,639,0,0
12,2025-06-10,198,0,1
13,2025-06-10,694,0,0
14,2025-06-10,177,100,1
15,2025-06-10,122,0,0
16,2025-06-10,659,0,0
17,2025-06-10,237,0,1
18,2025-06-10,418,0,1
19,2025-06-10,181,0,0
20,2025-06-10,78,400,1
21,2025-06-10,193,100,0
22,2025-06-10,231,0,0
23,2025-06-10,109,250,0
24,2025-06-10,250,0,2
25,2025-06-10,241,100,1
26,2025-06-10,750,0,0
27,2025-06-10,262,500,1
28,2025-06-10,187,200,1
29,2025-06-10,110,0,0
30,2025-06-10,491,0,1
31,2025-06-10,69,100,1
32,2025-06-10,404,0,0
33,2025-06-10,205,0,0
34,2025-06-10,302,0,0
35,2025-06-10,309,0,0
36,2025-06-10,442,0,0
37,2025-06-10,127,0,0
38,2025-06-10,92,0,0
39,2025-06-10,123,50,1
40,2025-06-10,199,0,1
41,2025-06-10,102,100,0
42,2025-06-10,81,50,0
43,2025-06-10,114,0,0
44,2025-06-10,714,0,0
45,2025-06-10,399,0,1
46,2025-06-10,248,500,0
47,2025-06-10,755,0,0
48,2025-06-10,327,0,0
49,2025-06-10,28,50,0
50,2025-06-10,1247,0,12
51,2025-06-10,51,400,0
52,2025-06-10,315,0,1
53,2025-06-10,101,50,2
54,2025-06-10,16,200,0
55,2025-06-10,175,100,0
56,2025-06-10,835,0,0
57,2025-06-10,104,150,1
58,2025-06-10,163,50,0
59,2025-06-10,193,0,0
60,2025-06-10,137,50,0
61,2025-06-10,232,0,1
62,2025-06-10,11,200,0
63,2025-06-10,66,100,0
64,2025-06-10,318,0,1
65,2025-06-10,126,200,2
66,2025-06-10,231,0,0
67,2025-06-10,607,0,0
68,2025-06-10,246,0,1
69,2025-06-10,276,0,1
70,2025-06-10,785,0,0
71,2025-06-10,92,100,0
72,2025-06-10,111,0,0
73,2025-06-10,393,0,0
74,2025-06-10,687,0,0
75,2025-06-10,341,0,1
76,2025-06-10,607,0,0
77,2025-06-10,69,0,0
78,2025-06-10,284,200,0
79,2025-06-10,0,400,0
80,2025-06-10,118,0,0
81,2025-06-10,205,50,0
82,2025-06-10,143,50,0
83,2025-06-10,371,0,7
84,2025-06-10,172,100,1
85,2025-06-10,63,0,0
86,2025-06-10,195,0,0
87,2025-06-10,290,0,0
88,2025-06-10,257,0,0
89,2025-06-10,94,500,0
90,2025-06-10,201,200,0
91,2025-06-10,272,0,1
92,2025-06-10,172,100,0
93,2025-06-10,292,200,0
94,2025-06-10,350,0,3
95,2025-06-10,39,200,1
96,2025-06-10,49,250,1
97,2025-06-10,30,100,0
98,2025-06-10,199,0,0
99,2025-06-10,1125,0,0
100,2025-06-10,0,200,0
101,2025-06-10,158,50,1
102,2025-06-10,256,0,0
103,2025-06-10,1043,0,0
104,2025-06-10,198,200,1
105,2025-06-10,120,0,0
106,2025-06-10,1387,0,0
107,2025-06-10,74,100,0
108,2025-06-10,120,200,0
109,2025-06-10,285,0,1
110,2025-06-10,116,100,0
111,2025-06-10,276,0,1
112,2025-06-10,414,0,1
113,2025-06-10,52,0,0
114,2025-06-10,136,200,1
115,2025-06-10,140,0,1
116,2025-06-10,143,200,0
117,2025-06-10,353,0,1
118,2025-06-10,352,0,1
119,2025-06-10,209,100,1
120,2025-06-10,123,500,0
1,2025-06-11,116,200,0
2,2025-06-11,274,200,0
3,2025-06-11,114,200,1
4,2025-06-11,187,0,0
5,2025-06-11,63,0,0
6,2025-06-11,159,200,4
7,2025-06-11,1096,0,0
8,2025-06-11,155,200,4
9,2025-06-11,166,0,0
10,2025-06-11,64,200,0
11,2025-06-11,629,0,0
12,2025-06-11,188,0,1
13,2025-06-11,679,0,1
14,2025-06-11,214,50,1
15,2025-06-11,119,0,0
16,2025-06-11,655,0,0
17,2025-06-11,228,0,1
18,2025-06-11,410,0,0
19,2025-06-11,177,0,0
20,2025-06-11,78,400,1
21,2025-06-11,179,100,0
22,2025-06-11,228,0,0
23,2025-06-11,88,250,2
24,2025-06-11,238,100,1
25,2025-06-11,226,100,1
26,2025-06-11,744,0,0
27,2025-06-11,250,500,1
28,2025-06-11,175,200,0
29,2025-06-11,109,0,0
30,2025-06-11,478,0,1
31,2025-06-11,67,100,0
32,2025-06-11,401,0,0
33,2025-06-11,202,0,0
34,2025-06-11,298,0,0
35,2025-06-11,304,0,0
36,2025-06-11,436,0,0
37,2025-06-11,125,0,0
38,2025-06-11,89,0,0
39,2025-06-11,115,100,0
40,2025-06-11,186,100,1
41,2025-06-11,93,200,0
42,2025-06-11,75,50,0
43,2025-06-11,110,100,0
44,2025-06-11,711,0,0
45,2025-06-11,385,0,1
46,2025-06-11,234,500,1
47,2025-06-11,748,0,0
48,2025-06-11,318,0,0
49,2025-06-11,26,50,0
50,2025-06-11,1242,0,0
51,2025-06-11,34,400,1
52,2025-06-11,300,0,1
53,2025-06-11,100,50,0
54,2025-06-11,0,200,0
55,2025-06-11,162,150,1
56,2025-06-11,830,0,0
57,2025-06-11,93,200,0
58,2025-06-11,206,0,0
59,2025-06-11,191,0,0
60,2025-06-11,127,100,1
61,2025-06-11,222,0,0
62,2025-06-11,181,0,0
63,2025-06-11,116,50,2
64,2025-06-11,306,0,0
65,2025-06-11,122,200,0
66,2025-06-11,224,0,0
67,2025-06-11,599,0,0
68,2025-06-11,238,200,0
69,2025-06-11,269,0,0
70,2025-06-11,782,0,0
71,2025-06-11,85,100,0
72,2025-06-11,109,200,0
73,2025-06-11,393,0,11
74,2025-06-11,679,0,1
75,2025-06-11,332,0,0
76,2025-06-11,606,0,0
77,2025-06-11,67,0,0
78,2025-06-11,270,200,1
79,2025-06-11,0,400,0
80,2025-06-11,117,0,0
81,2025-06-11,241,0,0
82,2025-06-11,136,50,0
83,2025-06-11,364,0,0
84,2025-06-11,161,100,0
85,2025-06-11,60,200,0
86,2025-06-11,184,0,1
87,2025-06-11,285,0,0
88,2025-06-11,251,0,0
89,2025-06-11,590,0,0
90,2025-06-11,188,200,1
91,2025-06-11,258,0,1
92,2025-06-11,261,0,1
93,2025-06-11,284,200,1
94,2025-06-11,342,0,0
95,2025-06-11,29,200,1
96,2025-06-11,80,250,1
97,2025-06-11,21,150,1
98,2025-06-11,188,0,1
99,2025-06-11,1121,0,0
100,2025-06-11,0,200,0
101,2025-06-11,147,50,0
102,2025-06-11,244,0,0
103,2025-06-11,1040,0,0
104,2025-06-11,183,200,1
105,2025-06-11,115,0,0
106,2025-06-11,1385,0,0
107,2025-06-11,65,100,1
108,2025-06-11,313,0,0
109,2025-06-11,269,0,2
110,2025-06-11,103,200,1
111,2025-06-11,269,500,0
112,2025-06-11,404,0,1
113,2025-06-11,51,100,0
114,2025-06-11,126,200,0
115,2025-06-11,135,0,0
116,2025-06-11,132,200,0
117,2025-06-11,341,0,1
118,2025-06-11,341,0,1
119,2025-06-11,201,100,0
120,2025-06-11,118,500,0
1,2025-06-12,110,200,0
2,2025-06-12,262,200,1
3,2025-06-12,97,200,1
4,2025-06-12,184,0,0
5,2025-06-12,62,0,0
6,2025-06-12,139,200,2
7,2025-06-12,1094,0,0
8,2025-06-12,144,200,0
9,2025-06-12,162,0,0
10,2025-06-12,56,200,0
11,2025-06-12,618,0,1
12,2025-06-12,182,50,0
13,2025-06-12,664,0,0
14,2025-06-12,197,50,1
15,2025-06-12,115,0,0
16,2025-06-12,648,0,0
17,2025-06-12,217,0,1
18,2025-06-12,396,0,0
19,2025-06-12,172,0,0
20,2025-06-12,67,400,1
21,2025-06-12,271,0,0
22,2025-06-12,224,0,0
23,2025-06-12,66,250,2
24,2025-06-12,227,100,0
25,2025-06-12,204,100,1
26,2025-06-12,738,0,0
27,2025-06-12,234,500,1
28,2025-06-12,167,200,1
29,2025-06-12,106,0,0
30,2025-06-12,465,0,0
31,2025-06-12,132,0,0
32,2025-06-12,397,0,0
33,2025-06-12,190,0,0
34,2025-06-12,292,0,0
35,2025-06-12,301,0,0
36,2025-06-12,428,0,0
37,2025-06-12,123,0,0
38,2025-06-12,87,0,0
39,2025-06-12,102,100,1
40,2025-06-12,178,100,0
41,2025-06-12,82,200,1
42,2025-06-12,71,50,0
43,2025-06-12,106,100,0
44,2025-06-12,707,0,0
45,2025-06-12,370,0,1
46,2025-06-12,215,500,2
47,2025-06-12,741,0,0
48,2025-06-12,301,0,1
49,2025-06-12,24,50,0
50,2025-06-12,1238,0,0
51,2025-06-12,20,400,1
52,2025-06-12,279,200,0
53,2025-06-12,95,50,0
54,2025-06-12,0,200,0
55,2025-06-12,149,150,1
56,2025-06-12,823,0,0
57,2025-06-12,85,200,0
58,2025-06-12,197,0,0
59,2025-06-12,189,0,0
60,2025-06-12,116,100,1
61,2025-06-12,202,51,2
62,2025-06-12,174,0,0
63,2025-06-12,108,50,0
64,2025-06-12,286,200,2
65,2025-06-12,214,100,0
66,2025-06-12,213,0,0
67,2025-06-12,586,0,0
68,2025-06-12,219,200,2
69,2025-06-12,260,0,0
70,2025-06-12,780,0,0
71,2025-06-12,76,100,1
72,2025-06-12,104,200,0
73,2025-06-12,391,0,0
74,2025-06-12,673,0,0
75,2025-06-12,315,0,1
76,2025-06-12,598,0,1
77,2025-06-12,66,0,0
78,2025-06-12,258,200,0
79,2025-06-12,0,400,0
80,2025-06-12,116,0,0
81,2025-06-12,235,0,0
82,2025-06-12,132,50,0
83,2025-06-12,349,0,0
84,2025-06-12,152,100,0
85,2025-06-12,58,200,0
86,2025-06-12,176,0,0
87,2025-06-12,277,0,1
88,2025-06-12,238,0,1
89,2025-06-12,589,0,0
90,2025-06-12,183,200,0
91,2025-06-12,247,100,1
92,2025-06-12,252,0,1
93,2025-06-12,273,200,0
94,2025-06-12,329,0,0
95,2025-06-12,11,200,0
96,2025-06-12,74,250,0
97,2025-06-12,15,150,0
98,2025-06-12,178,100,1
99,2025-06-12,1120,0,0
100,2025-06-12,88,100,1
101,2025-06-12,137,100,0
102,2025-06-12,237,0,0
103,2025-06-12,1034,0,0
104,2025-06-12,166,200,2
105,2025-06-12,112,0,0
106,2025-06-12,1380,0,0
107,2025-06-12,59,100,0
108,2025-06-12,310,0,0
109,2025-06-12,264,0,0
110,2025-06-12,93,200,1
111,2025-06-12,265,500,0
112,2025-06-12,390,0,2
113,2025-06-12,51,100,0
114,2025-06-12,110,200,2
115,2025-06-12,128,0,0
116,2025-06-12,122,200,1
117,2025-06-12,341,0,7
118,2025-06-12,328,0,0
119,2025-06-12,291,0,1
120,2025-06-12,113,500,0
1,2025-06-13,110,200,2
2,2025-06-13,445,0,1
3,2025-06-13,95,200,0
4,2025-06-13,180,0,0
5,2025-06-13,59,0,0
6,2025-06-13,132,200,0
7,2025-06-13,1091,0,0
8,2025-06-13,135,200,0
9,2025-06-13,157,0,0
10,2025-06-13,46,200,1
11,2025-06-13,597,0,1
12,2025-06-13,164,50,1
13,2025-06-13,653,0,1
14,2025-06-13,179,100,1
15,2025-06-13,111,0,0
16,2025-06-13,646,0,0
17,2025-06-13,210,0,0
18,2025-06-13,377,0,2
19,2025-06-13,168,0,0
20,2025-06-13,249,200,2
21,2025-06-13,260,100,1
22,2025-06-13,221,0,0
23,2025-06-13,102,200,1
24,2025-06-13,215,100,1
25,2025-06-13,296,0,0
26,2025-06-13,735,0,0
27,2025-06-13,217,500,1
28,2025-06-13,158,200,0
29,2025-06-13,104,0,0
30,2025-06-13,453,0,1
31,2025-06-13,128,0,0
32,2025-06-13,392,0,0
33,2025-06-13,186,0,0
34,2025-06-13,283,0,0
35,2025-06-13,298,0,0
36,2025-06-13,420,0,1
37,2025-06-13,123,0,2
38,2025-06-13,83,0,0
39,2025-06-13,92,100,0
40,2025-06-13,169,100,0
41,2025-06-13,171,100,1
42,2025-06-13,65,100,0
43,2025-06-13,102,100,0
44,2025-06-13,699,0,1
45,2025-06-13,354,0,0
46,2025-06-13,198,500,1
47,2025-06-13,741,0,10
48,2025-06-13,286,0,1
49,2025-06-13,22,50,0
50,2025-06-13,1232,0,0
51,2025-06-13,210,200,0
52,2025-06-13,271,200,1
53,2025-06-13,92,50,0
54,2025-06-13,0,200,0
55,2025-06-13,140,150,1
56,2025-06-13,810,0,1
57,2025-06-13,118,150,2
58,2025-06-13,189,50,0
59,2025-06-13,187,0,0
60,2025-06-13,164,50,0
61,2025-06-13,187,101,1
62,2025-06-13,160,200,1
63,2025-06-13,103,50,0
64,2025-06-13,273,200,1
65,2025-06-13,202,100,1
66,2025-06-13,198,50,0
67,2025-06-13,578,0,0
68,2025-06-13,206,200,1
69,2025-06-13,250,0,1
70,2025-06-13,779,0,0
71,2025-06-13,74,150,0
72,2025-06-13,101,200,0
73,2025-06-13,388,0,0
74,2025-06-13,667,0,0
75,2025-06-13,305,0,1
76,2025-06-13,590,0,0
77,2025-06-13,65,0,0
78,2025-06-13,440,0,0
79,2025-06-13,0,400,0
80,2025-06-13,115,0,0
81,2025-06-13,224,0,0
82,2025-06-13,120,50,1
83,2025-06-13,342,0,0
84,2025-06-13,148,100,0
85,2025-06-13,56,200,0
86,2025-06-13,168,200,0
87,2025-06-13,269,0,1
88,2025-06-13,227,0,0
89,2025-06-13,586,0,0
90,2025-06-13,376,0,1
91,2025-06-13,236,100,0
92,2025-06-13,237,0,1
93,2025-06-13,264,200,1
94,2025-06-13,318,0,0
95,2025-06-13,5,200,0
96,2025-06-13,58,250,0
97,2025-06-13,8,150,0
98,2025-06-13,167,100,0
99,2025-06-13,1115,0,0
100,2025-06-13,81,100,0
101,2025-06-13,180,100,0
102,2025-06-13,230,0,0
103,2025-06-13,1033,0,0
104,2025-06-13,157,200,0
105,2025-06-13,109,0,0
106,2025-06-13,1375,0,0
107,2025-06-13,54,100,0
108,2025-06-13,305,0,0
109,2025-06-13,255,0,1
110,2025-06-13,86,200,0
111,2025-06-13,244,500,2
112,2025-06-13,383,0,0
113,2025-06-13,51,100,0
114,2025-06-13,264,0,2
115,2025-06-13,121,0,0
116,2025-06-13,119,200,0
117,2025-06-13,323,0,1
118,2025-06-13,321,0,0
119,2025-06-13,280,100,1
120,2025-06-13,607,0,0
1,2025-06-14,95,200,1
2,2025-06-14,438,0,0
3,2025-06-14,87,200,0
4,2025-06-14,174,0,0
5,2025-06-14,55,50,0
6,2025-06-14,121,200,1
7,2025-06-14,1089,0,0
8,2025-06-14,223,100,1
9,2025-06-14,155,0,0
10,2025-06-14,38,200,0
11,2025-06-14,582,0,1
12,2025-06-14,157,50,0
13,2025-06-14,637,0,1
14,2025-06-14,170,150,1
15,2025-06-14,108,0,0
16,2025-06-14,636,0,1
17,2025-06-14,210,0,6
18,2025-06-14,360,0,2
19,2025-06-14,163,0,0
20,2025-06-14,234,200,1
21,2025-06-14,250,100,0
22,2025-06-14,218,0,0
23,2025-06-14,86,200,0
24,2025-06-14,200,100,1
25,2025-06-14,287,0,1
26,2025-06-14,729,0,0
27,2025-06-14,702,0,1
28,2025-06-14,147,200,1
29,2025-06-14,98,0,0
30,2025-06-14,443,0,0
31,2025-06-14,128,0,2
32,2025-06-14,391,0,0
33,2025-06-14,174,0,0
34,2025-06-14,277,0,0
35,2025-06-14,297,0,0
36,2025-06-14,411,0,1
37,2025-06-14,120,0,0
38,2025-06-14,80,0,0
39,2025-06-14,142,50,3
40,2025-06-14,157,100,1
41,2025-06-14,161,100,1
42,2025-06-14,106,50,1
43,2025-06-14,98,100,0
44,2025-06-14,695,0,0
45,2025-06-14,338,0,2
46,2025-06-14,175,500,3
47,2025-06-14,731,0,1
48,2025-06-14,279,0,0
49,2025-06-14,19,50,0
50,2025-06-14,1229,0,0
51,2025-06-14,197,200,0
52,2025-06-14,249,200,2
53,2025-06-14,86,50,0
54,2025-06-14,0,200,0
55,2025-06-14,108,150,3
56,2025-06-14,803,0,0
57,2025-06-14,153,150,1
58,2025-06-14,183,50,0
59,2025-06-14,183,0,0
60,2025-06-14,153,50,1
61,2025-06-14,168,101,1
62,2025-06-14,149,200,1
63,2025-06-14,98,50,0
64,2025-06-14,256,200,1
65,2025-06-14,194,100,0
66,2025-06-14,186,50,1
67,2025-06-14,571,0,0
68,2025-06-14,199,200,0
69,2025-06-14,247,0,0
70,2025-06-14,778,0,0
71,2025-06-14,67,150,1
72,2025-06-14,98,200,0
73,2025-06-14,385,0,0
74,2025-06-14,660,0,1
75,2025-06-14,286,0,2
76,2025-06-14,575,0,2
77,2025-06-14,64,0,0
78,2025-06-14,418,0,3
79,2025-06-14,89,300,1
80,2025-06-14,111,0,0
81,2025-06-14,211,50,1
82,2025-06-14,164,0,0
83,2025-06-14,325,0,1
84,2025-06-14,136,100,1
85,2025-06-14,54,200,0
86,2025-06-14,158,200,1
87,2025-06-14,262,0,1
88,2025-06-14,216,0,1
89,2025-06-14,580,0,0
90,2025-06-14,364,0,1
91,2025-06-14,325,0,1
92,2025-06-14,226,0,0
93,2025-06-14,248,200,2
94,2025-06-14,308,0,0
95,2025-06-14,0,200,0
96,2025-06-14,49,250,1
97,2025-06-14,38,100,0
98,2025-06-14,159,100,0
99,2025-06-14,1112,0,0
100,2025-06-14,70,100,0
101,2025-06-14,172,100,1
102,2025-06-14,217,0,1
103,2025-06-14,1029,0,0
104,2025-06-14,147,200,0
105,2025-06-14,104,0,0
106,2025-06-14,1369,0,0
107,2025-06-14,43,100,1
108,2025-06-14,297,0,0
109,2025-06-14,244,0,1
110,2025-06-14,74,200,1
111,2025-06-14,724,0,2
112,2025-06-14,361,0,3
113,2025-06-14,149,0,0
114,2025-06-14,248,200,1
115,2025-06-14,118,100,0
116,2025-06-14,106,200,0
117,2025-06-14,311,0,1
118,2025-06-14,321,0,3
119,2025-06-14,273,100,0
120,2025-06-14,601,0,0
1,2025-06-15,83,200,1
2,2025-06-15,429,0,0
3,2025-06-15,75,250,1
4,2025-06-15,172,0,0
5,2025-06-15,51,50,0
6,2025-06-15,103,200,2
7,2025-06-15,1088,0,0
8,2025-06-15,217,100,0
9,2025-06-15,151,0,0
10,2025-06-15,22,200,2
11,2025-06-15,572,0,0
12,2025-06-15,148,50,0
13,2025-06-15,610,0,2
14,2025-06-15,153,150,0
15,2025-06-15,106,0,0
16,2025-06-15,636,0,9
17,2025-06-15,198,100,0
18,2025-06-15,335,0,3
19,2025-06-15,157,0,0
20,2025-06-15,217,200,1
21,2025-06-15,235,100,1
22,2025-06-15,212,0,0
23,2025-06-15,82,200,0
24,2025-06-15,184,100,1
25,2025-06-15,264,0,1
26,2025-06-15,716,0,1
27,2025-06-15,683,0,2
28,2025-06-15,340,0,0
29,2025-06-15,95,0,0
30,2025-06-15,430,0,1
31,2025-06-15,123,0,0
32,2025-06-15,386,0,0
33,2025-06-15,160,100,1
34,2025-06-15,268,0,0
35,2025-06-15,294,0,0
36,2025-06-15,405,0,0
37,2025-06-15,117,0,0
38,2025-06-15,76,0,0
39,2025-06-15,133,50,1
40,2025-06-15,145,100,1
41,2025-06-15,161,100,1
42,2025-06-15,101,50,0
43,2025-06-15,91,100,0
44,2025-06-15,690,0,0
45,2025-06-15,335,0,0
46,2025-06-15,157,500,2
47,2025-06-15,722,0,1
48,2025-06-15,265,0,1
49,2025-06-15,16,50,0
50,2025-06-15,1224,0,0
51,2025-06-15,185,200,1
52,2025-06-15,231,200,1
53,2025-06-15,80,50,0
54,2025-06-15,0,200,0
55,2025-06-15,129,100,2
56,2025-06-15,799,0,0
57,2025-06-15,148,150,0
58,2025-06-15,175,50,0
59,2025-06-15,181,0,0
60,2025-06-15,140,100,1
61,2025-06-15,152,101,2
62,2025-06-15,138,200,0
63,2025-06-15,92,100,0
64,2025-06-15,436,0,0
65,2025-06-15,175,100,2
66,2025-06-15,173,50,1
67,2025-06-15,560,0,1
68,2025-06-15,187,200,1
69,2025-06-15,242,0,0
70,2025-06-15,773,0,0
71,2025-06-15,104,100,0
72,2025-06-15,95,200,0
73,2025-06-15,381,0,0
74,2025-06-15,654,0,0
75,2025-06-15,269,500,2
76,2025-06-15,568,0,0
77,2025-06-15,62,0,0
78,2025-06-15,401,0,2
79,2025-06-15,169,200,1
80,2025-06-15,108,0,0
81,2025-06-15,198,50,1
82,2025-06-15,154,0,1
83,2025-06-15,316,0,0
84,2025-06-15,125,100,0
85,2025-06-15,52,200,0
86,2025-06-15,347,0,0
87,2025-06-15,257,0,0
88,2025-06-15,207,0,0
89,2025-06-15,576,0,0
90,2025-06-15,355,0,0
91,2025-06-15,314,0,1
92,2025-06-15,219,100,0
93,2025-06-15,425,0,0
94,2025-06-15,292,0,1
95,2025-06-15,0,200,0
96,2025-06-15,86,200,1
97,2025-06-15,33,100,0
98,2025-06-15,149,100,0
99,2025-06-15,1109,0,0
100,2025-06-15,59,200,0
101,2025-06-15,166,100,0
102,2025-06-15,206,0,0
103,2025-06-15,1026,0,0
104,2025-06-15,135,200,1
105,2025-06-15,99,0,0
106,2025-06-15,1365,0,0
107,2025-06-15,34,100,0
108,2025-06-15,289,0,0
109,2025-06-15,231,0,1
110,2025-06-15,61,200,1
111,2025-06-15,716,0,0
112,2025-06-15,350,0,1
113,2025-06-15,146,0,0
114,2025-06-15,234,200,1
115,2025-06-15,112,100,0
116,2025-06-15,97,200,1
117,2025-06-15,294,0,0
118,2025-06-15,312,0,1
119,2025-06-15,360,0,1
120,2025-06-15,593,0,0
1,2025-06-16,75,200,0
2,2025-06-16,420,0,1
3,2025-06-16,63,250,0
4,2025-06-16,167,0,0
5,2025-06-16,50,50,0
6,2025-06-16,92,400,0
7,2025-06-16,1086,0,0
8,2025-06-16,204,100,1
9,2025-06-16,143,0,1
10,2025-06-16,17,200,0
11,2025-06-16,549,0,1
12,2025-06-16,137,100,1
13,2025-06-16,603,0,0
14,2025-06-16,143,150,1
15,2025-06-16,105,0,0
16,2025-06-16,630,0,0
17,2025-06-16,285,0,1
18,2025-06-16,324,0,1
19,2025-06-16,152,0,0
20,2025-06-16,371,0,1
21,2025-06-16,215,100,2
22,2025-06-16,211,0,0
23,2025-06-16,62,250,2
24,2025-06-16,166,200,1
25,2025-06-16,233,100,3
26,2025-06-16,707,0,1
27,2025-06-16,669,0,1
28,2025-06-16,335,0,0
29,2025-06-16,94,0,0
30,2025-06-16,420,0,0
31,2025-06-16,118,0,0
32,2025-06-16,383,0,0
33,2025-06-16,150,100,0
34,2025-06-16,259,0,0
35,2025-06-16,294,0,8
36,2025-06-16,402,0,0
37,2025-06-16,112,0,0
38,2025-06-16,70,100,0
39,2025-06-16,121,50,1
40,2025-06-16,239,0,0
41,2025-06-16,150,100,0
42,2025-06-16,98,50,0
43,2025-06-16,86,100,0
44,2025-06-16,685,0,0
45,2025-06-16,316,0,2
46,2025-06-16,640,0,1
47,2025-06-16,714,0,0
48,2025-06-16,264,0,0
49,2025-06-16,14,50,0
50,2025-06-16,1224,0,29
51,2025-06-16,171,200,1
52,2025-06-16,222,200,1
53,2025-06-16,76,50,0
54,2025-06-16,194,0,0
55,2025-06-16,113,150,1
56,2025-06-16,796,0,0
57,2025-06-16,135,150,1
58,2025-06-16,166,50,1
59,2025-06-16,178,0,0
60,2025-06-16,167,50,0
61,2025-06-16,182,100,0
62,2025-06-16,133,200,0
63,2025-06-16,82,100,0
64,2025-06-16,430,0,0
65,2025-06-16,151,100,3
66,2025-06-16,165,50,0
67,2025-06-16,555,0,0
68,2025-06-16,171,200,0
69,2025-06-16,235,0,0
70,2025-06-16,769,0,0
71,2025-06-16,91,100,1
72,2025-06-16,89,200,0
73,2025-06-16,378,0,0
74,2025-06-16,646,0,0
75,2025-06-16,256,500,0
76,2025-06-16,552,0,1
77,2025-06-16,62,0,1
78,2025-06-16,379,0,1
79,2025-06-16,156,200,1
80,2025-06-16,105,0,0
81,2025-06-16,189,50,1
82,2025-06-16,145,50,0
83,2025-06-16,303,0,1
84,2025-06-16,122,100,0
85,2025-06-16,49,200,0
86,2025-06-16,338,0,0
87,2025-06-16,250,0,0
88,2025-06-16,200,0,0
89,2025-06-16,573,0,0
90,2025-06-16,342,0,0
91,2025-06-16,300,0,1
92,2025-06-16,207,100,1
93,2025-06-16,406,0,2
94,2025-06-16,286,0,0
95,2025-06-16,0,200,0
96,2025-06-16,70,200,2
97,2025-06-16,30,100,0
98,2025-06-16,136,100,0
99,2025-06-16,1105,0,0
100,2025-06-16,49,200,1
101,2025-06-16,157,100,1
102,2025-06-16,194,100,1
103,2025-06-16,1024,0,0
104,2025-06-16,131,200,0
105,2025-06-16,95,500,0
106,2025-06-16,1361,0,0
107,2025-06-16,26,100,0
108,2025-06-16,281,0,1
109,2025-06-16,222,0,0
110,2025-06-16,107,100,1
111,2025-06-16,705,0,1
112,2025-06-16,342,0,0
113,2025-06-16,142,0,0
114,2025-06-16,224,200,1
115,2025-06-16,105,100,0
116,2025-06-16,285,0,1
117,2025-06-16,281,0,0
118,2025-06-16,300,0,0
119,2025-06-16,336,0,2
120,2025-06-16,591,0,0
1,2025-06-17,65,200,1
2,2025-06-17,405,0,1
3,2025-06-17,37,300,2
4,2025-06-17,165,0,0
5,2025-06-17,48,50,0
6,2025-06-17,78,400,0
7,2025-06-17,1083,0,0
8,2025-06-17,192,100,1
9,2025-06-17,139,0,0
10,2025-06-17,8,300,0
11,2025-06-17,547,0,0
12,2025-06-17,181,50,0
13,2025-06-17,598,0,0
14,2025-06-17,134,150,0
15,2025-06-17,103,0,0
16,2025-06-17,622,0,1
17,2025-06-17,277,0,0
18,2025-06-17,314,0,1
19,2025-06-17,151,0,0
20,2025-06-17,354,0,2
21,2025-06-17,209,100,0
22,2025-06-17,208,0,0
23,2025-06-17,45,300,2
24,2025-06-17,149,200,1
25,2025-06-17,229,100,0
26,2025-06-17,700,0,0
27,2025-06-17,661,0,0
28,2025-06-17,323,0,1
29,2025-06-17,92,0,0
30,2025-06-17,413,0,0
31,2025-06-17,115,0,0
32,2025-06-17,381,0,0
33,2025-06-17,137,100,1
34,2025-06-17,253,0,0
35,2025-06-17,293,0,0
36,2025-06-17,398,0,0
37,2025-06-17,110,0,0
38,2025-06-17,66,100,0
39,2025-06-17,113,50,0
40,2025-06-17,226,0,1
41,2025-06-17,150,100,1
42,2025-06-17,91,50,0
43,2025-06-17,83,100,0
44,2025-06-17,680,0,0
45,2025-06-17,289,200,3
46,2025-06-17,629,0,1
47,2025-06-17,707,0,0
48,2025-06-17,256,0,1
49,2025-06-17,13,50,0
50,2025-06-17,1219,0,0
51,2025-06-17,165,200,0
52,2025-06-17,210,200,1
53,2025-06-17,69,50,0
54,2025-06-17,184,0,1
55,2025-06-17,154,100,0
56,2025-06-17,790,0,0
57,2025-06-17,118,150,1
58,2025-06-17,150,50,0
59,2025-06-17,172,0,0
60,2025-06-17,153,50,0
61,2025-06-17,176,100,0
62,2025-06-17,120,200,1
63,2025-06-17,77,100,0
64,2025-06-17,422,0,0
65,2025-06-17,140,200,1
66,2025-06-17,151,50,1
67,2025-06-17,546,0,0
68,2025-06-17,160,200,1
69,2025-06-17,224,0,0
70,2025-06-17,765,0,0
71,2025-06-17,83,100,1
72,2025-06-17,85,200,0
73,2025-06-17,377,0,0
74,2025-06-17,639,0,0
75,2025-06-17,244,500,0
76,2025-06-17,541,0,0
77,2025-06-17,60,0,0
78,2025-06-17,367,0,1
79,2025-06-17,144,200,0
80,2025-06-17,103,0,0
81,2025-06-17,172,100,1
82,2025-06-17,140,50,0
83,2025-06-17,290,0,1
84,2025-06-17,114,100,0
85,2025-06-17,46,200,0
86,2025-06-17,336,0,0
87,2025-06-17,239,0,0
88,2025-06-17,192,0,0
89,2025-06-17,568,0,0
90,2025-06-17,341,0,0
91,2025-06-17,290,0,0
92,2025-06-17,195,100,0
93,2025-06-17,394,0,1
94,2025-06-17,271,200,1
95,2025-06-17,0,200,0
96,2025-06-17,55,250,1
97,2025-06-17,26,150,0
98,2025-06-17,131,100,0
99,2025-06-17,1103,0,0
100,2025-06-17,42,200,0
101,2025-06-17,149,100,0
102,2025-06-17,184,100,1
103,2025-06-17,1021,0,0
104,2025-06-17,116,200,0
105,2025-06-17,91,500,0
106,2025-06-17,1357,0,0
107,2025-06-17,18,100,0
108,2025-06-17,275,0,0
109,2025-06-17,213,0,1
110,2025-06-17,105,100,0
111,2025-06-17,694,0,1
112,2025-06-17,335,0,0
113,2025-06-17,141,0,0
114,2025-06-17,218,200,0
115,2025-06-17,104,100,0
116,2025-06-17,277,0,0
117,2025-06-17,265,500,1
118,2025-06-17,293,0,0
119,2025-06-17,336,0,8
120,2025-06-17,585,0,0
1,2025-06-18,49,300,0
2,2025-06-18,398,0,0
3,2025-06-18,68,250,1
4,2025-06-18,162,0,0
5,2025-06-18,45,50,0
6,2025-06-18,69,400,0
7,2025-06-18,1080,0,0
8,2025-06-18,177,100,1
9,2025-06-18,139,0,3
10,2025-06-18,0,300,0
11,2025-06-18,539,0,1
12,2025-06-18,172,50,0
13,2025-06-18,581,0,1
14,2025-06-18,167,100,1
15,2025-06-18,101,0,0
16,2025-06-18,620,0,0
17,2025-06-18,268,0,1
18,2025-06-18,300,0,1
19,2025-06-18,146,0,0
20,2025-06-18,349,0,0
21,2025-06-18,195,100,1
22,2025-06-18,204,0,0
23,2025-06-18,26,300,1
24,2025-06-18,136,200,0
25,2025-06-18,226,100,0
26,2025-06-18,696,0,0
27,2025-06-18,652,0,1
28,2025-06-18,317,0,0
29,2025-06-18,89,0,0
30,2025-06-18,403,0,1
31,2025-06-18,112,0,0
32,2025-06-18,376,0,0
33,2025-06-18,136,100,0
34,2025-06-18,242,0,0
35,2025-06-18,289,0,0
36,2025-06-18,398,0,8
37,2025-06-18,107,0,0
38,2025-06-18,61,100,0
39,2025-06-18,109,50,0
40,2025-06-18,223,0,0
41,2025-06-18,238,0,0
42,2025-06-18,85,50,0
43,2025-06-18,77,100,0
44,2025-06-18,676,0,0
45,2025-06-18,275,200,1
46,2025-06-18,629,0,9
47,2025-06-18,705,0,0
48,2025-06-18,246,0,1
49,2025-06-18,13,50,0
50,2025-06-18,1215,0,0
51,2025-06-18,154,200,0
52,2025-06-18,201,200,1
53,2025-06-18,66,50,0
54,2025-06-18,181,0,0
55,2025-06-18,144,150,1
56,2025-06-18,782,0,0
57,2025-06-18,105,150,0
58,2025-06-18,137,50,1
59,2025-06-18,169,0,0
60,2025-06-18,143,50,0
61,2025-06-18,174,100,0
62,2025-06-18,112,200,1
63,2025-06-18,121,50,0
64,2025-06-18,407,0,1
65,2025-06-18,131,200,1
66,2025-06-18,143,50,0
67,2025-06-18,542,0,0
68,2025-06-18,143,200,1
69,2025-06-18,217,0,0
70,2025-06-18,758,0,1
71,2025-06-18,79,100,0
72,2025-06-18,277,0,0
73,2025-06-18,377,0,6
74,2025-06-18,632,0,0
75,2025-06-18,234,500,1
76,2025-06-18,528,0,1
77,2025-06-18,58,0,0
78,2025-06-18,343,0,2
79,2025-06-18,134,200,1
80,2025-06-18,102,0,0
81,2025-06-18,159,100,1
82,2025-06-18,133,50,0
83,2025-06-18,284,0,0
84,2025-06-18,107,100,0
85,2025-06-18,44,200,0
86,2025-06-18,332,0,0
87,2025-06-18,229,0,0
88,2025-06-18,184,0,0
89,2025-06-18,566,0,0
90,2025-06-18,326,0,1
91,2025-06-18,277,100,1
92,2025-06-18,285,0,0
93,2025-06-18,378,0,1
94,2025-06-18,261,200,0
95,2025-06-18,0,200,0
96,2025-06-18,44,300,1
97,2025-06-18,71,100,0
98,2025-06-18,125,100,0
99,2025-06-18,1100,0,0
100,2025-06-18,29,200,1
101,2025-06-18,140,100,0
102,2025-06-18,180,100,0
103,2025-06-18,1018,0,0
104,2025-06-18,107,200,1
105,2025-06-18,87,500,0
106,2025-06-18,1354,0,0
107,2025-06-18,65,50,0
108,2025-06-18,273,0,0
109,2025-06-18,204,0,1
110,2025-06-18,99,100,0
111,2025-06-18,674,0,0
112,2025-06-18,323,0,1
113,2025-06-18,140,0,0
114,2025-06-18,209,200,1
115,2025-06-18,99,100,0
116,2025-06-18,269,0,0
117,2025-06-18,249,500,1
118,2025-06-18,278,0,0
119,2025-06-18,323,0,0
120,2025-06-18,579,0,0
1,2025-06-19,43,300,0
2,2025-06-19,383,0,1
3,2025-06-19,55,250,1
4,2025-06-19,160,0,0
5,2025-06-19,41,50,0
6,2025-06-19,62,400,0
7,2025-06-19,1077,0,0
8,2025-06-19,159,100,2
9,2025-06-19,136,0,0
10,2025-06-19,0,300,0
11,2025-06-19,515,0,2
12,2025-06-19,162,50,1
13,2025-06-19,571,0,1
14,2025-06-19,200,50,1
15,2025-06-19,99,0,0
16,2025-06-19,619,0,0
17,2025-06-19,253,0,1
18,2025-06-19,296,0,0
19,2025-06-19,140,0,0
20,2025-06-19,339,0,1
21,2025-06-19,172,100,2
22,2025-06-19,203,0,0
23,2025-06-19,57,250,2
24,2025-06-19,121,200,0
25,2025-06-19,207,100,2
26,2025-06-19,689,0,0
27,2025-06-19,641,0,1
28,2025-06-19,314,0,0
29,2025-06-19,87,0,0
30,2025-06-19,392,0,0
31,2025-06-19,109,0,0
32,2025-06-19,373,0,0
33,2025-06-19,226,0,1
34,2025-06-19,236,0,0
35,2025-06-19,286,0,0
36,2025-06-19,393,0,0
37,2025-06-19,105,0,0
38,2025-06-19,57,100,0
39,2025-06-19,104,100,0
40,2025-06-19,215,0,0
41,2025-06-19,229,0,1
42,2025-06-19,77,50,1
43,2025-06-19,71,100,0
44,2025-06-19,671,0,0
45,2025-06-19,263,200,1
46,2025-06-19,616,0,0
47,2025-06-19,697,0,0
48,2025-06-19,234,0,0
49,2025-06-19,11,50,0
50,2025-06-19,1208,0,0
51,2025-06-19,145,200,1
52,2025-06-19,196,200,0
53,2025-06-19,57,50,0
54,2025-06-19,175,0,0
55,2025-06-19,123,200,2
56,2025-06-19,773,0,1
57,2025-06-19,87,200,1
58,2025-06-19,129,50,0
59,2025-06-19,166,0,0
60,2025-06-19,139,50,0
61,2025-06-19,202,50,1
62,2025-06-19,107,200,0
63,2025-06-19,116,50,0
64,2025-06-19,393,0,0
65,2025-06-19,121,200,1
66,2025-06-19,137,50,0
67,2025-06-19,531,0,1
68,2025-06-19,128,200,1
69,2025-06-19,206,0,0
70,2025-06-19,755,0,0
71,2025-06-19,69,100,1
72,2025-06-19,273,0,0
73,2025-06-19,374,0,0
74,2025-06-19,625,0,0
75,2025-06-19,715,0,2
76,2025-06-19,517,0,1
77,2025-06-19,56,0,0
78,2025-06-19,326,0,2
79,2025-06-19,105,300,2
80,2025-06-19,98,0,0
81,2025-06-19,145,100,0
82,2025-06-19,124,50,0
83,2025-06-19,276,0,0
84,2025-06-19,150,100,1
85,2025-06-19,42,200,0
86,2025-06-19,323,0,0
87,2025-06-19,223,0,0
88,2025-06-19,182,0,0
89,2025-06-19,562,0,0
90,2025-06-19,315,0,1
91,2025-06-19,265,100,1
92,2025-06-19,273,0,1
93,2025-06-19,369,0,1
94,2025-06-19,253,200,0
95,2025-06-19,0,200,0
96,2025-06-19,80,250,2
97,2025-06-19,65,100,0
98,2025-06-19,119,100,0
99,2025-06-19,1097,0,0
100,2025-06-19,29,200,0
101,2025-06-19,126,150,0
102,2025-06-19,262,0,2
103,2025-06-19,1017,0,0
104,2025-06-19,98,200,0
105,2025-06-19,82,500,0
106,2025-06-19,1349,0,0
107,2025-06-19,60,100,0
108,2025-06-19,270,0,0
109,2025-06-19,196,0,0
110,2025-06-19,96,100,0
111,2025-06-19,664,0,0
112,2025-06-19,314,0,1
113,2025-06-19,139,0,0
114,2025-06-19,200,200,0
115,2025-06-19,94,100,0
116,2025-06-19,261,0,0
117,2025-06-19,746,0,0
118,2025-06-19,266,0,1
119,2025-06-19,313,0,1
120,2025-06-19,572,0,0
1,2025-06-20,26,300,1
2,2025-06-20,373,0,1
3,2025-06-20,98,200,0
4,2025-06-20,158,0,0
5,2025-06-20,38,50,0
6,2025-06-20,248,200,1
7,2025-06-20,1075,0,0
8,2025-06-20,245,100,1
9,2025-06-20,132,0,0
10,2025-06-20,0,300,0
11,2025-06-20,512,0,0
12,2025-06-20,149,50,1
13,2025-06-20,554,0,1
14,2025-06-20,182,100,1
15,2025-06-20,96,0,0
16,2025-06-20,615,0,0
17,2025-06-20,243,0,1
18,2025-06-20,285,0,0
19,2025-06-20,134,0,0
20,2025-06-20,327,0,1
21,2025-06-20,161,100,1
22,2025-06-20,200,0,0
23,2025-06-20,36,250,2
24,2025-06-20,106,200,2
25,2025-06-20,189,100,1
26,2025-06-20,678,0,0
27,2025-06-20,633,0,0
28,2025-06-20,299,0,0
29,2025-06-20,85,0,0
30,2025-06-20,384,0,0
31,2025-06-20,107,0,0
32,2025-06-20,367,0,0
33,2025-06-20,214,0,0
34,2025-06-20,230,0,0
35,2025-06-20,283,0,0
36,2025-06-20,393,0,4
37,2025-06-20,103,0,0
38,2025-06-20,55,100,0
39,2025-06-20,143,50,1
40,2025-06-20,199,100,2
41,2025-06-20,217,0,0
42,2025-06-20,69,50,0
43,2025-06-20,68,100,0
44,2025-06-20,666,0,0
45,2025-06-20,457,0,0
46,2025-06-20,608,0,0
47,2025-06-20,689,0,0
48,2025-06-20,222,500,0
49,2025-06-20,9,50,0
50,2025-06-20,1207,0,0
51,2025-06-20,139,200,0
52,2025-06-20,185,200,1
53,2025-06-20,55,50,0
54,2025-06-20,165,0,1
55,2025-06-20,165,150,0
56,2025-06-20,759,0,2
57,2025-06-20,74,200,1
58,2025-06-20,121,100,0
59,2025-06-20,164,0,0
60,2025-06-20,133,100,0
61,2025-06-20,193,50,0
62,2025-06-20,100,200,0
63,2025-06-20,113,50,0
64,2025-06-20,372,0,2
65,2025-06-20,114,200,0
66,2025-06-20,177,50,1
67,2025-06-20,523,0,0
68,2025-06-20,126,200,0
69,2025-06-20,198,0,0
70,2025-06-20,755,0,17
71,2025-06-20,59,150,0
72,2025-06-20,268,0,0
73,2025-06-20,372,0,0
74,2025-06-20,621,0,0
75,2025-06-20,696,0,2
76,2025-06-20,508,0,0
77,2025-06-20,56,0,0
78,2025-06-20,321,0,0
79,2025-06-20,100,300,0
80,2025-06-20,96,0,0
81,2025-06-20,140,100,0
82,2025-06-20,153,50,0
83,2025-06-20,266,0,0
84,2025-06-20,141,100,1
85,2025-06-20,238,0,0
86,2025-06-20,320,0,0
87,2025-06-20,216,0,0
88,2025-06-20,177,0,0
89,2025-06-20,558,0,0
90,2025-06-20,305,0,1
91,2025-06-20,356,0,0
92,2025-06-20,253,0,2
93,2025-06-20,357,0,1
94,2025-06-20,236,200,1
95,2025-06-20,0,200,0
96,2025-06-20,105,200,1
97,2025-06-20,110,50,0
98,2025-06-20,111,100,0
99,2025-06-20,1093,0,0
100,2025-06-20,114,100,1
101,2025-06-20,118,150,1
102,2025-06-20,254,0,1
103,2025-06-20,1014,0,0
104,2025-06-20,83,200,0
105,2025-06-20,575,0,0
106,2025-06-20,1344,0,0
107,2025-06-20,55,100,0
108,2025-06-20,262,0,0
109,2025-06-20,186,500,0
110,2025-06-20,90,100,0
111,2025-06-20,646,0,2
112,2025-06-20,314,0,8
113,2025-06-20,136,0,0
114,2025-06-20,187,200,0
115,2025-06-20,94,100,2
116,2025-06-20,258,0,0
117,2025-06-20,745,0,0
118,2025-06-20,249,0,2
119,2025-06-20,307,0,0
120,2025-06-20,565,0,0
1,2025-06-21,4,300,1
2,2025-06-21,356,0,1
3,2025-06-21,133,150,1
4,2025-06-21,154,0,0
5,2025-06-21,35,50,0
6,2025-06-21,230,200,2
7,2025-06-21,1074,0,0
8,2025-06-21,229,100,1
9,2025-06-21,126,0,0
10,2025-06-21,188,100,0
11,2025-06-21,505,0,0
12,2025-06-21,184,50,0
13,2025-06-21,542,0,0
14,2025-06-21,168,100,1
15,2025-06-21,93,0,0
16,2025-06-21,610,0,0
17,2025-06-21,229,0,1
18,2025-06-21,275,0,1
19,2025-06-21,130,0,0
20,2025-06-21,322,0,0
21,2025-06-21,158,100,0
22,2025-06-21,194,0,0
23,2025-06-21,60,250,1
24,2025-06-21,95,200,1
25,2025-06-21,271,100,1
26,2025-06-21,673,0,0
27,2025-06-21,615,0,1
28,2025-06-21,293,0,0
29,2025-06-21,85,0,1
30,2025-06-21,373,0,1
31,2025-06-21,103,0,0
32,2025-06-21,364,0,0
33,2025-06-21,211,0,0
34,2025-06-21,218,0,1
35,2025-06-21,280,0,0
36,2025-06-21,389,0,0
37,2025-06-21,99,0,0
38,2025-06-21,48,100,0
39,2025-06-21,172,0,1
40,2025-06-21,185,100,1
41,2025-06-21,213,0,0
42,2025-06-21,62,50,0
43,2025-06-21,61,100,0
44,2025-06-21,662,0,0
45,2025-06-21,445,0,1
46,2025-06-21,582,0,3
47,2025-06-21,680,0,0
48,2025-06-21,204,500,2
49,2025-06-21,7,50,0
50,2025-06-21,1203,0,0
51,2025-06-21,122,200,1
52,2025-06-21,357,0,1
53,2025-06-21,99,0,0
54,2025-06-21,156,200,0
55,2025-06-21,183,100,2
56,2025-06-21,747,0,1
57,2025-06-21,107,150,1
58,2025-06-21,110,100,1
59,2025-06-21,160,0,0
60,2025-06-21,131,100,0
61,2025-06-21,185,100,1
62,2025-06-21,91,200,1
63,2025-06-21,109,50,0
64,2025-06-21,356,0,1
65,2025-06-21,101,200,1
66,2025-06-21,171,50,0
67,2025-06-21,513,0,1
68,2025-06-21,125,200,0
69,2025-06-21,190,500,0
70,2025-06-21,753,0,0
71,2025-06-21,102,100,0
72,2025-06-21,261,0,0
73,2025-06-21,370,0,0
74,2025-06-21,617,0,0
75,2025-06-21,683,0,0
76,2025-06-21,498,0,1
77,2025-06-21,54,0,0
78,2025-06-21,308,0,1
79,2025-06-21,84,300,2
80,2025-06-21,93,0,0
81,2025-06-21,130,100,1
82,2025-06-21,145,50,1
83,2025-06-21,257,0,0
84,2025-06-21,128,100,1
85,2025-06-21,235,0,0
86,2025-06-21,308,0,0
87,2025-06-21,207,0,1
88,2025-06-21,176,0,0
89,2025-06-21,552,0,0
90,2025-06-21,292,0,0
91,2025-06-21,347,0,0
92,2025-06-21,233,0,0
93,2025-06-21,336,0,1
94,2025-06-21,223,200,1
95,2025-06-21,0,200,0
96,2025-06-21,140,150,0
97,2025-06-21,105,50,0
98,2025-06-21,111,100,1
99,2025-06-21,1089,0,0
100,2025-06-21,98,100,1
101,2025-06-21,107,150,0
102,2025-06-21,243,0,1
103,2025-06-21,1009,0,0
104,2025-06-21,69,200,0
105,2025-06-21,571,0,0
106,2025-06-21,1344,0,20
107,2025-06-21,46,100,1
108,2025-06-21,252,0,1
109,2025-06-21,171,500,1
110,2025-06-21,90,200,2
111,2025-06-21,614,0,2
112,2025-06-21,307,0,0
113,2025-06-21,133,0,0
114,2025-06-21,181,200,0
115,2025-06-21,91,100,0
116,2025-06-21,252,0,0
117,2025-06-21,737,0,0
118,2025-06-21,243,0,0
119,2025-06-21,280,0,3
120,2025-06-21,560,0,0
1,2025-06-22,0,300,0
2,2025-06-22,344,0,0
3,2025-06-22,114,150,2
4,2025-06-22,142,0,1
5,2025-06-22,31,50,0
6,2025-06-22,209,200,2
7,2025-06-22,1072,0,0
8,2025-06-22,208,100,2
9,2025-06-22,119,0,0
10,2025-06-22,182,100,0
11,2025-06-22,493,0,1
12,2025-06-22,226,0,0
13,2025-06-22,531,0,0
14,2025-06-22,151,100,2
15,2025-06-22,90,0,0
16,2025-06-22,602,0,0
17,2025-06-22,216,0,1
18,2025-06-22,265,0,0
19,2025-06-22,128,0,0
20,2025-06-22,309,0,0
21,2025-06-22,144,100,1
22,2025-06-22,190,0,0
23,2025-06-22,51,250,1
24,2025-06-22,75,300,0
25,2025-06-22,261,100,0
26,2025-06-22,666,0,0
27,2025-06-22,596,0,0
28,2025-06-22,278,0,1
29,2025-06-22,81,0,0
30,2025-06-22,359,0,1
31,2025-06-22,100,0,0
32,2025-06-22,361,0,0
33,2025-06-22,202,0,0
34,2025-06-22,211,0,1
35,2025-06-22,277,0,0
36,2025-06-22,386,0,0
37,2025-06-22,94,0,0
38,2025-06-22,44,100,0
39,2025-06-22,160,50,0
40,2025-06-22,282,0,0
41,2025-06-22,206,0,0
42,2025-06-22,53,100,0
43,2025-06-22,58,100,0
44,2025-06-22,659,0,0
45,2025-06-22,424,0,1
46,2025-06-22,573,0,1
47,2025-06-22,671,0,0
48,2025-06-22,195,500,1
49,2025-06-22,4,50,0
50,2025-06-22,1198,0,0
51,2025-06-22,303,0,2
52,2025-06-22,348,0,0
53,2025-06-22,94,0,0
54,2025-06-22,148,200,0
55,2025-06-22,222,50,1
56,2025-06-22,743,0,0
57,2025-06-22,95,150,1
58,2025-06-22,102,100,0
59,2025-06-22,156,0,0
60,2025-06-22,120,100,1
61,2025-06-22,174,100,1
62,2025-06-22,84,200,1
63,2025-06-22,100,50,0
64,2025-06-22,339,0,1
65,2025-06-22,83,200,1
66,2025-06-22,211,0,0
67,2025-06-22,504,0,0
68,2025-06-22,117,200,1
69,2025-06-22,183,500,0
70,2025-06-22,747,0,0
71,2025-06-22,99,100,0
72,2025-06-22,259,0,0
73,2025-06-22,367,0,0
74,2025-06-22,610,0,0
75,2025-06-22,676,0,0
76,2025-06-22,492,0,0
77,2025-06-22,53,0,0
78,2025-06-22,297,0,1
79,2025-06-22,170,200,1
80,2025-06-22,89,0,0
81,2025-06-22,119,100,0
82,2025-06-22,138,50,0
83,2025-06-22,248,0,0
84,2025-06-22,228,0,6
85,2025-06-22,233,0,0
86,2025-06-22,297,0,0
87,2025-06-22,200,0,0
88,2025-06-22,164,0,1
89,2025-06-22,544,0,1
90,2025-06-22,286,0,0
91,2025-06-22,338,0,1
92,2025-06-22,217,100,0
93,2025-06-22,320,0,1
94,2025-06-22,208,200,1
95,2025-06-22,0,200,0
96,2025-06-22,182,100,0
97,2025-06-22,101,50,0
98,2025-06-22,105,100,0
99,2025-06-22,1088,0,0
100,2025-06-22,91,100,0
101,2025-06-22,145,100,1
102,2025-06-22,238,0,0
103,2025-06-22,1006,0,0
104,2025-06-22,58,200,0
105,2025-06-22,567,0,0
106,2025-06-22,1339,0,0
107,2025-06-22,40,100,0
108,2025-06-22,244,0,1
109,2025-06-22,150,500,2
110,2025-06-22,82,200,1
111,2025-06-22,594,0,1
112,2025-06-22,298,0,0
113,2025-06-22,130,0,0
114,2025-06-22,171,200,1
115,2025-06-22,86,100,0
116,2025-06-22,245,0,0
117,2025-06-22,730,0,0
118,2025-06-22,243,0,6
119,2025-06-22,264,100,0
120,2025-06-22,555,0,0
1,2025-06-23,0,300,0
2,2025-06-23,342,0,0
3,2025-06-23,95,200,0
4,2025-06-23,138,0,0
5,2025-06-23,78,0,0
6,2025-06-23,191,200,1
7,2025-06-23,1070,0,0
8,2025-06-23,191,100,1
9,2025-06-23,116,0,0
10,2025-06-23,173,100,1
11,2025-06-23,487,0,0
12,2025-06-23,225,0,0
13,2025-06-23,522,0,0
14,2025-06-23,124,150,2
15,2025-06-23,85,0,0
16,2025-06-23,594,0,0
17,2025-06-23,208,0,1
18,2025-06-23,256,0,1
19,2025-06-23,121,0,0
20,2025-06-23,296,200,1
21,2025-06-23,127,200,0
22,2025-06-23,187,0,0
23,2025-06-23,40,300,0
24,2025-06-23,56,300,1
25,2025-06-23,250,100,1
26,2025-06-23,660,0,0
27,2025-06-23,586,0,0
28,2025-06-23,265,0,1
29,2025-06-23,79,0,0
30,2025-06-23,343,0,1
31,2025-06-23,97,0,0
32,2025-06-23,357,0,0
33,2025-06-23,193,100,1
34,2025-06-23,205,0,0
35,2025-06-23,274,0,0
36,2025-06-23,378,0,0
37,2025-06-23,93,0,0
38,2025-06-23,40,100,0
39,2025-06-23,153,50,0
40,2025-06-23,272,0,0
41,2025-06-23,191,0,1
42,2025-06-23,47,100,0
43,2025-06-23,50,100,0
44,2025-06-23,654,0,0
45,2025-06-23,413,0,1
46,2025-06-23,573,0,17
47,2025-06-23,659,0,1
48,2025-06-23,193,500,0
49,2025-06-23,1,50,0
50,2025-06-23,1192,0,0
51,2025-06-23,286,0,1
52,2025-06-23,333,0,1
53,2025-06-23,89,50,0
54,2025-06-23,141,200,0
55,2025-06-23,209,50,1
56,2025-06-23,739,0,0
57,2025-06-23,84,200,1
58,2025-06-23,95,100,0
59,2025-06-23,153,0,0
60,2025-06-23,112,100,1
61,2025-06-23,163,100,0
62,2025-06-23,77,200,0
63,2025-06-23,95,50,0
64,2025-06-23,323,0,1
65,2025-06-23,71,200,1
66,2025-06-23,201,50,0
67,2025-06-23,498,0,0
68,2025-06-23,101,200,1
69,2025-06-23,676,0,0
70,2025-06-23,744,0,0
71,2025-06-23,91,100,1
72,2025-06-23,251,0,0
73,2025-06-23,366,0,0
74,2025-06-23,607,0,0
75,2025-06-23,674,0,0
76,2025-06-23,479,0,1
77,2025-06-23,52,0,0
78,2025-06-23,282,0,1
79,2025-06-23,155,200,2
80,2025-06-23,86,0,0
81,2025-06-23,159,100,1
82,2025-06-23,133,50,0
83,2025-06-23,238,0,0
84,2025-06-23,218,0,1
85,2025-06-23,231,0,0
86,2025-06-23,289,0,0
87,2025-06-23,199,0,0
88,2025-06-23,163,500,0
89,2025-06-23,542,0,0
90,2025-06-23,276,0,0
91,2025-06-23,323,0,1
92,2025-06-23,211,100,0
93,2025-06-23,306,0,1
94,2025-06-23,191,200,1
95,2025-06-23,93,100,0
96,2025-06-23,159,100,3
97,2025-06-23,101,50,2
98,2025-06-23,198,0,1
99,2025-06-23,1088,0,20
100,2025-06-23,83,100,0
101,2025-06-23,138,100,1
102,2025-06-23,237,0,0
103,2025-06-23,1003,0,0
104,2025-06-23,47,400,1
105,2025-06-23,564,0,0
106,2025-06-23,1334,0,0
107,2025-06-23,36,100,0
108,2025-06-23,234,0,1
109,2025-06-23,137,500,1
110,2025-06-23,76,200,0
111,2025-06-23,581,0,1
112,2025-06-23,278,0,2
113,2025-06-23,129,0,0
114,2025-06-23,156,200,1
115,2025-06-23,81,100,0
116,2025-06-23,233,0,0
117,2025-06-23,718,0,1
118,2025-06-23,230,200,1
119,2025-06-23,259,100,0
120,2025-06-23,554,0,0
1,2025-06-24,0,300,0
2,2025-06-24,322,0,1
3,2025-06-24,85,200,1
4,2025-06-24,135,0,0
5,2025-06-24,77,0,0
6,2025-06-24,181,200,1
7,2025-06-24,1068,0,0
8,2025-06-24,175,100,2
9,2025-06-24,116,0,1
10,2025-06-24,164,100,1
11,2025-06-24,480,0,0
12,2025-06-24,209,0,0
13,2025-06-24,498,0,3
14,2025-06-24,114,150,0
15,2025-06-24,85,0,1
16,2025-06-24,588,0,0
17,2025-06-24,199,0,1
18,2025-06-24,239,0,2
19,2025-06-24,116,0,0
20,2025-06-24,280,200,0
21,2025-06-24,118,200,1
22,2025-06-24,182,0,0
23,2025-06-24,25,300,1
24,2025-06-24,42,300,0
25,2025-06-24,242,100,0
26,2025-06-24,653,0,0
27,2025-06-24,572,0,1
28,2025-06-24,255,0,0
29,2025-06-24,77,0,0
30,2025-06-24,335,0,0
31,2025-06-24,94,0,0
32,2025-06-24,356,0,0
33,2025-06-24,181,100,0
34,2025-06-24,201,0,0
35,2025-06-24,274,0,3
36,2025-06-24,370,0,1
37,2025-06-24,92,0,0
38,2025-06-24,38,100,0
39,2025-06-24,143,50,1
40,2025-06-24,259,0,1
41,2025-06-24,189,0,0
42,2025-06-24,44,100,0
43,2025-06-24,47,100,0
44,2025-06-24,648,0,0
45,2025-06-24,387,0,2
46,2025-06-24,568,0,0
47,2025-06-24,643,0,1
48,2025-06-24,185,500,1
49,2025-06-24,0,50,0
50,2025-06-24,1190,0,0
51,2025-06-24,275,0,0
52,2025-06-24,319,0,0
53,2025-06-24,86,50,0
54,2025-06-24,132,200,0
55,2025-06-24,200,100,1
56,2025-06-24,735,0,0
57,2025-06-24,71,200,1
58,2025-06-24,84,100,0
59,2025-06-24,150,0,0
60,2025-06-24,153,50,0
61,2025-06-24,176,100,1
62,2025-06-24,68,200,1
63,2025-06-24,92,50,0
64,2025-06-24,316,0,0
65,2025-06-24,63,200,0
66,2025-06-24,188,50,1
67,2025-06-24,488,0,1
68,2025-06-24,87,200,1
69,2025-06-24,666,0,0
70,2025-06-24,742,0,0
71,2025-06-24,76,150,1
72,2025-06-24,245,0,0
73,2025-06-24,363,0,0
74,2025-06-24,603,0,0
75,2025-06-24,655,0,1
76,2025-06-24,469,0,0
77,2025-06-24,52,0,1
78,2025-06-24,275,0,0
79,2025-06-24,146,200,0
80,2025-06-24,86,0,2
81,2025-06-24,148,100,1
82,2025-06-24,178,0,0
83,2025-06-24,228,0,0
84,2025-06-24,201,0,1
85,2025-06-24,228,0,0
86,2025-06-24,289,0,5
87,2025-06-24,194,0,0
88,2025-06-24,152,500,1
89,2025-06-24,538,0,0
90,2025-06-24,263,0,1
91,2025-06-24,308,0,2
92,2025-06-24,206,100,0
93,2025-06-24,292,200,1
94,2025-06-24,376,0,0
95,2025-06-24,80,100,1
96,2025-06-24,130,150,2
97,2025-06-24,93,50,0
98,2025-06-24,189,0,0
99,2025-06-24,1084,0,0
100,2025-06-24,176,0,0
101,2025-06-24,132,100,0
102,2025-06-24,227,0,0
103,2025-06-24,1000,0,0
104,2025-06-24,42,400,0
105,2025-06-24,558,0,0
106,2025-06-24,1329,0,0
107,2025-06-24,32,100,0
108,2025-06-24,225,0,1
109,2025-06-24,629,0,0
110,2025-06-24,70,200,0
111,2025-06-24,561,0,1
112,2025-06-24,268,0,0
113,2025-06-24,124,0,0
114,2025-06-24,147,200,0
115,2025-06-24,79,100,0
116,2025-06-24,226,0,0
117,2025-06-24,701,0,2
118,2025-06-24,224,200,0
119,2025-06-24,354,0,0
120,2025-06-24,548,0,0
1,2025-06-25,0,300,0
2,2025-06-25,311,0,1
3,2025-06-25,71,250,1
4,2025-06-25,134,0,0
5,2025-06-25,76,0,0
6,2025-06-25,173,200,1
7,2025-06-25,1067,0,0
8,2025-06-25,160,200,0
9,2025-06-25,111,0,0
10,2025-06-25,232,0,1
11,2025-06-25,472,0,0
12,2025-06-25,202,50,0
13,2025-06-25,486,0,0
14,2025-06-25,99,150,1
15,2025-06-25,81,0,0
16,2025-06-25,582,0,0
17,2025-06-25,187,100,1
18,2025-06-25,228,0,1
19,2025-06-25,114,0,0
20,2025-06-25,261,200,2
21,2025-06-25,114,200,0
22,2025-06-25,180,0,0
23,2025-06-25,12,300,0
24,2025-06-25,28,300,1
25,2025-06-25,228,100,1
26,2025-06-25,649,0,0
27,2025-06-25,553,0,0
28,2025-06-25,249,0,0
29,2025-06-25,75,0,0
30,2025-06-25,320,0,2
31,2025-06-25,88,0,0
32,2025-06-25,351,0,0
33,2025-06-25,177,100,0
34,2025-06-25,193,0,1
35,2025-06-25,272,0,0
36,2025-06-25,365,0,0
37,2025-06-25,89,0,0
38,2025-06-25,132,0,0
39,2025-06-25,135,50,1
40,2025-06-25,259,0,5
41,2025-06-25,188,0,0
42,2025-06-25,39,100,0
43,2025-06-25,39,100,0
44,2025-06-25,645,0,0
45,2025-06-25,375,0,0
46,2025-06-25,549,0,1
47,2025-06-25,636,0,0
48,2025-06-25,164,500,1
49,2025-06-25,0,50,0
50,2025-06-25,1184,0,0
51,2025-06-25,263,0,1
52,2025-06-25,299,200,1
53,2025-06-25,79,50,0
54,2025-06-25,123,200,0
55,2025-06-25,184,100,1
56,2025-06-25,732,0,0
57,2025-06-25,66,200,0
58,2025-06-25,83,150,0
59,2025-06-25,148,0,0
60,2025-06-25,138,50,2
61,2025-06-25,163,100,1
62,2025-06-25,61,200,1
63,2025-06-25,85,100,0
64,2025-06-25,298,0,2
65,2025-06-25,48,200,1
66,2025-06-25,228,0,1
67,2025-06-25,476,0,1
68,2025-06-25,82,200,0
69,2025-06-25,658,0,0
70,2025-06-25,736,0,0
71,2025-06-25,66,150,1
72,2025-06-25,240,0,0
73,2025-06-25,362,0,0
74,2025-06-25,594,0,1
75,2025-06-25,646,0,0
76,2025-06-25,454,0,1
77,2025-06-25,50,0,0
78,2025-06-25,267,0,0
79,2025-06-25,111,200,5
80,2025-06-25,85,0,0
81,2025-06-25,138,150,1
82,2025-06-25,171,0,0
83,2025-06-25,219,0,0
84,2025-06-25,185,0,2
85,2025-06-25,225,0,0
86,2025-06-25,283,0,0
87,2025-06-25,188,0,0
88,2025-06-25,143,500,0
89,2025-06-25,533,0,0
90,2025-06-25,251,0,1
91,2025-06-25,295,0,1
92,2025-06-25,193,100,1
93,2025-06-25,280,200,1
94,2025-06-25,366,0,1
95,2025-06-25,77,100,0
96,2025-06-25,110,200,1
97,2025-06-25,90,50,0
98,2025-06-25,180,0,0
99,2025-06-25,1081,0,0
100,2025-06-25,172,0,0
101,2025-06-25,118,100,0
102,2025-06-25,223,0,0
103,2025-06-25,998,0,0
104,2025-06-25,225,200,1
105,2025-06-25,557,0,0
106,2025-06-25,1325,0,0
107,2025-06-25,25,100,0
108,2025-06-25,214,0,1
109,2025-06-25,619,0,1
110,2025-06-25,63,200,0
111,2025-06-25,553,0,0
112,2025-06-25,260,0,0
113,2025-06-25,124,0,3
114,2025-06-25,136,200,0
115,2025-06-25,74,100,0
116,2025-06-25,218,0,0
117,2025-06-25,690,0,0
118,2025-06-25,413,0,0
119,2025-06-25,341,0,1
120,2025-06-25,547,0,0
1,2025-06-26,0,300,0
2,2025-06-26,293,0,2
3,2025-06-26,108,200,0
4,2025-06-26,130,0,0
5,2025-06-26,74,0,0
6,2025-06-26,353,0,0
7,2025-06-26,1066,0,0
8,2025-06-26,144,200,1
9,2025-06-26,108,200,0
10,2025-06-26,219,0,1
11,2025-06-26,458,0,1
12,2025-06-26,238,0,1
13,2025-06-26,476,0,1
14,2025-06-26,85,150,1
15,2025-06-26,78,100,0
16,2025-06-26,581,0,0
17,2025-06-26,177,100,0
18,2025-06-26,214,500,1
19,2025-06-26,109,0,0
20,2025-06-26,452,0,0
21,2025-06-26,174,100,1
22,2025-06-26,176,0,0
23,2025-06-26,0,300,0
24,2025-06-26,16,300,0
25,2025-06-26,311,0,2
26,2025-06-26,644,0,0
27,2025-06-26,542,0,1
28,2025-06-26,240,200,0
29,2025-06-26,75,0,1
30,2025-06-26,305,0,1
31,2025-06-26,86,0,0
32,2025-06-26,346,0,0
33,2025-06-26,225,0,2
34,2025-06-26,181,0,0
35,2025-06-26,269,0,0
36,2025-06-26,358,0,1
37,2025-06-26,86,0,0
38,2025-06-26,128,0,0
39,2025-06-26,122,100,1
40,2025-06-26,250,0,1
41,2025-06-26,176,100,1
42,2025-06-26,84,50,0
43,2025-06-26,38,100,0
44,2025-06-26,639,0,0
45,2025-06-26,375,0,7
46,2025-06-26,531,0,2
47,2025-06-26,625,0,1
48,2025-06-26,151,500,1
49,2025-06-26,0,50,0
50,2025-06-26,1176,0,1
51,2025-06-26,245,0,2
52,2025-06-26,283,200,1
53,2025-06-26,121,0,0
54,2025-06-26,107,200,1
55,2025-06-26,175,100,0
56,2025-06-26,728,0,0
57,2025-06-26,50,250,1
58,2025-06-26,132,100,0
59,2025-06-26,146,0,0
60,2025-06-26,133,100,0
61,2025-06-26,153,100,1
62,2025-06-26,56,200,0
63,2025-06-26,79,100,0
64,2025-06-26,281,0,1
65,2025-06-26,28,300,2
66,2025-06-26,218,0,1
67,2025-06-26,472,0,0
68,2025-06-26,70,200,0
69,2025-06-26,645,0,1
70,2025-06-26,733,0,0
71,2025-06-26,57,150,0
72,2025-06-26,232,0,0
73,2025-06-26,360,0,0
74,2025-06-26,586,0,1
75,2025-06-26,631,0,1
76,2025-06-26,444,0,1
77,2025-06-26,49,0,0
78,2025-06-26,257,200,1
79,2025-06-26,199,100,1
80,2025-06-26,82,0,0
81,2025-06-26,176,100,1
82,2025-06-26,168,0,0
83,2025-06-26,212,0,0
84,2025-06-26,180,0,0
85,2025-06-26,224,0,0
86,2025-06-26,274,0,1
87,2025-06-26,184,0,0
88,2025-06-26,134,500,1
89,2025-06-26,527,0,0
90,2025-06-26,249,0,0
91,2025-06-26,285,0,0
92,2025-06-26,288,0,0
93,2025-06-26,272,200,1
94,2025-06-26,350,0,1
95,2025-06-26,68,100,0
96,2025-06-26,99,200,1
97,2025-06-26,130,0,0
98,2025-06-26,175,100,0
99,2025-06-26,1078,0,0
100,2025-06-26,165,0,1
101,2025-06-26,112,100,0
102,2025-06-26,212,0,1
103,2025-06-26,995,0,0
104,2025-06-26,217,200,0
105,2025-06-26,554,0,0
106,2025-06-26,1320,0,0
107,2025-06-26,18,100,0
108,2025-06-26,209,0,0
109,2025-06-26,605,0,1
110,2025-06-26,55,200,0
111,2025-06-26,535,0,2
112,2025-06-26,254,0,0
113,2025-06-26,122,0,0
114,2025-06-26,129,200,0
115,2025-06-26,72,100,0
116,2025-06-26,211,0,0
117,2025-06-26,680,0,1
118,2025-06-26,400,0,1
119,2025-06-26,330,0,0
120,2025-06-26,541,0,0
1,2025-06-27,0,300,0
2,2025-06-27,276,0,1
3,2025-06-27,84,200,3
4,2025-06-27,130,0,1
5,2025-06-27,71,0,0
6,2025-06-27,335,0,2
7,2025-06-27,1065,0,0
8,2025-06-27,132,200,1
9,2025-06-27,106,200,0
10,2025-06-27,210,100,1
11,2025-06-27,451,0,0
12,2025-06-27,226,0,1
13,2025-06-27,460,0,1
14,2025-06-27,73,200,1
15,2025-06-27,74,100,0
16,2025-06-27,577,0,0
17,2025-06-27,170,100,0
18,2025-06-27,691,0,2
19,2025-06-27,103,0,0
20,2025-06-27,438,0,1
21,2025-06-27,163,100,1
22,2025-06-27,169,0,0
23,2025-06-27,0,300,0
24,2025-06-27,5,300,1
25,2025-06-27,305,0,0
26,2025-06-27,639,0,0
27,2025-06-27,530,0,0
28,2025-06-27,232,200,0
29,2025-06-27,72,0,0
30,2025-06-27,293,0,1
31,2025-06-27,84,0,0
32,2025-06-27,343,0,0
33,2025-06-27,216,0,0
34,2025-06-27,175,0,0
35,2025-06-27,267,0,0
36,2025-06-27,345,0,1
37,2025-06-27,85,0,0
38,2025-06-27,128,0,2
39,2025-06-27,112,100,0
40,2025-06-27,235,0,1
41,2025-06-27,167,100,0
42,2025-06-27,83,50,0
43,2025-06-27,33,100,0
44,2025-06-27,635,0,0
45,2025-06-27,355,0,0
46,2025-06-27,522,0,1
47,2025-06-27,616,0,1
48,2025-06-27,139,500,0
49,2025-06-27,49,0,0
50,2025-06-27,1173,0,0
51,2025-06-27,231,0,1
52,2025-06-27,283,200,3
53,2025-06-27,114,0,1
54,2025-06-27,102,200,0
55,2025-06-27,246,0,0
56,2025-06-27,726,0,0
57,2025-06-27,31,250,1
58,2025-06-27,124,100,0
59,2025-06-27,143,0,0
60,2025-06-27,122,100,1
61,2025-06-27,139,100,1
62,2025-06-27,51,200,0
63,2025-06-27,74,100,0
64,2025-06-27,261,200,1
65,2025-06-27,18,300,1
66,2025-06-27,203,0,1
67,2025-06-27,464,0,1
68,2025-06-27,60,400,1
69,2025-06-27,633,0,0
70,2025-06-27,730,0,0
71,2025-06-27,46,150,0
72,2025-06-27,228,0,0
73,2025-06-27,357,0,0
74,2025-06-27,578,0,0
75,2025-06-27,620,0,1
76,2025-06-27,439,0,0
77,2025-06-27,47,0,0
78,2025-06-27,237,200,2
79,2025-06-27,184,100,1
80,2025-06-27,81,0,0
81,2025-06-27,162,100,1
82,2025-06-27,159,50,1
83,2025-06-27,200,500,0
84,2025-06-27,172,0,0
85,2025-06-27,224,0,3
86,2025-06-27,263,0,0
87,2025-06-27,179,0,0
88,2025-06-27,628,0,0
89,2025-06-27,519,0,0
90,2025-06-27,237,0,0
91,2025-06-27,272,100,0
92,2025-06-27,282,0,0
93,2025-06-27,265,200,0
94,2025-06-27,334,0,0
95,2025-06-27,64,200,0
96,2025-06-27,82,250,1
97,2025-06-27,122,50,0
98,2025-06-27,160,100,0
99,2025-06-27,1074,0,0
100,2025-06-27,154,0,0
101,2025-06-27,105,100,0
102,2025-06-27,211,100,0
103,2025-06-27,992,0,0
104,2025-06-27,203,200,1
105,2025-06-27,549,0,0
106,2025-06-27,1315,0,0
107,2025-06-27,66,100,0
108,2025-06-27,200,0,0
109,2025-06-27,601,0,0
110,2025-06-27,45,200,0
111,2025-06-27,516,0,1
112,2025-06-27,249,0,0
113,2025-06-27,119,0,0
114,2025-06-27,125,200,0
115,2025-06-27,67,100,0
116,2025-06-27,202,0,1
117,2025-06-27,669,0,0
118,2025-06-27,391,0,0
119,2025-06-27,316,0,0
120,2025-06-27,534,0,0
1,2025-06-28,0,300,0
2,2025-06-28,261,0,1
3,2025-06-28,121,150,0
4,2025-06-28,122,0,0
5,2025-06-28,68,0,0
6,2025-06-28,320,0,1
7,2025-06-28,1061,0,0
8,2025-06-28,219,100,0
9,2025-06-28,105,200,0
10,2025-06-28,201,100,0
11,2025-06-28,449,0,0
12,2025-06-28,214,0,0
13,2025-06-28,455,0,0
14,2025-06-28,117,200,0
15,2025-06-28,171,0,0
16,2025-06-28,568,0,0
17,2025-06-28,165,100,0
18,2025-06-28,679,0,1
19,2025-06-28,97,0,0
20,2025-06-28,418,0,1
21,2025-06-28,144,100,2
22,2025-06-28,163,0,0
23,2025-06-28,28,300,2
24,2025-06-28,0,300,0
25,2025-06-28,289,0,2
26,2025-06-28,631,0,0
27,2025-06-28,519,0,1
28,2025-06-28,421,0,1
29,2025-06-28,70,0,0
30,2025-06-28,279,0,1
31,2025-06-28,81,0,0
32,2025-06-28,340,0,0
33,2025-06-28,214,0,0
34,2025-06-28,167,0,0
35,2025-06-28,265,0,0
36,2025-06-28,339,0,0
37,2025-06-28,84,0,0
38,2025-06-28,124,0,0
39,2025-06-28,105,100,0
40,2025-06-28,229,0,0
41,2025-06-28,213,0,0
42,2025-06-28,82,50,0
43,2025-06-28,28,100,0
44,2025-06-28,630,0,0
45,2025-06-28,339,0,1
46,2025-06-28,506,0,1
47,2025-06-28,611,0,0
48,2025-06-28,122,500,1
49,2025-06-28,47,50,0
50,2025-06-28,1168,0,0
51,2025-06-28,219,200,0
52,2025-06-28,265,200,1
53,2025-06-28,110,0,0
54,2025-06-28,93,200,0
55,2025-06-28,232,50,1
56,2025-06-28,715,0,0
57,2025-06-28,22,250,0
58,2025-06-28,124,100,2
59,2025-06-28,142,0,0
60,2025-06-28,159,50,0
61,2025-06-28,178,100,0
62,2025-06-28,43,200,0
63,2025-06-28,111,50,0
64,2025-06-28,245,200,1
65,2025-06-28,10,300,0
66,2025-06-28,197,0,0
67,2025-06-28,457,0,0
68,2025-06-28,246,200,0
69,2025-06-28,619,0,2
70,2025-06-28,726,0,0
71,2025-06-28,42,150,0
72,2025-06-28,223,0,0
73,2025-06-28,355,0,0
74,2025-06-28,573,0,0
75,2025-06-28,606,0,1
76,2025-06-28,428,0,0
77,2025-06-28,45,0,0
78,2025-06-28,223,200,1
79,2025-06-28,173,100,0
80,2025-06-28,78,0,0
81,2025-06-28,157,100,0
82,2025-06-28,151,50,0
83,2025-06-28,200,500,4
84,2025-06-28,168,0,0
85,2025-06-28,220,0,0
86,2025-06-28,259,0,0
87,2025-06-28,176,0,0
88,2025-06-28,614,0,1
89,2025-06-28,518,0,0
90,2025-06-28,222,0,0
91,2025-06-28,259,100,1
92,2025-06-28,273,0,0
93,2025-06-28,247,200,2
94,2025-06-28,315,0,1
95,2025-06-28,59,200,0
96,2025-06-28,72,250,0
97,2025-06-28,114,50,0
98,2025-06-28,250,0,0
99,2025-06-28,1069,0,0
100,2025-06-28,144,100,0
101,2025-06-28,136,100,1
102,2025-06-28,200,100,1
103,2025-06-28,989,0,0
104,2025-06-28,388,0,1
105,2025-06-28,545,0,0
106,2025-06-28,1310,0,0
107,2025-06-28,60,100,0
108,2025-06-28,190,0,0
109,2025-06-28,588,0,1
110,2025-06-28,33,200,1
111,2025-06-28,498,0,2
112,2025-06-28,244,0,0
113,2025-06-28,117,0,0
114,2025-06-28,109,200,1
115,2025-06-28,57,100,1
116,2025-06-28,199,0,0
117,2025-06-28,658,0,1
118,2025-06-28,380,0,0
119,2025-06-28,307,0,1
120,2025-06-28,530,0,0
1,2025-06-29,0,300,0
2,2025-06-29,237,200,2
3,2025-06-29,106,150,0
4,2025-06-29,120,0,0
5,2025-06-29,65,0,0
6,2025-06-29,298,0,1
7,2025-06-29,1056,0,0
8,2025-06-29,213,100,0
9,2025-06-29,96,200,0
10,2025-06-29,196,100,0
11,2025-06-29,444,0,0
12,2025-06-29,207,0,0
13,2025-06-29,444,0,0
14,2025-06-29,110,200,0
15,2025-06-29,167,0,0
16,2025-06-29,562,0,0
17,2025-06-29,154,100,0
18,2025-06-29,668,0,0
19,2025-06-29,96,0,0
20,2025-06-29,405,0,1
21,2025-06-29,122,200,2
22,2025-06-29,160,0,0
23,2025-06-29,67,250,0
24,2025-06-29,0,300,0
25,2025-06-29,279,0,0
26,2025-06-29,624,0,0
27,2025-06-29,503,0,0
28,2025-06-29,410,0,1
29,2025-06-29,69,0,0
30,2025-06-29,271,0,0
31,2025-06-29,79,0,0
32,2025-06-29,336,0,0
33,2025-06-29,200,0,1
34,2025-06-29,159,500,0
35,2025-06-29,263,0,0
36,2025-06-29,333,0,0
37,2025-06-29,82,0,0
38,2025-06-29,120,0,0
39,2025-06-29,93,100,1
40,2025-06-29,220,0,1
41,2025-06-29,208,0,0
42,2025-06-29,78,50,0
43,2025-06-29,21,100,0
44,2025-06-29,620,0,0
45,2025-06-29,318,0,2
46,2025-06-29,491,0,1
47,2025-06-29,604,0,0
48,2025-06-29,114,500,0
49,2025-06-29,45,50,0
50,2025-06-29,1164,0,0
51,2025-06-29,199,200,2
52,2025-06-29,253,200,1
53,2025-06-29,101,0,1
54,2025-06-29,86,200,0
55,2025-06-29,214,100,1
56,2025-06-29,706,0,0
57,2025-06-29,6,250,1
58,2025-06-29,115,100,1
59,2025-06-29,140,0,0
60,2025-06-29,196,0,1
61,2025-06-29,159,100,2
62,2025-06-29,40,200,0
63,2025-06-29,103,50,0
64,2025-06-29,427,0,1
65,2025-06-29,97,200,1
66,2025-06-29,178,50,1
67,2025-06-29,453,0,0
68,2025-06-29,224,200,1
69,2025-06-29,610,0,0
70,2025-06-29,726,0,19
71,2025-06-29,38,150,0
72,2025-06-29,218,0,0
73,2025-06-29,351,0,0
74,2025-06-29,562,0,1
75,2025-06-29,592,0,1
76,2025-06-29,424,0,0
77,2025-06-29,44,0,0
78,2025-06-29,205,200,1
79,2025-06-29,159,200,1
80,2025-06-29,74,0,0
81,2025-06-29,147,100,0
82,2025-06-29,144,50,0
83,2025-06-29,191,500,1
84,2025-06-29,159,100,0
85,2025-06-29,220,0,5
86,2025-06-29,249,0,0
87,2025-06-29,169,0,0
88,2025-06-29,603,0,1
89,2025-06-29,512,0,0
90,2025-06-29,207,0,1
91,2025-06-29,241,100,1
92,2025-06-29,260,0,1
93,2025-06-29,247,200,2
94,2025-06-29,294,0,2
95,2025-06-29,44,200,1
96,2025-06-29,59,250,1
97,2025-06-29,114,50,2
98,2025-06-29,237,0,1
99,2025-06-29,1066,0,0
100,2025-06-29,141,100,0
101,2025-06-29,126,150,1
102,2025-06-29,189,100,1
103,2025-06-29,986,0,0
104,2025-06-29,378,0,0
105,2025-06-29,539,0,0
106,2025-06-29,1305,0,0
107,2025-06-29,48,100,1
108,2025-06-29,187,0,0
109,2025-06-29,572,0,1
110,2025-06-29,89,100,1
111,2025-06-29,480,0,2
112,2025-06-29,226,0,1
113,2025-06-29,115,0,0
114,2025-06-29,97,200,0
115,2025-06-29,53,100,0
116,2025-06-29,194,0,0
117,2025-06-29,647,0,1
118,2025-06-29,368,0,0
119,2025-06-29,293,100,0
120,2025-06-29,524,0,0
1,2025-06-30,0,300,0
2,2025-06-30,222,200,1
3,2025-06-30,98,200,0
4,2025-06-30,116,0,0
5,2025-06-30,62,0,0
6,2025-06-30,287,200,0
7,2025-06-30,1052,0,0
8,2025-06-30,200,100,1
9,2025-06-30,94,200,0
10,2025-06-30,184,100,1
11,2025-06-30,432,0,1
12,2025-06-30,207,0,4
13,2025-06-30,434,0,1
14,2025-06-30,97,200,0
15,2025-06-30,166,0,0
16,2025-06-30,556,0,0
17,2025-06-30,144,100,0
18,2025-06-30,662,0,0
19,2025-06-30,92,0,0
20,2025-06-30,392,0,1
21,2025-06-30,113,200,1
22,2025-06-30,155,0,0
23,2025-06-30,47,250,2
24,2025-06-30,0,300,0
25,2025-06-30,267,0,1
26,2025-06-30,617,0,0
27,2025-06-30,491,0,1
28,2025-06-30,408,0,0
29,2025-06-30,66,0,0
30,2025-06-30,263,0,0
31,2025-06-30,77,0,0
32,2025-06-30,331,0,0
33,2025-06-30,192,0,0
34,2025-06-30,152,500,1
35,2025-06-30,259,0,0
36,2025-06-30,326,0,0
37,2025-06-30,80,0,0
38,2025-06-30,117,0,0
39,2025-06-30,85,100,0
40,2025-06-30,209,0,1
41,2025-06-30,199,0,0
42,2025-06-30,69,50,1
43,2025-06-30,19,100,0
44,2025-06-30,615,0,0
45,2025-06-30,296,0,3
46,2025-06-30,475,0,1
47,2025-06-30,599,0,0
48,2025-06-30,97,500,2
49,2025-06-30,45,50,1
50,2025-06-30,1162,0,0
51,2025-06-30,183,200,1
52,2025-06-30,242,200,1
53,2025-06-30,95,0,0
54,2025-06-30,81,200,0
55,2025-06-30,207,100,0
56,2025-06-30,701,0,0
57,2025-06-30,43,250,1
58,2025-06-30,107,100,0
59,2025-06-30,138,0,0
60,2025-06-30,181,0,1
61,2025-06-30,140,100,1
62,2025-06-30,33,200,0
63,2025-06-30,101,50,0
64,2025-06-30,427,0,6
65,2025-06-30,85,200,1
66,2025-06-30,167,50,0
67,2025-06-30,445,0,0
68,2025-06-30,213,200,0
69,2025-06-30,603,0,0
70,2025-06-30,721,0,0
71,2025-06-30,24,200,1
72,2025-06-30,216,0,0
73,2025-06-30,349,0,0
74,2025-06-30,557,0,0
75,2025-06-30,584,0,0
76,2025-06-30,416,0,0
77,2025-06-30,42,500,0
78,2025-06-30,191,200,2
79,2025-06-30,137,200,3
80,2025-06-30,72,0,0
81,2025-06-30,147,100,3
82,2025-06-30,137,50,0
83,2025-06-30,188,500,0
84,2025-06-30,154,100,0
85,2025-06-30,217,0,0
86,2025-06-30,240,0,1
87,2025-06-30,161,0,1
88,2025-06-30,597,0,0
89,2025-06-30,507,0,0
90,2025-06-30,199,200,0
91,2025-06-30,223,100,2
92,2025-06-30,248,0,0
93,2025-06-30,235,200,0
94,2025-06-30,279,200,1
95,2025-06-30,36,200,0
96,2025-06-30,35,250,1
97,2025-06-30,108,50,0
98,2025-06-30,229,0,0
99,2025-06-30,1064,0,0
100,2025-06-30,131,100,0
101,2025-06-30,111,150,1
102,2025-06-30,281,0,1
103,2025-06-30,985,0,0
104,2025-06-30,370,0,0
105,2025-06-30,536,0,0
106,2025-06-30,1300,0,0
107,2025-06-30,43,100,0
108,2025-06-30,181,0,0
109,2025-06-30,572,0,9
110,2025-06-30,77,100,0
111,2025-06-30,464,0,1
112,2025-06-30,214,500,0
113,2025-06-30,112,0,0
114,2025-06-30,287,0,1
115,2025-06-30,48,100,0
116,2025-06-30,182,0,1
117,2025-06-30,634,0,1
118,2025-06-30,356,0,0
119,2025-06-30,276,100,2
120,2025-06-30,516,0,0
1,2025-07-01,87,300,1
2,2025-07-01,207,200,2
3,2025-07-01,91,200,0
4,2025-07-01,114,0,0
5,2025-07-01,59,0,0
6,2025-07-01,279,200,0
7,2025-07-01,1050,0,0
8,2025-07-01,288,0,1
9,2025-07-01,91,200,0
10,2025-07-01,173,100,0
11,2025-07-01,420,0,1
12,2025-07-01,195,0,1
13,2025-07-01,416,0,1
14,2025-07-01,85,200,0
15,2025-07-01,161,0,0
16,2025-07-01,553,0,0
17,2025-07-01,135,100,0
18,2025-07-01,650,0,1
19,2025-07-01,90,0,0
20,2025-07-01,370,0,0
21,2025-07-01,105,200,0
22,2025-07-01,151,0,0
23,2025-07-01,79,250,1
24,2025-07-01,0,300,0
25,2025-07-01,263,100,0
26,2025-07-01,610,0,0
27,2025-07-01,480,0,1
28,2025-07-01,394,0,0
29,2025-07-01,63,0,0
30,2025-07-01,251,0,1
31,2025-07-01,74,0,0
32,2025-07-01,329,0,0
33,2025-07-01,187,100,0
34,2025-07-01,642,0,0
35,2025-07-01,257,0,0
36,2025-07-01,319,0,0
37,2025-07-01,77,0,0
38,2025-07-01,116,0,0
39,2025-07-01,122,100,1
40,2025-07-01,195,0,1
41,2025-07-01,189,100,1
42,2025-07-01,65,100,0
43,2025-07-01,12,100,0
44,2025-07-01,611,0,0
45,2025-07-01,287,0,0
46,2025-07-01,460,0,0
47,2025-07-01,594,0,0
48,2025-07-01,90,500,0
49,2025-07-01,44,50,0
50,2025-07-01,1161,0,0
51,2025-07-01,366,0,0
52,2025-07-01,224,200,2
53,2025-07-01,93,0,0
54,2025-07-01,75,200,0
55,2025-07-01,192,100,1
56,2025-07-01,691,0,0
57,2025-07-01,81,200,1
58,2025-07-01,99,100,1
59,2025-07-01,138,0,3
60,2025-07-01,173,0,0
61,2025-07-01,186,100,0
62,2025-07-01,230,0,0
63,2025-07-01,92,100,0
64,2025-07-01,414,0,0
65,2025-07-01,74,200,1
66,2025-07-01,157,50,1
67,2025-07-01,438,0,1
68,2025-07-01,201,200,1
69,2025-07-01,594,0,0
70,2025-07-01,719,0,0
71,2025-07-01,15,200,1
72,2025-07-01,211,0,0
73,2025-07-01,347,0,0
74,2025-07-01,550,0,0
75,2025-07-01,564,0,2
76,2025-07-01,402,0,2
77,2025-07-01,40,500,0
78,2025-07-01,175,200,1
79,2025-07-01,120,200,2
80,2025-07-01,70,0,0
81,2025-07-01,134,100,1
82,2025-07-01,179,0,0
83,2025-07-01,177,500,0
84,2025-07-01,147,100,0
85,2025-07-01,216,0,0
86,2025-07-01,230,0,0
87,2025-07-01,155,0,0
88,2025-07-01,591,0,0
89,2025-07-01,502,0,0
90,2025-07-01,190,200,1
91,2025-07-01,275,100,3
92,2025-07-01,239,0,1
93,2025-07-01,218,200,1
94,2025-07-01,259,200,2
95,2025-07-01,26,200,1
96,2025-07-01,17,300,1
97,2025-07-01,103,50,0
98,2025-07-01,221,0,0
99,2025-07-01,1061,0,0
100,2025-07-01,123,100,0
101,2025-07-01,93,150,1
102,2025-07-01,272,0,0
103,2025-07-01,982,0,0
104,2025-07-01,343,0,3
105,2025-07-01,531,0,0
106,2025-07-01,1298,0,0
107,2025-07-01,87,50,0
108,2025-07-01,172,0,0
109,2025-07-01,567,0,0
110,2025-07-01,170,0,0
111,2025-07-01,455,0,1
112,2025-07-01,203,500,0
113,2025-07-01,112,0,1
114,2025-07-01,278,0,0
115,2025-07-01,47,100,0
116,2025-07-01,173,0,1
117,2025-07-01,624,0,0
118,2025-07-01,344,0,0
119,2025-07-01,269,100,0
120,2025-07-01,513,0,0
1,2025-07-02,170,200,2
2,2025-07-02,193,200,2
3,2025-07-02,75,250,2
4,2025-07-02,111,0,0
5,2025-07-02,55,50,0
6,2025-07-02,276,200,0
7,2025-07-02,1049,0,0
8,2025-07-02,272,0,1
9,2025-07-02,87,200,0
10,2025-07-02,166,100,0
11,2025-07-02,405,0,1
12,2025-07-02,183,0,0
13,2025-07-02,416,0,9
14,2025-07-02,170,100,1
15,2025-07-02,158,0,0
16,2025-07-02,546,0,0
17,2025-07-02,126,100,1
18,2025-07-02,636,0,0
19,2025-07-02,87,0,0
20,2025-07-02,364,0,0
21,2025-07-02,98,200,0
22,2025-07-02,141,0,1
23,2025-07-02,122,200,0
24,2025-07-02,0,300,0
25,2025-07-02,245,100,2
26,2025-07-02,605,0,0
27,2025-07-02,472,0,0
28,2025-07-02,383,0,1
29,2025-07-02,63,0,0
30,2025-07-02,239,0,0
31,2025-07-02,71,100,0
32,2025-07-02,326,0,0
33,2025-07-02,181,100,0
34,2025-07-02,637,0,0
35,2025-07-02,257,0,7
36,2025-07-02,312,0,1
37,2025-07-02,76,0,0
38,2025-07-02,113,0,0
39,2025-07-02,119,100,0
40,2025-07-02,181,100,1
41,2025-07-02,183,100,0
42,2025-07-02,57,100,1
43,2025-07-02,6,100,0
44,2025-07-02,608,0,0
45,2025-07-02,274,200,1
46,2025-07-02,452,0,0
47,2025-07-02,584,0,0
48,2025-07-02,81,500,0
49,2025-07-02,93,0,0
50,2025-07-02,1158,0,0
51,2025-07-02,356,0,0
52,2025-07-02,209,200,2
53,2025-07-02,86,50,0
54,2025-07-02,62,200,1
55,2025-07-02,217,50,0
56,2025-07-02,679,0,0
57,2025-07-02,69,200,1
58,2025-07-02,99,100,1
59,2025-07-02,135,0,0
60,2025-07-02,170,0,0
61,2025-07-02,176,100,0
62,2025-07-02,214,0,1
63,2025-07-02,90,100,0
64,2025-07-02,404,0,1
65,2025-07-02,64,200,1
66,2025-07-02,150,100,0
67,2025-07-02,431,0,0
68,2025-07-02,189,200,1
69,2025-07-02,590,0,0
70,2025-07-02,715,0,0
71,2025-07-02,10,200,0
72,2025-07-02,204,0,0
73,2025-07-02,346,0,0
74,2025-07-02,546,0,0
75,2025-07-02,557,0,0
76,2025-07-02,392,0,1
77,2025-07-02,40,500,1
78,2025-07-02,158,200,1
79,2025-07-02,197,200,0
80,2025-07-02,67,0,0
81,2025-07-02,123,100,0
82,2025-07-02,169,0,0
83,2025-07-02,668,0,0
84,2025-07-02,140,100,0
85,2025-07-02,213,0,0
86,2025-07-02,229,0,0
87,2025-07-02,151,0,0
88,2025-07-02,584,0,0
89,2025-07-02,497,0,0
90,2025-07-02,178,200,1
91,2025-07-02,257,100,2
92,2025-07-02,230,0,0
93,2025-07-02,208,200,0
94,2025-07-02,245,200,1
95,2025-07-02,19,200,0
96,2025-07-02,10,300,0
97,2025-07-02,97,50,0
98,2025-07-02,217,0,0
99,2025-07-02,1059,0,0
100,2025-07-02,117,100,0
101,2025-07-02,74,150,0
102,2025-07-02,260,0,1
103,2025-07-02,978,0,0
104,2025-07-02,327,0,1
105,2025-07-02,528,0,0
106,2025-07-02,1296,0,0
107,2025-07-02,86,50,0
108,2025-07-02,163,0,0
109,2025-07-02,557,0,1
110,2025-07-02,163,100,0
111,2025-07-02,445,0,1
112,2025-07-02,196,500,0
113,2025-07-02,111,0,0
114,2025-07-02,269,0,0
115,2025-07-02,41,100,0
116,2025-07-02,161,200,0
117,2025-07-02,612,0,1
118,2025-07-02,328,0,0
119,2025-07-02,245,100,2
120,2025-07-02,507,0,0
1,2025-07-03,156,200,0
2,2025-07-03,177,200,0
3,2025-07-03,103,200,2
4,2025-07-03,107,0,0
5,2025-07-03,52,50,0
6,2025-07-03,261,200,1
7,2025-07-03,1048,0,0
8,2025-07-03,263,0,1
9,2025-07-03,83,200,0
10,2025-07-03,158,100,0
11,2025-07-03,386,0,2
12,2025-07-03,173,0,0
13,2025-07-03,402,0,1
14,2025-07-03,152,100,2
15,2025-07-03,155,0,0
16,2025-07-03,541,0,0
17,2025-07-03,116,100,1
18,2025-07-03,622,0,1
19,2025-07-03,82,500,0
20,2025-07-03,361,0,0
21,2025-07-03,83,200,1
22,2025-07-03,137,0,0
23,2025-07-03,101,250,1
24,2025-07-03,0,300,0
25,2025-07-03,232,100,1
26,2025-07-03,597,0,1
27,2025-07-03,463,0,0
28,2025-07-03,367,0,1
29,2025-07-03,61,0,0
30,2025-07-03,234,0,0
31,2025-07-03,67,100,0
32,2025-07-03,325,0,0
33,2025-07-03,175,100,0
34,2025-07-03,630,0,0
35,2025-07-03,254,0,0
36,2025-07-03,305,0,0
37,2025-07-03,76,0,1
38,2025-07-03,111,0,0
39,2025-07-03,99,100,2
40,2025-07-03,172,100,0
41,2025-07-03,180,100,0
42,2025-07-03,54,100,0
43,2025-07-03,3,100,0
44,2025-07-03,604,0,0
45,2025-07-03,256,200,2
46,2025-07-03,431,0,2
47,2025-07-03,579,0,0
48,2025-07-03,73,500,0
49,2025-07-03,91,0,0
50,2025-07-03,1155,0,0
51,2025-07-03,338,0,1
52,2025-07-03,183,200,2
53,2025-07-03,82,50,0
54,2025-07-03,53,200,1
55,2025-07-03,257,0,0
56,2025-07-03,672,0,0
57,2025-07-03,65,200,0
58,2025-07-03,93,100,0
59,2025-07-03,135,0,3
60,2025-07-03,159,0,1
61,2025-07-03,156,100,2
62,2025-07-03,203,0,1
63,2025-07-03,84,100,0
64,2025-07-03,392,0,1
65,2025-07-03,54,200,1
66,2025-07-03,146,100,0
67,2025-07-03,421,0,0
68,2025-07-03,171,200,1
69,2025-07-03,584,0,0
70,2025-07-03,713,0,0
71,2025-07-03,8,200,0
72,2025-07-03,200,0,0
73,2025-07-03,344,0,0
74,2025-07-03,539,0,0
75,2025-07-03,552,0,0
76,2025-07-03,384,0,0
77,2025-07-03,39,500,0
78,2025-07-03,142,200,2
79,2025-07-03,187,200,1
80,2025-07-03,65,0,0
81,2025-07-03,166,100,1
82,2025-07-03,163,50,0
83,2025-07-03,654,0,1
84,2025-07-03,138,100,0
85,2025-07-03,213,0,3
86,2025-07-03,227,0,0
87,2025-07-03,144,0,0
88,2025-07-03,580,0,0
89,2025-07-03,494,0,0
90,2025-07-03,166,200,1
91,2025-07-03,240,100,1
92,2025-07-03,216,0,2
93,2025-07-03,192,200,1
94,2025-07-03,238,200,0
95,2025-07-03,5,200,0
96,2025-07-03,32,300,1
97,2025-07-03,93,50,0
98,2025-07-03,209,0,0
99,2025-07-03,1056,0,0
100,2025-07-03,104,100,1
101,2025-07-03,66,150,0
102,2025-07-03,249,0,0
103,2025-07-03,976,0,0
104,2025-07-03,304,0,1
105,2025-07-03,524,0,0
106,2025-07-03,1291,0,0
107,2025-07-03,83,50,0
108,2025-07-03,157,0,0
109,2025-07-03,547,0,0
110,2025-07-03,150,100,0
111,2025-07-03,429,0,1
112,2025-07-03,176,500,1
113,2025-07-03,107,0,0
114,2025-07-03,254,0,2
115,2025-07-03,36,100,0
116,2025-07-03,158,200,0
117,2025-07-03,611,0,0
118,2025-07-03,317,0,1
119,2025-07-03,227,100,0
120,2025-07-03,507,0,5
1,2025-07-04,146,200,1
2,2025-07-04,171,200,0
3,2025-07-04,94,200,0
4,2025-07-04,106,0,0
5,2025-07-04,50,50,0
6,2025-07-04,243,200,2
7,2025-07-04,1045,0,0
8,2025-07-04,254,100,1
9,2025-07-04,275,0,0
10,2025-07-04,149,100,0
11,2025-07-04,372,0,1
12,2025-07-04,165,50,1
13,2025-07-04,390,0,1
14,2025-07-04,137,150,1
15,2025-07-04,151,0,0
16,2025-07-04,537,0,0
17,2025-07-04,202,0,1
18,2025-07-04,614,0,0
19,2025-07-04,78,500,0
20,2025-07-04,345,0,2
21,2025-07-04,67,200,1
22,2025-07-04,131,0,0
23,2025-07-04,88,250,1
24,2025-07-04,0,300,0
25,2025-07-04,219,100,1
26,2025-07-04,586,0,1
27,2025-07-04,446,0,0
28,2025-07-04,352,0,1
29,2025-07-04,59,0,0
30,2025-07-04,230,0,0
31,2025-07-04,66,100,0
32,2025-07-04,321,0,0
33,2025-07-04,270,0,0
34,2025-07-04,612,0,1
35,2025-07-04,252,0,0
36,2025-07-04,299,0,0
37,2025-07-04,73,0,0
38,2025-07-04,107,0,0
39,2025-07-04,95,100,0
40,2025-07-04,162,100,0
41,2025-07-04,170,100,1
42,2025-07-04,100,50,0
43,2025-07-04,0,100,0
44,2025-07-04,604,0,17
45,2025-07-04,255,200,0
46,2025-07-04,414,0,1
47,2025-07-04,571,0,1
48,2025-07-04,65,500,1
49,2025-07-04,89,0,0
50,2025-07-04,1149,0,0
51,2025-07-04,333,0,0
52,2025-07-04,363,0,2
53,2025-07-04,78,50,0
54,2025-07-04,46,200,0
55,2025-07-04,244,50,0
56,2025-07-04,665,0,1
57,2025-07-04,49,200,1
58,2025-07-04,88,150,0
59,2025-07-04,130,0,0
60,2025-07-04,146,50,1
61,2025-07-04,140,150,1
62,2025-07-04,202,0,0
63,2025-07-04,74,100,1
64,2025-07-04,381,0,1
65,2025-07-04,42,200,1
66,2025-07-04,196,50,5
67,2025-07-04,416,0,0
68,2025-07-04,155,200,0
69,2025-07-04,573,0,1
70,2025-07-04,710,0,0
71,2025-07-04,0,200,0
72,2025-07-04,197,0,0
73,2025-07-04,342,0,0
74,2025-07-04,536,0,0
75,2025-07-04,538,0,0
76,2025-07-04,369,0,1
77,2025-07-04,37,500,0
78,2025-07-04,135,200,0
79,2025-07-04,174,200,1
80,2025-07-04,65,0,0
81,2025-07-04,188,50,1
82,2025-07-04,156,50,0
83,2025-07-04,644,0,0
84,2025-07-04,129,100,0
85,2025-07-04,211,0,0
86,2025-07-04,221,0,0
87,2025-07-04,137,0,0
88,2025-07-04,568,0,0
89,2025-07-04,491,0,0
90,2025-07-04,151,200,0
91,2025-07-04,221,100,1
92,2025-07-04,207,100,0
93,2025-07-04,169,200,1
94,2025-07-04,216,200,2
95,2025-07-04,5,200,0
96,2025-07-04,44,300,0
97,2025-07-04,85,50,1
98,2025-07-04,207,0,0
99,2025-07-04,1055,0,0
100,2025-07-04,96,100,0
101,2025-07-04,52,200,2
102,2025-07-04,245,0,0
103,2025-07-04,976,0,11
104,2025-07-04,294,0,1
105,2025-07-04,521,0,0
106,2025-07-04,1290,0,0
107,2025-07-04,79,50,0
108,2025-07-04,149,0,0
109,2025-07-04,530,0,1
110,2025-07-04,140,100,0
111,2025-07-04,410,0,2
112,2025-07-04,671,0,0
113,2025-07-04,105,0,0
114,2025-07-04,244,0,0
115,2025-07-04,30,100,0
116,2025-07-04,149,200,1
117,2025-07-04,595,0,1
118,2025-07-04,307,0,1
119,2025-07-04,217,100,1
120,2025-07-04,498,0,0
1,2025-07-05,130,200,1
2,2025-07-05,169,200,0
3,2025-07-05,80,200,1
4,2025-07-05,102,0,0
5,2025-07-05,48,50,0
6,2025-07-05,218,200,2
7,2025-07-05,1043,0,0
8,2025-07-05,236,100,0
9,2025-07-05,274,0,0
10,2025-07-05,135,100,1
11,2025-07-05,357,0,0
12,2025-07-05,152,50,0
13,2025-07-05,379,0,0
14,2025-07-05,129,150,0
15,2025-07-05,148,0,0
16,2025-07-05,527,0,0
17,2025-07-05,191,100,1
18,2025-07-05,612,0,0
19,2025-07-05,76,500,0
20,2025-07-05,319,0,1
21,2025-07-05,51,300,1
22,2025-07-05,121,0,0
23,2025-07-05,138,200,1
24,2025-07-05,0,300,0
25,2025-07-05,218,100,0
26,2025-07-05,581,0,0
27,2025-07-05,415,0,3
28,2025-07-05,351,0,0
29,2025-07-05,57,0,0
30,2025-07-05,210,500,1
31,2025-07-05,161,0,0
32,2025-07-05,318,0,0
33,2025-07-05,261,0,0
34,2025-07-05,609,0,0
35,2025-07-05,249,0,0
36,2025-07-05,292,0,0
37,2025-07-05,69,0,0
38,2025-07-05,104,0,0
39,2025-07-05,137,50,0
40,2025-07-05,156,100,0
41,2025-07-05,160,100,0
42,2025-07-05,142,0,0
43,2025-07-05,0,100,0
44,2025-07-05,600,0,0
45,2025-07-05,440,0,1
46,2025-07-05,402,0,0
47,2025-07-05,556,0,1
48,2025-07-05,462,0,0
49,2025-07-05,88,0,0
50,2025-07-05,1145,0,0
51,2025-07-05,319,0,0
52,2025-07-05,347,0,1
53,2025-07-05,74,50,0
54,2025-07-05,41,200,0
55,2025-07-05,237,50,0
56,2025-07-05,659,0,0
57,2025-07-05,91,150,0
58,2025-07-05,74,150,0
59,2025-07-05,129,0,0
60,2025-07-05,136,50,1
61,2025-07-05,127,150,1
62,2025-07-05,190,0,1
63,2025-07-05,63,100,1
64,2025-07-05,359,0,3
65,2025-07-05,28,200,2
66,2025-07-05,189,50,1
67,2025-07-05,411,0,0
68,2025-07-05,145,200,0
69,2025-07-05,559,0,1
70,2025-07-05,706,0,0
71,2025-07-05,39,150,1
72,2025-07-05,188,0,0
73,2025-07-05,340,0,0
74,2025-07-05,528,0,0
75,2025-07-05,525,0,1
76,2025-07-05,358,0,1
77,2025-07-05,36,500,0
78,2025-07-05,116,200,1
79,2025-07-05,158,200,0
80,2025-07-05,62,0,0
81,2025-07-05,179,100,0
82,2025-07-05,145,50,1
83,2025-07-05,636,0,0
84,2025-07-05,119,100,1
85,2025-07-05,207,0,0
86,2025-07-05,214,0,0
87,2025-07-05,130,0,0
88,2025-07-05,559,0,0
89,2025-07-05,486,0,0
90,2025-07-05,141,200,0
91,2025-07-05,207,100,1
92,2025-07-05,194,100,0
93,2025-07-05,154,200,0
94,2025-07-05,207,200,0
95,2025-07-05,97,100,1
96,2025-07-05,127,200,0
97,2025-07-05,79,100,0
98,2025-07-05,193,0,2
99,2025-07-05,1051,0,0
100,2025-07-05,91,100,0
101,2025-07-05,42,200,1
102,2025-07-05,236,0,0
103,2025-07-05,973,0,0
104,2025-07-05,281,0,1
105,2025-07-05,516,0,0
106,2025-07-05,1286,0,0
107,2025-07-05,71,50,1
108,2025-07-05,140,200,0
109,2025-07-05,523,0,1
110,2025-07-05,232,0,0
111,2025-07-05,392,0,2
112,2025-07-05,669,0,0
113,2025-07-05,104,0,0
114,2025-07-05,231,200,0
115,2025-07-05,22,100,0
116,2025-07-05,138,200,1
117,2025-07-05,584,0,1
118,2025-07-05,291,0,1
119,2025-07-05,201,100,1
120,2025-07-05,498,0,12
1,2025-07-06,128,200,0
2,2025-07-06,148,200,1
3,2025-07-06,66,250,0
4,2025-07-06,99,0,0
5,2025-07-06,45,50,0
6,2025-07-06,197,200,1
7,2025-07-06,1041,0,0
8,2025-07-06,222,100,1
9,2025-07-06,266,0,1
10,2025-07-06,126,100,0
11,2025-07-06,337,0,2
12,2025-07-06,193,0,0
13,2025-07-06,373,0,0
14,2025-07-06,115,150,1
15,2025-07-06,145,0,0
16,2025-07-06,526,0,0
17,2025-07-06,181,100,0
18,2025-07-06,601,0,0
19,2025-07-06,68,500,0
20,2025-07-06,301,0,1
21,2025-07-06,132,200,1
22,2025-07-06,118,0,0
23,2025-07-06,118,200,1
24,2025-07-06,0,300,0
25,2025-07-06,306,0,1
26,2025-07-06,576,0,0
27,2025-07-06,401,0,0
28,2025-07-06,338,0,1
29,2025-07-06,54,0,0
30,2025-07-06,193,500,0
31,2025-07-06,159,0,0
32,2025-07-06,315,0,0
33,2025-07-06,259,0,0
34,2025-07-06,601,0,0
35,2025-07-06,249,0,7
36,2025-07-06,288,0,0
37,2025-07-06,65,0,0
38,2025-07-06,99,0,0
39,2025-07-06,127,50,0
40,2025-07-06,146,100,1
41,2025-07-06,146,100,0
42,2025-07-06,138,0,0
43,2025-07-06,0,200,0
44,2025-07-06,594,0,0
45,2025-07-06,427,0,1
46,2025-07-06,369,0,2
47,2025-07-06,549,0,0
48,2025-07-06,461,0,0
49,2025-07-06,86,0,0
50,2025-07-06,1142,0,0
51,2025-07-06,314,0,0
52,2025-07-06,327,0,1
53,2025-07-06,69,50,0
54,2025-07-06,27,200,1
55,2025-07-06,225,50,1
56,2025-07-06,655,0,0
57,2025-07-06,85,200,0
58,2025-07-06,74,150,1
59,2025-07-06,124,0,0
60,2025-07-06,123,50,1
61,2025-07-06,107,150,1
62,2025-07-06,180,0,1
63,2025-07-06,61,100,0
64,2025-07-06,345,0,2
65,2025-07-06,113,200,1
66,2025-07-06,237,0,0
67,2025-07-06,402,0,0
68,2025-07-06,128,200,0
69,2025-07-06,539,0,1
70,2025-07-06,701,0,0
71,2025-07-06,28,150,0
72,2025-07-06,183,0,0
73,2025-07-06,337,0,0
74,2025-07-06,519,0,0
75,2025-07-06,520,0,0
76,2025-07-06,344,0,1
77,2025-07-06,36,500,0
78,2025-07-06,116,200,1
79,2025-07-06,143,200,1
80,2025-07-06,59,0,0
81,2025-07-06,174,100,0
82,2025-07-06,183,0,0
83,2025-07-06,618,0,2
84,2025-07-06,108,100,1
85,2025-07-06,204,0,0
86,2025-07-06,204,0,1
87,2025-07-06,123,500,0
88,2025-07-06,549,0,1
89,2025-07-06,484,0,0
90,2025-07-06,133,200,0
91,2025-07-06,193,100,1
92,2025-07-06,181,100,0
93,2025-07-06,135,200,2
94,2025-07-06,196,200,0
95,2025-07-06,89,100,1
96,2025-07-06,114,200,1
97,2025-07-06,67,100,0
98,2025-07-06,184,0,0
99,2025-07-06,1047,0,0
100,2025-07-06,81,100,1
101,2025-07-06,26,200,1
102,2025-07-06,234,0,0
103,2025-07-06,970,0,0
104,2025-07-06,264,0,2
105,2025-07-06,511,0,0
106,2025-07-06,1286,0,24
107,2025-07-06,67,50,0
108,2025-07-06,136,200,0
109,2025-07-06,511,0,1
110,2025-07-06,221,0,0
111,2025-07-06,368,0,1
112,2025-07-06,658,0,0
113,2025-07-06,101,0,0
114,2025-07-06,226,200,0
115,2025-07-06,17,100,0
116,2025-07-06,119,200,2
117,2025-07-06,569,0,2
118,2025-07-06,283,0,0
119,2025-07-06,184,100,0
120,2025-07-06,490,0,0
1,2025-07-07,124,200,0
2,2025-07-07,130,200,2
3,2025-07-07,61,250,0
4,2025-07-07,98,0,0
5,2025-07-07,43,50,0
6,2025-07-07,183,200,1
7,2025-07-07,1039,0,0
8,2025-07-07,210,100,1
9,2025-07-07,264,0,0
10,2025-07-07,113,100,1
11,2025-07-07,332,0,0
12,2025-07-07,184,50,0
13,2025-07-07,359,0,1
14,2025-07-07,101,200,0
15,2025-07-07,141,0,0
16,2025-07-07,523,0,0
17,2025-07-07,172,100,1
18,2025-07-07,592,0,1
19,2025-07-07,68,500,1
20,2025-07-07,285,200,0
21,2025-07-07,122,200,0
22,2025-07-07,114,0,0
23,2025-07-07,203,100,2
24,2025-07-07,0,300,0
25,2025-07-07,303,0,0
26,2025-07-07,572,0,0
27,2025-07-07,392,0,0
28,2025-07-07,323,0,1
29,2025-07-07,50,0,0
30,2025-07-07,678,0,1
31,2025-07-07,155,0,0
32,2025-07-07,312,0,0
33,2025-07-07,253,0,0
34,2025-07-07,590,0,1
35,2025-07-07,245,0,0
36,2025-07-07,283,0,0
37,2025-07-07,63,0,0
38,2025-07-07,97,0,0
39,2025-07-07,120,50,0
40,2025-07-07,228,0,0
41,2025-07-07,139,100,0
42,2025-07-07,129,0,0
43,2025-07-07,0,200,0
44,2025-07-07,589,0,0
45,2025-07-07,427,0,6
46,2025-07-07,355,0,1
47,2025-07-07,539,0,1
48,2025-07-07,451,0,0
49,2025-07-07,83,0,0
50,2025-07-07,1138,0,0
51,2025-07-07,301,0,1
52,2025-07-07,320,0,0
53,2025-07-07,64,50,0
54,2025-07-07,16,200,1
55,2025-07-07,265,0,0
56,2025-07-07,654,0,0
57,2025-07-07,76,200,1
58,2025-07-07,68,150,0
59,2025-07-07,120,0,0
60,2025-07-07,116,100,0
61,2025-07-07,143,100,2
62,2025-07-07,176,0,0
63,2025-07-07,58,100,0
64,2025-07-07,335,0,0
65,2025-07-07,101,200,1
66,2025-07-07,237,0,3
67,2025-07-07,396,0,0
68,2025-07-07,119,200,0
69,2025-07-07,528,0,0
70,2025-07-07,698,0,0
71,2025-07-07,24,200,0
72,2025-07-07,183,0,4
73,2025-07-07,336,0,0
74,2025-07-07,516,0,0
75,2025-07-07,514,0,0
76,2025-07-07,334,0,1
77,2025-07-07,34,500,0
78,2025-07-07,113,200,0
79,2025-07-07,142,200,0
80,2025-07-07,57,0,0
81,2025-07-07,164,100,0
82,2025-07-07,176,0,0
83,2025-07-07,611,0,0
84,2025-07-07,100,100,0
85,2025-07-07,201,0,0
86,2025-07-07,198,0,0
87,2025-07-07,115,500,0
88,2025-07-07,542,0,0
89,2025-07-07,479,0,0
90,2025-07-07,122,200,1
91,2025-07-07,186,100,0
92,2025-07-07,179,100,0
93,2025-07-07,117,200,2
94,2025-07-07,187,200,0
95,2025-07-07,82,100,0
96,2025-07-07,105,200,0
97,2025-07-07,59,100,0
98,2025-07-07,176,100,1
99,2025-07-07,1047,0,21
100,2025-07-07,74,100,0
101,2025-07-07,41,200,0
102,2025-07-07,226,0,0
103,2025-07-07,969,0,0
104,2025-07-07,247,0,0
105,2025-07-07,510,0,0
106,2025-07-07,1286,0,20
107,2025-07-07,65,100,0
108,2025-07-07,128,200,0
109,2025-07-07,500,0,0
110,2025-07-07,210,0,0
111,2025-07-07,360,0,1
112,2025-07-07,644,0,1
113,2025-07-07,98,0,0
114,2025-07-07,212,200,1
115,2025-07-07,15,200,0
116,2025-07-07,113,200,0
117,2025-07-07,556,0,1
118,2025-07-07,270,0,1
119,2025-07-07,175,200,0
120,2025-07-07,479,0,1
1,2025-07-08,107,200,2
2,2025-07-08,319,0,1
3,2025-07-08,94,250,0
4,2025-07-08,98,0,2
5,2025-07-08,42,50,0
6,2025-07-08,183,200,4
7,2025-07-08,1036,0,0
8,2025-07-08,197,100,1
9,2025-07-08,258,0,0
10,2025-07-08,106,100,0
11,2025-07-08,328,0,0
12,2025-07-08,167,50,2
13,2025-07-08,347,0,0
14,2025-07-08,85,200,1
15,2025-07-08,138,0,0
16,2025-07-08,515,0,0
17,2025-07-08,161,100,0
18,2025-07-08,585,0,0
19,2025-07-08,63,500,0
20,2025-07-08,271,200,1
21,2025-07-08,119,200,0
22,2025-07-08,110,0,0
23,2025-07-08,191,150,1
24,2025-07-08,0,300,0
25,2025-07-08,286,0,1
26,2025-07-08,567,0,0
27,2025-07-08,379,0,0
28,2025-07-08,312,0,0
29,2025-07-08,48,200,0
30,2025-07-08,668,0,1
31,2025-07-08,150,0,0
32,2025-07-08,310,0,0
33,2025-07-08,250,0,0
34,2025-07-08,583,0,0
35,2025-07-08,243,0,0
36,2025-07-08,280,0,0
37,2025-07-08,61,100,0
38,2025-07-08,93,0,0
39,2025-07-08,113,50,0
40,2025-07-08,221,0,0
41,2025-07-08,231,0,0
42,2025-07-08,124,0,0
43,2025-07-08,0,200,0
44,2025-07-08,589,0,16
45,2025-07-08,411,0,1
46,2025-07-08,347,0,0
47,2025-07-08,533,0,0
48,2025-07-08,450,0,0
49,2025-07-08,81,0,0
50,2025-07-08,1135,0,0
51,2025-07-08,291,0,0
52,2025-07-08,310,200,1
53,2025-07-08,112,0,0
54,2025-07-08,14,200,0
55,2025-07-08,255,0,1
56,2025-07-08,653,0,0
57,2025-07-08,61,200,0
58,2025-07-08,80,100,1
59,2025-07-08,114,0,0
60,2025-07-08,108,100,0
61,2025-07-08,134,150,1
62,2025-07-08,173,0,0
63,2025-07-08,53,100,0
64,2025-07-08,326,0,1
65,2025-07-08,93,200,1
66,2025-07-08,235,0,0
67,2025-07-08,387,0,1
68,2025-07-08,104,200,1
69,2025-07-08,521,0,0
70,2025-07-08,694,0,0
71,2025-07-08,16,200,1
72,2025-07-08,177,0,0
73,2025-07-08,333,0,0
74,2025-07-08,508,0,0
75,2025-07-08,506,0,0
76,2025-07-08,320,0,1
77,2025-07-08,32,500,0
78,2025-07-08,98,200,2
79,2025-07-08,133,200,1
80,2025-07-08,56,0,0
81,2025-07-08,149,100,0
82,2025-07-08,170,0,0
83,2025-07-08,601,0,1
84,2025-07-08,88,100,0
85,2025-07-08,196,0,0
86,2025-07-08,188,0,1
87,2025-07-08,111,500,0
88,2025-07-08,535,0,0
89,2025-07-08,474,0,0
90,2025-07-08,112,200,0
91,2025-07-08,179,100,0
92,2025-07-08,276,0,0
93,2025-07-08,106,200,1
94,2025-07-08,175,200,1
95,2025-07-08,74,200,1
96,2025-07-08,81,200,2
97,2025-07-08,50,100,1
98,2025-07-08,170,100,0
99,2025-07-08,1044,0,0
100,2025-07-08,74,100,1
101,2025-07-08,73,150,2
102,2025-07-08,219,0,1
103,2025-07-08,966,0,0
104,2025-07-08,235,200,1
105,2025-07-08,505,0,0
106,2025-07-08,1283,0,0
107,2025-07-08,57,100,0
108,2025-07-08,120,200,1
109,2025-07-08,491,0,0
110,2025-07-08,202,0,0
111,2025-07-08,348,0,0
112,2025-07-08,634,0,0
113,2025-07-08,97,0,0
114,2025-07-08,199,200,1
115,2025-07-08,12,200,0
116,2025-07-08,105,200,0
117,2025-07-08,536,0,2
118,2025-07-08,261,0,0
119,2025-07-08,259,100,1
120,2025-07-08,477,0,0
1,2025-07-09,92,200,1
2,2025-07-09,305,0,2
3,2025-07-09,80,250,1
4,2025-07-09,96,0,0
5,2025-07-09,38,50,0
6,2025-07-09,170,200,1
7,2025-07-09,1032,0,0
8,2025-07-09,175,100,2
9,2025-07-09,257,0,0
10,2025-07-09,95,200,0
11,2025-07-09,311,0,2
12,2025-07-09,159,50,1
13,2025-07-09,331,0,0
14,2025-07-09,133,150,0
15,2025-07-09,136,0,0
16,2025-07-09,510,0,0
17,2025-07-09,155,100,0
18,2025-07-09,574,0,1
19,2025-07-09,559,0,0
20,2025-07-09,263,200,0
21,2025-07-09,111,200,0
22,2025-07-09,108,0,0
23,2025-07-09,168,150,1
24,2025-07-09,93,200,0
25,2025-07-09,272,0,0
26,2025-07-09,559,0,0
27,2025-07-09,371,0,0
28,2025-07-09,306,0,0
29,2025-07-09,46,200,0
30,2025-07-09,656,0,1
31,2025-07-09,147,0,0
32,2025-07-09,307,0,0
33,2025-07-09,241,0,0
34,2025-07-09,577,0,0
35,2025-07-09,241,0,0
36,2025-07-09,268,0,0
37,2025-07-09,58,100,0
38,2025-07-09,88,0,0
39,2025-07-09,107,50,0
40,2025-07-09,217,0,0
41,2025-07-09,214,0,1
42,2025-07-09,120,0,0
43,2025-07-09,0,200,0
44,2025-07-09,584,0,0
45,2025-07-09,402,0,0
46,2025-07-09,330,0,2
47,2025-07-09,524,0,1
48,2025-07-09,441,0,0
49,2025-07-09,80,0,0
50,2025-07-09,1132,0,0
51,2025-07-09,291,0,7
52,2025-07-09,287,200,2
53,2025-07-09,105,0,0
54,2025-07-09,6,200,0
55,2025-07-09,238,50,2
56,2025-07-09,642,0,1
57,2025-07-09,46,200,1
58,2025-07-09,73,150,0
59,2025-07-09,110,0,0
60,2025-07-09,95,100,0
61,2025-07-09,121,150,1
62,2025-07-09,167,0,0
63,2025-07-09,96,50,0
64,2025-07-09,311,200,2
65,2025-07-09,84,200,1
66,2025-07-09,224,0,1
67,2025-07-09,376,0,1
68,2025-07-09,84,200,1
69,2025-07-09,511,0,0
70,2025-07-09,691,0,0
71,2025-07-09,7,200,0
72,2025-07-09,175,0,0
73,2025-07-09,331,0,0
74,2025-07-09,497,0,0
75,2025-07-09,488,0,0
76,2025-07-09,304,0,1
77,2025-07-09,31,500,0
78,2025-07-09,298,0,6
79,2025-07-09,116,200,1
80,2025-07-09,53,100,0
81,2025-07-09,135,100,1
82,2025-07-09,165,0,0
83,2025-07-09,593,0,1
84,2025-07-09,74,100,1
85,2025-07-09,194,0,0
86,2025-07-09,177,200,0
87,2025-07-09,107,500,0
88,2025-07-09,526,0,0
89,2025-07-09,470,0,0
90,2025-07-09,99,200,0
91,2025-07-09,166,100,1
92,2025-07-09,262,0,1
93,2025-07-09,77,200,2
94,2025-07-09,154,200,2
95,2025-07-09,65,200,0
96,2025-07-09,62,250,2
97,2025-07-09,43,100,0
98,2025-07-09,165,100,0
99,2025-07-09,1042,0,0
100,2025-07-09,65,100,0
101,2025-07-09,64,200,0
102,2025-07-09,212,0,0
103,2025-07-09,963,0,0
104,2025-07-09,233,200,0
105,2025-07-09,503,0,0
106,2025-07-09,1280,0,0
107,2025-07-09,49,100,1
108,2025-07-09,312,0,1
109,2025-07-09,484,0,0
110,2025-07-09,195,100,0
111,2025-07-09,342,0,0
112,2025-07-09,627,0,0
113,2025-07-09,96,0,0
114,2025-07-09,191,200,0
115,2025-07-09,7,200,0
116,2025-07-09,98,200,0
117,2025-07-09,530,0,0
118,2025-07-09,251,0,1
119,2025-07-09,254,100,0
120,2025-07-09,471,0,0
1,2025-07-10,81,200,0
2,2025-07-10,290,0,0
3,2025-07-10,65,250,1
4,2025-07-10,94,0,0
5,2025-07-10,35,50,0
6,2025-07-10,162,200,0
7,2025-07-10,1029,0,0
8,2025-07-10,263,100,1
9,2025-07-10,256,0,0
10,2025-07-10,88,200,0
11,2025-07-10,296,0,1
12,2025-07-10,150,50,1
13,2025-07-10,310,0,2
14,2025-07-10,126,150,1
15,2025-07-10,131,0,0
16,2025-07-10,510,0,10
17,2025-07-10,145,100,1
18,2025-07-10,560,0,1
19,2025-07-10,554,0,0
20,2025-07-10,253,200,0
21,2025-07-10,196,100,2
22,2025-07-10,105,0,0
23,2025-07-10,155,150,1
24,2025-07-10,82,200,1
25,2025-07-10,267,100,0
26,2025-07-10,550,0,1
27,2025-07-10,358,0,1
28,2025-07-10,288,0,1
29,2025-07-10,43,200,0
30,2025-07-10,650,0,0
31,2025-07-10,142,0,0
32,2025-07-10,303,0,0
33,2025-07-10,237,0,0
34,2025-07-10,568,0,0
35,2025-07-10,240,0,0
36,2025-07-10,259,0,0
37,2025-07-10,155,0,0
38,2025-07-10,85,0,0
39,2025-07-10,97,100,0
40,2025-07-10,214,100,0
41,2025-07-10,209,0,0
42,2025-07-10,115,0,0
43,2025-07-10,88,100,1
44,2025-07-10,582,0,0
45,2025-07-10,402,0,5
46,2025-07-10,327,0,0
47,2025-07-10,511,0,0
48,2025-07-10,435,0,0
49,2025-07-10,78,0,0
50,2025-07-10,1127,0,0
51,2025-07-10,281,0,1
52,2025-07-10,271,200,2
53,2025-07-10,100,0,0
54,2025-07-10,0,200,0
55,2025-07-10,227,50,1
56,2025-07-10,635,0,0
57,2025-07-10,31,200,1
58,2025-07-10,96,100,0
59,2025-07-10,110,0,1
60,2025-07-10,84,100,0
61,2025-07-10,104,150,1
62,2025-07-10,159,0,0
63,2025-07-10,89,50,0
64,2025-07-10,301,200,0
65,2025-07-10,171,100,0
66,2025-07-10,212,0,1
67,2025-07-10,368,0,0
68,2025-07-10,261,200,2
69,2025-07-10,505,0,0
70,2025-07-10,688,0,0
71,2025-07-10,2,200,0
72,2025-07-10,169,0,0
73,2025-07-10,331,0,8
74,2025-07-10,495,0,0
75,2025-07-10,480,0,0
76,2025-07-10,291,0,1
77,2025-07-10,530,0,0
78,2025-07-10,288,200,0
79,2025-07-10,203,100,1
80,2025-07-10,51,100,0
81,2025-07-10,117,150,2
82,2025-07-10,156,50,1
83,2025-07-10,585,0,0
84,2025-07-10,56,200,0
85,2025-07-10,191,0,0
86,2025-07-10,173,200,0
87,2025-07-10,101,500,0
88,2025-07-10,516,0,1
89,2025-07-10,467,0,0
90,2025-07-10,93,200,0
91,2025-07-10,253,0,1
92,2025-07-10,253,0,0
93,2025-07-10,58,400,2
94,2025-07-10,136,200,1
95,2025-07-10,60,200,0
96,2025-07-10,87,200,0
97,2025-07-10,34,100,0
98,2025-07-10,164,100,0
99,2025-07-10,1041,0,0
100,2025-07-10,57,200,0
101,2025-07-10,104,150,1
102,2025-07-10,203,0,0
103,2025-07-10,961,0,0
104,2025-07-10,222,200,1
105,2025-07-10,499,0,0
106,2025-07-10,1275,0,0
107,2025-07-10,45,100,0
108,2025-07-10,297,0,1
109,2025-07-10,464,0,2
110,2025-07-10,179,100,1
111,2025-07-10,326,0,2
112,2025-07-10,605,0,0
113,2025-07-10,94,0,0
114,2025-07-10,184,200,0
115,2025-07-10,3,200,0
116,2025-07-10,294,0,0
117,2025-07-10,517,0,1
118,2025-07-10,240,0,1
119,2025-07-10,240,100,1
120,2025-07-10,466,0,0
1,2025-07-11,70,200,1
2,2025-07-11,279,0,1
3,2025-07-11,115,200,2
4,2025-07-11,90,0,0
5,2025-07-11,84,0,0
6,2025-07-11,142,200,2
7,2025-07-11,1027,0,0
8,2025-07-11,252,100,1
9,2025-07-11,254,0,0
10,2025-07-11,74,200,1
11,2025-07-11,277,0,2
12,2025-07-11,136,100,1
13,2025-07-11,296,0,1
14,2025-07-11,113,150,1
15,2025-07-11,127,0,0
16,2025-07-11,504,0,0
17,2025-07-11,132,100,1
18,2025-07-11,555,0,0
19,2025-07-11,549,0,0
20,2025-07-11,236,200,1
21,2025-07-11,189,100,0
22,2025-07-11,103,0,0
23,2025-07-11,142,150,0
24,2025-07-11,67,300,1
25,2025-07-11,257,100,0
26,2025-07-11,545,0,0
27,2025-07-11,353,0,0
28,2025-07-11,274,0,0
29,2025-07-11,40,200,0
30,2025-07-11,636,0,1
31,2025-07-11,138,0,0
32,2025-07-11,301,0,0
33,2025-07-11,233,0,0
34,2025-07-11,562,0,0
35,2025-07-11,238,0,0
36,2025-07-11,256,0,0
37,2025-07-11,154,0,0
38,2025-07-11,82,100,0
39,2025-07-11,145,50,0
40,2025-07-11,210,100,0
41,2025-07-11,200,0,0
42,2025-07-11,109,0,0
43,2025-07-11,80,100,1
44,2025-07-11,577,0,0
45,2025-07-11,389,0,1
46,2025-07-11,308,0,1
47,2025-07-11,502,0,0
48,2025-07-11,427,0,0
49,2025-07-11,77,0,0
50,2025-07-11,1119,0,0
51,2025-07-11,256,0,3
52,2025-07-11,253,200,0
53,2025-07-11,97,50,0
54,2025-07-11,0,200,0
55,2025-07-11,218,100,0
56,2025-07-11,622,0,1
57,2025-07-11,70,150,1
58,2025-07-11,87,100,1
59,2025-07-11,108,0,0
60,2025-07-11,73,100,1
61,2025-07-11,94,150,1
62,2025-07-11,150,200,1
63,2025-07-11,82,50,1
64,2025-07-11,488,0,1
65,2025-07-11,165,100,0
66,2025-07-11,205,0,0
67,2025-07-11,359,0,0
68,2025-07-11,248,200,0
69,2025-07-11,500,0,0
70,2025-07-11,685,0,0
71,2025-07-11,0,200,0
72,2025-07-11,160,0,1
73,2025-07-11,328,0,0
74,2025-07-11,493,0,0
75,2025-07-11,463,0,2
76,2025-07-11,279,0,0
77,2025-07-11,529,0,0
78,2025-07-11,475,0,1
79,2025-07-11,184,100,2
80,2025-07-11,47,100,0
81,2025-07-11,111,150,0
82,2025-07-11,151,50,0
83,2025-07-11,579,0,0
84,2025-07-11,147,100,0
85,2025-07-11,188,0,0
86,2025-07-11,363,0,1
87,2025-07-11,94,500,0
88,2025-07-11,505,0,0
89,2025-07-11,464,0,0
90,2025-07-11,76,200,2
91,2025-07-11,234,100,1
92,2025-07-11,245,0,0
93,2025-07-11,47,400,0
94,2025-07-11,117,200,2
95,2025-07-11,159,100,0
96,2025-07-11,76,250,0
97,2025-07-11,32,100,0
98,2025-07-11,156,100,0
99,2025-07-11,1039,0,0
100,2025-07-11,52,200,0
101,2025-07-11,97,150,0
102,2025-07-11,196,100,0
103,2025-07-11,960,0,0
104,2025-07-11,207,200,1
105,2025-07-11,493,0,0
106,2025-07-11,1271,0,0
107,2025-07-11,36,100,0
108,2025-07-11,292,0,0
109,2025-07-11,457,0,0
110,2025-07-11,169,100,1
111,2025-07-11,310,0,0
112,2025-07-11,595,0,0
113,2025-07-11,92,0,0
114,2025-07-11,176,200,0
115,2025-07-11,103,100,2
116,2025-07-11,285,0,0
117,2025-07-11,500,0,1
118,2025-07-11,232,0,0
119,2025-07-11,230,100,1
120,2025-07-11,462,0,0
1,2025-07-12,54,300,1
2,2025-07-12,267,200,1
3,2025-07-12,98,200,1
4,2025-07-12,88,0,0
5,2025-07-12,80,0,0
6,2025-07-12,127,200,0
7,2025-07-12,1025,0,0
8,2025-07-12,240,100,1
9,2025-07-12,248,0,0
10,2025-07-12,54,200,2
11,2025-07-12,257,0,1
12,2025-07-12,181,50,0
13,2025-07-12,279,0,1
14,2025-07-12,105,200,1
15,2025-07-12,124,0,0
16,2025-07-12,498,0,0
17,2025-07-12,121,100,1
18,2025-07-12,538,0,2
19,2025-07-12,546,0,0
20,2025-07-12,221,200,0
21,2025-07-12,176,100,1
22,2025-07-12,100,0,0
23,2025-07-12,160,150,0
24,2025-07-12,55,300,1
25,2025-07-12,238,100,1
26,2025-07-12,540,0,0
27,2025-07-12,324,0,1
28,2025-07-12,268,0,0
29,2025-07-12,38,200,0
30,2025-07-12,629,0,0
31,2025-07-12,135,0,0
32,2025-07-12,299,0,0
33,2025-07-12,224,0,1
34,2025-07-12,549,0,1
35,2025-07-12,235,0,0
36,2025-07-12,251,0,0
37,2025-07-12,151,0,0
38,2025-07-12,78,100,0
39,2025-07-12,135,50,1
40,2025-07-12,196,100,1
41,2025-07-12,189,100,0
42,2025-07-12,101,50,0
43,2025-07-12,76,100,0
44,2025-07-12,573,0,0
45,2025-07-12,373,0,1
46,2025-07-12,292,500,2
47,2025-07-12,478,0,3
48,2025-07-12,410,0,2
49,2025-07-12,74,0,0
50,2025-07-12,1115,0,0
51,2025-07-12,244,200,1
52,2025-07-12,230,200,2
53,2025-07-12,90,50,0
54,2025-07-12,0,200,0
55,2025-07-12,206,100,1
56,2025-07-12,616,0,0
57,2025-07-12,56,200,1
58,2025-07-12,76,150,1
59,2025-07-12,104,0,0
60,2025-07-12,62,100,1
61,2025-07-12,86,150,0
62,2025-07-12,142,200,0
63,2025-07-12,77,100,0
64,2025-07-12,468,0,2
65,2025-07-12,152,100,1
66,2025-07-12,200,50,0
67,2025-07-12,347,0,1
68,2025-07-12,248,200,4
69,2025-07-12,488,0,1
70,2025-07-12,680,0,0
71,2025-07-12,0,200,0
72,2025-07-12,154,0,0
73,2025-07-12,325,0,0
74,2025-07-12,491,0,0
75,2025-07-12,456,0,0
76,2025-07-12,266,0,1
77,2025-07-12,527,0,0
78,2025-07-12,466,0,0
79,2025-07-12,269,100,2
80,2025-07-12,44,100,0
81,2025-07-12,191,50,1
82,2025-07-12,142,50,1
83,2025-07-12,572,0,0
84,2025-07-12,235,0,0
85,2025-07-12,184,0,0
86,2025-07-12,355,0,0
87,2025-07-12,89,500,0
88,2025-07-12,498,0,0
89,2025-07-12,458,0,0
90,2025-07-12,66,200,0
91,2025-07-12,219,100,1
92,2025-07-12,238,100,1
93,2025-07-12,31,400,2
94,2025-07-12,108,200,0
95,2025-07-12,153,100,0
96,2025-07-12,61,250,1
97,2025-07-12,28,100,0
98,2025-07-12,149,100,0
99,2025-07-12,1034,0,0
100,2025-07-12,44,200,0
101,2025-07-12,137,100,1
102,2025-07-12,188,100,0
103,2025-07-12,958,0,0
104,2025-07-12,194,200,1
105,2025-07-12,487,0,0
106,2025-07-12,1270,0,0
107,2025-07-12,27,100,0
108,2025-07-12,286,0,0
109,2025-07-12,448,0,0
110,2025-07-12,157,100,1
111,2025-07-12,283,0,1
112,2025-07-12,582,0,1
113,2025-07-12,90,0,0
114,2025-07-12,163,200,1
115,2025-07-12,96,100,0
116,2025-07-12,282,0,0
117,2025-07-12,491,0,0
118,2025-07-12,218,0,1
119,2025-07-12,213,100,1
120,2025-07-12,455,0,0
1,2025-07-13,41,300,0
2,2025-07-13,249,200,1
3,2025-07-13,140,150,0
4,2025-07-13,86,0,0
5,2025-07-13,78,0,0
6,2025-07-13,110,200,2
7,2025-07-13,1022,0,0
8,2025-07-13,225,100,1
9,2025-07-13,244,0,0
10,2025-07-13,46,200,1
11,2025-07-13,241,0,1
12,2025-07-13,165,50,2
13,2025-07-13,262,500,1
14,2025-07-13,90,200,1
15,2025-07-13,122,0,0
16,2025-07-13,491,0,0
17,2025-07-13,114,100,0
18,2025-07-13,519,0,1
19,2025-07-13,542,0,0
20,2025-07-13,207,200,0
21,2025-07-13,267,0,0
22,2025-07-13,96,0,0
23,2025-07-13,156,150,0
24,2025-07-13,42,300,1
25,2025-07-13,222,100,1
26,2025-07-13,536,0,0
27,2025-07-13,310,0,1
28,2025-07-13,244,0,3
29,2025-07-13,37,200,0
30,2025-07-13,622,0,0
31,2025-07-13,132,0,0
32,2025-07-13,296,0,0
33,2025-07-13,213,0,1
34,2025-07-13,540,0,1
35,2025-07-13,232,0,0
36,2025-07-13,245,0,0
37,2025-07-13,151,0,3
38,2025-07-13,73,100,0
39,2025-07-13,126,50,1
40,2025-07-13,190,100,0
41,2025-07-13,170,100,2
42,2025-07-13,95,50,0
43,2025-07-13,70,100,0
44,2025-07-13,568,0,0
45,2025-07-13,371,0,0
46,2025-07-13,285,500,0
47,2025-07-13,470,0,1
48,2025-07-13,393,0,2
49,2025-07-13,72,0,0
50,2025-07-13,1110,0,0
51,2025-07-13,428,0,1
52,2025-07-13,218,200,1
53,2025-07-13,88,50,0
54,2025-07-13,0,200,0
55,2025-07-13,199,100,0
56,2025-07-13,611,0,0
57,2025-07-13,39,200,1
58,2025-07-13,63,150,1
59,2025-07-13,102,0,0
60,2025-07-13,129,50,1
61,2025-07-13,76,150,1
62,2025-07-13,334,0,0
63,2025-07-13,70,100,0
64,2025-07-13,465,0,0
65,2025-07-13,147,100,0
66,2025-07-13,190,50,0
67,2025-07-13,340,0,0
68,2025-07-13,236,200,1
69,2025-07-13,479,0,0
70,2025-07-13,676,0,0
71,2025-07-13,0,200,0
72,2025-07-13,149,0,0
73,2025-07-13,325,0,9
74,2025-07-13,485,0,0
75,2025-07-13,445,0,0
76,2025-07-13,264,0,0
77,2025-07-13,524,0,0
78,2025-07-13,453,0,1
79,2025-07-13,259,100,0
80,2025-07-13,39,100,0
81,2025-07-13,179,50,0
82,2025-07-13,133,50,0
83,2025-07-13,563,0,0
84,2025-07-13,228,0,0
85,2025-07-13,181,0,0
86,2025-07-13,352,0,0
87,2025-07-13,86,500,0
88,2025-07-13,494,0,0
89,2025-07-13,457,0,0
90,2025-07-13,253,0,0
91,2025-07-13,208,100,1
92,2025-07-13,220,100,1
93,2025-07-13,17,400,1
94,2025-07-13,97,200,0
95,2025-07-13,245,0,0
96,2025-07-13,40,250,1
97,2025-07-13,73,50,0
98,2025-07-13,135,100,1
99,2025-07-13,1029,0,0
100,2025-07-13,38,200,0
101,2025-07-13,178,100,1
102,2025-07-13,180,100,0
103,2025-07-13,957,0,0
104,2025-07-13,392,0,0
105,2025-07-13,484,0,0
106,2025-07-13,1270,0,28
107,2025-07-13,23,100,0
108,2025-07-13,277,0,0
109,2025-07-13,445,0,0
110,2025-07-13,144,100,1
111,2025-07-13,266,500,2
112,2025-07-13,565,0,2
113,2025-07-13,85,0,0
114,2025-07-13,147,200,1
115,2025-07-13,178,0,0
116,2025-07-13,278,0,0
117,2025-07-13,486,0,0
118,2025-07-13,196,0,1
119,2025-07-13,204,100,0
120,2025-07-13,450,0,0
1,2025-07-14,125,200,0
2,2025-07-14,408,0,0
3,2025-07-14,118,150,2
4,2025-07-14,81,0,0
5,2025-07-14,77,0,0
6,2025-07-14,98,200,0
7,2025-07-14,1018,0,0
8,2025-07-14,210,100,1
9,2025-07-14,239,0,0
10,2025-07-14,45,200,0
11,2025-07-14,232,0,0
12,2025-07-14,155,50,1
13,2025-07-14,262,500,7
14,2025-07-14,73,200,1
15,2025-07-14,119,0,0
16,2025-07-14,485,0,0
17,2025-07-14,204,100,0
18,2025-07-14,510,0,1
19,2025-07-14,538,0,0
20,2025-07-14,192,200,1
21,2025-07-14,247,0,1
22,2025-07-14,88,200,0
23,2025-07-14,150,200,0
24,2025-07-14,124,200,1
25,2025-07-14,215,100,0
26,2025-07-14,533,0,0
27,2025-07-14,301,0,0
28,2025-07-14,234,0,0
29,2025-07-14,34,200,0
30,2025-07-14,611,0,0
31,2025-07-14,128,0,0
32,2025-07-14,296,0,8
33,2025-07-14,205,0,1
34,2025-07-14,535,0,0
35,2025-07-14,230,0,0
36,2025-07-14,242,0,0
37,2025-07-14,148,0,0
38,2025-07-14,69,100,0
39,2025-07-14,120,100,0
40,2025-07-14,178,100,1
41,2025-07-14,158,100,1
42,2025-07-14,139,0,0
43,2025-07-14,67,100,0
44,2025-07-14,565,0,0
45,2025-07-14,356,0,1
46,2025-07-14,776,0,0
47,2025-07-14,458,0,1
48,2025-07-14,388,0,0
49,2025-07-14,70,0,0
50,2025-07-14,1105,0,0
51,2025-07-14,415,0,1
52,2025-07-14,210,200,1
53,2025-07-14,87,50,0
54,2025-07-14,0,200,0
55,2025-07-14,185,100,1
56,2025-07-14,602,0,1
57,2025-07-14,29,250,1
58,2025-07-14,53,150,0
59,2025-07-14,102,0,2
60,2025-07-14,122,100,0
61,2025-07-14,72,150,0
62,2025-07-14,330,0,0
63,2025-07-14,65,100,0
64,2025-07-14,441,0,2
65,2025-07-14,133,100,1
66,2025-07-14,186,50,0
67,2025-07-14,327,0,1
68,2025-07-14,230,200,0
69,2025-07-14,462,0,1
70,2025-07-14,674,0,0
71,2025-07-14,42,150,1
72,2025-07-14,141,0,0
73,2025-07-14,323,0,0
74,2025-07-14,474,0,1
75,2025-07-14,433,0,1
76,2025-07-14,253,0,1
77,2025-07-14,523,0,0
78,2025-07-14,436,0,1
79,2025-07-14,249,100,1
80,2025-07-14,34,100,0
81,2025-07-14,222,0,0
82,2025-07-14,177,0,0
83,2025-07-14,549,0,1
84,2025-07-14,220,0,1
85,2025-07-14,178,0,0
86,2025-07-14,347,0,0
87,2025-07-14,80,500,0
88,2025-07-14,485,0,1
89,2025-07-14,449,0,0
90,2025-07-14,245,0,0
91,2025-07-14,195,100,1
92,2025-07-14,205,100,1
93,2025-07-14,3,400,0
94,2025-07-14,78,200,2
95,2025-07-14,231,0,1
96,2025-07-14,26,250,0
97,2025-07-14,64,50,1
98,2025-07-14,197,0,0
99,2025-07-14,1025,0,0
100,2025-07-14,27,200,1
101,2025-07-14,162,100,1
102,2025-07-14,167,100,0
103,2025-07-14,954,0,0
104,2025-07-14,382,0,1
105,2025-07-14,479,0,0
106,2025-07-14,1270,0,14
107,2025-07-14,16,150,0
108,2025-07-14,267,0,0
109,2025-07-14,437,0,1
110,2025-07-14,235,0,0
111,2025-07-14,746,0,0
112,2025-07-14,551,0,1
113,2025-07-14,82,0,0
114,2025-07-14,131,200,1
115,2025-07-14,173,0,0
116,2025-07-14,270,0,0
117,2025-07-14,472,0,1
118,2025-07-14,177,200,2
119,2025-07-14,189,200,2
120,2025-07-14,441,0,0
1,2025-07-15,214,100,1
2,2025-07-15,399,0,0
3,2025-07-15,146,150,2
4,2025-07-15,78,0,0
5,2025-07-15,74,0,0
6,2025-07-15,81,400,1
7,2025-07-15,1017,0,0
8,2025-07-15,197,100,1
9,2025-07-15,232,0,0
10,2025-07-15,36,200,0
11,2025-07-15,223,0,1
12,2025-07-15,143,50,1
13,2025-07-15,758,0,0
14,2025-07-15,70,200,0
15,2025-07-15,115,0,0
16,2025-07-15,478,0,0
17,2025-07-15,284,0,2
18,2025-07-15,498,0,0
19,2025-07-15,533,0,0
20,2025-07-15,371,0,1
21,2025-07-15,235,0,1
22,2025-07-15,85,200,0
23,2025-07-15,140,200,0
24,2025-07-15,213,100,1
25,2025-07-15,193,100,1
26,2025-07-15,526,0,0
27,2025-07-15,290,500,1
28,2025-07-15,218,0,1
29,2025-07-15,31,200,0
30,2025-07-15,602,0,0
31,2025-07-15,125,0,0
32,2025-07-15,292,0,0
33,2025-07-15,196,0,0
34,2025-07-15,524,0,1
35,2025-07-15,228,0,0
36,2025-07-15,239,0,0
37,2025-07-15,145,0,0
38,2025-07-15,66,100,0
39,2025-07-15,119,100,0
40,2025-07-15,265,0,1
41,2025-07-15,158,100,2
42,2025-07-15,133,0,0
43,2025-07-15,67,100,1
44,2025-07-15,561,0,0
45,2025-07-15,340,0,2
46,2025-07-15,756,0,2
47,2025-07-15,447,0,0
48,2025-07-15,381,0,0
49,2025-07-15,68,0,0
50,2025-07-15,1102,0,0
51,2025-07-15,409,0,0
52,2025-07-15,197,200,1
53,2025-07-15,84,50,0
54,2025-07-15,0,200,0
55,2025-07-15,221,100,1
56,2025-07-15,594,0,0
57,2025-07-15,22,250,0
58,2025-07-15,45,150,0
59,2025-07-15,99,0,0
60,2025-07-15,114,100,1
61,2025-07-15,61,200,0
62,2025-07-15,321,0,1
63,2025-07-15,56,100,1
64,2025-07-15,426,0,1
65,2025-07-15,124,100,1
66,2025-07-15,177,50,0
67,2025-07-15,324,0,0
68,2025-07-15,223,200,0
69,2025-07-15,452,0,1
70,2025-07-15,674,0,13
71,2025-07-15,35,150,0
72,2025-07-15,134,0,0
73,2025-07-15,320,0,0
74,2025-07-15,465,0,1
75,2025-07-15,419,0,1
76,2025-07-15,234,0,2
77,2025-07-15,522,0,0
78,2025-07-15,422,0,1
79,2025-07-15,231,100,2
80,2025-07-15,32,100,0
81,2025-07-15,204,50,1
82,2025-07-15,168,0,0
83,2025-07-15,546,0,0
84,2025-07-15,211,0,0
85,2025-07-15,175,0,0
86,2025-07-15,336,0,1
87,2025-07-15,75,500,0
88,2025-07-15,476,0,0
89,2025-07-15,445,0,0
90,2025-07-15,238,0,0
91,2025-07-15,184,200,0
92,2025-07-15,203,100,0
93,2025-07-15,98,400,0
94,2025-07-15,54,400,0
95,2025-07-15,224,0,0
96,2025-07-15,5,300,1
97,2025-07-15,58,100,0
98,2025-07-15,187,0,1
99,2025-07-15,1021,0,0
100,2025-07-15,121,100,0
101,2025-07-15,153,100,1
102,2025-07-15,154,100,1
103,2025-07-15,951,0,0
104,2025-07-15,372,0,1
105,2025-07-15,474,0,0
106,2025-07-15,1266,0,0
107,2025-07-15,52,100,0
108,2025-07-15,261,0,0
109,2025-07-15,431,0,0
110,2025-07-15,230,0,0
111,2025-07-15,729,0,1
112,2025-07-15,542,0,0
113,2025-07-15,82,0,0
114,2025-07-15,113,200,2
115,2025-07-15,168,0,0
116,2025-07-15,262,0,0
117,2025-07-15,469,0,0
118,2025-07-15,165,200,0
119,2025-07-15,179,200,0
120,2025-07-15,437,0,0
1,2025-07-16,196,100,2
2,2025-07-16,386,0,1
3,2025-07-16,140,150,0
4,2025-07-16,77,0,0
5,2025-07-16,74,0,1
6,2025-07-16,61,400,0
7,2025-07-16,1015,0,0
8,2025-07-16,180,100,2
9,2025-07-16,219,0,0
10,2025-07-16,30,200,0
11,2025-07-16,211,500,1
12,2025-07-16,179,50,1
13,2025-07-16,748,0,0
14,2025-07-16,110,150,0
15,2025-07-16,111,0,0
16,2025-07-16,469,0,1
17,2025-07-16,272,0,0
18,2025-07-16,489,0,1
19,2025-07-16,530,0,0
20,2025-07-16,360,0,1
21,2025-07-16,233,100,0
22,2025-07-16,282,0,0
23,2025-07-16,168,150,1
24,2025-07-16,200,100,0
25,2025-07-16,189,100,0
26,2025-07-16,520,0,0
27,2025-07-16,284,500,0
28,2025-07-16,209,200,1
29,2025-07-16,30,200,0
30,2025-07-16,589,0,1
31,2025-07-16,123,0,0
32,2025-07-16,286,0,0
33,2025-07-16,187,100,0
34,2025-07-16,516,0,0
35,2025-07-16,225,0,0
36,2025-07-16,236,0,0
37,2025-07-16,142,0,0
38,2025-07-16,63,100,0
39,2025-07-16,161,50,0
40,2025-07-16,254,0,1
41,2025-07-16,241,0,1
42,2025-07-16,127,0,0
43,2025-07-16,61,100,0
44,2025-07-16,555,0,0
45,2025-07-16,327,0,1
46,2025-07-16,737,0,2
47,2025-07-16,439,0,0
48,2025-07-16,372,0,0
49,2025-07-16,67,0,0
50,2025-07-16,1097,0,0
51,2025-07-16,399,0,1
52,2025-07-16,178,200,2
53,2025-07-16,80,50,0
54,2025-07-16,0,200,0
55,2025-07-16,210,100,1
56,2025-07-16,583,0,1
57,2025-07-16,61,200,0
58,2025-07-16,31,200,1
59,2025-07-16,97,0,0
60,2025-07-16,150,50,1
61,2025-07-16,49,200,1
62,2025-07-16,311,0,0
63,2025-07-16,55,100,0
64,2025-07-16,421,0,0
65,2025-07-16,212,0,1
66,2025-07-16,172,50,0
67,2025-07-16,314,0,1
68,2025-07-16,210,200,0
69,2025-07-16,445,0,0
70,2025-07-16,672,0,0
71,2025-07-16,78,100,0
72,2025-07-16,130,0,0
73,2025-07-16,318,0,0
74,2025-07-16,458,0,0
75,2025-07-16,397,0,2
76,2025-07-16,220,500,1
77,2025-07-16,521,0,0
78,2025-07-16,410,0,0
79,2025-07-16,221,100,0
80,2025-07-16,31,100,0
81,2025-07-16,201,50,0
82,2025-07-16,158,0,0
83,2025-07-16,534,0,0
84,2025-07-16,206,0,0
85,2025-07-16,174,0,0
86,2025-07-16,326,0,1
87,2025-07-16,72,500,0
88,2025-07-16,463,0,1
89,2025-07-16,442,0,0
90,2025-07-16,235,0,0
91,2025-07-16,172,200,1
92,2025-07-16,295,0,0
93,2025-07-16,83,400,1
94,2025-07-16,42,400,1
95,2025-07-16,215,0,0
96,2025-07-16,0,350,0
97,2025-07-16,52,100,0
98,2025-07-16,178,100,1
99,2025-07-16,1018,0,0
100,2025-07-16,120,100,0
101,2025-07-16,192,50,0
102,2025-07-16,143,100,0
103,2025-07-16,948,0,0
104,2025-07-16,361,0,1
105,2025-07-16,470,0,0
106,2025-07-16,1262,0,0
107,2025-07-16,45,100,0
108,2025-07-16,254,0,0
109,2025-07-16,427,0,0
110,2025-07-16,222,0,0
111,2025-07-16,720,0,1
112,2025-07-16,535,0,0
113,2025-07-16,80,0,0
114,2025-07-16,99,200,1
115,2025-07-16,161,0,0
116,2025-07-16,254,0,0
117,2025-07-16,451,0,1
118,2025-07-16,355,0,1
119,2025-07-16,265,100,1
120,2025-07-16,432,0,0
1,2025-07-17,187,100,0
2,2025-07-17,372,0,1
3,2025-07-17,182,100,0
4,2025-07-17,75,0,0
5,2025-07-17,72,0,0
6,2025-07-17,51,400,1
7,2025-07-17,1014,0,0
8,2025-07-17,176,200,0
9,2025-07-17,213,0,0
10,2025-07-17,85,200,0
11,2025-07-17,196,500,1
12,2025-07-17,163,50,2
13,2025-07-17,736,0,1
14,2025-07-17,88,200,2
15,2025-07-17,107,0,0
16,2025-07-17,463,0,0
17,2025-07-17,263,0,0
18,2025-07-17,485,0,0
19,2025-07-17,527,0,0
20,2025-07-17,356,0,0
21,2025-07-17,319,0,1
22,2025-07-17,274,0,0
23,2025-07-17,153,150,0
24,2025-07-17,186,200,1
25,2025-07-17,172,100,2
26,2025-07-17,515,0,0
27,2025-07-17,267,500,2
28,2025-07-17,187,200,1
29,2025-07-17,227,0,0
30,2025-07-17,581,0,0
31,2025-07-17,118,0,0
32,2025-07-17,284,0,0
33,2025-07-17,179,100,0
34,2025-07-17,504,0,1
35,2025-07-17,224,0,0
36,2025-07-17,231,0,0
37,2025-07-17,139,0,0
38,2025-07-17,61,100,0
39,2025-07-17,161,50,3
40,2025-07-17,248,0,0
41,2025-07-17,235,0,0
42,2025-07-17,122,0,0
43,2025-07-17,56,100,0
44,2025-07-17,552,0,0
45,2025-07-17,313,0,1
46,2025-07-17,725,0,0
47,2025-07-17,432,0,1
48,2025-07-17,361,0,1
49,2025-07-17,65,0,0
50,2025-07-17,1091,0,0
51,2025-07-17,375,0,2
52,2025-07-17,378,0,5
53,2025-07-17,105,0,0
54,2025-07-17,0,200,0
55,2025-07-17,192,100,1
56,2025-07-17,578,0,0
57,2025-07-17,102,150,1
58,2025-07-17,77,150,0
59,2025-07-17,93,0,0
60,2025-07-17,191,50,1
61,2025-07-17,31,200,1
62,2025-07-17,305,0,0
63,2025-07-17,100,50,0
64,2025-07-17,404,0,1
65,2025-07-17,203,100,0
66,2025-07-17,160,50,0
67,2025-07-17,306,0,0
68,2025-07-17,198,200,1
69,2025-07-17,439,0,0
70,2025-07-17,669,0,0
71,2025-07-17,73,150,0
72,2025-07-17,125,0,0
73,2025-07-17,313,0,0
74,2025-07-17,447,0,1
75,2025-07-17,387,0,1
76,2025-07-17,207,500,1
77,2025-07-17,520,0,0
78,2025-07-17,395,0,0
79,2025-07-17,212,100,1
80,2025-07-17,29,100,0
81,2025-07-17,233,0,0
82,2025-07-17,151,50,0
83,2025-07-17,527,0,0
84,2025-07-17,206,0,3
85,2025-07-17,171,0,0
86,2025-07-17,309,0,1
87,2025-07-17,68,500,0
88,2025-07-17,457,0,0
89,2025-07-17,438,0,0
90,2025-07-17,229,0,0
91,2025-07-17,350,0,1
92,2025-07-17,279,0,1
93,2025-07-17,267,200,0
94,2025-07-17,145,200,1
95,2025-07-17,202,0,1
96,2025-07-17,0,350,0
97,2025-07-17,47,100,0
98,2025-07-17,171,100,0
99,2025-07-17,1016,0,0
100,2025-07-17,113,100,0
101,2025-07-17,183,100,1
102,2025-07-17,238,0,0
103,2025-07-17,948,0,28
104,2025-07-17,344,0,2
105,2025-07-17,470,0,10
106,2025-07-17,1258,0,0
107,2025-07-17,37,100,1
108,2025-07-17,246,0,1
109,2025-07-17,419,0,1
110,2025-07-17,212,0,1
111,2025-07-17,710,0,0
112,2025-07-17,525,0,0
113,2025-07-17,78,0,0
114,2025-07-17,91,200,0
115,2025-07-17,154,0,0
116,2025-07-17,245,0,0
117,2025-07-17,440,0,1
118,2025-07-17,345,0,0
119,2025-07-17,255,100,1
120,2025-07-17,426,0,0
1,2025-07-18,173,100,1
2,2025-07-18,363,0,0
3,2025-07-18,169,150,1
4,2025-07-18,72,0,0
5,2025-07-18,67,0,0
6,2025-07-18,35,400,1
7,2025-07-18,1012,0,0
8,2025-07-18,253,100,0
9,2025-07-18,209,0,0
10,2025-07-18,77,200,0
11,2025-07-18,186,500,1
12,2025-07-18,149,50,1
13,2025-07-18,729,0,0
14,2025-07-18,71,200,1
15,2025-07-18,105,0,0
16,2025-07-18,459,0,0
17,2025-07-18,252,0,1
18,2025-07-18,476,0,1
19,2025-07-18,523,0,0
20,2025-07-18,341,0,0
21,2025-07-18,305,0,1
22,2025-07-18,267,0,0
23,2025-07-18,147,200,0
24,2025-07-18,172,200,1
25,2025-07-18,162,100,1
26,2025-07-18,509,0,0
27,2025-07-18,259,500,0
28,2025-07-18,176,200,1
29,2025-07-18,226,0,0
30,2025-07-18,571,0,0
31,2025-07-18,115,0,0
32,2025-07-18,282,0,0
33,2025-07-18,172,100,1
34,2025-07-18,498,0,0
35,2025-07-18,224,0,4
36,2025-07-18,227,0,0
37,2025-07-18,136,0,0
38,2025-07-18,56,100,0
39,2025-07-18,152,50,0
40,2025-07-18,245,0,0
41,2025-07-18,220,0,1
42,2025-07-18,114,0,0
43,2025-07-18,53,100,0
44,2025-07-18,550,0,0
45,2025-07-18,304,0,1
46,2025-07-18,709,0,2
47,2025-07-18,425,0,0
48,2025-07-18,349,0,1
49,2025-07-18,64,0,0
50,2025-07-18,1089,0,0
51,2025-07-18,367,0,0
52,2025-07-18,371,0,0
53,2025-07-18,100,0,0
54,2025-07-18,0,200,0
55,2025-07-18,228,50,1
56,2025-07-18,569,0,0
57,2025-07-18,88,200,2
58,2025-07-18,124,100,0
59,2025-07-18,91,0,0
60,2025-07-18,184,50,0
61,2025-07-18,19,250,1
62,2025-07-18,300,0,0
63,2025-07-18,88,100,0
64,2025-07-18,393,0,0
65,2025-07-18,194,100,0
66,2025-07-18,152,50,0
67,2025-07-18,300,0,0
68,2025-07-18,194,200,0
69,2025-07-18,423,0,0
70,2025-07-18,667,0,0
71,2025-07-18,64,150,0
72,2025-07-18,121,0,0
73,2025-07-18,311,0,0
74,2025-07-18,443,0,0
75,2025-07-18,385,0,0
76,2025-07-18,698,0,0
77,2025-07-18,519,0,0
78,2025-07-18,374,0,2
79,2025-07-18,198,100,1
80,2025-07-18,26,100,0
81,2025-07-18,231,0,0
82,2025-07-18,194,0,1
83,2025-07-18,517,0,1
84,2025-07-18,197,0,1
85,2025-07-18,168,0,0
86,2025-07-18,302,0,0
87,2025-07-18,65,500,0
88,2025-07-18,453,0,0
89,2025-07-18,432,0,0
90,2025-07-18,222,0,0
91,2025-07-18,340,0,1
92,2025-07-18,271,0,1
93,2025-07-18,260,200,0
94,2025-07-18,140,200,0
95,2025-07-18,191,0,0
96,2025-07-18,43,300,0
97,2025-07-18,39,100,0
98,2025-07-18,159,100,1
99,2025-07-18,1013,0,0
100,2025-07-18,106,100,0
101,2025-07-18,171,100,1
102,2025-07-18,231,0,0
103,2025-07-18,944,0,0
104,2025-07-18,326,0,1
105,2025-07-18,465,0,0
106,2025-07-18,1258,0,35
107,2025-07-18,30,100,0
108,2025-07-18,236,0,0
109,2025-07-18,407,0,1
110,2025-07-18,200,0,1
111,2025-07-18,701,0,1
112,2025-07-18,516,0,0
113,2025-07-18,75,0,0
114,2025-07-18,276,0,0
115,2025-07-18,149,0,0
116,2025-07-18,239,0,0
117,2025-07-18,428,0,1
118,2025-07-18,336,0,1
119,2025-07-18,242,100,1
120,2025-07-18,414,0,1
1,2025-07-19,244,100,0
2,2025-07-19,349,0,1
3,2025-07-19,163,150,0
4,2025-07-19,70,0,0
5,2025-07-19,64,0,0
6,2025-07-19,218,200,2
7,2025-07-19,1010,0,0
8,2025-07-19,234,100,1
9,2025-07-19,203,0,0
10,2025-07-19,63,200,1
11,2025-07-19,176,500,0
12,2025-07-19,136,50,0
13,2025-07-19,712,0,2
14,2025-07-19,64,200,0
15,2025-07-19,101,0,0
16,2025-07-19,449,0,0
17,2025-07-19,235,0,1
18,2025-07-19,461,0,1
19,2025-07-19,520,0,0
20,2025-07-19,325,0,0
21,2025-07-19,293,0,1
22,2025-07-19,263,0,0
23,2025-07-19,185,150,0
24,2025-07-19,164,200,0
25,2025-07-19,148,200,1
26,2025-07-19,505,0,0
27,2025-07-19,241,500,0
28,2025-07-19,364,0,1
29,2025-07-19,225,0,0
30,2025-07-19,552,0,2
31,2025-07-19,110,0,0
32,2025-07-19,279,0,0
33,2025-07-19,247,0,0
34,2025-07-19,495,0,0
35,2025-07-19,221,0,0
36,2025-07-19,219,0,0
37,2025-07-19,131,0,0
38,2025-07-19,52,100,0
39,2025-07-19,186,0,0
40,2025-07-19,229,0,1
41,2025-07-19,216,0,0
42,2025-07-19,108,50,0
43,2025-07-19,49,100,0
44,2025-07-19,545,0,0
45,2025-07-19,285,200,2
46,2025-07-19,706,0,0
47,2025-07-19,414,0,0
48,2025-07-19,336,0,0
49,2025-07-19,62,0,0
50,2025-07-19,1083,0,0
51,2025-07-19,357,0,1
52,2025-07-19,366,0,0
53,2025-07-19,98,0,0
54,2025-07-19,0,200,0
55,2025-07-19,217,50,0
56,2025-07-19,566,0,0
57,2025-07-19,83,200,0
58,2025-07-19,115,100,0
59,2025-07-19,88,0,0
60,2025-07-19,230,0,0
61,2025-07-19,66,200,0
62,2025-07-19,293,0,0
63,2025-07-19,78,100,1
64,2025-07-19,381,0,1
65,2025-07-19,289,0,0
66,2025-07-19,142,100,0
67,2025-07-19,291,0,1
68,2025-07-19,186,200,0
69,2025-07-19,420,0,0
70,2025-07-19,662,0,0
71,2025-07-19,108,100,0
72,2025-07-19,114,0,0
73,2025-07-19,310,0,0
74,2025-07-19,439,0,0
75,2025-07-19,371,0,1
76,2025-07-19,690,0,1
77,2025-07-19,518,0,0
78,2025-07-19,359,0,1
79,2025-07-19,188,100,0
80,2025-07-19,24,100,0
81,2025-07-19,216,50,2
82,2025-07-19,186,0,0
83,2025-07-19,507,0,0
84,2025-07-19,188,0,1
85,2025-07-19,166,0,0
86,2025-07-19,298,0,0
87,2025-07-19,60,500,0
88,2025-07-19,447,0,0
89,2025-07-19,427,0,0
90,2025-07-19,214,0,1
91,2025-07-19,326,0,1
92,2025-07-19,259,0,1
93,2025-07-19,238,200,2
94,2025-07-19,130,200,1
95,2025-07-19,183,0,0
96,2025-07-19,81,250,1
97,2025-07-19,35,100,0
98,2025-07-19,154,100,0
99,2025-07-19,1009,0,0
100,2025-07-19,100,100,0
101,2025-07-19,154,100,0
102,2025-07-19,217,0,1
103,2025-07-19,938,0,0
104,2025-07-19,300,0,3
105,2025-07-19,463,0,0
106,2025-07-19,1251,0,1
107,2025-07-19,25,100,0
108,2025-07-19,227,0,1
109,2025-07-19,391,0,2
110,2025-07-19,194,0,0
111,2025-07-19,686,0,2
112,2025-07-19,515,0,0
113,2025-07-19,72,0,0
114,2025-07-19,256,0,1
115,2025-07-19,141,0,0
116,2025-07-19,223,0,2
117,2025-07-19,410,0,2
118,2025-07-19,329,0,0
119,2025-07-19,225,100,1
120,2025-07-19,407,0,0
1,2025-07-20,235,100,0
2,2025-07-20,337,0,1
3,2025-07-20,144,150,1
4,2025-07-20,68,0,0
5,2025-07-20,62,0,0
6,2025-07-20,201,200,1
7,2025-07-20,1008,0,0
8,2025-07-20,221,100,1
9,2025-07-20,197,0,0
10,2025-07-20,54,200,0
11,2025-07-20,164,500,0
12,2025-07-20,125,100,1
13,2025-07-20,703,0,1
14,2025-07-20,60,200,0
15,2025-07-20,100,0,0
16,2025-07-20,444,0,0
17,2025-07-20,220,0,1
18,2025-07-20,458,0,0
19,2025-07-20,515,0,0
20,2025-07-20,314,0,1
21,2025-07-20,273,0,0
22,2025-07-20,260,0,0
23,2025-07-20,220,100,0
24,2025-07-20,148,200,1
25,2025-07-20,129,200,1
26,2025-07-20,501,0,0
27,2025-07-20,730,0,1
28,2025-07-20,348,0,2
29,2025-07-20,224,0,0
30,2025-07-20,549,0,0
31,2025-07-20,106,0,0
32,2025-07-20,274,0,0
33,2025-07-20,236,0,1
34,2025-07-20,487,0,0
35,2025-07-20,219,0,0
36,2025-07-20,206,0,1
37,2025-07-20,125,0,0
38,2025-07-20,148,0,0
39,2025-07-20,179,0,1
40,2025-07-20,223,0,0
41,2025-07-20,205,0,1
42,2025-07-20,154,0,0
43,2025-07-20,45,100,0
44,2025-07-20,541,0,0
45,2025-07-20,269,200,2
46,2025-07-20,679,0,3
47,2025-07-20,403,0,1
48,2025-07-20,321,0,1
49,2025-07-20,59,0,0
50,2025-07-20,1077,0,0
51,2025-07-20,349,0,0
52,2025-07-20,345,0,2
53,2025-07-20,91,50,0
54,2025-07-20,190,0,1
55,2025-07-20,203,50,1
56,2025-07-20,557,0,0
57,2025-07-20,66,200,1
58,2025-07-20,163,50,0
59,2025-07-20,84,0,0
60,2025-07-20,217,0,1
61,2025-07-20,48,200,0
62,2025-07-20,284,0,0
63,2025-07-20,121,50,1
64,2025-07-20,369,0,1
65,2025-07-20,278,0,0
66,2025-07-20,128,100,1
67,2025-07-20,282,0,1
68,2025-07-20,169,200,2
69,2025-07-20,413,0,0
70,2025-07-20,657,0,0
71,2025-07-20,102,100,0
72,2025-07-20,108,200,0
73,2025-07-20,308,0,0
74,2025-07-20,432,0,0
75,2025-07-20,350,0,2
76,2025-07-20,675,0,1
77,2025-07-20,516,0,0
78,2025-07-20,335,0,2
79,2025-07-20,288,100,7
80,2025-07-20,22,100,0
81,2025-07-20,207,50,0
82,2025-07-20,181,0,0
83,2025-07-20,501,0,0
84,2025-07-20,179,100,0
85,2025-07-20,162,0,0
86,2025-07-20,290,0,0
87,2025-07-20,52,500,1
88,2025-07-20,438,0,0
89,2025-07-20,421,0,0
90,2025-07-20,205,0,1
91,2025-07-20,319,0,0
92,2025-07-20,252,0,0
93,2025-07-20,227,200,0
94,2025-07-20,120,200,0
95,2025-07-20,176,0,0
96,2025-07-20,61,250,2
97,2025-07-20,34,100,0
98,2025-07-20,141,100,1
99,2025-07-20,1007,0,0
100,2025-07-20,95,100,0
101,2025-07-20,143,100,0
102,2025-07-20,200,100,2
103,2025-07-20,936,0,0
104,2025-07-20,291,0,0
105,2025-07-20,460,0,0
106,2025-07-20,1245,0,0
107,2025-07-20,20,100,0
108,2025-07-20,217,0,0
109,2025-07-20,381,0,1
110,2025-07-20,185,0,0
111,2025-07-20,676,0,1
112,2025-07-20,495,0,0
113,2025-07-20,66,0,0
114,2025-07-20,250,200,0
115,2025-07-20,138,0,0
116,2025-07-20,214,0,1
117,2025-07-20,407,0,0
118,2025-07-20,318,0,0
119,2025-07-20,193,100,4
120,2025-07-20,402,0,0
1,2025-07-21,318,0,1
2,2025-07-21,321,0,1
3,2025-07-21,135,150,0
4,2025-07-21,67,200,0
5,2025-07-21,59,0,0
6,2025-07-21,193,200,0
7,2025-07-21,1006,0,0
8,2025-07-21,211,100,1
9,2025-07-21,192,0,0
10,2025-07-21,142,100,1
11,2025-07-21,162,500,0
12,2025-07-21,168,50,0
13,2025-07-21,695,0,1
14,2025-07-21,49,250,0
15,2025-07-21,99,0,0
16,2025-07-21,434,0,1
17,2025-07-21,210,0,1
18,2025-07-21,448,0,1
19,2025-07-21,510,0,0
20,2025-07-21,297,0,1
21,2025-07-21,259,0,1
22,2025-07-21,256,0,0
23,2025-07-21,206,100,1
24,2025-07-21,332,0,1
25,2025-07-21,112,200,1
26,2025-07-21,492,0,0
27,2025-07-21,716,0,1
28,2025-07-21,335,0,1
29,2025-07-21,222,0,0
30,2025-07-21,537,0,1
31,2025-07-21,102,0,0
32,2025-07-21,271,0,0
33,2025-07-21,231,0,0
34,2025-07-21,478,0,0
35,2025-07-21,216,0,0
36,2025-07-21,198,0,1
37,2025-07-21,123,0,0
38,2025-07-21,146,0,0
39,2025-07-21,171,0,0
40,2025-07-21,209,0,1
41,2025-07-21,205,0,4
42,2025-07-21,149,0,0
43,2025-07-21,39,100,0
44,2025-07-21,536,0,0
45,2025-07-21,258,200,1
46,2025-07-21,670,0,0
47,2025-07-21,394,0,0
48,2025-07-21,315,0,0
49,2025-07-21,57,0,0
50,2025-07-21,1073,0,0
51,2025-07-21,333,0,2
52,2025-07-21,345,0,6
53,2025-07-21,88,50,0
54,2025-07-21,180,0,0
55,2025-07-21,187,50,1
56,2025-07-21,549,0,0
57,2025-07-21,109,150,1
58,2025-07-21,156,50,0
59,2025-07-21,83,0,0
60,2025-07-21,209,0,0
61,2025-07-21,62,150,0
62,2025-07-21,276,0,0
63,2025-07-21,114,50,0
64,2025-07-21,352,0,1
65,2025-07-21,268,0,1
66,2025-07-21,128,100,2
67,2025-07-21,268,0,0
68,2025-07-21,155,200,0
69,2025-07-21,408,0,0
70,2025-07-21,653,0,0
71,2025-07-21,143,50,0
72,2025-07-21,101,200,0
73,2025-07-21,305,0,0
74,2025-07-21,424,0,0
75,2025-07-21,336,0,1
76,2025-07-21,666,0,1
77,2025-07-21,514,0,0
78,2025-07-21,322,0,1
79,2025-07-21,278,100,0
80,2025-07-21,21,100,0
81,2025-07-21,203,50,0
82,2025-07-21,171,0,1
83,2025-07-21,488,0,1
84,2025-07-21,265,0,0
85,2025-07-21,159,0,0
86,2025-07-21,282,0,1
87,2025-07-21,47,500,0
88,2025-07-21,432,0,0
89,2025-07-21,412,0,0
90,2025-07-21,202,0,0
91,2025-07-21,312,0,0
92,2025-07-21,242,0,0
93,2025-07-21,214,200,1
94,2025-07-21,104,200,1
95,2025-07-21,169,0,0
96,2025-07-21,54,250,0
97,2025-07-21,29,100,0
98,2025-07-21,133,100,1
99,2025-07-21,1005,0,0
100,2025-07-21,89,100,0
101,2025-07-21,134,100,1
102,2025-07-21,194,100,0
103,2025-07-21,931,0,0
104,2025-07-21,274,0,2
105,2025-07-21,453,0,0
106,2025-07-21,1243,0,0
107,2025-07-21,14,150,0
108,2025-07-21,211,0,0
109,2025-07-21,375,0,0
110,2025-07-21,181,0,0
111,2025-07-21,649,0,3
112,2025-07-21,486,0,1
113,2025-07-21,65,0,0
114,2025-07-21,238,200,1
115,2025-07-21,131,0,0
116,2025-07-21,207,0,0
117,2025-07-21,393,0,1
118,2025-07-21,305,0,1
119,2025-07-21,187,100,0
120,2025-07-21,396,0,0
1,2025-07-22,306,0,0
2,2025-07-22,312,0,0
3,2025-07-22,123,150,1
4,2025-07-22,65,200,0
5,2025-07-22,56,50,0
6,2025-07-22,171,200,2
7,2025-07-22,1004,0,0
8,2025-07-22,203,100,1
9,2025-07-22,187,0,0
10,2025-07-22,130,100,1
11,2025-07-22,150,500,1
12,2025-07-22,160,50,0
13,2025-07-22,695,0,14
14,2025-07-22,37,250,0
15,2025-07-22,94,0,0
16,2025-07-22,425,0,1
17,2025-07-22,193,100,0
18,2025-07-22,441,0,0
19,2025-07-22,507,0,0
20,2025-07-22,285,0,0
21,2025-07-22,243,0,1
22,2025-07-22,253,0,0
23,2025-07-22,228,100,1
24,2025-07-22,322,0,1
25,2025-07-22,103,200,0
26,2025-07-22,483,0,1
27,2025-07-22,701,0,2
28,2025-07-22,322,0,1
29,2025-07-22,220,0,0
30,2025-07-22,522,0,1
31,2025-07-22,101,0,0
32,2025-07-22,270,0,0
33,2025-07-22,220,0,1
34,2025-07-22,471,0,0
35,2025-07-22,214,0,0
36,2025-07-22,194,0,0
37,2025-07-22,120,0,0
38,2025-07-22,139,0,0
39,2025-07-22,162,0,0
40,2025-07-22,201,0,1
41,2025-07-22,189,0,1
42,2025-07-22,143,0,0
43,2025-07-22,35,100,0
44,2025-07-22,529,0,0
45,2025-07-22,246,200,0
46,2025-07-22,668,0,0
47,2025-07-22,387,0,0
48,2025-07-22,303,0,0
49,2025-07-22,56,0,0
50,2025-07-22,1073,0,13
51,2025-07-22,315,0,1
52,2025-07-22,315,0,4
53,2025-07-22,85,50,0
54,2025-07-22,175,0,0
55,2025-07-22,184,100,0
56,2025-07-22,544,0,0
57,2025-07-22,105,150,0
58,2025-07-22,150,50,0
59,2025-07-22,80,0,0
60,2025-07-22,205,0,0
61,2025-07-22,56,200,0
62,2025-07-22,268,0,0
63,2025-07-22,109,50,0
64,2025-07-22,336,0,2
65,2025-07-22,259,0,1
66,2025-07-22,120,100,1
67,2025-07-22,259,0,0
68,2025-07-22,346,0,0
69,2025-07-22,395,0,1
70,2025-07-22,651,0,0
71,2025-07-22,189,0,0
72,2025-07-22,97,200,0
73,2025-07-22,305,0,4
74,2025-07-22,421,0,0
75,2025-07-22,330,0,0
76,2025-07-22,661,0,0
77,2025-07-22,512,0,0
78,2025-07-22,309,0,1
79,2025-07-22,267,100,0
80,2025-07-22,19,100,0
81,2025-07-22,193,50,1
82,2025-07-22,164,50,0
83,2025-07-22,483,0,0
84,2025-07-22,256,0,1
85,2025-07-22,157,0,0
86,2025-07-22,273,0,1
87,2025-07-22,41,500,0
88,2025-07-22,428,0,0
89,2025-07-22,405,0,0
90,2025-07-22,193,200,0
91,2025-07-22,302,0,1
92,2025-07-22,230,100,0
93,2025-07-22,206,200,0
94,2025-07-22,103,400,0
95,2025-07-22,159,0,1
96,2025-07-22,34,300,1
97,2025-07-22,23,100,0
98,2025-07-22,122,100,0
99,2025-07-22,1003,0,0
100,2025-07-22,82,100,1
101,2025-07-22,176,50,0
102,2025-07-22,180,100,1
103,2025-07-22,927,0,0
104,2025-07-22,259,0,0
105,2025-07-22,450,0,0
106,2025-07-22,1241,0,0
107,2025-07-22,55,100,0
108,2025-07-22,204,0,0
109,2025-07-22,361,0,0
110,2025-07-22,172,100,0
111,2025-07-22,622,0,3
112,2025-07-22,469,0,2
113,2025-07-22,63,0,0
114,2025-07-22,427,0,0
115,2025-07-22,126,0,0
116,2025-07-22,203,0,0
117,2025-07-22,384,0,1
118,2025-07-22,297,0,0
119,2025-07-22,173,200,1
120,2025-07-22,393,0,0
1,2025-07-23,292,0,0
2,2025-07-23,291,0,1
3,2025-07-23,97,200,1
4,2025-07-23,64,200,0
5,2025-07-23,52,50,0
6,2025-07-23,159,200,1
7,2025-07-23,1002,0,0
8,2025-07-23,293,0,1
9,2025-07-23,183,0,0
10,2025-07-23,109,100,2
11,2025-07-23,650,0,15
12,2025-07-23,143,50,2
13,2025-07-23,679,0,0
14,2025-07-23,75,200,1
15,2025-07-23,92,0,0
16,2025-07-23,419,0,0
17,2025-07-23,279,0,1
18,2025-07-23,423,0,1
19,2025-07-23,505,0,0
20,2025-07-23,269,0,2
21,2025-07-23,233,0,0
22,2025-07-23,250,0,0
23,2025-07-23,211,100,2
24,2025-07-23,304,0,2
25,2025-07-23,97,200,0
26,2025-07-23,478,0,0
27,2025-07-23,685,0,1
28,2025-07-23,310,0,1
29,2025-07-23,220,0,2
30,2025-07-23,519,0,0
31,2025-07-23,101,0,2
32,2025-07-23,268,0,0
33,2025-07-23,211,0,0
34,2025-07-23,465,0,0
35,2025-07-23,212,0,0
36,2025-07-23,194,0,5
37,2025-07-23,119,0,0
38,2025-07-23,137,0,0
39,2025-07-23,151,50,1
40,2025-07-23,190,0,1
41,2025-07-23,176,0,0
42,2025-07-23,137,0,0
43,2025-07-23,29,100,0
44,2025-07-23,528,0,0
45,2025-07-23,429,0,2
46,2025-07-23,651,0,2
47,2025-07-23,379,0,1
48,2025-07-23,287,0,2
49,2025-07-23,53,0,0
50,2025-07-23,1069,0,0
51,2025-07-23,301,0,0
52,2025-07-23,305,0,0
53,2025-07-23,79,50,0
54,2025-07-23,168,200,0
55,2025-07-23,170,100,1
56,2025-07-23,538,0,0
57,2025-07-23,96,200,1
58,2025-07-23,150,50,3
59,2025-07-23,76,0,0
60,2025-07-23,197,0,0
61,2025-07-23,89,150,2
62,2025-07-23,258,0,1
63,2025-07-23,100,50,1
64,2025-07-23,319,0,2
65,2025-07-23,245,100,1
66,2025-07-23,111,100,0
67,2025-07-23,249,0,0
68,2025-07-23,338,0,1
69,2025-07-23,395,0,6
70,2025-07-23,647,0,0
71,2025-07-23,180,0,0
72,2025-07-23,96,200,0
73,2025-07-23,302,0,0
74,2025-07-23,413,0,1
75,2025-07-23,312,0,2
76,2025-07-23,650,0,1
77,2025-07-23,511,0,0
78,2025-07-23,300,0,1
79,2025-07-23,355,0,0
80,2025-07-23,17,100,0
81,2025-07-23,182,50,0
82,2025-07-23,157,50,0
83,2025-07-23,473,0,0
84,2025-07-23,253,0,0
85,2025-07-23,154,0,0
86,2025-07-23,267,0,0
87,2025-07-23,36,500,0
88,2025-07-23,427,0,0
89,2025-07-23,398,0,0
90,2025-07-23,185,200,0
91,2025-07-23,287,0,2
92,2025-07-23,224,100,0
93,2025-07-23,197,200,0
94,2025-07-23,96,400,0
95,2025-07-23,151,0,0
96,2025-07-23,66,250,2
97,2025-07-23,70,50,0
98,2025-07-23,113,100,0
99,2025-07-23,1001,0,0
100,2025-07-23,74,100,0
101,2025-07-23,169,100,0
102,2025-07-23,169,100,0
103,2025-07-23,925,0,0
104,2025-07-23,248,0,1
105,2025-07-23,442,0,0
106,2025-07-23,1240,0,0
107,2025-07-23,48,100,0
108,2025-07-23,196,0,0
109,2025-07-23,350,0,1
110,2025-07-23,162,100,0
111,2025-07-23,607,0,2
112,2025-07-23,456,0,1
113,2025-07-23,59,0,0
114,2025-07-23,416,0,1
115,2025-07-23,121,100,0
116,2025-07-23,197,0,0
117,2025-07-23,375,0,0
118,2025-07-23,286,0,1
119,2025-07-23,258,100,1
120,2025-07-23,388,0,0
1,2025-07-24,281,0,1
2,2025-07-24,291,0,7
3,2025-07-24,83,200,1
4,2025-07-24,62,200,0
5,2025-07-24,50,50,0
6,2025-07-24,143,200,2
7,2025-07-24,999,0,0
8,2025-07-24,273,100,2
9,2025-07-24,170,0,1
10,2025-07-24,103,100,0
11,2025-07-24,642,0,1
12,2025-07-24,134,100,0
13,2025-07-24,666,0,1
14,2025-07-24,52,250,0
15,2025-07-24,88,0,0
16,2025-07-24,416,0,0
17,2025-07-24,271,0,0
18,2025-07-24,409,0,1
19,2025-07-24,502,0,0
20,2025-07-24,250,200,2
21,2025-07-24,219,100,1
22,2025-07-24,249,0,0
23,2025-07-24,205,100,0
24,2025-07-24,290,100,1
25,2025-07-24,140,200,1
26,2025-07-24,470,0,0
27,2025-07-24,670,0,1
28,2025-07-24,297,0,1
29,2025-07-24,219,0,0
30,2025-07-24,511,0,0
31,2025-07-24,98,0,0
32,2025-07-24,268,0,6
33,2025-07-24,201,0,0
34,2025-07-24,455,0,0
35,2025-07-24,210,0,0
36,2025-07-24,184,0,0
37,2025-07-24,115,0,0
38,2025-07-24,133,0,0
39,2025-07-24,144,50,0
40,2025-07-24,177,0,1
41,2025-07-24,173,100,0
42,2025-07-24,132,0,0
43,2025-07-24,26,100,0
44,2025-07-24,525,0,0
45,2025-07-24,413,0,1
46,2025-07-24,640,0,0
47,2025-07-24,377,0,0
48,2025-07-24,271,0,1
49,2025-07-24,52,0,0
50,2025-07-24,1067,0,0
51,2025-07-24,285,0,2
52,2025-07-24,294,200,1
53,2025-07-24,78,50,0
54,2025-07-24,164,200,0
55,2025-07-24,160,150,1
56,2025-07-24,536,0,0
57,2025-07-24,140,150,0
58,2025-07-24,193,0,0
59,2025-07-24,72,0,0
60,2025-07-24,183,0,1
61,2025-07-24,122,100,1
62,2025-07-24,251,0,0
63,2025-07-24,147,0,0
64,2025-07-24,301,0,2
65,2025-07-24,237,100,0
66,2025-07-24,103,100,0
67,2025-07-24,234,0,2
68,2025-07-24,322,0,1
69,2025-07-24,385,0,1
70,2025-07-24,642,0,0
71,2025-07-24,170,0,1
72,2025-07-24,290,0,0
73,2025-07-24,300,0,0
74,2025-07-24,407,0,0
75,2025-07-24,299,0,1
76,2025-07-24,646,0,0
77,2025-07-24,510,0,0
78,2025-07-24,284,0,2
79,2025-07-24,344,0,1
80,2025-07-24,12,100,0
81,2025-07-24,171,50,1
82,2025-07-24,147,50,0
83,2025-07-24,465,0,0
84,2025-07-24,243,0,1
85,2025-07-24,152,0,0
86,2025-07-24,257,0,0
87,2025-07-24,28,500,1
88,2025-07-24,414,0,1
89,2025-07-24,398,0,9
90,2025-07-24,178,200,0
91,2025-07-24,282,0,0
92,2025-07-24,217,100,0
93,2025-07-24,184,200,1
94,2025-07-24,278,200,2
95,2025-07-24,136,100,1
96,2025-07-24,93,250,1
97,2025-07-24,66,100,0
98,2025-07-24,103,100,1
99,2025-07-24,997,0,0
100,2025-07-24,67,100,0
101,2025-07-24,159,100,0
102,2025-07-24,161,100,0
103,2025-07-24,921,0,0
104,2025-07-24,233,0,2
105,2025-07-24,438,0,0
106,2025-07-24,1234,0,0
107,2025-07-24,40,100,0
108,2025-07-24,195,0,0
109,2025-07-24,345,0,0
110,2025-07-24,252,0,0
111,2025-07-24,595,0,0
112,2025-07-24,451,0,0
113,2025-07-24,58,0,0
114,2025-07-24,406,0,0
115,2025-07-24,115,100,0
116,2025-07-24,188,0,0
117,2025-07-24,366,0,1
118,2025-07-24,277,0,1
119,2025-07-24,347,0,1
120,2025-07-24,381,0,0
1,2025-07-25,275,0,0
2,2025-07-25,282,0,0
3,2025-07-25,74,200,0
4,2025-07-25,58,200,0
5,2025-07-25,47,50,0
6,2025-07-25,131,200,0
7,2025-07-25,997,0,0
8,2025-07-25,257,100,1
9,2025-07-25,164,0,0
10,2025-07-25,89,100,1
11,2025-07-25,634,0,0
12,2025-07-25,178,50,0
13,2025-07-25,647,0,1
14,2025-07-25,40,250,1
15,2025-07-25,85,0,0
16,2025-07-25,409,0,0
17,2025-07-25,265,0,0
18,2025-07-25,394,0,1
19,2025-07-25,498,0,0
20,2025-07-25,438,0,0
21,2025-07-25,215,100,0
22,2025-07-25,247,0,0
23,2025-07-25,182,150,2
24,2025-07-25,272,100,1
25,2025-07-25,114,200,1
26,2025-07-25,464,0,0
27,2025-07-25,661,0,0
28,2025-07-25,283,0,1
29,2025-07-25,217,0,0
30,2025-07-25,503,0,0
31,2025-07-25,95,0,0
32,2025-07-25,263,0,0
33,2025-07-25,193,0,0
34,2025-07-25,448,0,0
35,2025-07-25,209,0,0
36,2025-07-25,178,0,0
37,2025-07-25,112,0,0
38,2025-07-25,130,0,0
39,2025-07-25,186,0,0
40,2025-07-25,167,100,1
41,2025-07-25,168,100,0
42,2025-07-25,132,0,2
43,2025-07-25,21,200,0
44,2025-07-25,521,0,0
45,2025-07-25,398,0,0
46,2025-07-25,611,0,2
47,2025-07-25,362,0,1
48,2025-07-25,266,0,0
49,2025-07-25,49,0,0
50,2025-07-25,1062,0,0
51,2025-07-25,275,0,0
52,2025-07-25,273,200,1
53,2025-07-25,78,50,0
54,2025-07-25,157,200,0
55,2025-07-25,147,150,1
56,2025-07-25,529,0,0
57,2025-07-25,168,100,2
58,2025-07-25,181,50,1
59,2025-07-25,68,200,0
60,2025-07-25,176,50,0
61,2025-07-25,107,150,2
62,2025-07-25,246,0,0
63,2025-07-25,139,50,0
64,2025-07-25,293,200,1
65,2025-07-25,326,0,0
66,2025-07-25,99,150,0
67,2025-07-25,224,0,1
68,2025-07-25,313,0,1
69,2025-07-25,379,0,0
70,2025-07-25,640,0,0
71,2025-07-25,163,50,1
72,2025-07-25,286,0,0
73,2025-07-25,297,0,0
74,2025-07-25,401,0,0
75,2025-07-25,279,0,2
76,2025-07-25,636,0,0
77,2025-07-25,508,0,0
78,2025-07-25,271,0,1
79,2025-07-25,332,0,1
80,2025-07-25,10,100,0
81,2025-07-25,160,100,1
82,2025-07-25,178,0,0
83,2025-07-25,459,0,0
84,2025-07-25,235,0,1
85,2025-07-25,150,0,0
86,2025-07-25,240,0,1
87,2025-07-25,22,500,0
88,2025-07-25,406,0,0
89,2025-07-25,395,0,0
90,2025-07-25,164,200,1
91,2025-07-25,270,100,1
92,2025-07-25,207,100,1
93,2025-07-25,171,200,1
94,2025-07-25,272,200,0
95,2025-07-25,124,100,0
96,2025-07-25,76,250,0
97,2025-07-25,60,100,0
98,2025-07-25,196,0,0
99,2025-07-25,995,0,0
100,2025-07-25,66,100,0
101,2025-07-25,153,100,0
102,2025-07-25,149,100,0
103,2025-07-25,919,0,0
104,2025-07-25,216,200,2
105,2025-07-25,434,0,0
106,2025-07-25,1232,0,0
107,2025-07-25,36,100,0
108,2025-07-25,187,0,0
109,2025-07-25,342,0,0
110,2025-07-25,245,0,0
111,2025-07-25,584,0,1
112,2025-07-25,436,0,1
113,2025-07-25,56,0,0
114,2025-07-25,394,0,1
115,2025-07-25,109,100,0
116,2025-07-25,176,0,0
117,2025-07-25,354,0,1
118,2025-07-25,271,0,0
119,2025-07-25,333,0,1
120,2025-07-25,378,0,0
1,2025-07-26,263,100,1
2,2025-07-26,268,0,1
3,2025-07-26,109,200,0
4,2025-07-26,255,0,0
5,2025-07-26,45,50,0
6,2025-07-26,128,200,0
7,2025-07-26,995,0,0
8,2025-07-26,251,100,0
9,2025-07-26,164,0,2
10,2025-07-26,81,200,1
11,2025-07-26,626,0,0
12,2025-07-26,168,50,1
13,2025-07-26,630,0,1
14,2025-07-26,17,250,0
15,2025-07-26,81,0,0
16,2025-07-26,402,0,0
17,2025-07-26,248,0,1
18,2025-07-26,391,0,0
19,2025-07-26,496,0,0
20,2025-07-26,420,0,1
21,2025-07-26,197,100,1
22,2025-07-26,240,0,0
23,2025-07-26,177,150,0
24,2025-07-26,264,100,1
25,2025-07-26,100,200,1
26,2025-07-26,456,0,0
27,2025-07-26,649,0,1
28,2025-07-26,277,0,0
29,2025-07-26,216,0,0
30,2025-07-26,487,0,2
31,2025-07-26,89,0,0
32,2025-07-26,259,0,0
33,2025-07-26,184,0,0
34,2025-07-26,444,0,0
35,2025-07-26,208,0,0
36,2025-07-26,175,0,0
37,2025-07-26,112,0,2
38,2025-07-26,127,0,0
39,2025-07-26,176,50,1
40,2025-07-26,156,100,0
41,2025-07-26,154,100,1
42,2025-07-26,126,0,0
43,2025-07-26,19,200,0
44,2025-07-26,517,0,0
45,2025-07-26,384,0,1
46,2025-07-26,593,0,2
47,2025-07-26,349,0,0
48,2025-07-26,252,0,0
49,2025-07-26,47,50,0
50,2025-07-26,1054,0,0
51,2025-07-26,257,0,2
52,2025-07-26,273,200,5
53,2025-07-26,123,0,0
54,2025-07-26,153,200,0
55,2025-07-26,189,100,0
56,2025-07-26,521,0,0
57,2025-07-26,139,100,4
58,2025-07-26,172,50,0
59,2025-07-26,65,200,0
60,2025-07-26,167,50,0
61,2025-07-26,87,150,1
62,2025-07-26,238,0,0
63,2025-07-26,130,50,1
64,2025-07-26,279,200,1
65,2025-07-26,317,0,1
66,2025-07-26,135,100,1
67,2025-07-26,220,0,0
68,2025-07-26,295,0,1
69,2025-07-26,371,0,0
70,2025-07-26,637,0,0
71,2025-07-26,156,50,0
72,2025-07-26,286,0,3
73,2025-07-26,295,0,0
74,2025-07-26,393,0,1
75,2025-07-26,267,500,1
76,2025-07-26,628,0,1
77,2025-07-26,505,0,0
78,2025-07-26,264,0,0
79,2025-07-26,310,100,1
80,2025-07-26,7,100,0
81,2025-07-26,151,100,0
82,2025-07-26,170,0,0
83,2025-07-26,448,0,1
84,2025-07-26,229,0,0
85,2025-07-26,148,0,0
86,2025-07-26,232,0,0
87,2025-07-26,15,500,0
88,2025-07-26,396,0,0
89,2025-07-26,388,0,0
90,2025-07-26,159,200,0
91,2025-07-26,255,100,2
92,2025-07-26,196,100,0
93,2025-07-26,325,0,1
94,2025-07-26,239,200,3
95,2025-07-26,113,100,1
96,2025-07-26,54,250,1
97,2025-07-26,60,100,1
98,2025-07-26,183,0,1
99,2025-07-26,991,0,0
100,2025-07-26,54,100,1
101,2025-07-26,192,50,1
102,2025-07-26,133,100,0
103,2025-07-26,916,0,0
104,2025-07-26,203,200,1
105,2025-07-26,432,0,0
106,2025-07-26,1228,0,0
107,2025-07-26,31,100,0
108,2025-07-26,174,0,1
109,2025-07-26,331,0,1
110,2025-07-26,232,0,1
111,2025-07-26,570,0,1
112,2025-07-26,426,0,0
113,2025-07-26,53,0,0
114,2025-07-26,381,0,1
115,2025-07-26,109,100,1
116,2025-07-26,169,0,0
117,2025-07-26,349,0,0
118,2025-07-26,264,0,1
119,2025-07-26,315,0,1
120,2025-07-26,372,0,0
1,2025-07-27,249,100,2
2,2025-07-27,254,0,2
3,2025-07-27,139,200,2
4,2025-07-27,252,0,0
5,2025-07-27,43,50,0
6,2025-07-27,118,200,1
7,2025-07-27,992,0,0
8,2025-07-27,244,100,0
9,2025-07-27,160,0,0
10,2025-07-27,58,200,1
11,2025-07-27,612,0,1
12,2025-07-27,157,50,0
13,2025-07-27,622,0,0
14,2025-07-27,0,250,0
15,2025-07-27,80,0,0
16,2025-07-27,400,0,0
17,2025-07-27,239,0,0
18,2025-07-27,387,0,0
19,2025-07-27,491,0,0
20,2025-07-27,403,0,1
21,2025-07-27,182,100,2
22,2025-07-27,235,0,0
23,2025-07-27,160,150,2
24,2025-07-27,254,100,0
25,2025-07-27,84,200,1
26,2025-07-27,449,0,0
27,2025-07-27,637,0,0
28,2025-07-27,266,0,1
29,2025-07-27,213,0,0
30,2025-07-27,482,0,0
31,2025-07-27,85,0,0
32,2025-07-27,256,0,0
33,2025-07-27,174,100,0
34,2025-07-27,437,0,0
35,2025-07-27,205,0,0
36,2025-07-27,173,0,0
37,2025-07-27,109,0,0
38,2025-07-27,124,0,0
39,2025-07-27,165,50,1
40,2025-07-27,151,100,0
41,2025-07-27,222,0,0
42,2025-07-27,124,0,0
43,2025-07-27,13,200,0
44,2025-07-27,516,0,0
45,2025-07-27,378,0,0
46,2025-07-27,584,0,1
47,2025-07-27,338,0,1
48,2025-07-27,246,0,0
49,2025-07-27,45,50,0
50,2025-07-27,1050,0,0
51,2025-07-27,253,200,0
52,2025-07-27,255,200,2
53,2025-07-27,112,0,1
54,2025-07-27,348,0,0
55,2025-07-27,231,50,1
56,2025-07-27,519,0,0
57,2025-07-27,127,150,1
58,2025-07-27,170,50,0
59,2025-07-27,59,200,0
60,2025-07-27,155,50,1
61,2025-07-27,121,150,0
62,2025-07-27,225,0,1
63,2025-07-27,123,50,0
64,2025-07-27,259,200,2
65,2025-07-27,307,0,1
66,2025-07-27,128,100,0
67,2025-07-27,209,0,0
68,2025-07-27,285,0,0
69,2025-07-27,353,0,2
70,2025-07-27,631,0,0
71,2025-07-27,149,50,0
72,2025-07-27,281,0,0
73,2025-07-27,293,0,0
74,2025-07-27,388,0,0
75,2025-07-27,248,500,2
76,2025-07-27,619,0,1
77,2025-07-27,503,0,0
78,2025-07-27,253,200,0
79,2025-07-27,299,100,0
80,2025-07-27,3,100,0
81,2025-07-27,186,50,0
82,2025-07-27,163,0,0
83,2025-07-27,433,0,1
84,2025-07-27,219,0,1
85,2025-07-27,145,0,0
86,2025-07-27,221,0,1
87,2025-07-27,7,500,0
88,2025-07-27,385,0,0
89,2025-07-27,383,0,0
90,2025-07-27,159,200,4
91,2025-07-27,340,0,2
92,2025-07-27,182,100,1
93,2025-07-27,309,0,1
94,2025-07-27,231,200,0
95,2025-07-27,106,100,1
96,2025-07-27,82,250,2
97,2025-07-27,105,50,0
98,2025-07-27,174,100,1
99,2025-07-27,991,0,27
100,2025-07-27,46,200,0
101,2025-07-27,177,100,2
102,2025-07-27,121,100,0
103,2025-07-27,913,0,0
104,2025-07-27,197,200,0
105,2025-07-27,431,0,0
106,2025-07-27,1226,0,0
107,2025-07-27,23,100,0
108,2025-07-27,166,0,1
109,2025-07-27,317,0,1
110,2025-07-27,213,0,2
111,2025-07-27,555,0,2
112,2025-07-27,411,0,1
113,2025-07-27,49,0,0
114,2025-07-27,376,0,0
115,2025-07-27,205,0,0
116,2025-07-27,169,200,3
117,2025-07-27,349,0,7
118,2025-07-27,256,0,0
119,2025-07-27,302,0,1
120,2025-07-27,372,0,4
1,2025-07-28,232,100,1
2,2025-07-28,246,200,0
3,2025-07-28,118,200,0
4,2025-07-28,249,0,0
5,2025-07-28,39,50,0
6,2025-07-28,102,200,1
7,2025-07-28,987,0,0
8,2025-07-28,240,100,0
9,2025-07-28,157,0,0
10,2025-07-28,51,200,0
11,2025-07-28,601,0,1
12,2025-07-28,148,50,0
13,2025-07-28,607,0,2
14,2025-07-28,0,300,0
15,2025-07-28,76,0,0
16,2025-07-28,395,0,0
17,2025-07-28,228,0,1
18,2025-07-28,366,0,2
19,2025-07-28,488,0,0
20,2025-07-28,396,0,0
21,2025-07-28,174,100,0
22,2025-07-28,232,0,0
23,2025-07-28,149,150,0
24,2025-07-28,341,0,1
25,2025-07-28,68,200,1
26,2025-07-28,447,0,0
27,2025-07-28,630,0,0
28,2025-07-28,246,200,2
29,2025-07-28,212,0,0
30,2025-07-28,464,0,1
31,2025-07-28,81,0,0
32,2025-07-28,254,0,0
33,2025-07-28,169,100,0
34,2025-07-28,432,0,0
35,2025-07-28,203,0,0
36,2025-07-28,166,0,0
37,2025-07-28,108,0,0
38,2025-07-28,118,0,0
39,2025-07-28,160,50,0
40,2025-07-28,145,100,0
41,2025-07-28,213,0,0
42,2025-07-28,113,0,1
43,2025-07-28,9,200,0
44,2025-07-28,512,0,0
45,2025-07-28,364,0,1
46,2025-07-28,559,0,1
47,2025-07-28,332,0,0
48,2025-07-28,231,0,2
49,2025-07-28,45,50,1
50,2025-07-28,1046,0,0
51,2025-07-28,238,200,2
52,2025-07-28,237,200,2
53,2025-07-28,112,0,1
54,2025-07-28,348,0,8
55,2025-07-28,220,50,1
56,2025-07-28,515,0,0
57,2025-07-28,121,150,0
58,2025-07-28,166,50,0
59,2025-07-28,57,200,0
60,2025-07-28,141,50,1
61,2025-07-28,116,150,0
62,2025-07-28,214,0,1
63,2025-07-28,121,50,0
64,2025-07-28,252,200,0
65,2025-07-28,300,0,0
66,2025-07-28,109,150,1
67,2025-07-28,199,0,0
68,2025-07-28,269,0,1
69,2025-07-28,342,0,1
70,2025-07-28,629,0,0
71,2025-07-28,141,50,1
72,2025-07-28,278,0,0
73,2025-07-28,288,0,0
74,2025-07-28,386,0,0
75,2025-07-28,240,500,0
76,2025-07-28,598,0,2
77,2025-07-28,502,0,0
78,2025-07-28,237,200,0
79,2025-07-28,286,100,1
80,2025-07-28,2,100,0
81,2025-07-28,230,0,0
82,2025-07-28,152,0,1
83,2025-07-28,423,0,0
84,2025-07-28,209,0,1
85,2025-07-28,141,0,0
86,2025-07-28,212,0,1
87,2025-07-28,0,500,0
88,2025-07-28,375,0,1
89,2025-07-28,378,0,0
90,2025-07-28,150,200,1
91,2025-07-28,338,0,0
92,2025-07-28,173,100,1
93,2025-07-28,287,200,3
94,2025-07-28,216,200,1
95,2025-07-28,99,100,0
96,2025-07-28,113,200,2
97,2025-07-28,101,50,0
98,2025-07-28,164,100,1
99,2025-07-28,987,0,0
100,2025-07-28,36,200,1
101,2025-07-28,211,50,1
102,2025-07-28,209,0,1
103,2025-07-28,912,0,0
104,2025-07-28,181,200,2
105,2025-07-28,426,0,0
106,2025-07-28,1223,0,0
107,2025-07-28,20,100,0
108,2025-07-28,159,0,0
109,2025-07-28,313,0,0
110,2025-07-28,202,0,1
111,2025-07-28,542,0,0
112,2025-07-28,404,0,0
113,2025-07-28,46,100,0
114,2025-07-28,362,0,1
115,2025-07-28,198,0,0
116,2025-07-28,364,0,0
117,2025-07-28,333,0,1
118,2025-07-28,235,0,2
119,2025-07-28,289,0,1
120,2025-07-28,367,0,0
1,2025-07-29,215,100,2
2,2025-07-29,233,200,1
3,2025-07-29,114,200,0
4,2025-07-29,247,0,0
5,2025-07-29,39,50,0
6,2025-07-29,284,0,0
7,2025-07-29,985,0,0
8,2025-07-29,232,100,0
9,2025-07-29,151,0,0
10,2025-07-29,41,200,0
11,2025-07-29,585,0,2
12,2025-07-29,142,50,0
13,2025-07-29,584,0,2
14,2025-07-29,0,300,0
15,2025-07-29,74,100,0
16,2025-07-29,379,0,1
17,2025-07-29,218,0,1
18,2025-07-29,352,0,1
19,2025-07-29,485,0,0
20,2025-07-29,392,0,0
21,2025-07-29,165,100,1
22,2025-07-29,228,0,0
23,2025-07-29,183,100,1
24,2025-07-29,331,0,1
25,2025-07-29,54,200,1
26,2025-07-29,443,0,0
27,2025-07-29,618,0,1
28,2025-07-29,231,200,1
29,2025-07-29,212,0,6
30,2025-07-29,446,0,1
31,2025-07-29,78,0,0
32,2025-07-29,248,0,0
33,2025-07-29,254,0,1
34,2025-07-29,432,0,7
35,2025-07-29,200,0,0
36,2025-07-29,163,0,0
37,2025-07-29,106,0,0
38,2025-07-29,114,0,0
39,2025-07-29,145,50,1
40,2025-07-29,139,100,0
41,2025-07-29,196,0,2
42,2025-07-29,109,50,0
43,2025-07-29,106,100,0
44,2025-07-29,506,0,0
45,2025-07-29,350,0,0
46,2025-07-29,538,0,2
47,2025-07-29,326,0,0
48,2025-07-29,220,0,0
49,2025-07-29,42,50,0
50,2025-07-29,1043,0,0
51,2025-07-29,220,200,2
52,2025-07-29,222,200,2
53,2025-07-29,109,0,0
54,2025-07-29,335,0,0
55,2025-07-29,209,100,1
56,2025-07-29,506,0,0
57,2025-07-29,112,200,0
58,2025-07-29,161,50,0
59,2025-07-29,55,200,0
60,2025-07-29,133,50,1
61,2025-07-29,144,150,1
62,2025-07-29,205,0,0
63,2025-07-29,111,50,0
64,2025-07-29,439,0,1
65,2025-07-29,280,0,2
66,2025-07-29,97,150,1
67,2025-07-29,192,0,0
68,2025-07-29,257,0,1
69,2025-07-29,332,0,1
70,2025-07-29,624,0,0
71,2025-07-29,178,0,1
72,2025-07-29,275,0,0
73,2025-07-29,285,0,0
74,2025-07-29,377,0,1
75,2025-07-29,225,500,2
76,2025-07-29,588,0,1
77,2025-07-29,500,0,0
78,2025-07-29,219,200,0
79,2025-07-29,272,100,2
80,2025-07-29,0,100,0
81,2025-07-29,222,50,1
82,2025-07-29,145,50,1
83,2025-07-29,413,0,0
84,2025-07-29,202,0,0
85,2025-07-29,139,0,0
86,2025-07-29,208,0,0
87,2025-07-29,0,500,0
88,2025-07-29,356,0,2
89,2025-07-29,373,0,0
90,2025-07-29,141,200,1
91,2025-07-29,317,0,2
92,2025-07-29,162,100,1
93,2025-07-29,270,200,2
94,2025-07-29,200,200,1
95,2025-07-29,98,100,0
96,2025-07-29,99,200,2
97,2025-07-29,88,50,0
98,2025-07-29,258,0,0
99,2025-07-29,982,0,0
100,2025-07-29,26,200,0
101,2025-07-29,203,50,0
102,2025-07-29,199,100,1
103,2025-07-29,910,0,0
104,2025-07-29,164,200,0
105,2025-07-29,424,0,0
106,2025-07-29,1219,0,0
107,2025-07-29,9,150,1
108,2025-07-29,154,0,0
109,2025-07-29,302,0,1
110,2025-07-29,196,100,0
111,2025-07-29,528,0,2
112,2025-07-29,396,0,1
113,2025-07-29,44,100,0
114,2025-07-29,354,0,0
115,2025-07-29,194,0,0
116,2025-07-29,357,0,0
117,2025-07-29,333,0,6
118,2025-07-29,228,0,0
119,2025-07-29,262,0,3
120,2025-07-29,362,0,0
1,2025-07-30,202,100,0
2,2025-07-30,432,0,0
3,2025-07-30,144,150,2
4,2025-07-30,246,0,0
5,2025-07-30,36,50,0
6,2025-07-30,270,0,2
7,2025-07-30,983,0,0
8,2025-07-30,219,100,1
9,2025-07-30,148,0,0
10,2025-07-30,136,100,0
11,2025-07-30,569,0,1
12,2025-07-30,133,50,1
13,2025-07-30,576,0,0
14,2025-07-30,0,300,0
15,2025-07-30,70,100,0
16,2025-07-30,375,0,0
17,2025-07-30,200,100,1
18,2025-07-30,342,0,1
19,2025-07-30,482,0,0
20,2025-07-30,375,0,1
21,2025-07-30,255,0,1
22,2025-07-30,224,0,0
23,2025-07-30,170,150,1
24,2025-07-30,326,0,0
25,2025-07-30,48,200,0
26,2025-07-30,437,0,0
27,2025-07-30,607,0,0
28,2025-07-30,214,200,1
29,2025-07-30,211,0,0
30,2025-07-30,441,0,0
31,2025-07-30,75,100,0
32,2025-07-30,244,0,0
33,2025-07-30,243,0,1
34,2025-07-30,432,0,8
35,2025-07-30,195,0,0
36,2025-07-30,161,0,0
37,2025-07-30,102,0,0
38,2025-07-30,109,0,0
39,2025-07-30,135,50,0
40,2025-07-30,234,0,0
41,2025-07-30,188,0,1
42,2025-07-30,102,50,0
43,2025-07-30,101,100,0
44,2025-07-30,503,0,0
45,2025-07-30,336,0,1
46,2025-07-30,528,0,1
47,2025-07-30,315,0,0
48,2025-07-30,212,500,1
49,2025-07-30,42,50,1
50,2025-07-30,1041,0,0
51,2025-07-30,219,200,0
52,2025-07-30,210,200,1
53,2025-07-30,104,0,0
54,2025-07-30,329,0,0
55,2025-07-30,197,100,1
56,2025-07-30,501,0,0
57,2025-07-30,150,150,1
58,2025-07-30,156,50,0
59,2025-07-30,54,200,0
60,2025-07-30,126,100,0
61,2025-07-30,137,150,1
62,2025-07-30,205,0,4
63,2025-07-30,105,50,0
64,2025-07-30,432,0,0
65,2025-07-30,276,0,0
66,2025-07-30,85,150,1
67,2025-07-30,182,0,0
68,2025-07-30,243,200,1
69,2025-07-30,323,0,0
70,2025-07-30,620,0,0
71,2025-07-30,172,0,0
72,2025-07-30,270,0,0
73,2025-07-30,283,0,0
74,2025-07-30,370,0,0
75,2025-07-30,211,500,0
76,2025-07-30,575,0,1
77,2025-07-30,499,0,0
78,2025-07-30,202,200,1
79,2025-07-30,260,100,1
80,2025-07-30,0,100,0
81,2025-07-30,222,50,2
82,2025-07-30,140,50,0
83,2025-07-30,399,0,1
84,2025-07-30,190,0,0
85,2025-07-30,136,0,0
86,2025-07-30,201,0,0
87,2025-07-30,0,500,0
88,2025-07-30,356,0,6
89,2025-07-30,368,0,0
90,2025-07-30,135,200,0
91,2025-07-30,305,0,0
92,2025-07-30,251,0,1
93,2025-07-30,259,200,1
94,2025-07-30,184,200,0
95,2025-07-30,92,100,0
96,2025-07-30,89,250,0
97,2025-07-30,81,100,0
98,2025-07-30,251,0,0
99,2025-07-30,978,0,0
100,2025-07-30,218,0,0
101,2025-07-30,191,50,1
102,2025-07-30,187,100,0
103,2025-07-30,907,0,0
104,2025-07-30,357,0,0
105,2025-07-30,419,0,0
106,2025-07-30,1215,0,0
107,2025-07-30,4,150,0
108,2025-07-30,143,200,0
109,2025-07-30,297,0,0
110,2025-07-30,186,100,0
111,2025-07-30,517,0,1
112,2025-07-30,391,0,0
113,2025-07-30,42,100,0
114,2025-07-30,348,0,0
115,2025-07-30,188,0,0
116,2025-07-30,352,0,0
117,2025-07-30,330,0,0
118,2025-07-30,221,200,0
119,2025-07-30,242,100,1
120,2025-07-30,357,0,0
1,2025-07-31,186,100,1
2,2025-07-31,414,0,0
3,2025-07-31,132,150,1
4,2025-07-31,244,0,0
5,2025-07-31,85,0,0
6,2025-07-31,249,200,1
7,2025-07-31,981,0,0
8,2025-07-31,204,100,1
9,2025-07-31,143,0,0
10,2025-07-31,128,100,0
11,2025-07-31,564,0,0
12,2025-07-31,128,100,0
13,2025-07-31,557,0,1
14,2025-07-31,43,250,0
15,2025-07-31,68,100,0
16,2025-07-31,371,0,0
17,2025-07-31,296,0,0
18,2025-07-31,336,0,0
19,2025-07-31,475,0,0
20,2025-07-31,358,0,1
21,2025-07-31,246,0,0
22,2025-07-31,219,0,0
23,2025-07-31,157,150,1
24,2025-07-31,303,0,2
25,2025-07-31,21,300,2
26,2025-07-31,429,0,0
27,2025-07-31,594,0,1
28,2025-07-31,201,200,1
29,2025-07-31,209,0,0
30,2025-07-31,438,0,0
31,2025-07-31,73,100,0
32,2025-07-31,242,0,0
33,2025-07-31,237,0,0
34,2025-07-31,419,0,1
35,2025-07-31,191,0,0
36,2025-07-31,154,0,0
37,2025-07-31,99,0,0
38,2025-07-31,108,0,0
39,2025-07-31,124,50,1
40,2025-07-31,223,0,0
41,2025-07-31,187,100,0
42,2025-07-31,95,50,0
43,2025-07-31,99,100,0
44,2025-07-31,502,0,0
45,2025-07-31,313,0,3
46,2025-07-31,522,0,0
47,2025-07-31,309,0,0
48,2025-07-31,198,500,1
49,2025-07-31,41,50,0
50,2025-07-31,1037,0,0
51,2025-07-31,209,200,0
52,2025-07-31,194,200,1
53,2025-07-31,100,50,0
54,2025-07-31,321,0,0
55,2025-07-31,187,100,0
56,2025-07-31,494,0,0
57,2025-07-31,137,150,1
58,2025-07-31,143,50,1
59,2025-07-31,52,200,0
60,2025-07-31,118,100,0
61,2025-07-31,175,100,1
62,2025-07-31,194,0,0
63,2025-07-31,150,0,0
64,2025-07-31,417,0,1
65,2025-07-31,272,0,0
66,2025-07-31,127,100,1
67,2025-07-31,173,500,1
68,2025-07-31,236,200,0
69,2025-07-31,313,0,1
70,2025-07-31,618,0,0
71,2025-07-31,167,50,0
72,2025-07-31,264,0,0
73,2025-07-31,282,0,0
74,2025-07-31,362,0,1
75,2025-07-31,197,500,1
76,2025-07-31,567,0,1
77,2025-07-31,497,0,0
78,2025-07-31,196,200,0
79,2025-07-31,244,100,1
80,2025-07-31,0,100,0
81,2025-07-31,213,50,0
82,2025-07-31,134,50,0
83,2025-07-31,388,0,1
84,2025-07-31,181,100,1
85,2025-07-31,132,0,0
86,2025-07-31,191,0,0
87,2025-07-31,0,500,0
88,2025-07-31,349,0,0
89,2025-07-31,363,0,0
90,2025-07-31,127,200,0
91,2025-07-31,305,0,4
92,2025-07-31,242,0,1
93,2025-07-31,242,200,1
94,2025-07-31,181,200,0
95,2025-07-31,88,100,0
96,2025-07-31,84,250,0
97,2025-07-31,114,50,0
98,2025-07-31,240,0,0
99,2025-07-31,976,0,0
100,2025-07-31,208,0,0
101,2025-07-31,178,50,1
102,2025-07-31,273,0,1
103,2025-07-31,905,0,0
104,2025-07-31,347,0,1
105,2025-07-31,416,0,0
106,2025-07-31,1212,0,0
107,2025-07-31,46,100,0
108,2025-07-31,136,200,0
109,2025-07-31,291,0,0
110,2025-07-31,183,100,0
111,2025-07-31,496,0,2
112,2025-07-31,383,0,0
113,2025-07-31,39,100,0
114,2025-07-31,339,0,0
115,2025-07-31,187,0,0
116,2025-07-31,342,0,1
117,2025-07-31,322,0,0
118,2025-07-31,208,200,1
119,2025-07-31,226,100,0
120,2025-07-31,350,0,0
1,2025-08-01,162,100,2
2,2025-08-01,402,0,1
3,2025-08-01,122,150,0
4,2025-08-01,241,0,0
5,2025-08-01,79,0,0
6,2025-08-01,230,200,1
7,2025-08-01,980,0,0
8,2025-08-01,291,0,1
9,2025-08-01,138,0,0
10,2025-08-01,125,100,0
11,2025-08-01,551,0,1
12,2025-08-01,173,50,0
13,2025-08-01,550,0,0
14,2025-08-01,31,250,0
15,2025-08-01,65,100,0
16,2025-08-01,365,0,0
17,2025-08-01,289,0,1
18,2025-08-01,327,0,0
19,2025-08-01,470,0,0
20,2025-08-01,342,0,2
21,2025-08-01,239,100,0
22,2025-08-01,219,0,6
23,2025-08-01,147,150,0
24,2025-08-01,289,100,1
25,2025-08-01,13,300,0
26,2025-08-01,425,0,0
27,2025-08-01,586,0,0
28,2025-08-01,190,200,1
29,2025-08-01,206,0,0
30,2025-08-01,428,0,0
31,2025-08-01,70,100,0
32,2025-08-01,239,0,0
33,2025-08-01,230,0,0
34,2025-08-01,410,0,0
35,2025-08-01,187,0,0
36,2025-08-01,144,0,1
37,2025-08-01,96,0,0
38,2025-08-01,105,0,0
39,2025-08-01,119,50,0
40,2025-08-01,209,0,1
41,2025-08-01,182,100,0
42,2025-08-01,88,50,0
43,2025-08-01,95,100,0
44,2025-08-01,497,0,0
45,2025-08-01,304,0,0
46,2025-08-01,504,0,2
47,2025-08-01,304,0,0
48,2025-08-01,187,500,0
49,2025-08-01,39,50,0
50,2025-08-01,1033,0,0
51,2025-08-01,199,200,1
52,2025-08-01,182,200,1
53,2025-08-01,146,0,0
54,2025-08-01,318,0,0
55,2025-08-01,228,50,1
56,2025-08-01,489,0,0
57,2025-08-01,178,100,0
58,2025-08-01,138,50,0
59,2025-08-01,48,200,0
60,2025-08-01,111,100,0
61,2025-08-01,265,0,0
62,2025-08-01,191,0,0
63,2025-08-01,136,0,1
64,2025-08-01,392,0,2
65,2025-08-01,265,0,0
66,2025-08-01,165,50,1
67,2025-08-01,166,500,0
68,2025-08-01,217,200,0
69,2025-08-01,302,0,1
70,2025-08-01,615,0,0
71,2025-08-01,167,50,3
72,2025-08-01,261,0,0
73,2025-08-01,280,0,0
74,2025-08-01,355,0,0
75,2025-08-01,188,500,1
76,2025-08-01,559,0,0
77,2025-08-01,495,0,0
78,2025-08-01,191,200,0
79,2025-08-01,228,100,2
80,2025-08-01,0,100,0
81,2025-08-01,201,50,0
82,2025-08-01,176,0,0
83,2025-08-01,388,0,9
84,2025-08-01,175,100,0
85,2025-08-01,124,0,1
86,2025-08-01,184,200,0
87,2025-08-01,0,500,0
88,2025-08-01,343,0,0
89,2025-08-01,360,0,0
90,2025-08-01,116,200,0
91,2025-08-01,292,0,1
92,2025-08-01,229,0,0
93,2025-08-01,232,200,0
94,2025-08-01,376,0,0
95,2025-08-01,83,200,0
96,2025-08-01,74,250,0
97,2025-08-01,109,50,0
98,2025-08-01,229,0,0
99,2025-08-01,973,0,0
100,2025-08-01,199,0,1
101,2025-08-01,217,0,1
102,2025-08-01,268,0,0
103,2025-08-01,902,0,0
104,2025-08-01,334,0,1
105,2025-08-01,411,0,0
106,2025-08-01,1210,0,0
107,2025-08-01,46,100,0
108,2025-08-01,128,200,0
109,2025-08-01,281,0,1
110,2025-08-01,175,100,0
111,2025-08-01,483,0,0
112,2025-08-01,367,0,2
113,2025-08-01,137,0,0
114,2025-08-01,329,0,0
115,2025-08-01,182,0,0
116,2025-08-01,340,0,0
117,2025-08-01,311,0,0
118,2025-08-01,198,200,1
119,2025-08-01,205,100,2
120,2025-08-01,345,0,0
1,2025-08-02,143,200,1
2,2025-08-02,387,0,1
3,2025-08-02,111,200,1
4,2025-08-02,239,0,0
5,2025-08-02,76,0,0
6,2025-08-02,219,200,0
7,2025-08-02,978,0,0
8,2025-08-02,272,0,1
9,2025-08-02,131,0,0
10,2025-08-02,108,100,1
11,2025-08-02,549,0,0
12,2025-08-02,165,50,0
13,2025-08-02,538,0,1
14,2025-08-02,17,250,1
15,2025-08-02,64,100,0
16,2025-08-02,356,0,0
17,2025-08-02,270,0,1
18,2025-08-02,320,0,0
19,2025-08-02,466,0,0
20,2025-08-02,322,0,2
21,2025-08-02,328,0,1
22,2025-08-02,216,0,0
23,2025-08-02,130,200,1
24,2025-08-02,270,100,2
25,2025-08-02,4,300,0
26,2025-08-02,417,0,0
27,2025-08-02,573,0,1
28,2025-08-02,182,200,0
29,2025-08-02,206,0,4
30,2025-08-02,420,0,0
31,2025-08-02,68,100,0
32,2025-08-02,237,0,0
33,2025-08-02,219,0,0
34,2025-08-02,402,0,1
35,2025-08-02,182,0,0
36,2025-08-02,137,0,0
37,2025-08-02,94,0,0
38,2025-08-02,102,0,0
39,2025-08-02,113,50,0
40,2025-08-02,202,0,0
41,2025-08-02,172,100,0
42,2025-08-02,82,50,0
43,2025-08-02,91,100,0
44,2025-08-02,490,0,0
45,2025-08-02,293,0,1
46,2025-08-02,484,0,1
47,2025-08-02,295,0,0
48,2025-08-02,183,500,0
49,2025-08-02,36,50,0
50,2025-08-02,1028,0,0
51,2025-08-02,390,0,0
52,2025-08-02,370,0,0
53,2025-08-02,143,0,0
54,2025-08-02,305,0,0
55,2025-08-02,222,50,0
56,2025-08-02,480,0,0
57,2025-08-02,177,100,0
58,2025-08-02,185,50,0
59,2025-08-02,44,200,0
60,2025-08-02,108,100,0
61,2025-08-02,248,50,1
62,2025-08-02,179,0,1
63,2025-08-02,130,0,0
64,2025-08-02,372,0,2
65,2025-08-02,244,100,2
66,2025-08-02,159,50,0
67,2025-08-02,656,0,0
68,2025-08-02,207,200,1
69,2025-08-02,292,0,1
70,2025-08-02,613,0,0
71,2025-08-02,161,50,0
72,2025-08-02,257,0,0
73,2025-08-02,278,0,0
74,2025-08-02,348,0,0
75,2025-08-02,169,500,1
76,2025-08-02,551,0,0
77,2025-08-02,493,0,0
78,2025-08-02,182,200,0
79,2025-08-02,221,100,0
80,2025-08-02,100,0,2
81,2025-08-02,185,100,1
82,2025-08-02,169,0,0
83,2025-08-02,382,0,0
84,2025-08-02,166,100,0
85,2025-08-02,122,0,0
86,2025-08-02,170,200,1
87,2025-08-02,0,500,0
88,2025-08-02,335,0,0
89,2025-08-02,353,0,0
90,2025-08-02,108,200,1
91,2025-08-02,282,0,1
92,2025-08-02,221,100,1
93,2025-08-02,421,0,1
94,2025-08-02,370,0,0
95,2025-08-02,78,200,0
96,2025-08-02,70,250,0
97,2025-08-02,105,50,0
98,2025-08-02,216,0,1
99,2025-08-02,970,0,0
100,2025-08-02,187,0,0
101,2025-08-02,207,0,1
102,2025-08-02,260,0,0
103,2025-08-02,899,0,0
104,2025-08-02,324,0,1
105,2025-08-02,406,0,0
106,2025-08-02,1208,0,0
107,2025-08-02,40,100,0
108,2025-08-02,113,200,0
109,2025-08-02,273,0,1
110,2025-08-02,167,100,1
111,2025-08-02,482,0,0
112,2025-08-02,352,0,2
113,2025-08-02,135,0,0
114,2025-08-02,321,0,0
115,2025-08-02,176,0,0
116,2025-08-02,332,0,0
117,2025-08-02,301,0,0
118,2025-08-02,196,200,0
119,2025-08-02,191,100,2
120,2025-08-02,339,0,0
1,2025-08-03,127,200,1
2,2025-08-03,368,0,1
3,2025-08-03,93,200,1
4,2025-08-03,234,0,0
5,2025-08-03,74,0,0
6,2025-08-03,196,200,2
7,2025-08-03,977,0,0
8,2025-08-03,244,0,1
9,2025-08-03,125,0,0
10,2025-08-03,96,200,1
11,2025-08-03,539,0,0
12,2025-08-03,157,50,0
13,2025-08-03,523,0,1
14,2025-08-03,0,300,0
15,2025-08-03,56,100,1
16,2025-08-03,348,0,0
17,2025-08-03,262,0,0
18,2025-08-03,304,0,1
19,2025-08-03,460,0,0
20,2025-08-03,307,0,0
21,2025-08-03,316,0,1
22,2025-08-03,212,0,0
23,2025-08-03,116,200,1
24,2025-08-03,257,100,1
25,2025-08-03,0,300,0
26,2025-08-03,410,0,0
27,2025-08-03,560,0,1
28,2025-08-03,170,200,1
29,2025-08-03,203,0,0
30,2025-08-03,410,0,1
31,2025-08-03,63,100,0
32,2025-08-03,229,0,0
33,2025-08-03,210,0,0
34,2025-08-03,397,0,0
35,2025-08-03,180,0,0
36,2025-08-03,130,0,0
37,2025-08-03,91,0,0
38,2025-08-03,101,0,0
39,2025-08-03,105,100,0
40,2025-08-03,190,0,0
41,2025-08-03,258,0,1
42,2025-08-03,71,50,1
43,2025-08-03,86,100,0
44,2025-08-03,486,0,0
45,2025-08-03,279,0,0
46,2025-08-03,475,0,1
47,2025-08-03,287,0,1
48,2025-08-03,175,500,1
49,2025-08-03,84,0,0
50,2025-08-03,1026,0,0
51,2025-08-03,372,0,2
52,2025-08-03,344,0,3
53,2025-08-03,140,0,0
54,2025-08-03,301,0,0
55,2025-08-03,213,100,0
56,2025-08-03,474,0,0
57,2025-08-03,157,100,2
58,2025-08-03,176,50,1
59,2025-08-03,240,0,0
60,2025-08-03,98,100,1
61,2025-08-03,240,50,0
62,2025-08-03,171,0,0
63,2025-08-03,123,50,0
64,2025-08-03,355,0,0
65,2025-08-03,236,100,0
66,2025-08-03,152,100,0
67,2025-08-03,648,0,0
68,2025-08-03,197,200,1
69,2025-08-03,285,0,0
70,2025-08-03,611,0,0
71,2025-08-03,157,50,0
72,2025-08-03,247,0,1
73,2025-08-03,276,0,0
74,2025-08-03,341,0,0
75,2025-08-03,163,500,0
76,2025-08-03,537,0,0
77,2025-08-03,490,0,0
78,2025-08-03,174,200,0
79,2025-08-03,212,100,1
80,2025-08-03,98,0,0
81,2025-08-03,178,100,0
82,2025-08-03,160,0,1
83,2025-08-03,367,0,1
84,2025-08-03,160,100,0
85,2025-08-03,119,0,0
86,2025-08-03,359,0,1
87,2025-08-03,0,500,0
88,2025-08-03,330,0,0
89,2025-08-03,350,0,0
90,2025-08-03,95,200,1
91,2025-08-03,266,0,1
92,2025-08-03,214,100,0
93,2025-08-03,392,0,4
94,2025-08-03,358,0,1
95,2025-08-03,72,200,0
96,2025-08-03,60,250,1
97,2025-08-03,100,50,0
98,2025-08-03,203,0,1
99,2025-08-03,968,0,0
100,2025-08-03,178,0,1
101,2025-08-03,195,50,1
102,2025-08-03,249,0,1
103,2025-08-03,896,0,0
104,2025-08-03,306,0,2
105,2025-08-03,401,0,0
106,2025-08-03,1202,0,0
107,2025-08-03,38,100,0
108,2025-08-03,106,200,0
109,2025-08-03,268,0,0
110,2025-08-03,154,100,0
111,2025-08-03,461,0,2
112,2025-08-03,342,0,1
113,2025-08-03,132,0,0
114,2025-08-03,314,0,1
115,2025-08-03,170,0,0
116,2025-08-03,328,0,0
117,2025-08-03,287,0,1
118,2025-08-03,196,200,4
119,2025-08-03,165,100,1
120,2025-08-03,333,0,0
1,2025-08-04,212,100,0
2,2025-08-04,357,0,1
3,2025-08-04,80,250,1
4,2025-08-04,234,0,4
5,2025-08-04,74,0,2
6,2025-08-04,183,200,0
7,2025-08-04,975,0,0
8,2025-08-04,227,100,2
9,2025-08-04,123,0,0
10,2025-08-04,87,200,0
11,2025-08-04,525,0,1
12,2025-08-04,147,100,0
13,2025-08-04,513,0,0
14,2025-08-04,0,300,0
15,2025-08-04,52,100,0
16,2025-08-04,340,0,0
17,2025-08-04,248,0,2
18,2025-08-04,291,0,1
19,2025-08-04,455,0,0
20,2025-08-04,292,200,2
21,2025-08-04,304,0,1
22,2025-08-04,209,0,0
23,2025-08-04,100,250,1
24,2025-08-04,245,100,1
25,2025-08-04,0,300,0
26,2025-08-04,404,0,0
27,2025-08-04,545,0,1
28,2025-08-04,362,0,0
29,2025-08-04,201,0,0
30,2025-08-04,393,0,2
31,2025-08-04,61,100,0
32,2025-08-04,226,0,0
33,2025-08-04,200,0,1
34,2025-08-04,388,0,1
35,2025-08-04,174,0,0
36,2025-08-04,128,0,0
37,2025-08-04,90,0,0
38,2025-08-04,97,0,0
39,2025-08-04,130,50,0
40,2025-08-04,180,100,1
41,2025-08-04,246,0,0
42,2025-08-04,67,50,0
43,2025-08-04,182,0,0
44,2025-08-04,480,0,0
45,2025-08-04,268,200,1
46,2025-08-04,458,0,1
47,2025-08-04,276,0,0
48,2025-08-04,167,500,0
49,2025-08-04,82,0,0
50,2025-08-04,1023,0,0
51,2025-08-04,366,0,0
52,2025-08-04,332,0,1
53,2025-08-04,136,0,0
54,2025-08-04,293,0,0
55,2025-08-04,202,100,1
56,2025-08-04,474,0,9
57,2025-08-04,142,150,2
58,2025-08-04,173,50,0
59,2025-08-04,237,0,0
60,2025-08-04,143,50,0
61,2025-08-04,228,50,1
62,2025-08-04,164,200,0
63,2025-08-04,116,50,0
64,2025-08-04,339,0,1
65,2025-08-04,222,100,2
66,2025-08-04,141,100,0
67,2025-08-04,640,0,1
68,2025-08-04,179,200,2
69,2025-08-04,277,0,0
70,2025-08-04,605,0,0
71,2025-08-04,201,0,0
72,2025-08-04,243,0,0
73,2025-08-04,275,0,0
74,2025-08-04,335,0,0
75,2025-08-04,151,500,1
76,2025-08-04,526,0,0
77,2025-08-04,487,0,0
78,2025-08-04,159,200,1
79,2025-08-04,194,200,1
80,2025-08-04,96,0,0
81,2025-08-04,171,100,0
82,2025-08-04,146,50,0
83,2025-08-04,358,0,0
84,2025-08-04,149,100,1
85,2025-08-04,117,0,0
86,2025-08-04,357,0,0
87,2025-08-04,489,0,1
88,2025-08-04,322,0,1
89,2025-08-04,346,0,0
90,2025-08-04,86,200,1
91,2025-08-04,257,100,0
92,2025-08-04,205,100,0
93,2025-08-04,377,0,1
94,2025-08-04,344,0,0
95,2025-08-04,63,200,0
96,2025-08-04,60,250,1
97,2025-08-04,94,50,0
98,2025-08-04,193,0,1
99,2025-08-04,968,0,22
100,2025-08-04,175,0,0
101,2025-08-04,194,50,0
102,2025-08-04,232,0,1
103,2025-08-04,893,0,0
104,2025-08-04,293,0,1
105,2025-08-04,395,0,0
106,2025-08-04,1199,0,0
107,2025-08-04,35,100,0
108,2025-08-04,99,200,0
109,2025-08-04,257,0,1
110,2025-08-04,150,100,0
111,2025-08-04,435,0,2
112,2025-08-04,342,0,5
113,2025-08-04,130,0,0
114,2025-08-04,294,0,2
115,2025-08-04,165,0,0
116,2025-08-04,325,0,0
117,2025-08-04,266,0,0
118,2025-08-04,187,200,0
119,2025-08-04,147,200,2
120,2025-08-04,326,0,0
1,2025-08-05,200,100,0
2,2025-08-05,350,0,0
3,2025-08-05,67,250,0
4,2025-08-05,230,0,0
5,2025-08-05,73,0,0
6,2025-08-05,173,200,0
7,2025-08-05,974,0,0
8,2025-08-05,216,100,1
9,2025-08-05,120,0,0
10,2025-08-05,77,200,1
11,2025-08-05,514,0,1
12,2025-08-05,134,100,1
13,2025-08-05,500,0,1
14,2025-08-05,0,300,0
15,2025-08-05,149,0,0
16,2025-08-05,338,0,0
17,2025-08-05,236,0,1
18,2025-08-05,273,0,1
19,2025-08-05,450,0,0
20,2025-08-05,278,200,0
21,2025-08-05,296,0,0
22,2025-08-05,203,0,0
23,2025-08-05,83,250,2
24,2025-08-05,325,0,2
25,2025-08-05,95,200,0
26,2025-08-05,396,0,0
27,2025-08-05,529,0,1
28,2025-08-05,352,0,1
29,2025-08-05,197,0,0
30,2025-08-05,381,0,1
31,2025-08-05,59,100,0
32,2025-08-05,223,0,0
33,2025-08-05,195,100,0
34,2025-08-05,382,0,0
35,2025-08-05,170,0,0
36,2025-08-05,120,0,1
37,2025-08-05,87,0,0
38,2025-08-05,94,0,0
39,2025-08-05,121,50,1
40,2025-08-05,168,100,0
41,2025-08-05,241,0,0
42,2025-08-05,62,100,0
43,2025-08-05,177,0,0
44,2025-08-05,473,0,0
45,2025-08-05,253,200,1
46,2025-08-05,441,0,2
47,2025-08-05,270,0,0
48,2025-08-05,157,500,1
49,2025-08-05,79,0,0
50,2025-08-05,1019,0,0
51,2025-08-05,354,0,1
52,2025-08-05,327,0,0
53,2025-08-05,132,0,0
54,2025-08-05,293,0,7
55,2025-08-05,192,100,1
56,2025-08-05,467,0,0
57,2025-08-05,127,150,1
58,2025-08-05,168,50,0
59,2025-08-05,234,0,0
60,2025-08-05,129,50,1
61,2025-08-05,221,50,0
62,2025-08-05,163,200,0
63,2025-08-05,109,50,0
64,2025-08-05,332,0,0
65,2025-08-05,215,100,0
66,2025-08-05,178,50,1
67,2025-08-05,628,0,1
68,2025-08-05,173,200,0
69,2025-08-05,272,0,0
70,2025-08-05,603,0,0
71,2025-08-05,195,0,0
72,2025-08-05,235,0,0
73,2025-08-05,273,0,0
74,2025-08-05,330,0,0
75,2025-08-05,134,500,0
76,2025-08-05,513,0,0
77,2025-08-05,485,0,0
78,2025-08-05,151,200,1
79,2025-08-05,183,200,1
80,2025-08-05,95,0,0
81,2025-08-05,158,100,0
82,2025-08-05,137,50,0
83,2025-08-05,351,0,0
84,2025-08-05,142,100,1
85,2025-08-05,115,0,0
86,2025-08-05,355,0,0
87,2025-08-05,485,0,0
88,2025-08-05,311,0,0
89,2025-08-05,343,0,0
90,2025-08-05,76,200,0
91,2025-08-05,254,100,0
92,2025-08-05,295,0,0
93,2025-08-05,367,0,1
94,2025-08-05,340,0,0
95,2025-08-05,52,200,1
96,2025-08-05,42,250,1
97,2025-08-05,90,50,0
98,2025-08-05,186,0,0
99,2025-08-05,965,0,0
100,2025-08-05,174,0,0
101,2025-08-05,192,50,0
102,2025-08-05,219,100,1
103,2025-08-05,891,0,0
104,2025-08-05,272,0,2
105,2025-08-05,393,0,0
106,2025-08-05,1195,0,0
107,2025-08-05,31,100,0
108,2025-08-05,293,0,0
109,2025-08-05,242,0,1
110,2025-08-05,146,100,0
111,2025-08-05,418,0,2
112,2025-08-05,329,0,1
113,2025-08-05,126,0,0
114,2025-08-05,288,0,0
115,2025-08-05,161,0,0
116,2025-08-05,316,0,0
117,2025-08-05,255,0,1
118,2025-08-05,179,200,0
119,2025-08-05,127,200,2
120,2025-08-05,321,0,0
1,2025-08-06,189,100,0
2,2025-08-06,339,0,1
3,2025-08-06,59,250,0
4,2025-08-06,226,0,0
5,2025-08-06,71,0,0
6,2025-08-06,163,200,1
7,2025-08-06,973,0,0
8,2025-08-06,201,100,1
9,2025-08-06,116,0,0
10,2025-08-06,75,200,0
11,2025-08-06,509,0,0
12,2025-08-06,126,100,0
13,2025-08-06,488,0,0
14,2025-08-06,0,300,0
15,2025-08-06,142,0,0
16,2025-08-06,337,0,0
17,2025-08-06,229,0,0
18,2025-08-06,254,0,1
19,2025-08-06,444,0,0
20,2025-08-06,260,200,1
21,2025-08-06,283,0,0
22,2025-08-06,198,0,0
23,2025-08-06,78,250,0
24,2025-08-06,312,0,1
25,2025-08-06,90,300,0
26,2025-08-06,394,0,0
27,2025-08-06,513,0,1
28,2025-08-06,339,0,1
29,2025-08-06,195,0,0
30,2025-08-06,361,0,2
31,2025-08-06,56,100,0
32,2025-08-06,221,0,0
33,2025-08-06,191,100,0
34,2025-08-06,371,0,1
35,2025-08-06,167,0,0
36,2025-08-06,113,0,0
37,2025-08-06,86,0,0
38,2025-08-06,90,0,0
39,2025-08-06,115,50,0
40,2025-08-06,162,100,0
41,2025-08-06,233,0,0
42,2025-08-06,97,50,0
43,2025-08-06,166,0,1
44,2025-08-06,468,0,0
45,2025-08-06,244,200,0
46,2025-08-06,430,0,1
47,2025-08-06,257,0,0
48,2025-08-06,649,0,0
49,2025-08-06,76,0,0
50,2025-08-06,1014,0,0
51,2025-08-06,342,0,1
52,2025-08-06,327,0,3
53,2025-08-06,128,0,0
54,2025-08-06,289,0,0
55,2025-08-06,233,50,1
56,2025-08-06,459,0,0
57,2025-08-06,110,150,0
58,2025-08-06,159,50,1
59,2025-08-06,232,0,0
60,2025-08-06,118,100,1
61,2025-08-06,264,0,0
62,2025-08-06,359,0,0
63,2025-08-06,100,50,1
64,2025-08-06,314,0,2
65,2025-08-06,307,0,0
66,2025-08-06,169,50,0
67,2025-08-06,620,0,1
68,2025-08-06,161,200,0
69,2025-08-06,261,0,0
70,2025-08-06,601,0,0
71,2025-08-06,185,0,0
72,2025-08-06,230,0,0
73,2025-08-06,271,0,0
74,2025-08-06,324,0,0
75,2025-08-06,122,500,0
76,2025-08-06,506,0,0
77,2025-08-06,484,0,0
78,2025-08-06,138,200,1
79,2025-08-06,180,200,0
80,2025-08-06,93,0,0
81,2025-08-06,136,100,1
82,2025-08-06,135,50,0
83,2025-08-06,343,0,0
84,2025-08-06,138,100,0
85,2025-08-06,112,0,0
86,2025-08-06,349,0,0
87,2025-08-06,480,0,0
88,2025-08-06,307,0,0
89,2025-08-06,337,0,0
90,2025-08-06,66,200,1
91,2025-08-06,249,100,0
92,2025-08-06,282,0,1
93,2025-08-06,361,0,0
94,2025-08-06,338,0,0
95,2025-08-06,44,200,0
96,2025-08-06,62,250,2
97,2025-08-06,88,50,0
98,2025-08-06,183,100,0
99,2025-08-06,962,0,0
100,2025-08-06,169,0,0
101,2025-08-06,180,50,1
102,2025-08-06,212,100,0
103,2025-08-06,888,0,0
104,2025-08-06,256,200,1
105,2025-08-06,392,0,0
106,2025-08-06,1190,0,0
107,2025-08-06,25,100,0
108,2025-08-06,293,0,4
109,2025-08-06,232,0,0
110,2025-08-06,137,100,1
111,2025-08-06,404,0,1
112,2025-08-06,317,0,1
113,2025-08-06,124,0,0
114,2025-08-06,276,0,1
115,2025-08-06,155,0,0
116,2025-08-06,307,0,0
117,2025-08-06,247,500,0
118,2025-08-06,163,200,0
119,2025-08-06,218,100,1
120,2025-08-06,315,0,0
1,2025-08-07,181,100,0
2,2025-08-07,338,0,0
3,2025-08-07,35,250,3
4,2025-08-07,223,0,0
5,2025-08-07,68,0,0
6,2025-08-07,144,200,1
7,2025-08-07,971,0,0
8,2025-08-07,187,200,1
9,2025-08-07,108,0,0
10,2025-08-07,66,200,0
11,2025-08-07,496,0,1
12,2025-08-07,126,100,3
13,2025-08-07,471,0,1
14,2025-08-07,0,300,0
15,2025-08-07,136,0,0
16,2025-08-07,331,0,0
17,2025-08-07,220,100,0
18,2025-08-07,243,0,1
19,2025-08-07,441,0,0
20,2025-08-07,252,200,0
21,2025-08-07,272,0,0
22,2025-08-07,189,0,0
23,2025-08-07,58,300,0
24,2025-08-07,303,0,1
25,2025-08-07,76,300,1
26,2025-08-07,389,0,0
27,2025-08-07,501,0,1
28,2025-08-07,331,0,0
29,2025-08-07,193,0,0
30,2025-08-07,347,0,1
31,2025-08-07,54,100,0
32,2025-08-07,215,0,0
33,2025-08-07,176,100,2
34,2025-08-07,362,0,0
35,2025-08-07,166,0,0
36,2025-08-07,107,500,0
37,2025-08-07,83,0,0
38,2025-08-07,86,0,0
39,2025-08-07,104,50,1
40,2025-08-07,153,100,0
41,2025-08-07,218,0,1
42,2025-08-07,91,50,0
43,2025-08-07,161,0,0
44,2025-08-07,457,0,1
45,2025-08-07,225,200,2
46,2025-08-07,419,0,1
47,2025-08-07,248,0,1
48,2025-08-07,636,0,0
49,2025-08-07,74,0,0
50,2025-08-07,1010,0,0
51,2025-08-07,334,0,0
52,2025-08-07,324,0,0
53,2025-08-07,124,0,0
54,2025-08-07,281,0,0
55,2025-08-07,218,50,1
56,2025-08-07,454,0,0
57,2025-08-07,105,150,0
58,2025-08-07,155,50,0
59,2025-08-07,228,0,0
60,2025-08-07,112,100,0
61,2025-08-07,255,0,0
62,2025-08-07,353,0,0
63,2025-08-07,96,50,0
64,2025-08-07,303,200,1
65,2025-08-07,300,0,0
66,2025-08-07,152,50,1
67,2025-08-07,610,0,0
68,2025-08-07,143,200,1
69,2025-08-07,247,0,1
70,2025-08-07,601,0,7
71,2025-08-07,176,50,0
72,2025-08-07,226,0,0
73,2025-08-07,267,0,0
74,2025-08-07,320,0,0
75,2025-08-07,613,0,1
76,2025-08-07,502,0,0
77,2025-08-07,483,0,0
78,2025-08-07,119,200,0
79,2025-08-07,242,100,1
80,2025-08-07,92,0,0
81,2025-08-07,162,100,3
82,2025-08-07,127,50,1
83,2025-08-07,332,0,0
84,2025-08-07,125,100,1
85,2025-08-07,111,0,0
86,2025-08-07,344,0,0
87,2025-08-07,472,0,0
88,2025-08-07,302,0,0
89,2025-08-07,333,0,0
90,2025-08-07,57,200,1
91,2025-08-07,242,100,0
92,2025-08-07,273,0,1
93,2025-08-07,342,0,1
94,2025-08-07,322,0,1
95,2025-08-07,134,100,0
96,2025-08-07,90,200,1
97,2025-08-07,131,0,0
98,2025-08-07,174,100,0
99,2025-08-07,959,0,0
100,2025-08-07,163,100,0
101,2025-08-07,173,50,0
102,2025-08-07,204,100,0
103,2025-08-07,886,0,0
104,2025-08-07,247,200,1
105,2025-08-07,387,0,0
106,2025-08-07,1186,0,0
107,2025-08-07,19,100,0
108,2025-08-07,285,0,0
109,2025-08-07,220,0,0
110,2025-08-07,128,100,0
111,2025-08-07,383,0,2
112,2025-08-07,303,0,1
113,2025-08-07,121,0,0
114,2025-08-07,256,0,2
115,2025-08-07,149,0,0
116,2025-08-07,299,0,0
117,2025-08-07,234,500,1
118,2025-08-07,155,200,1
119,2025-08-07,206,100,1
120,2025-08-07,307,0,0
1,2025-08-08,169,200,1
2,2025-08-08,322,0,1
3,2025-08-08,35,250,0
4,2025-08-08,220,0,0
5,2025-08-08,67,0,0
6,2025-08-08,127,200,2
7,2025-08-08,969,0,0
8,2025-08-08,269,100,2
9,2025-08-08,102,200,0
10,2025-08-08,58,200,0
11,2025-08-08,488,0,0
12,2025-08-08,116,100,0
13,2025-08-08,455,0,1
14,2025-08-08,0,300,0
15,2025-08-08,135,0,0
16,2025-08-08,324,0,0
17,2025-08-08,211,100,0
18,2025-08-08,234,0,0
19,2025-08-08,441,0,6
20,2025-08-08,239,200,0
21,2025-08-08,266,0,0
22,2025-08-08,185,0,0
23,2025-08-08,94,250,1
24,2025-08-08,295,0,0
25,2025-08-08,64,300,1
26,2025-08-08,383,0,0
27,2025-08-08,474,0,2
28,2025-08-08,317,0,1
29,2025-08-08,192,0,0
30,2025-08-08,325,0,2
31,2025-08-08,51,100,0
32,2025-08-08,212,0,0
33,2025-08-08,258,0,1
34,2025-08-08,357,0,0
35,2025-08-08,164,0,0
36,2025-08-08,105,500,0
37,2025-08-08,81,0,0
38,2025-08-08,83,0,0
39,2025-08-08,98,50,0
40,2025-08-08,143,100,0
41,2025-08-08,213,0,0
42,2025-08-08,134,0,0
43,2025-08-08,156,0,0
44,2025-08-08,454,0,0
45,2025-08-08,417,0,0
46,2025-08-08,405,0,1
47,2025-08-08,236,0,1
48,2025-08-08,624,0,1
49,2025-08-08,70,0,0
50,2025-08-08,1002,0,0
51,2025-08-08,330,0,0
52,2025-08-08,316,0,0
53,2025-08-08,121,0,0
54,2025-08-08,272,0,0
55,2025-08-08,204,100,1
56,2025-08-08,444,0,1
57,2025-08-08,101,200,0
58,2025-08-08,152,50,0
59,2025-08-08,226,0,0
60,2025-08-08,141,100,0
61,2025-08-08,243,0,1
62,2025-08-08,340,0,1
63,2025-08-08,92,50,0
64,2025-08-08,283,200,2
65,2025-08-08,292,0,0
66,2025-08-08,141,100,0
67,2025-08-08,600,0,0
68,2025-08-08,123,200,2
69,2025-08-08,246,0,0
70,2025-08-08,596,0,0
71,2025-08-08,167,50,0
72,2025-08-08,221,0,0
73,2025-08-08,265,0,0
74,2025-08-08,313,0,0
75,2025-08-08,600,0,1
76,2025-08-08,501,0,0
77,2025-08-08,481,0,0
78,2025-08-08,106,200,1
79,2025-08-08,231,100,1
80,2025-08-08,90,0,0
81,2025-08-08,146,100,1
82,2025-08-08,172,0,0
83,2025-08-08,325,0,0
84,2025-08-08,119,100,0
85,2025-08-08,110,0,0
86,2025-08-08,332,0,1
87,2025-08-08,467,0,0
88,2025-08-08,289,0,1
89,2025-08-08,331,0,0
90,2025-08-08,50,200,0
91,2025-08-08,229,100,1
92,2025-08-08,259,0,0
93,2025-08-08,329,0,1
94,2025-08-08,316,0,0
95,2025-08-08,126,100,1
96,2025-08-08,121,150,1
97,2025-08-08,124,50,0
98,2025-08-08,158,100,1
99,2025-08-08,956,0,0
100,2025-08-08,151,100,1
101,2025-08-08,161,50,1
102,2025-08-08,196,100,0
103,2025-08-08,883,0,0
104,2025-08-08,230,200,1
105,2025-08-08,384,0,0
106,2025-08-08,1182,0,0
107,2025-08-08,15,100,0
108,2025-08-08,276,0,0
109,2025-08-08,211,0,0
110,2025-08-08,215,0,0
111,2025-08-08,360,0,3
112,2025-08-08,289,0,1
113,2025-08-08,119,0,0
114,2025-08-08,245,0,1
115,2025-08-08,149,0,4
116,2025-08-08,290,0,1
117,2025-08-08,217,500,1
118,2025-08-08,348,0,0
119,2025-08-08,294,0,1
120,2025-08-08,302,0,0
1,2025-08-09,156,200,0
2,2025-08-09,311,0,1
3,2025-08-09,75,200,0
4,2025-08-09,217,0,0
5,2025-08-09,63,0,0
6,2025-08-09,113,400,1
7,2025-08-09,966,0,0
8,2025-08-09,262,100,1
9,2025-08-09,95,200,1
10,2025-08-09,48,200,0
11,2025-08-09,482,0,0
12,2025-08-09,103,100,0
13,2025-08-09,440,0,1
14,2025-08-09,0,300,0
15,2025-08-09,132,0,0
16,2025-08-09,319,0,0
17,2025-08-09,207,100,0
18,2025-08-09,223,500,1
19,2025-08-09,439,0,0
20,2025-08-09,234,200,0
21,2025-08-09,249,0,1
22,2025-08-09,181,0,0
23,2025-08-09,82,250,1
24,2025-08-09,295,0,5
25,2025-08-09,50,300,1
26,2025-08-09,375,0,1
27,2025-08-09,450,0,0
28,2025-08-09,298,0,2
29,2025-08-09,191,0,0
30,2025-08-09,319,0,0
31,2025-08-09,48,100,0
32,2025-08-09,209,0,0
33,2025-08-09,248,0,1
34,2025-08-09,346,0,0
35,2025-08-09,161,0,0
36,2025-08-09,96,500,0
37,2025-08-09,79,0,0
38,2025-08-09,80,0,0
39,2025-08-09,92,100,0
40,2025-08-09,233,0,1
41,2025-08-09,208,0,0
42,2025-08-09,124,0,0
43,2025-08-09,150,0,0
44,2025-08-09,451,0,0
45,2025-08-09,411,0,0
46,2025-08-09,389,0,1
47,2025-08-09,223,0,1
48,2025-08-09,608,0,1
49,2025-08-09,68,0,0
50,2025-08-09,996,0,0
51,2025-08-09,317,0,0
52,2025-08-09,301,0,1
53,2025-08-09,117,0,0
54,2025-08-09,264,0,0
55,2025-08-09,191,100,0
56,2025-08-09,437,0,0
57,2025-08-09,137,150,0
58,2025-08-09,136,50,1
59,2025-08-09,224,0,0
60,2025-08-09,131,100,1
61,2025-08-09,229,0,1
62,2025-08-09,333,0,0
63,2025-08-09,133,0,1
64,2025-08-09,272,200,0
65,2025-08-09,276,0,1
66,2025-08-09,124,100,1
67,2025-08-09,590,0,1
68,2025-08-09,111,200,1
69,2025-08-09,234,0,1
70,2025-08-09,593,0,0
71,2025-08-09,211,0,0
72,2025-08-09,215,0,0
73,2025-08-09,262,0,0
74,2025-08-09,305,0,0
75,2025-08-09,584,0,1
76,2025-08-09,481,0,2
77,2025-08-09,478,0,0
78,2025-08-09,95,200,1
79,2025-08-09,215,100,1
80,2025-08-09,87,0,0
81,2025-08-09,138,100,0
82,2025-08-09,162,0,0
83,2025-08-09,318,0,0
84,2025-08-09,206,0,0
85,2025-08-09,103,0,0
86,2025-08-09,324,0,0
87,2025-08-09,459,0,0
88,2025-08-09,279,0,1
89,2025-08-09,329,0,0
90,2025-08-09,41,200,0
91,2025-08-09,214,100,1
92,2025-08-09,247,0,1
93,2025-08-09,315,0,0
94,2025-08-09,295,0,2
95,2025-08-09,116,100,0
96,2025-08-09,87,223,2
97,2025-08-09,121,50,0
98,2025-08-09,151,100,0
99,2025-08-09,950,0,0
100,2025-08-09,134,100,1
101,2025-08-09,153,100,0
102,2025-08-09,187,100,1
103,2025-08-09,880,0,0
104,2025-08-09,206,200,3
105,2025-08-09,380,0,0
106,2025-08-09,1178,0,0
107,2025-08-09,10,100,0
108,2025-08-09,267,0,0
109,2025-08-09,200,0,1
110,2025-08-09,198,0,1
111,2025-08-09,334,0,3
112,2025-08-09,283,0,0
113,2025-08-09,117,0,0
114,2025-08-09,233,0,0
115,2025-08-09,145,0,0
116,2025-08-09,277,0,0
117,2025-08-09,199,500,2
118,2025-08-09,339,0,0
119,2025-08-09,280,0,1
120,2025-08-09,294,0,1
1,2025-08-10,142,200,1
2,2025-08-10,294,0,1
3,2025-08-10,111,200,0
4,2025-08-10,215,0,0
5,2025-08-10,59,0,0
6,2025-08-10,99,400,1
7,2025-08-10,965,0,0
8,2025-08-10,247,100,1
9,2025-08-10,90,200,0
10,2025-08-10,38,200,1
11,2025-08-10,470,0,0
12,2025-08-10,93,150,1
13,2025-08-10,418,0,2
14,2025-08-10,0,300,0
15,2025-08-10,132,0,3
16,2025-08-10,313,0,0
17,2025-08-10,194,100,1
18,2025-08-10,220,500,0
19,2025-08-10,434,0,0
20,2025-08-10,224,200,0
21,2025-08-10,233,0,1
22,2025-08-10,177,0,0
23,2025-08-10,74,250,0
24,2025-08-10,288,0,0
25,2025-08-10,24,300,2
26,2025-08-10,364,0,1
27,2025-08-10,442,0,1
28,2025-08-10,293,0,0
29,2025-08-10,189,0,0
30,2025-08-10,310,0,0
31,2025-08-10,145,0,0
32,2025-08-10,205,0,0
33,2025-08-10,229,0,2
34,2025-08-10,335,0,1
35,2025-08-10,159,0,0
36,2025-08-10,88,500,0
37,2025-08-10,79,0,2
38,2025-08-10,76,100,0
39,2025-08-10,84,100,0
40,2025-08-10,218,0,1
41,2025-08-10,197,0,1
42,2025-08-10,117,0,0
43,2025-08-10,143,0,1
44,2025-08-10,448,0,0
45,2025-08-10,390,0,2
46,2025-08-10,371,0,1
47,2025-08-10,214,0,1
48,2025-08-10,596,0,1
49,2025-08-10,65,0,0
50,2025-08-10,990,0,0
51,2025-08-10,306,0,1
52,2025-08-10,289,0,1
53,2025-08-10,113,0,0
54,2025-08-10,257,0,0
55,2025-08-10,177,100,1
56,2025-08-10,428,0,1
57,2025-08-10,125,150,1
58,2025-08-10,176,0,1
59,2025-08-10,221,0,0
60,2025-08-10,172,50,0
61,2025-08-10,214,50,1
62,2025-08-10,320,0,1
63,2025-08-10,125,50,1
64,2025-08-10,272,200,8
65,2025-08-10,265,0,0
66,2025-08-10,104,100,2
67,2025-08-10,577,0,1
68,2025-08-10,93,200,2
69,2025-08-10,218,0,1
70,2025-08-10,588,0,0
71,2025-08-10,197,0,1
72,2025-08-10,214,0,0
73,2025-08-10,260,0,0
74,2025-08-10,297,0,0
75,2025-08-10,570,0,1
76,2025-08-10,473,0,0
77,2025-08-10,476,0,0
78,2025-08-10,90,200,0
79,2025-08-10,197,100,1
80,2025-08-10,85,0,0
81,2025-08-10,138,100,3
82,2025-08-10,154,50,0
83,2025-08-10,303,0,1
84,2025-08-10,201,0,0
85,2025-08-10,100,0,0
86,2025-08-10,324,0,4
87,2025-08-10,452,0,0
88,2025-08-10,269,0,1
89,2025-08-10,326,0,0
90,2025-08-10,31,200,1
91,2025-08-10,202,100,1
92,2025-08-10,227,0,1
93,2025-08-10,309,0,0
94,2025-08-10,283,0,1
95,2025-08-10,104,100,1
96,2025-08-10,124,173,1
97,2025-08-10,116,50,0
98,2025-08-10,142,100,0
99,2025-08-10,942,0,1
100,2025-08-10,128,100,0
101,2025-08-10,189,50,1
102,2025-08-10,181,100,0
103,2025-08-10,878,0,0
104,2025-08-10,196,200,1
105,2025-08-10,374,0,0
106,2025-08-10,1175,0,0
107,2025-08-10,4,100,0
108,2025-08-10,262,0,0
109,2025-08-10,190,0,0
110,2025-08-10,195,0,0
111,2025-08-10,327,0,0
112,2025-08-10,275,0,0
113,2025-08-10,114,0,0
114,2025-08-10,219,200,1
115,2025-08-10,142,0,0
116,2025-08-10,273,0,0
117,2025-08-10,179,500,1
118,2025-08-10,319,0,2
119,2025-08-10,261,100,2
120,2025-08-10,288,0,0
1,2025-08-11,128,200,1
2,2025-08-11,281,0,1
3,2025-08-11,103,200,0
4,2025-08-11,215,0,5
5,2025-08-11,56,0,0
6,2025-08-11,97,400,0
7,2025-08-11,962,0,0
8,2025-08-11,229,100,1
9,2025-08-11,86,200,0
10,2025-08-11,27,200,1
11,2025-08-11,457,0,1
12,2025-08-11,81,150,1
13,2025-08-11,406,0,0
14,2025-08-11,0,300,0
15,2025-08-11,131,0,0
16,2025-08-11,308,0,0
17,2025-08-11,191,100,0
18,2025-08-11,709,0,0
19,2025-08-11,430,0,0
20,2025-08-11,213,200,0
21,2025-08-11,219,100,1
22,2025-08-11,173,0,0
23,2025-08-11,65,250,1
24,2025-08-11,277,100,1
25,2025-08-11,103,200,2
26,2025-08-11,362,0,0
27,2025-08-11,431,0,1
28,2025-08-11,281,0,1
29,2025-08-11,188,0,0
30,2025-08-11,302,0,1
31,2025-08-11,141,0,0
32,2025-08-11,199,0,0
33,2025-08-11,222,0,0
34,2025-08-11,328,0,0
35,2025-08-11,156,0,0
36,2025-08-11,84,500,0
37,2025-08-11,76,0,0
38,2025-08-11,70,100,0
39,2025-08-11,120,50,1
40,2025-08-11,212,0,0
41,2025-08-11,192,0,0
42,2025-08-11,112,0,0
43,2025-08-11,139,0,0
44,2025-08-11,442,0,0
45,2025-08-11,377,0,0
46,2025-08-11,353,0,2
47,2025-08-11,205,0,0
48,2025-08-11,586,0,0
49,2025-08-11,63,0,0
50,2025-08-11,988,0,0
51,2025-08-11,296,0,0
52,2025-08-11,277,200,1
53,2025-08-11,112,0,0
54,2025-08-11,245,0,0
55,2025-08-11,167,100,1
56,2025-08-11,420,0,0
57,2025-08-11,110,150,2
58,2025-08-11,171,0,0
59,2025-08-11,218,0,0
60,2025-08-11,169,50,0
61,2025-08-11,199,100,1
62,2025-08-11,314,0,0
63,2025-08-11,170,0,0
64,2025-08-11,449,0,1
65,2025-08-11,249,0,1
66,2025-08-11,97,150,0
67,2025-08-11,573,0,0
68,2025-08-11,78,200,1
69,2025-08-11,206,0,1
70,2025-08-11,586,0,0
71,2025-08-11,189,0,0
72,2025-08-11,209,0,0
73,2025-08-11,258,0,0
74,2025-08-11,289,0,1
75,2025-08-11,553,0,1
76,2025-08-11,462,0,1
77,2025-08-11,473,0,0
78,2025-08-11,78,200,1
79,2025-08-11,178,200,1
80,2025-08-11,82,0,0
81,2025-08-11,171,50,0
82,2025-08-11,144,50,0
83,2025-08-11,298,0,0
84,2025-08-11,191,0,1
85,2025-08-11,99,0,0
86,2025-08-11,316,0,1
87,2025-08-11,448,0,0
88,2025-08-11,262,0,0
89,2025-08-11,322,0,0
90,2025-08-11,24,200,0
91,2025-08-11,190,100,1
92,2025-08-11,213,0,1
93,2025-08-11,303,0,0
94,2025-08-11,266,200,2
95,2025-08-11,93,100,1
96,2025-08-11,115,223,1
97,2025-08-11,116,50,2
98,2025-08-11,132,100,1
99,2025-08-11,940,0,0
100,2025-08-11,120,100,0
101,2025-08-11,171,100,1
102,2025-08-11,222,0,0
103,2025-08-11,875,0,0
104,2025-08-11,184,200,0
105,2025-08-11,370,0,0
106,2025-08-11,1172,0,0
107,2025-08-11,0,150,0
108,2025-08-11,258,0,0
109,2025-08-11,186,0,0
110,2025-08-11,186,0,0
111,2025-08-11,301,0,3
112,2025-08-11,271,0,0
113,2025-08-11,112,0,0
114,2025-08-11,209,200,1
115,2025-08-11,135,0,0
116,2025-08-11,265,0,0
117,2025-08-11,171,500,0
118,2025-08-11,305,0,1
119,2025-08-11,256,100,0
120,2025-08-11,284,0,0
1,2025-08-12,199,100,1
2,2025-08-12,275,0,0
3,2025-08-12,89,200,1
4,2025-08-12,214,0,0
5,2025-08-12,56,0,1
6,2025-08-12,85,400,1
7,2025-08-12,960,0,0
8,2025-08-12,213,100,2
9,2025-08-12,81,200,0
10,2025-08-12,11,200,2
11,2025-08-12,448,0,0
12,2025-08-12,70,150,1
13,2025-08-12,394,0,0
14,2025-08-12,8,300,2
15,2025-08-12,128,0,0
16,2025-08-12,301,0,0
17,2025-08-12,187,100,0
18,2025-08-12,700,0,1
19,2025-08-12,427,0,0
20,2025-08-12,191,200,1
21,2025-08-12,219,100,5
22,2025-08-12,170,0,0
23,2025-08-12,104,200,1
24,2025-08-12,277,100,4
25,2025-08-12,93,200,1
26,2025-08-12,359,0,0
27,2025-08-12,431,0,8
28,2025-08-12,272,0,0
29,2025-08-12,186,0,0
30,2025-08-12,293,0,1
31,2025-08-12,137,0,0
32,2025-08-12,197,0,0
33,2025-08-12,206,0,1
34,2025-08-12,321,0,0
35,2025-08-12,152,0,0
36,2025-08-12,82,500,0
37,2025-08-12,75,0,0
38,2025-08-12,65,100,0
39,2025-08-12,163,50,0
40,2025-08-12,207,0,0
41,2025-08-12,191,100,0
42,2025-08-12,105,50,0
43,2025-08-12,132,0,0
44,2025-08-12,437,0,0
45,2025-08-12,367,0,1
46,2025-08-12,347,0,0
47,2025-08-12,197,500,1
48,2025-08-12,583,0,0
49,2025-08-12,62,0,0
50,2025-08-12,982,0,0
51,2025-08-12,296,0,4
52,2025-08-12,258,200,1
53,2025-08-12,104,0,0
54,2025-08-12,235,0,0
55,2025-08-12,204,100,0
56,2025-08-12,415,0,0
57,2025-08-12,102,150,0
58,2025-08-12,171,0,2
59,2025-08-12,215,0,0
60,2025-08-12,162,50,0
61,2025-08-12,190,100,0
62,2025-08-12,307,0,0
63,2025-08-12,164,0,0
64,2025-08-12,437,0,0
65,2025-08-12,234,0,1
66,2025-08-12,85,150,1
67,2025-08-12,562,0,1
68,2025-08-12,267,0,0
69,2025-08-12,195,500,1
70,2025-08-12,584,0,0
71,2025-08-12,179,0,1
72,2025-08-12,205,0,0
73,2025-08-12,256,0,0
74,2025-08-12,282,0,0
75,2025-08-12,543,0,1
76,2025-08-12,438,0,1
77,2025-08-12,471,0,0
78,2025-08-12,54,400,3
79,2025-08-12,160,200,0
80,2025-08-12,80,0,0
81,2025-08-12,162,50,0
82,2025-08-12,140,50,0
83,2025-08-12,291,0,0
84,2025-08-12,180,100,0
85,2025-08-12,97,0,0
86,2025-08-12,307,0,0
87,2025-08-12,448,0,13
88,2025-08-12,253,0,0
89,2025-08-12,315,0,0
90,2025-08-12,23,200,0
91,2025-08-12,176,200,1
92,2025-08-12,196,100,2
93,2025-08-12,281,0,1
94,2025-08-12,255,200,1
95,2025-08-12,82,100,1
96,2025-08-12,90,223,1
97,2025-08-12,109,50,0
98,2025-08-12,121,100,1
99,2025-08-12,937,0,0
100,2025-08-12,211,0,0
101,2025-08-12,215,50,0
102,2025-08-12,213,0,1
103,2025-08-12,872,0,0
104,2025-08-12,175,200,1
105,2025-08-12,366,0,0
106,2025-08-12,1168,0,0
107,2025-08-12,0,150,0
108,2025-08-12,256,0,0
109,2025-08-12,168,500,0
110,2025-08-12,178,100,0
111,2025-08-12,282,500,0
112,2025-08-12,254,0,1
113,2025-08-12,108,0,0
114,2025-08-12,200,200,1
115,2025-08-12,130,0,0
116,2025-08-12,258,0,0
117,2025-08-12,602,0,1
118,2025-08-12,289,0,1
119,2025-08-12,343,0,1
120,2025-08-12,282,0,0
1,2025-08-13,193,100,0
2,2025-08-13,265,0,1
3,2025-08-13,127,200,0
4,2025-08-13,212,0,0
5,2025-08-13,50,50,0
6,2025-08-13,69,400,2
7,2025-08-13,956,0,0
8,2025-08-13,291,0,2
9,2025-08-13,278,0,0
10,2025-08-13,2,200,0
11,2025-08-13,440,0,1
12,2025-08-13,62,150,0
13,2025-08-13,388,0,0
14,2025-08-13,49,250,0
15,2025-08-13,124,0,0
16,2025-08-13,294,0,0
17,2025-08-13,177,100,0
18,2025-08-13,689,0,0
19,2025-08-13,423,0,0
20,2025-08-13,179,200,1
21,2025-08-13,199,100,2
22,2025-08-13,170,0,4
23,2025-08-13,88,250,2
24,2025-08-13,362,0,1
25,2025-08-13,84,200,0
26,2025-08-13,355,0,0
27,2025-08-13,415,0,1
28,2025-08-13,257,0,1
29,2025-08-13,185,0,0
30,2025-08-13,281,0,1
31,2025-08-13,134,0,0
32,2025-08-13,192,0,0
33,2025-08-13,206,0,2
34,2025-08-13,308,0,1
35,2025-08-13,151,0,0
36,2025-08-13,73,500,1
37,2025-08-13,73,0,0
38,2025-08-13,63,100,0
39,2025-08-13,155,50,1
40,2025-08-13,194,0,0
41,2025-08-13,188,100,0
42,2025-08-13,98,50,0
43,2025-08-13,127,0,0
44,2025-08-13,431,0,0
45,2025-08-13,354,0,1
46,2025-08-13,337,0,1
47,2025-08-13,693,0,0
48,2025-08-13,571,0,0
49,2025-08-13,60,0,0
50,2025-08-13,977,0,0
51,2025-08-13,282,0,2
52,2025-08-13,241,200,2
53,2025-08-13,96,50,0
54,2025-08-13,231,0,0
55,2025-08-13,201,100,0
56,2025-08-13,402,0,1
57,2025-08-13,149,100,0
58,2025-08-13,165,50,0
59,2025-08-13,212,0,0
60,2025-08-13,158,50,0
61,2025-08-13,181,100,0
62,2025-08-13,303,0,0
63,2025-08-13,158,0,0
64,2025-08-13,422,0,1
65,2025-08-13,225,100,0
66,2025-08-13,128,100,1
67,2025-08-13,554,0,0
68,2025-08-13,250,200,1
69,2025-08-13,182,500,1
70,2025-08-13,581,0,0
71,2025-08-13,165,0,1
72,2025-08-13,199,0,0
73,2025-08-13,255,0,0
74,2025-08-13,277,0,0
75,2025-08-13,535,0,1
76,2025-08-13,423,0,1
77,2025-08-13,470,0,0
78,2025-08-13,52,400,0
79,2025-08-13,148,200,1
80,2025-08-13,79,0,0
81,2025-08-13,156,100,0
82,2025-08-13,135,50,0
83,2025-08-13,281,0,0
84,2025-08-13,269,0,1
85,2025-08-13,93,0,0
86,2025-08-13,302,0,0
87,2025-08-13,443,0,0
88,2025-08-13,245,0,0
89,2025-08-13,311,0,0
90,2025-08-13,15,200,1
91,2025-08-13,275,100,0
92,2025-08-13,191,100,0
93,2025-08-13,270,200,0
94,2025-08-13,455,0,5
95,2025-08-13,71,200,1
96,2025-08-13,86,223,0
97,2025-08-13,102,50,0
98,2025-08-13,112,100,0
99,2025-08-13,935,0,0
100,2025-08-13,200,0,1
101,2025-08-13,202,50,0
102,2025-08-13,205,0,0
103,2025-08-13,870,0,0
104,2025-08-13,360,0,1
105,2025-08-13,362,0,0
106,2025-08-13,1163,0,0
107,2025-08-13,0,150,0
108,2025-08-13,249,0,1
109,2025-08-13,167,500,0
110,2025-08-13,169,100,0
111,2025-08-13,266,500,1
112,2025-08-13,233,0,2
113,2025-08-13,107,0,0
114,2025-08-13,192,200,0
115,2025-08-13,125,0,0
116,2025-08-13,253,0,0
117,2025-08-13,585,0,2
118,2025-08-13,279,0,0
119,2025-08-13,330,0,1
120,2025-08-13,275,0,0
1,2025-08-14,180,100,0
2,2025-08-14,253,0,0
3,2025-08-14,116,200,1
4,2025-08-14,210,0,0
5,2025-08-14,47,50,0
6,2025-08-14,45,400,2
7,2025-08-14,954,0,0
8,2025-08-14,277,100,1
9,2025-08-14,275,0,0
10,2025-08-14,0,200,0
11,2025-08-14,433,0,0
12,2025-08-14,50,150,1
13,2025-08-14,369,0,1
14,2025-08-14,36,250,0
15,2025-08-14,120,0,0
16,2025-08-14,286,0,1
17,2025-08-14,167,100,0
18,2025-08-14,672,0,2
19,2025-08-14,423,0,9
20,2025-08-14,156,200,1
21,2025-08-14,189,100,0
22,2025-08-14,166,0,0
23,2025-08-14,72,250,1
24,2025-08-14,362,0,8
25,2025-08-14,70,200,1
26,2025-08-14,352,0,0
27,2025-08-14,399,0,1
28,2025-08-14,245,200,1
29,2025-08-14,184,0,0
30,2025-08-14,270,0,1
31,2025-08-14,132,0,0
32,2025-08-14,189,0,0
33,2025-08-14,206,0,3
34,2025-08-14,304,0,0
35,2025-08-14,150,0,0
36,2025-08-14,69,500,0
37,2025-08-14,71,0,0
38,2025-08-14,61,100,0
39,2025-08-14,146,50,0
40,2025-08-14,194,0,4
41,2025-08-14,171,100,1
42,2025-08-14,94,50,0
43,2025-08-14,122,0,0
44,2025-08-14,426,0,0
45,2025-08-14,335,0,1
46,2025-08-14,326,0,1
47,2025-08-14,681,0,1
48,2025-08-14,562,0,0
49,2025-08-14,57,0,0
50,2025-08-14,971,0,0
51,2025-08-14,274,0,0
52,2025-08-14,223,200,2
53,2025-08-14,95,50,0
54,2025-08-14,226,0,0
55,2025-08-14,248,50,0
56,2025-08-14,396,0,0
57,2025-08-14,131,100,1
58,2025-08-14,163,50,0
59,2025-08-14,208,0,0
60,2025-08-14,151,50,0
61,2025-08-14,276,0,0
62,2025-08-14,297,0,0
63,2025-08-14,150,0,0
64,2025-08-14,404,0,2
65,2025-08-14,212,100,1
66,2025-08-14,119,100,0
67,2025-08-14,547,0,0
68,2025-08-14,243,200,0
69,2025-08-14,173,500,1
70,2025-08-14,580,0,0
71,2025-08-14,157,50,1
72,2025-08-14,191,0,1
73,2025-08-14,253,0,0
74,2025-08-14,266,0,1
75,2025-08-14,519,0,1
76,2025-08-14,405,0,2
77,2025-08-14,470,0,12
78,2025-08-14,39,400,0
79,2025-08-14,130,200,1
80,2025-08-14,76,0,0
81,2025-08-14,138,100,1
82,2025-08-14,175,0,1
83,2025-08-14,271,0,0
84,2025-08-14,264,0,0
85,2025-08-14,92,0,0
86,2025-08-14,292,0,0
87,2025-08-14,439,0,0
88,2025-08-14,238,0,0
89,2025-08-14,305,0,0
90,2025-08-14,6,200,0
91,2025-08-14,371,0,0
92,2025-08-14,190,100,0
93,2025-08-14,258,200,1
94,2025-08-14,441,0,1
95,2025-08-14,61,200,0
96,2025-08-14,123,223,1
97,2025-08-14,96,50,0
98,2025-08-14,108,100,0
99,2025-08-14,931,0,0
100,2025-08-14,181,0,2
101,2025-08-14,189,50,1
102,2025-08-14,189,0,2
103,2025-08-14,867,0,0
104,2025-08-14,352,0,0
105,2025-08-14,360,0,0
106,2025-08-14,1159,0,0
107,2025-08-14,42,100,1
108,2025-08-14,246,0,0
109,2025-08-14,156,500,0
110,2025-08-14,160,100,1
111,2025-08-14,251,500,1
112,2025-08-14,221,0,1
113,2025-08-14,105,0,0
114,2025-08-14,188,200,0
115,2025-08-14,114,0,0
116,2025-08-14,239,0,1
117,2025-08-14,573,0,1
118,2025-08-14,272,0,0
119,2025-08-14,313,0,2
120,2025-08-14,272,0,0
1,2025-08-15,169,100,0
2,2025-08-15,240,200,0
3,2025-08-15,96,200,2
4,2025-08-15,208,0,0
5,2025-08-15,45,50,0
6,2025-08-15,33,400,1
7,2025-08-15,952,0,0
8,2025-08-15,359,0,1
9,2025-08-15,269,0,0
10,2025-08-15,91,200,0
11,2025-08-15,420,0,1
12,2025-08-15,39,150,1
13,2025-08-15,357,0,1
14,2025-08-15,35,250,0
15,2025-08-15,115,0,0
16,2025-08-15,280,0,0
17,2025-08-15,157,100,1
18,2025-08-15,662,0,0
19,2025-08-15,419,0,0
20,2025-08-15,140,200,2
21,2025-08-15,178,100,1
22,2025-08-15,164,0,0
23,2025-08-15,51,250,1
24,2025-08-15,346,0,1
25,2025-08-15,55,300,1
26,2025-08-15,351,0,0
27,2025-08-15,386,0,1
28,2025-08-15,235,200,0
29,2025-08-15,183,0,0
30,2025-08-15,256,0,1
31,2025-08-15,127,0,0
32,2025-08-15,185,0,0
33,2025-08-15,192,0,1
34,2025-08-15,301,0,0
35,2025-08-15,148,0,0
36,2025-08-15,63,500,0
37,2025-08-15,69,0,0
38,2025-08-15,56,100,0
39,2025-08-15,140,50,0
40,2025-08-15,178,100,0
41,2025-08-15,166,100,0
42,2025-08-15,82,50,0
43,2025-08-15,113,0,0
44,2025-08-15,422,0,0
45,2025-08-15,317,0,2
46,2025-08-15,316,0,1
47,2025-08-15,667,0,1
48,2025-08-15,553,0,0
49,2025-08-15,56,0,0
50,2025-08-15,971,0,20
51,2025-08-15,263,0,0
52,2025-08-15,208,200,1
53,2025-08-15,89,50,0
54,2025-08-15,218,0,0
55,2025-08-15,229,50,1
56,2025-08-15,391,0,0
57,2025-08-15,172,50,0
58,2025-08-15,152,50,0
59,2025-08-15,208,0,2
60,2025-08-15,143,50,0
61,2025-08-15,266,0,0
62,2025-08-15,285,0,1
63,2025-08-15,145,0,0
64,2025-08-15,387,0,1
65,2025-08-15,196,100,2
66,2025-08-15,168,50,0
67,2025-08-15,540,0,0
68,2025-08-15,434,0,0
69,2025-08-15,160,500,0
70,2025-08-15,575,0,0
71,2025-08-15,150,50,0
72,2025-08-15,189,0,0
73,2025-08-15,249,0,0
74,2025-08-15,259,0,0
75,2025-08-15,512,0,0
76,2025-08-15,397,0,0
77,2025-08-15,468,0,0
78,2025-08-15,35,400,0
79,2025-08-15,109,200,1
80,2025-08-15,75,0,0
81,2025-08-15,155,50,1
82,2025-08-15,168,0,0
83,2025-08-15,263,0,0
84,2025-08-15,261,0,0
85,2025-08-15,89,0,0
86,2025-08-15,287,0,0
87,2025-08-15,433,0,0
88,2025-08-15,231,0,0
89,2025-08-15,300,0,0
90,2025-08-15,0,400,0
91,2025-08-15,363,0,0
92,2025-08-15,182,100,0
93,2025-08-15,254,200,0
94,2025-08-15,428,0,1
95,2025-08-15,52,200,1
96,2025-08-15,111,223,1
97,2025-08-15,89,50,0
98,2025-08-15,100,100,1
99,2025-08-15,930,0,0
100,2025-08-15,172,0,1
101,2025-08-15,180,50,0
102,2025-08-15,179,100,0
103,2025-08-15,865,0,0
104,2025-08-15,343,0,1
105,2025-08-15,356,0,0
106,2025-08-15,1156,0,0
107,2025-08-15,34,100,0
108,2025-08-15,237,0,0
109,2025-08-15,145,500,1
110,2025-08-15,152,100,0
111,2025-08-15,748,0,0
112,2025-08-15,215,0,0
113,2025-08-15,103,0,0
114,2025-08-15,178,200,0
115,2025-08-15,109,100,0
116,2025-08-15,229,0,1
117,2025-08-15,559,0,0
118,2025-08-15,259,0,1
119,2025-08-15,302,0,1
120,2025-08-15,266,0,0
1,2025-08-16,154,100,2
2,2025-08-16,224,200,1
3,2025-08-16,88,250,0
4,2025-08-16,203,0,0
5,2025-08-16,42,50,0
6,2025-08-16,27,400,0
7,2025-08-16,948,0,0
8,2025-08-16,346,0,1
9,2025-08-16,264,0,0
10,2025-08-16,91,200,2
11,2025-08-16,409,0,1
12,2025-08-16,23,200,1
13,2025-08-16,345,0,0
14,2025-08-16,31,250,0
15,2025-08-16,111,0,0
16,2025-08-16,280,0,7
17,2025-08-16,144,100,1
18,2025-08-16,650,0,1
19,2025-08-16,415,0,0
20,2025-08-16,114,200,2
21,2025-08-16,164,100,1
22,2025-08-16,164,0,4
23,2025-08-16,36,300,1
24,2025-08-16,329,0,1
25,2025-08-16,152,200,0
26,2025-08-16,345,0,0
27,2025-08-16,378,0,0
28,2025-08-16,423,0,0
29,2025-08-16,180,0,0
30,2025-08-16,248,0,0
31,2025-08-16,123,0,0
32,2025-08-16,181,0,0
33,2025-08-16,181,100,1
34,2025-08-16,293,0,0
35,2025-08-16,148,0,1
36,2025-08-16,56,500,0
37,2025-08-16,67,0,0
38,2025-08-16,54,100,0
39,2025-08-16,132,50,1
40,2025-08-16,167,100,1
41,2025-08-16,161,100,0
42,2025-08-16,77,50,0
43,2025-08-16,105,100,0
44,2025-08-16,420,0,0
45,2025-08-16,302,200,1
46,2025-08-16,307,0,1
47,2025-08-16,652,0,1
48,2025-08-16,540,0,1
49,2025-08-16,55,0,0
50,2025-08-16,967,0,0
51,2025-08-16,256,0,0
52,2025-08-16,204,200,0
53,2025-08-16,85,50,0
54,2025-08-16,212,0,0
55,2025-08-16,214,50,1
56,2025-08-16,389,0,0
57,2025-08-16,163,100,0
58,2025-08-16,135,100,0
59,2025-08-16,203,0,0
60,2025-08-16,130,50,0
61,2025-08-16,236,50,3
62,2025-08-16,278,0,0
63,2025-08-16,145,0,3
64,2025-08-16,364,0,2
65,2025-08-16,189,100,0
66,2025-08-16,144,50,0
67,2025-08-16,531,0,0
68,2025-08-16,412,0,2
69,2025-08-16,150,500,1
70,2025-08-16,572,0,0
71,2025-08-16,139,50,0
72,2025-08-16,183,0,0
73,2025-08-16,248,0,0
74,2025-08-16,251,0,0
75,2025-08-16,501,0,0
76,2025-08-16,384,0,0
77,2025-08-16,466,0,0
78,2025-08-16,21,400,0
79,2025-08-16,94,200,1
80,2025-08-16,73,0,0
81,2025-08-16,193,50,1
82,2025-08-16,163,50,0
83,2025-08-16,246,0,2
84,2025-08-16,252,0,1
85,2025-08-16,85,0,0
86,2025-08-16,279,0,0
87,2025-08-16,428,0,0
88,2025-08-16,218,0,1
89,2025-08-16,293,0,0
90,2025-08-16,0,400,0
91,2025-08-16,362,0,0
92,2025-08-16,272,0,1
93,2025-08-16,239,200,0
94,2025-08-16,417,0,1
95,2025-08-16,46,200,0
96,2025-08-16,91,223,2
97,2025-08-16,134,0,0
98,2025-08-16,85,100,1
99,2025-08-16,927,0,0
100,2025-08-16,163,0,1
101,2025-08-16,172,100,0
102,2025-08-16,159,100,2
103,2025-08-16,862,0,0
104,2025-08-16,332,0,1
105,2025-08-16,353,0,0
106,2025-08-16,1152,0,0
107,2025-08-16,79,50,0
108,2025-08-16,232,0,0
109,2025-08-16,135,500,1
110,2025-08-16,138,100,1
111,2025-08-16,726,0,2
112,2025-08-16,202,500,0
113,2025-08-16,101,0,0
114,2025-08-16,164,200,1
115,2025-08-16,104,100,0
116,2025-08-16,221,0,0
117,2025-08-16,546,0,1
118,2025-08-16,245,0,0
119,2025-08-16,284,0,2
120,2025-08-16,260,0,0
1,2025-08-17,140,200,1
2,2025-08-17,210,200,1
3,2025-08-17,79,250,1
4,2025-08-17,199,0,0
5,2025-08-17,40,50,0
6,2025-08-17,19,400,0
7,2025-08-17,947,0,0
8,2025-08-17,333,0,0
9,2025-08-17,261,0,0
10,2025-08-17,182,100,0
11,2025-08-17,400,0,0
12,2025-08-17,15,200,0
13,2025-08-17,336,0,1
14,2025-08-17,23,250,0
15,2025-08-17,109,0,0
16,2025-08-17,274,0,0
17,2025-08-17,193,0,0
18,2025-08-17,631,0,1
19,2025-08-17,411,0,0
20,2025-08-17,310,0,0
21,2025-08-17,150,100,1
22,2025-08-17,161,0,0
23,2025-08-17,67,250,1
24,2025-08-17,320,0,0
25,2025-08-17,132,200,1
26,2025-08-17,337,0,1
27,2025-08-17,346,0,1
28,2025-08-17,410,0,1
29,2025-08-17,177,0,0
30,2025-08-17,237,0,1
31,2025-08-17,119,0,0
32,2025-08-17,176,0,0
33,2025-08-17,168,100,1
34,2025-08-17,285,0,0
35,2025-08-17,143,0,0
36,2025-08-17,47,500,0
37,2025-08-17,63,0,0
38,2025-08-17,48,100,0
39,2025-08-17,125,100,0
40,2025-08-17,222,0,0
41,2025-08-17,153,100,0
42,2025-08-17,70,100,0
43,2025-08-17,97,100,1
44,2025-08-17,414,0,0
45,2025-08-17,295,200,0
46,2025-08-17,295,0,1
47,2025-08-17,639,0,1
48,2025-08-17,522,0,1
49,2025-08-17,53,0,0
50,2025-08-17,959,0,0
51,2025-08-17,249,0,0
52,2025-08-17,190,200,1
53,2025-08-17,76,50,1
54,2025-08-17,202,0,1
55,2025-08-17,205,50,1
56,2025-08-17,380,0,0
57,2025-08-17,149,100,1
58,2025-08-17,128,100,0
59,2025-08-17,201,0,0
60,2025-08-17,118,100,1
61,2025-08-17,228,50,0
62,2025-08-17,260,0,1
63,2025-08-17,145,0,3
64,2025-08-17,348,0,0
65,2025-08-17,174,100,1
66,2025-08-17,136,100,1
67,2025-08-17,525,0,0
68,2025-08-17,398,0,1
69,2025-08-17,142,500,0
70,2025-08-17,564,0,0
71,2025-08-17,130,100,0
72,2025-08-17,179,0,0
73,2025-08-17,244,0,0
74,2025-08-17,248,0,0
75,2025-08-17,481,0,2
76,2025-08-17,375,0,1
77,2025-08-17,463,0,0
78,2025-08-17,0,400,0
79,2025-08-17,80,300,1
80,2025-08-17,69,0,0
81,2025-08-17,183,50,1
82,2025-08-17,159,50,0
83,2025-08-17,236,0,1
84,2025-08-17,238,0,0
85,2025-08-17,81,0,0
86,2025-08-17,269,0,1
87,2025-08-17,424,0,0
88,2025-08-17,213,0,0
89,2025-08-17,283,0,0
90,2025-08-17,0,400,0
91,2025-08-17,349,0,1
92,2025-08-17,255,0,1
93,2025-08-17,219,200,2
94,2025-08-17,401,0,1
95,2025-08-17,36,200,0
96,2025-08-17,201,100,1
97,2025-08-17,121,0,1
98,2025-08-17,72,100,1
99,2025-08-17,925,0,0
100,2025-08-17,151,0,1
101,2025-08-17,162,100,1
102,2025-08-17,247,0,1
103,2025-08-17,860,0,0
104,2025-08-17,325,0,1
105,2025-08-17,351,0,0
106,2025-08-17,1149,0,0
107,2025-08-17,74,50,0
108,2025-08-17,232,0,4
109,2025-08-17,124,500,1
110,2025-08-17,134,100,0
111,2025-08-17,712,0,0
112,2025-08-17,195,500,0
113,2025-08-17,101,0,2
114,2025-08-17,151,200,1
115,2025-08-17,99,100,0
116,2025-08-17,212,0,1
117,2025-08-17,525,0,2
118,2025-08-17,230,200,1
119,2025-08-17,259,100,1
120,2025-08-17,255,0,0
1,2025-08-18,131,200,0
2,2025-08-18,185,200,1
3,2025-08-18,112,200,1
4,2025-08-18,195,0,0
5,2025-08-18,36,50,0
6,2025-08-18,4,400,0
7,2025-08-18,945,0,0
8,2025-08-18,328,0,0
9,2025-08-18,254,0,0
10,2025-08-18,175,100,0
11,2025-08-18,400,0,9
12,2025-08-18,15,200,0
13,2025-08-18,334,0,0
14,2025-08-18,63,200,0
15,2025-08-18,106,0,0
16,2025-08-18,266,0,0
17,2025-08-18,186,100,0
18,2025-08-18,618,0,1
19,2025-08-18,406,0,0
20,2025-08-18,297,0,1
21,2025-08-18,140,200,1
22,2025-08-18,159,0,0
23,2025-08-18,49,250,2
24,2025-08-18,311,0,0
25,2025-08-18,111,200,0
26,2025-08-18,332,0,0
27,2025-08-18,339,0,0
28,2025-08-18,396,0,0
29,2025-08-18,174,0,0
30,2025-08-18,224,0,1
31,2025-08-18,115,0,0
32,2025-08-18,173,0,0
33,2025-08-18,157,100,1
34,2025-08-18,274,0,1
35,2025-08-18,140,0,0
36,2025-08-18,39,500,0
37,2025-08-18,62,0,0
38,2025-08-18,44,100,0
39,2025-08-18,109,100,1
40,2025-08-18,218,0,0
41,2025-08-18,139,100,0
42,2025-08-18,114,50,0
43,2025-08-18,97,100,1
44,2025-08-18,410,0,0
45,2025-08-18,279,200,2
46,2025-08-18,277,0,0
47,2025-08-18,632,0,0
48,2025-08-18,507,0,1
49,2025-08-18,50,0,0
50,2025-08-18,953,0,0
51,2025-08-18,234,0,0
52,2025-08-18,179,200,0
53,2025-08-18,70,50,0
54,2025-08-18,189,0,1
55,2025-08-18,251,50,0
56,2025-08-18,373,0,0
57,2025-08-18,144,100,0
58,2025-08-18,115,100,0
59,2025-08-18,201,0,2
60,2025-08-18,111,100,0
61,2025-08-18,205,50,0
62,2025-08-18,254,0,0
63,2025-08-18,139,50,0
64,2025-08-18,325,0,2
65,2025-08-18,164,100,1
66,2025-08-18,184,50,0
67,2025-08-18,523,0,0
68,2025-08-18,383,0,1
69,2025-08-18,125,500,1
70,2025-08-18,564,0,12
71,2025-08-18,124,100,0
72,2025-08-18,175,0,0
73,2025-08-18,242,0,0
74,2025-08-18,243,0,0
75,2025-08-18,468,0,1
76,2025-08-18,367,0,0
77,2025-08-18,462,0,0
78,2025-08-18,193,200,0
79,2025-08-18,60,300,2
80,2025-08-18,69,0,1
81,2025-08-18,170,50,1
82,2025-08-18,149,50,1
83,2025-08-18,223,0,1
84,2025-08-18,228,0,0
85,2025-08-18,78,0,0
86,2025-08-18,266,0,0
87,2025-08-18,413,0,0
88,2025-08-18,205,0,1
89,2025-08-18,279,0,0
90,2025-08-18,0,400,0
91,2025-08-18,336,0,1
92,2025-08-18,238,0,2
93,2025-08-18,408,0,1
94,2025-08-18,385,0,1
95,2025-08-18,34,200,0
96,2025-08-18,192,150,1
97,2025-08-18,117,50,0
98,2025-08-18,59,200,1
99,2025-08-18,922,0,0
100,2025-08-18,144,100,0
101,2025-08-18,156,100,0
102,2025-08-18,238,0,0
103,2025-08-18,857,0,0
104,2025-08-18,306,0,2
105,2025-08-18,343,0,0
106,2025-08-18,1146,0,0
107,2025-08-18,65,100,0
108,2025-08-18,225,0,0
109,2025-08-18,114,500,0
110,2025-08-18,120,100,1
111,2025-08-18,695,0,2
112,2025-08-18,175,500,1
113,2025-08-18,100,0,0
114,2025-08-18,139,200,0
115,2025-08-18,91,100,1
116,2025-08-18,207,0,0
117,2025-08-18,524,0,0
118,2025-08-18,225,200,0
119,2025-08-18,247,100,0
120,2025-08-18,243,0,1
1,2025-08-19,119,200,0
2,2025-08-19,169,200,1
3,2025-08-19,104,200,0
4,2025-08-19,192,0,0
5,2025-08-19,33,50,0
6,2025-08-19,0,400,0
7,2025-08-19,938,0,1
8,2025-08-19,315,0,1
9,2025-08-19,250,0,0
10,2025-08-19,170,100,0
11,2025-08-19,394,0,0
12,2025-08-19,55,150,0
13,2025-08-19,318,0,1
14,2025-08-19,48,200,2
15,2025-08-19,103,0,0
16,2025-08-19,258,0,0
17,2025-08-19,275,0,1
18,2025-08-19,606,0,1
19,2025-08-19,405,0,0
20,2025-08-19,289,0,0
21,2025-08-19,195,100,0
22,2025-08-19,155,0,0
23,2025-08-19,35,250,1
24,2025-08-19,305,0,0
25,2025-08-19,97,200,1
26,2025-08-19,330,0,0
27,2025-08-19,331,0,1
28,2025-08-19,389,0,0
29,2025-08-19,171,0,0
30,2025-08-19,208,0,1
31,2025-08-19,113,0,0
32,2025-08-19,169,0,0
33,2025-08-19,148,100,1
34,2025-08-19,266,0,0
35,2025-08-19,138,0,0
36,2025-08-19,34,500,0
37,2025-08-19,59,0,0
38,2025-08-19,140,0,0
39,2025-08-19,105,100,0
40,2025-08-19,210,100,0
41,2025-08-19,121,100,2
42,2025-08-19,109,50,0
43,2025-08-19,91,100,0
44,2025-08-19,405,0,0
45,2025-08-19,269,200,1
46,2025-08-19,263,500,1
47,2025-08-19,621,0,1
48,2025-08-19,492,0,1
49,2025-08-19,49,50,0
50,2025-08-19,950,0,0
51,2025-08-19,227,0,0
52,2025-08-19,166,200,1
53,2025-08-19,68,50,0
54,2025-08-19,179,0,0
55,2025-08-19,238,50,1
56,2025-08-19,365,0,0
57,2025-08-19,127,150,1
58,2025-08-19,154,50,0
59,2025-08-19,199,0,0
60,2025-08-19,152,50,0
61,2025-08-19,195,100,0
62,2025-08-19,250,0,0
63,2025-08-19,181,0,0
64,2025-08-19,312,0,1
65,2025-08-19,162,100,0
66,2025-08-19,224,0,0
67,2025-08-19,516,0,0
68,2025-08-19,378,0,0
69,2025-08-19,623,0,0
70,2025-08-19,562,0,0
71,2025-08-19,116,100,0
72,2025-08-19,168,0,1
73,2025-08-19,239,0,0
74,2025-08-19,234,0,0
75,2025-08-19,455,0,0
76,2025-08-19,347,0,1
77,2025-08-19,460,0,0
78,2025-08-19,180,200,1
79,2025-08-19,143,200,2
80,2025-08-19,67,0,0
81,2025-08-19,160,50,0
82,2025-08-19,149,50,1
83,2025-08-19,216,0,0
84,2025-08-19,211,0,0
85,2025-08-19,75,0,0
86,2025-08-19,258,0,0
87,2025-08-19,405,0,1
88,2025-08-19,196,0,0
89,2025-08-19,276,0,0
90,2025-08-19,0,400,0
91,2025-08-19,329,0,0
92,2025-08-19,227,100,1
93,2025-08-19,397,0,1
94,2025-08-19,364,0,3
95,2025-08-19,28,200,0
96,2025-08-19,184,150,0
97,2025-08-19,112,50,0
98,2025-08-19,50,200,0
99,2025-08-19,921,0,0
100,2025-08-19,138,100,0
101,2025-08-19,145,100,1
102,2025-08-19,221,0,2
103,2025-08-19,857,0,22
104,2025-08-19,291,0,1
105,2025-08-19,340,0,0
106,2025-08-19,1143,0,0
107,2025-08-19,61,100,0
108,2025-08-19,219,0,0
109,2025-08-19,104,500,1
110,2025-08-19,113,100,1
111,2025-08-19,669,0,3
112,2025-08-19,162,500,0
113,2025-08-19,98,0,0
114,2025-08-19,128,200,1
115,2025-08-19,84,100,0
116,2025-08-19,197,0,1
117,2025-08-19,518,0,0
118,2025-08-19,219,200,0
119,2025-08-19,230,100,2
120,2025-08-19,235,0,0
1,2025-08-20,101,200,0
2,2025-08-20,149,200,2
3,2025-08-20,97,200,0
4,2025-08-20,189,0,0
5,2025-08-20,32,50,0
6,2025-08-20,0,400,0
7,2025-08-20,935,0,0
8,2025-08-20,303,0,1
9,2025-08-20,243,0,0
10,2025-08-20,164,100,0
11,2025-08-20,386,0,0
12,2025-08-20,42,150,1
13,2025-08-20,310,0,0
14,2025-08-20,42,250,0
15,2025-08-20,101,0,0
16,2025-08-20,254,0,0
17,2025-08-20,259,0,0
18,2025-08-20,588,0,1
19,2025-08-20,403,0,0
20,2025-08-20,282,200,1
21,2025-08-20,184,100,1
22,2025-08-20,154,0,0
23,2025-08-20,50,250,1
24,2025-08-20,292,0,1
25,2025-08-20,186,100,0
26,2025-08-20,323,0,0
27,2025-08-20,323,0,0
28,2025-08-20,380,0,1
29,2025-08-20,171,0,2
30,2025-08-20,206,500,0
31,2025-08-20,112,0,0
32,2025-08-20,167,0,0
33,2025-08-20,244,0,0
34,2025-08-20,259,0,0
35,2025-08-20,135,0,0
36,2025-08-20,33,500,0
37,2025-08-20,56,100,0
38,2025-08-20,139,0,0
39,2025-08-20,105,100,2
40,2025-08-20,196,100,2
41,2025-08-20,116,100,0
42,2025-08-20,103,50,0
43,2025-08-20,87,100,0
44,2025-08-20,402,0,0
45,2025-08-20,405,0,0
46,2025-08-20,246,500,2
47,2025-08-20,615,0,0
48,2025-08-20,478,0,0
49,2025-08-20,48,50,0
50,2025-08-20,944,0,0
51,2025-08-20,222,200,0
52,2025-08-20,350,0,1
53,2025-08-20,66,50,0
54,2025-08-20,176,0,0
55,2025-08-20,226,50,1
56,2025-08-20,357,0,1
57,2025-08-20,116,150,1
58,2025-08-20,146,50,0
59,2025-08-20,196,0,0
60,2025-08-20,141,50,1
61,2025-08-20,227,50,0
62,2025-08-20,244,0,0
63,2025-08-20,174,0,0
64,2025-08-20,300,0,1
65,2025-08-20,152,100,0
66,2025-08-20,211,0,1
67,2025-08-20,508,0,0
68,2025-08-20,371,0,1
69,2025-08-20,613,0,0
70,2025-08-20,558,0,0
71,2025-08-20,106,100,0
72,2025-08-20,162,0,0
73,2025-08-20,235,0,0
74,2025-08-20,227,0,0
75,2025-08-20,446,0,1
76,2025-08-20,334,0,0
77,2025-08-20,459,0,0
78,2025-08-20,157,200,2
79,2025-08-20,132,200,1
80,2025-08-20,64,0,0
81,2025-08-20,149,100,1
82,2025-08-20,191,0,0
83,2025-08-20,211,0,0
84,2025-08-20,204,0,0
85,2025-08-20,73,0,0
86,2025-08-20,252,0,0
87,2025-08-20,399,0,0
88,2025-08-20,191,0,0
89,2025-08-20,271,0,0
90,2025-08-20,0,400,0
91,2025-08-20,309,0,1
92,2025-08-20,222,100,0
93,2025-08-20,379,0,2
94,2025-08-20,340,0,2
95,2025-08-20,21,200,0
96,2025-08-20,163,150,1
97,2025-08-20,106,50,0
98,2025-08-20,144,100,0
99,2025-08-20,918,0,0
100,2025-08-20,127,100,1
101,2025-08-20,178,50,1
102,2025-08-20,215,0,0
103,2025-08-20,856,0,0
104,2025-08-20,280,0,1
105,2025-08-20,337,0,0
106,2025-08-20,1139,0,0
107,2025-08-20,56,100,0
108,2025-08-20,214,0,0
109,2025-08-20,91,500,0
110,2025-08-20,101,100,0
111,2025-08-20,651,0,1
112,2025-08-20,156,500,0
113,2025-08-20,96,0,0
114,2025-08-20,117,200,1
115,2025-08-20,79,100,0
116,2025-08-20,191,0,0
117,2025-08-20,501,0,2
118,2025-08-20,204,200,2
119,2025-08-20,213,100,1
120,2025-08-20,230,0,0
1,2025-08-21,100,200,0
2,2025-08-21,127,200,2
3,2025-08-21,116,200,1
4,2025-08-21,186,0,0
5,2025-08-21,31,50,0
6,2025-08-21,0,400,0
7,2025-08-21,935,0,9
8,2025-08-21,292,0,1
9,2025-08-21,238,0,0
10,2025-08-21,149,100,1
11,2025-08-21,375,0,0
12,2025-08-21,32,150,1
13,2025-08-21,299,0,1
14,2025-08-21,32,250,1
15,2025-08-21,99,0,0
16,2025-08-21,253,0,0
17,2025-08-21,256,0,0
18,2025-08-21,579,0,1
19,2025-08-21,402,0,0
20,2025-08-21,273,200,1
21,2025-08-21,173,100,1
22,2025-08-21,154,0,2
23,2025-08-21,25,300,3
24,2025-08-21,272,100,2
25,2025-08-21,168,200,1
26,2025-08-21,317,0,0
27,2025-08-21,309,0,2
28,2025-08-21,367,0,0
29,2025-08-21,169,0,0
30,2025-08-21,195,500,0
31,2025-08-21,112,0,2
32,2025-08-21,164,0,0
33,2025-08-21,234,0,0
34,2025-08-21,251,0,0
35,2025-08-21,131,0,0
36,2025-08-21,25,500,1
37,2025-08-21,54,100,0
38,2025-08-21,137,0,0
39,2025-08-21,142,50,0
40,2025-08-21,285,0,0
41,2025-08-21,110,100,0
42,2025-08-21,148,0,0
43,2025-08-21,83,100,0
44,2025-08-21,397,0,0
45,2025-08-21,382,0,1
46,2025-08-21,237,500,1
47,2025-08-21,605,0,1
48,2025-08-21,466,0,0
49,2025-08-21,48,50,0
50,2025-08-21,938,0,0
51,2025-08-21,209,200,0
52,2025-08-21,326,0,2
53,2025-08-21,114,0,0
54,2025-08-21,160,0,2
55,2025-08-21,216,50,1
56,2025-08-21,357,0,5
57,2025-08-21,112,150,0
58,2025-08-21,144,50,0
59,2025-08-21,194,0,0
60,2025-08-21,139,50,0
61,2025-08-21,214,50,1
62,2025-08-21,236,0,0
63,2025-08-21,167,0,0
64,2025-08-21,283,200,1
65,2025-08-21,143,100,0
66,2025-08-21,207,50,0
67,2025-08-21,506,0,0
68,2025-08-21,368,0,0
69,2025-08-21,608,0,0
70,2025-08-21,553,0,0
71,2025-08-21,104,100,0
72,2025-08-21,153,0,0
73,2025-08-21,234,0,0
74,2025-08-21,222,0,0
75,2025-08-21,432,0,1
76,2025-08-21,319,0,1
77,2025-08-21,459,0,5
78,2025-08-21,145,200,1
79,2025-08-21,109,200,2
80,2025-08-21,61,100,0
81,2025-08-21,144,100,0
82,2025-08-21,185,0,0
83,2025-08-21,208,0,0
84,2025-08-21,195,0,1
85,2025-08-21,70,0,0
86,2025-08-21,243,0,0
87,2025-08-21,396,0,0
88,2025-08-21,187,0,0
89,2025-08-21,266,0,0
90,2025-08-21,0,400,0
91,2025-08-21,278,0,4
92,2025-08-21,202,100,0
93,2025-08-21,376,0,0
94,2025-08-21,317,0,2
95,2025-08-21,113,100,0
96,2025-08-21,196,100,2
97,2025-08-21,101,50,0
98,2025-08-21,138,100,0
99,2025-08-21,916,0,0
100,2025-08-21,119,100,0
101,2025-08-21,166,100,1
102,2025-08-21,202,0,1
103,2025-08-21,854,0,0
104,2025-08-21,271,0,0
105,2025-08-21,335,0,0
106,2025-08-21,1136,0,0
107,2025-08-21,103,50,0
108,2025-08-21,208,0,0
109,2025-08-21,82,500,1
110,2025-08-21,100,200,0
111,2025-08-21,641,0,0
112,2025-08-21,144,500,0
113,2025-08-21,94,0,0
114,2025-08-21,107,200,1
115,2025-08-21,74,100,0
116,2025-08-21,184,0,0
117,2025-08-21,493,0,1
118,2025-08-21,200,200,0
119,2025-08-21,188,100,3
120,2025-08-21,224,0,0
1,2025-08-22,98,200,0
2,2025-08-22,120,200,0
3,2025-08-22,101,200,1
4,2025-08-22,184,0,0
5,2025-08-22,72,0,0
6,2025-08-22,0,400,0
7,2025-08-22,932,0,0
8,2025-08-22,276,100,2
9,2025-08-22,235,0,0
10,2025-08-22,144,100,0
11,2025-08-22,364,0,1
12,2025-08-22,32,150,0
13,2025-08-22,296,0,0
14,2025-08-22,71,200,0
15,2025-08-22,97,0,0
16,2025-08-22,243,0,1
17,2025-08-22,248,0,1
18,2025-08-22,566,0,1
19,2025-08-22,402,0,5
20,2025-08-22,272,200,0
21,2025-08-22,164,100,0
22,2025-08-22,150,0,0
23,2025-08-22,17,300,1
24,2025-08-22,257,100,1
25,2025-08-22,147,200,1
26,2025-08-22,314,0,0
27,2025-08-22,296,0,1
28,2025-08-22,357,0,1
29,2025-08-22,167,0,0
30,2025-08-22,183,500,1
31,2025-08-22,109,0,0
32,2025-08-22,161,0,0
33,2025-08-22,225,0,0
34,2025-08-22,241,0,1
35,2025-08-22,128,0,0
36,2025-08-22,24,500,0
37,2025-08-22,152,0,0
38,2025-08-22,132,0,0
39,2025-08-22,129,50,1
40,2025-08-22,279,0,0
41,2025-08-22,205,0,0
42,2025-08-22,137,0,0
43,2025-08-22,75,100,0
44,2025-08-22,390,0,0
45,2025-08-22,368,0,1
46,2025-08-22,223,500,1
47,2025-08-22,597,0,0
48,2025-08-22,452,0,0
49,2025-08-22,45,50,0
50,2025-08-22,934,0,0
51,2025-08-22,194,200,0
52,2025-08-22,307,0,2
53,2025-08-22,109,0,0
54,2025-08-22,150,0,0
55,2025-08-22,207,100,1
56,2025-08-22,352,0,0
57,2025-08-22,111,150,0
58,2025-08-22,135,100,0
59,2025-08-22,191,0,0
60,2025-08-22,175,0,1
61,2025-08-22,201,50,1
62,2025-08-22,230,0,0
63,2025-08-22,162,0,0
64,2025-08-22,267,200,1
65,2025-08-22,131,100,0
66,2025-08-22,188,50,2
67,2025-08-22,499,0,0
68,2025-08-22,353,0,1
69,2025-08-22,591,0,1
70,2025-08-22,550,0,0
71,2025-08-22,97,100,0
72,2025-08-22,150,0,0
73,2025-08-22,232,0,0
74,2025-08-22,214,0,0
75,2025-08-22,413,0,2
76,2025-08-22,315,0,0
77,2025-08-22,458,0,0
78,2025-08-22,140,200,0
79,2025-08-22,85,300,2
80,2025-08-22,59,100,0
81,2025-08-22,136,100,0
82,2025-08-22,185,0,2
83,2025-08-22,199,0,1
84,2025-08-22,188,0,0
85,2025-08-22,70,0,0
86,2025-08-22,236,0,0
87,2025-08-22,389,0,0
88,2025-08-22,180,0,0
89,2025-08-22,259,0,0
90,2025-08-22,0,400,0
91,2025-08-22,267,100,1
92,2025-08-22,292,0,1
93,2025-08-22,361,0,1
94,2025-08-22,295,0,2
95,2025-08-22,102,100,1
96,2025-08-22,171,150,2
97,2025-08-22,97,50,0
98,2025-08-22,227,0,1
99,2025-08-22,912,0,0
100,2025-08-22,113,100,0
101,2025-08-22,162,100,0
102,2025-08-22,197,100,0
103,2025-08-22,851,0,0
104,2025-08-22,263,0,0
105,2025-08-22,330,0,0
106,2025-08-22,1135,0,0
107,2025-08-22,99,50,0
108,2025-08-22,201,0,0
109,2025-08-22,74,500,0
110,2025-08-22,98,200,0
111,2025-08-22,631,0,1
112,2025-08-22,144,500,2
113,2025-08-22,92,0,0
114,2025-08-22,88,200,2
115,2025-08-22,71,100,0
116,2025-08-22,181,0,0
117,2025-08-22,477,0,1
118,2025-08-22,194,200,0
119,2025-08-22,168,200,0
120,2025-08-22,222,0,0
1,2025-08-23,74,200,2
2,2025-08-23,110,200,1
3,2025-08-23,86,250,1
4,2025-08-23,183,0,0
5,2025-08-23,70,0,0
6,2025-08-23,0,400,0
7,2025-08-23,929,0,0
8,2025-08-23,256,100,0
9,2025-08-23,230,0,0
10,2025-08-23,140,100,0
11,2025-08-23,355,0,1
12,2025-08-23,22,150,1
13,2025-08-23,282,0,1
14,2025-08-23,53,250,2
15,2025-08-23,91,0,0
16,2025-08-23,236,0,0
17,2025-08-23,238,0,0
18,2025-08-23,558,0,1
19,2025-08-23,397,0,0
20,2025-08-23,249,200,0
21,2025-08-23,152,100,0
22,2025-08-23,145,0,0
23,2025-08-23,2,350,0
24,2025-08-23,248,100,1
25,2025-08-23,131,200,1
26,2025-08-23,308,0,0
27,2025-08-23,279,500,1
28,2025-08-23,338,0,1
29,2025-08-23,165,0,0
30,2025-08-23,171,500,0
31,2025-08-23,107,0,0
32,2025-08-23,160,0,0
33,2025-08-23,216,0,0
34,2025-08-23,232,0,0
35,2025-08-23,123,0,0
36,2025-08-23,20,500,0
37,2025-08-23,151,0,0
38,2025-08-23,125,0,0
39,2025-08-23,120,50,1
40,2025-08-23,273,0,0
41,2025-08-23,196,0,1
42,2025-08-23,133,0,0
43,2025-08-23,69,100,0
44,2025-08-23,386,0,0
45,2025-08-23,345,0,2
46,2025-08-23,214,500,1
47,2025-08-23,582,0,0
48,2025-08-23,438,0,0
49,2025-08-23,92,0,0
50,2025-08-23,928,0,0
51,2025-08-23,173,200,2
52,2025-08-23,292,0,1
53,2025-08-23,100,50,0
54,2025-08-23,140,200,1
55,2025-08-23,198,100,1
56,2025-08-23,348,0,0
57,2025-08-23,90,150,0
58,2025-08-23,175,50,1
59,2025-08-23,190,0,0
60,2025-08-23,165,50,0
61,2025-08-23,240,0,0
62,2025-08-23,224,0,0
63,2025-08-23,152,0,1
64,2025-08-23,457,0,0
65,2025-08-23,122,200,0
66,2025-08-23,179,50,0
67,2025-08-23,488,0,1
68,2025-08-23,344,0,0
69,2025-08-23,583,0,0
70,2025-08-23,546,0,0
71,2025-08-23,87,100,0
72,2025-08-23,147,0,0
73,2025-08-23,230,0,0
74,2025-08-23,207,0,0
75,2025-08-23,397,0,1
76,2025-08-23,303,0,1
77,2025-08-23,455,0,0
78,2025-08-23,127,200,1
79,2025-08-23,62,300,2
80,2025-08-23,57,100,0
81,2025-08-23,135,150,0
82,2025-08-23,166,50,0
83,2025-08-23,189,500,1
84,2025-08-23,177,0,1
85,2025-08-23,68,0,0
86,2025-08-23,226,0,0
87,2025-08-23,381,0,0
88,2025-08-23,175,0,0
89,2025-08-23,255,0,0
90,2025-08-23,129,200,0
91,2025-08-23,257,100,0
92,2025-08-23,273,0,1
93,2025-08-23,361,0,5
94,2025-08-23,295,0,5
95,2025-08-23,93,100,0
96,2025-08-23,164,150,0
97,2025-08-23,89,50,0
98,2025-08-23,219,0,0
99,2025-08-23,908,0,0
100,2025-08-23,108,100,0
101,2025-08-23,152,100,1
102,2025-08-23,288,0,0
103,2025-08-23,845,0,0
104,2025-08-23,254,200,1
105,2025-08-23,329,0,0
106,2025-08-23,1130,0,0
107,2025-08-23,93,50,0
108,2025-08-23,193,0,0
109,2025-08-23,65,500,0
110,2025-08-23,92,200,0
111,2025-08-23,608,0,1
112,2025-08-23,137,500,0
113,2025-08-23,91,0,0
114,2025-08-23,274,0,0
115,2025-08-23,65,100,0
116,2025-08-23,169,200,0
117,2025-08-23,462,0,1
118,2025-08-23,183,200,1
119,2025-08-23,150,200,1
120,2025-08-23,220,0,0
1,2025-08-24,55,200,1
2,2025-08-24,298,0,1
3,2025-08-24,64,250,1
4,2025-08-24,179,0,0
5,2025-08-24,69,0,0
6,2025-08-24,0,400,0
7,2025-08-24,927,0,0
8,2025-08-24,237,100,1
9,2025-08-24,223,0,0
10,2025-08-24,225,0,1
11,2025-08-24,350,0,0
12,2025-08-24,14,200,0
13,2025-08-24,263,500,1
14,2025-08-24,43,250,1
15,2025-08-24,88,0,0
16,2025-08-24,233,0,0
17,2025-08-24,225,0,1
18,2025-08-24,544,0,0
19,2025-08-24,394,0,0
20,2025-08-24,245,200,0
21,2025-08-24,142,200,1
22,2025-08-24,144,0,0
23,2025-08-24,38,300,0
24,2025-08-24,222,100,3
25,2025-08-24,115,200,2
26,2025-08-24,299,0,0
27,2025-08-24,256,500,0
28,2025-08-24,330,0,1
29,2025-08-24,162,0,0
30,2025-08-24,171,500,4
31,2025-08-24,103,0,0
32,2025-08-24,155,0,0
33,2025-08-24,205,0,0
34,2025-08-24,225,0,0
35,2025-08-24,118,0,0
36,2025-08-24,10,500,1
37,2025-08-24,148,0,0
38,2025-08-24,118,0,1
39,2025-08-24,109,50,0
40,2025-08-24,270,0,0
41,2025-08-24,185,0,1
42,2025-08-24,129,0,0
43,2025-08-24,63,100,0
44,2025-08-24,386,0,7
45,2025-08-24,320,0,0
46,2025-08-24,693,0,2
47,2025-08-24,565,0,1
48,2025-08-24,427,0,0
49,2025-08-24,88,0,0
50,2025-08-24,924,0,0
51,2025-08-24,165,200,1
52,2025-08-24,282,200,1
53,2025-08-24,96,50,0
54,2025-08-24,126,200,0
55,2025-08-24,176,100,1
56,2025-08-24,343,0,0
57,2025-08-24,124,150,1
58,2025-08-24,215,0,0
59,2025-08-24,189,0,0
60,2025-08-24,161,50,0
61,2025-08-24,229,50,1
62,2025-08-24,213,0,0
63,2025-08-24,146,0,0
64,2025-08-24,437,0,1
65,2025-08-24,108,200,1
66,2025-08-24,173,50,0
67,2025-08-24,470,0,1
68,2025-08-24,327,0,1
69,2025-08-24,579,0,0
70,2025-08-24,542,0,0
71,2025-08-24,74,150,0
72,2025-08-24,141,0,0
73,2025-08-24,228,0,0
74,2025-08-24,200,0,0
75,2025-08-24,385,0,1
76,2025-08-24,291,0,1
77,2025-08-24,453,0,0
78,2025-08-24,111,200,1
79,2025-08-24,51,300,0
80,2025-08-24,55,100,0
81,2025-08-24,126,150,1
82,2025-08-24,157,50,1
83,2025-08-24,184,500,0
84,2025-08-24,173,100,0
85,2025-08-24,66,0,0
86,2025-08-24,226,0,2
87,2025-08-24,378,0,0
88,2025-08-24,163,500,1
89,2025-08-24,251,0,0
90,2025-08-24,117,200,0
91,2025-08-24,243,100,1
92,2025-08-24,261,0,0
93,2025-08-24,344,0,1
94,2025-08-24,276,0,1
95,2025-08-24,83,200,1
96,2025-08-24,129,150,5
97,2025-08-24,85,50,0
98,2025-08-24,214,0,0
99,2025-08-24,906,0,0
100,2025-08-24,105,100,0
101,2025-08-24,142,100,1
102,2025-08-24,280,0,0
103,2025-08-24,842,0,0
104,2025-08-24,241,200,1
105,2025-08-24,328,0,0
106,2025-08-24,1126,0,0
107,2025-08-24,139,0,0
108,2025-08-24,189,0,0
109,2025-08-24,54,500,0
110,2025-08-24,183,100,1
111,2025-08-24,593,0,1
112,2025-08-24,130,500,0
113,2025-08-24,90,0,0
114,2025-08-24,256,0,0
115,2025-08-24,60,100,0
116,2025-08-24,360,0,0
117,2025-08-24,449,0,1
118,2025-08-24,169,200,1
119,2025-08-24,236,100,1
120,2025-08-24,214,0,0
1,2025-08-25,40,300,1
2,2025-08-25,288,200,1
3,2025-08-25,55,250,0
4,2025-08-25,177,0,0
5,2025-08-25,66,0,0
6,2025-08-25,0,400,0
7,2025-08-25,925,0,0
8,2025-08-25,228,100,1
9,2025-08-25,221,0,0
10,2025-08-25,211,0,0
11,2025-08-25,341,0,1
12,2025-08-25,57,150,0
13,2025-08-25,250,500,1
14,2025-08-25,133,150,1
15,2025-08-25,84,0,0
16,2025-08-25,229,0,0
17,2025-08-25,215,100,1
18,2025-08-25,533,0,1
19,2025-08-25,388,0,0
20,2025-08-25,420,0,3
21,2025-08-25,226,100,1
22,2025-08-25,141,0,0
23,2025-08-25,69,250,0
24,2025-08-25,206,100,0
25,2025-08-25,206,100,0
26,2025-08-25,297,0,0
27,2025-08-25,251,500,0
28,2025-08-25,320,0,1
29,2025-08-25,160,0,0
30,2025-08-25,162,500,0
31,2025-08-25,101,0,0
32,2025-08-25,154,0,0
33,2025-08-25,193,0,0
34,2025-08-25,225,0,3
35,2025-08-25,115,0,0
36,2025-08-25,5,500,0
37,2025-08-25,145,0,0
38,2025-08-25,114,0,0
39,2025-08-25,109,100,1
40,2025-08-25,265,0,0
41,2025-08-25,179,0,0
42,2025-08-25,123,0,0
43,2025-08-25,62,100,0
44,2025-08-25,382,0,0
45,2025-08-25,302,0,2
46,2025-08-25,683,0,0
47,2025-08-25,559,0,0
48,2025-08-25,425,0,0
49,2025-08-25,85,0,0
50,2025-08-25,918,0,0
51,2025-08-25,149,200,0
52,2025-08-25,270,200,1
53,2025-08-25,92,50,0
54,2025-08-25,117,200,1
55,2025-08-25,163,100,1
56,2025-08-25,343,0,8
57,2025-08-25,110,200,0
58,2025-08-25,202,0,1
59,2025-08-25,184,0,0
60,2025-08-25,151,50,0
61,2025-08-25,214,50,2
62,2025-08-25,208,0,0
63,2025-08-25,140,50,0
64,2025-08-25,428,0,0
65,2025-08-25,193,100,2
66,2025-08-25,164,50,0
67,2025-08-25,463,0,0
68,2025-08-25,323,0,0
69,2025-08-25,575,0,0
70,2025-08-25,540,0,0
71,2025-08-25,64,150,1
72,2025-08-25,136,0,0
73,2025-08-25,225,0,0
74,2025-08-25,190,0,1
75,2025-08-25,377,0,0
76,2025-08-25,291,0,4
77,2025-08-25,451,0,0
78,2025-08-25,99,200,1
79,2025-08-25,234,100,2
80,2025-08-25,152,0,0
81,2025-08-25,151,100,1
82,2025-08-25,149,50,1
83,2025-08-25,167,500,1
84,2025-08-25,166,100,0
85,2025-08-25,63,200,0
86,2025-08-25,217,0,0
87,2025-08-25,375,0,0
88,2025-08-25,158,500,0
89,2025-08-25,247,0,0
90,2025-08-25,309,0,0
91,2025-08-25,235,100,0
92,2025-08-25,247,0,1
93,2025-08-25,340,0,0
94,2025-08-25,263,200,1
95,2025-08-25,79,200,0
96,2025-08-25,155,150,1
97,2025-08-25,75,50,0
98,2025-08-25,207,0,0
99,2025-08-25,903,0,0
100,2025-08-25,94,100,0
101,2025-08-25,179,50,1
102,2025-08-25,267,0,1
103,2025-08-25,842,0,8
104,2025-08-25,421,0,2
105,2025-08-25,324,0,0
106,2025-08-25,1123,0,0
107,2025-08-25,134,0,0
108,2025-08-25,181,0,0
109,2025-08-25,46,500,0
110,2025-08-25,175,100,1
111,2025-08-25,586,0,0
112,2025-08-25,117,500,0
113,2025-08-25,88,0,0
114,2025-08-25,248,0,0
115,2025-08-25,55,100,0
116,2025-08-25,352,0,1
117,2025-08-25,435,0,1
118,2025-08-25,159,200,0
119,2025-08-25,220,100,2
120,2025-08-25,210,0,0
1,2025-08-26,26,300,1
2,2025-08-26,273,200,1
3,2025-08-26,73,250,1
4,2025-08-26,176,0,0
5,2025-08-26,62,0,0
6,2025-08-26,0,400,0
7,2025-08-26,922,0,0
8,2025-08-26,216,100,1
9,2025-08-26,215,0,0
10,2025-08-26,198,0,1
11,2025-08-26,333,0,0
12,2025-08-26,52,150,0
13,2025-08-26,240,500,0
14,2025-08-26,109,150,1
15,2025-08-26,81,0,0
16,2025-08-26,224,0,0
17,2025-08-26,204,100,0
18,2025-08-26,532,0,0
19,2025-08-26,385,0,0
20,2025-08-26,414,0,0
21,2025-08-26,322,0,0
22,2025-08-26,138,0,0
23,2025-08-26,55,250,1
24,2025-08-26,197,100,1
25,2025-08-26,195,100,1
26,2025-08-26,292,0,0
27,2025-08-26,235,500,2
28,2025-08-26,310,0,1
29,2025-08-26,158,0,0
30,2025-08-26,154,500,1
31,2025-08-26,96,0,0
32,2025-08-26,150,0,0
33,2025-08-26,188,100,0
34,2025-08-26,220,0,0
35,2025-08-26,112,0,0
36,2025-08-26,1,500,0
37,2025-08-26,144,0,0
38,2025-08-26,110,0,0
39,2025-08-26,103,100,0
40,2025-08-26,253,0,1
41,2025-08-26,170,100,0
42,2025-08-26,117,0,0
43,2025-08-26,52,100,0
44,2025-08-26,374,0,1
45,2025-08-26,291,0,1
46,2025-08-26,666,0,1
47,2025-08-26,550,0,0
48,2025-08-26,413,0,1
49,2025-08-26,85,0,1
50,2025-08-26,912,0,0
51,2025-08-26,148,200,0
52,2025-08-26,256,200,1
53,2025-08-26,92,50,1
54,2025-08-26,112,200,0
55,2025-08-26,200,100,1
56,2025-08-26,335,0,0
57,2025-08-26,93,200,2
58,2025-08-26,194,0,1
59,2025-08-26,180,0,0
60,2025-08-26,143,50,1
61,2025-08-26,208,50,0
62,2025-08-26,199,0,1
63,2025-08-26,135,50,0
64,2025-08-26,415,0,1
65,2025-08-26,184,100,1
66,2025-08-26,160,100,0
67,2025-08-26,455,0,0
68,2025-08-26,311,0,1
69,2025-08-26,562,0,1
70,2025-08-26,538,0,0
71,2025-08-26,59,150,0
72,2025-08-26,130,0,0
73,2025-08-26,222,0,0
74,2025-08-26,180,0,1
75,2025-08-26,355,0,1
76,2025-08-26,284,0,0
77,2025-08-26,450,0,0
78,2025-08-26,80,200,0
79,2025-08-26,217,100,1
80,2025-08-26,150,0,0
81,2025-08-26,141,100,0
82,2025-08-26,196,0,0
83,2025-08-26,154,500,1
84,2025-08-26,147,100,2
85,2025-08-26,59,200,0
86,2025-08-26,207,0,0
87,2025-08-26,368,0,0
88,2025-08-26,150,500,1
89,2025-08-26,246,0,0
90,2025-08-26,301,0,0
91,2025-08-26,218,100,1
92,2025-08-26,239,0,0
93,2025-08-26,325,0,1
94,2025-08-26,244,200,1
95,2025-08-26,67,200,0
96,2025-08-26,136,200,2
97,2025-08-26,119,50,0
98,2025-08-26,196,0,0
99,2025-08-26,901,0,0
100,2025-08-26,84,100,0
101,2025-08-26,175,50,0
102,2025-08-26,257,0,1
103,2025-08-26,840,0,0
104,2025-08-26,406,0,1
105,2025-08-26,320,0,0
106,2025-08-26,1115,0,0
107,2025-08-26,126,0,0
108,2025-08-26,177,0,0
109,2025-08-26,46,500,1
110,2025-08-26,172,100,0
111,2025-08-26,569,0,0
112,2025-08-26,108,500,1
113,2025-08-26,87,0,0
114,2025-08-26,239,0,0
115,2025-08-26,49,100,0
116,2025-08-26,345,0,0
117,2025-08-26,425,0,0
118,2025-08-26,343,0,2
119,2025-08-26,297,0,1
120,2025-08-26,208,0,0
1,2025-08-27,124,200,0
2,2025-08-27,256,200,1
3,2025-08-27,59,250,1
4,2025-08-27,176,0,2
5,2025-08-27,62,0,0
6,2025-08-27,0,400,0
7,2025-08-27,921,0,0
8,2025-08-27,196,100,2
9,2025-08-27,210,0,0
10,2025-08-27,186,0,1
11,2025-08-27,321,0,1
12,2025-08-27,47,150,0
13,2025-08-27,232,500,0
14,2025-08-27,104,150,0
15,2025-08-27,77,100,0
16,2025-08-27,218,0,0
17,2025-08-27,192,100,0
18,2025-08-27,520,0,0
19,2025-08-27,381,0,0
20,2025-08-27,398,0,2
21,2025-08-27,310,0,0
22,2025-08-27,133,0,0
23,2025-08-27,44,300,1
24,2025-08-27,187,100,0
25,2025-08-27,173,100,1
26,2025-08-27,288,0,0
27,2025-08-27,723,0,0
28,2025-08-27,303,0,0
29,2025-08-27,155,0,0
30,2025-08-27,147,500,1
31,2025-08-27,91,0,0
32,2025-08-27,148,0,0
33,2025-08-27,180,100,0
34,2025-08-27,211,0,1
35,2025-08-27,105,0,0
36,2025-08-27,0,500,0
37,2025-08-27,142,0,0
38,2025-08-27,106,0,0
39,2025-08-27,89,100,0
40,2025-08-27,243,0,1
41,2025-08-27,159,100,0
42,2025-08-27,113,50,0
43,2025-08-27,46,100,0
44,2025-08-27,373,0,0
45,2025-08-27,272,0,1
46,2025-08-27,642,0,2
47,2025-08-27,537,0,1
48,2025-08-27,396,0,1
49,2025-08-27,84,0,0
50,2025-08-27,905,0,0
51,2025-08-27,129,200,2
52,2025-08-27,247,200,1
53,2025-08-27,88,50,0
54,2025-08-27,112,200,2
55,2025-08-27,248,50,0
56,2025-08-27,326,0,1
57,2025-08-27,72,200,2
58,2025-08-27,181,0,1
59,2025-08-27,177,0,0
60,2025-08-27,137,50,0
61,2025-08-27,244,0,1
62,2025-08-27,195,0,0
63,2025-08-27,127,50,0
64,2025-08-27,405,0,0
65,2025-08-27,169,100,1
66,2025-08-27,149,100,0
67,2025-08-27,449,0,0
68,2025-08-27,294,0,1
69,2025-08-27,560,0,0
70,2025-08-27,535,0,0
71,2025-08-27,48,150,1
72,2025-08-27,124,0,0
73,2025-08-27,221,0,0
74,2025-08-27,171,0,0
75,2025-08-27,339,0,2
76,2025-08-27,278,0,0
77,2025-08-27,449,0,0
78,2025-08-27,66,400,0
79,2025-08-27,202,100,1
80,2025-08-27,147,0,0
81,2025-08-27,133,150,1
82,2025-08-27,182,0,1
83,2025-08-27,147,500,0
84,2025-08-27,141,100,0
85,2025-08-27,57,200,0
86,2025-08-27,198,0,0
87,2025-08-27,364,0,0
88,2025-08-27,643,0,0
89,2025-08-27,244,0,0
90,2025-08-27,289,0,1
91,2025-08-27,207,100,0
92,2025-08-27,239,0,4
93,2025-08-27,308,0,1
94,2025-08-27,435,0,0
95,2025-08-27,146,100,2
96,2025-08-27,126,200,0
97,2025-08-27,114,50,0
98,2025-08-27,188,0,1
99,2025-08-27,901,0,19
100,2025-08-27,75,100,0
101,2025-08-27,163,100,1
102,2025-08-27,245,0,1
103,2025-08-27,837,0,0
104,2025-08-27,394,0,1
105,2025-08-27,319,0,0
106,2025-08-27,1111,0,0
107,2025-08-27,121,0,0
108,2025-08-27,172,0,0
109,2025-08-27,40,500,0
110,2025-08-27,161,100,1
111,2025-08-27,557,0,1
112,2025-08-27,103,500,0
113,2025-08-27,85,0,0
114,2025-08-27,230,200,1
115,2025-08-27,42,100,0
116,2025-08-27,338,0,1
117,2025-08-27,414,0,1
118,2025-08-27,331,0,1
119,2025-08-27,273,0,3
120,2025-08-27,201,0,0
1,2025-08-28,214,100,0
2,2025-08-28,237,200,1
3,2025-08-28,35,250,2
4,2025-08-28,171,0,0
5,2025-08-28,57,50,0
6,2025-08-28,0,400,0
7,2025-08-28,920,0,0
8,2025-08-28,179,100,1
9,2025-08-28,206,0,0
10,2025-08-28,182,100,0
11,2025-08-28,303,0,2
12,2025-08-28,41,200,0
13,2025-08-28,214,500,1
14,2025-08-28,96,150,0
15,2025-08-28,73,100,0
16,2025-08-28,213,0,0
17,2025-08-28,185,100,0
18,2025-08-28,502,0,1
19,2025-08-28,378,0,0
20,2025-08-28,384,0,1
21,2025-08-28,303,0,0
22,2025-08-28,131,0,0
23,2025-08-28,75,250,2
24,2025-08-28,174,100,0
25,2025-08-28,161,200,1
26,2025-08-28,284,0,0
27,2025-08-28,714,0,0
28,2025-08-28,290,0,1
29,2025-08-28,151,0,0
30,2025-08-28,133,500,2
31,2025-08-28,87,0,0
32,2025-08-28,145,0,0
33,2025-08-28,166,100,1
34,2025-08-28,198,0,1
35,2025-08-28,103,0,0
36,2025-08-28,0,500,0
37,2025-08-28,137,0,0
38,2025-08-28,100,0,0
39,2025-08-28,81,100,0
40,2025-08-28,230,0,1
41,2025-08-28,151,100,0
42,2025-08-28,107,50,0
43,2025-08-28,42,100,0
44,2025-08-28,366,0,0
45,2025-08-28,250,200,2
46,2025-08-28,637,0,0
47,2025-08-28,529,0,0
48,2025-08-28,389,0,1
49,2025-08-28,82,0,0
50,2025-08-28,901,0,0
51,2025-08-28,121,200,1
52,2025-08-28,231,200,1
53,2025-08-28,87,50,0
54,2025-08-28,101,200,0
55,2025-08-28,234,50,1
56,2025-08-28,322,0,0
57,2025-08-28,68,200,0
58,2025-08-28,169,0,1
59,2025-08-28,175,0,0
60,2025-08-28,123,100,0
61,2025-08-28,239,0,0
62,2025-08-28,191,0,0
63,2025-08-28,122,50,0
64,2025-08-28,391,0,1
65,2025-08-28,154,100,1
66,2025-08-28,140,100,0
67,2025-08-28,443,0,0
68,2025-08-28,286,0,1
69,2025-08-28,555,0,0
70,2025-08-28,533,0,0
71,2025-08-28,40,150,1
72,2025-08-28,124,0,3
73,2025-08-28,218,0,0
74,2025-08-28,164,0,0
75,2025-08-28,327,0,0
76,2025-08-28,261,0,1
77,2025-08-28,447,0,0
78,2025-08-28,253,200,1
79,2025-08-28,186,100,1
80,2025-08-28,146,0,0
81,2025-08-28,170,100,1
82,2025-08-28,173,0,1
83,2025-08-28,643,0,0
84,2025-08-28,129,100,1
85,2025-08-28,54,200,0
86,2025-08-28,188,0,1
87,2025-08-28,354,0,1
88,2025-08-28,636,0,0
89,2025-08-28,240,0,0
90,2025-08-28,278,0,0
91,2025-08-28,183,100,2
92,2025-08-28,229,100,0
93,2025-08-28,297,0,0
94,2025-08-28,415,0,2
95,2025-08-28,146,100,3
96,2025-08-28,113,200,1
97,2025-08-28,110,50,0
98,2025-08-28,178,0,1
99,2025-08-28,898,0,0
100,2025-08-28,71,100,0
101,2025-08-28,149,100,1
102,2025-08-28,238,0,0
103,2025-08-28,834,0,0
104,2025-08-28,384,0,1
105,2025-08-28,313,0,0
106,2025-08-28,1109,0,0
107,2025-08-28,120,0,0
108,2025-08-28,167,0,0
109,2025-08-28,31,500,0
110,2025-08-28,154,100,0
111,2025-08-28,535,0,0
112,2025-08-28,96,500,0
113,2025-08-28,82,0,0
114,2025-08-28,216,200,0
115,2025-08-28,36,100,0
116,2025-08-28,330,0,0
117,2025-08-28,403,0,1
118,2025-08-28,319,0,1
119,2025-08-28,262,0,1
120,2025-08-28,195,0,0
1,2025-08-29,197,100,1
2,2025-08-29,237,200,4
3,2025-08-29,134,150,0
4,2025-08-29,168,0,0
5,2025-08-29,55,50,0
6,2025-08-29,194,200,0
7,2025-08-29,919,0,0
8,2025-08-29,178,100,0
9,2025-08-29,202,0,0
10,2025-08-29,169,100,1
11,2025-08-29,295,0,1
12,2025-08-29,31,200,1
13,2025-08-29,202,500,1
14,2025-08-29,79,200,1
15,2025-08-29,67,100,0
16,2025-08-29,212,0,0
17,2025-08-29,276,0,0
18,2025-08-29,493,0,1
19,2025-08-29,375,0,0
20,2025-08-29,365,0,2
21,2025-08-29,291,0,1
22,2025-08-29,127,0,0
23,2025-08-29,69,250,0
24,2025-08-29,157,100,1
25,2025-08-29,146,200,0
26,2025-08-29,275,0,0
27,2025-08-29,705,0,0
28,2025-08-29,273,0,1
29,2025-08-29,149,0,0
30,2025-08-29,122,500,0
31,2025-08-29,85,0,0
32,2025-08-29,142,0,0
33,2025-08-29,260,0,0
34,2025-08-29,192,0,0
35,2025-08-29,99,0,0
36,2025-08-29,0,500,0
37,2025-08-29,135,0,0
38,2025-08-29,97,0,0
39,2025-08-29,73,100,0
40,2025-08-29,221,0,0
41,2025-08-29,142,100,1
42,2025-08-29,102,50,0
43,2025-08-29,38,100,0
44,2025-08-29,361,0,0
45,2025-08-29,229,200,1
46,2025-08-29,625,0,1
47,2025-08-29,523,0,0
48,2025-08-29,376,0,1
49,2025-08-29,80,0,0
50,2025-08-29,899,0,0
51,2025-08-29,114,200,0
52,2025-08-29,219,200,0
53,2025-08-29,84,50,0
54,2025-08-29,92,200,0
55,2025-08-29,219,50,0
56,2025-08-29,317,0,0
57,2025-08-29,111,200,0
58,2025-08-29,160,50,0
59,2025-08-29,172,0,0
60,2025-08-29,104,100,0
61,2025-08-29,226,0,1
62,2025-08-29,188,0,0
63,2025-08-29,119,50,0
64,2025-08-29,375,0,1
65,2025-08-29,144,100,1
66,2025-08-29,131,100,0
67,2025-08-29,435,0,0
68,2025-08-29,273,0,1
69,2025-08-29,537,0,0
70,2025-08-29,528,0,0
71,2025-08-29,35,150,0
72,2025-08-29,120,0,0
73,2025-08-29,218,0,3
74,2025-08-29,156,500,0
75,2025-08-29,316,0,1
76,2025-08-29,250,0,0
77,2025-08-29,446,0,0
78,2025-08-29,244,200,1
79,2025-08-29,280,100,0
80,2025-08-29,144,0,0
81,2025-08-29,208,50,0
82,2025-08-29,168,0,0
83,2025-08-29,631,0,1
84,2025-08-29,123,100,0
85,2025-08-29,51,200,0
86,2025-08-29,176,200,1
87,2025-08-29,349,0,0
88,2025-08-29,628,0,0
89,2025-08-29,236,0,0
90,2025-08-29,268,0,1
91,2025-08-29,169,200,1
92,2025-08-29,217,100,1
93,2025-08-29,289,0,0
94,2025-08-29,403,0,1
95,2025-08-29,136,100,0
96,2025-08-29,96,250,1
97,2025-08-29,106,50,0
98,2025-08-29,168,0,0
99,2025-08-29,896,0,0
100,2025-08-29,62,200,1
101,2025-08-29,138,100,1
102,2025-08-29,232,0,0
103,2025-08-29,832,0,0
104,2025-08-29,381,0,0
105,2025-08-29,310,0,0
106,2025-08-29,1105,0,0
107,2025-08-29,120,0,2
108,2025-08-29,161,0,0
109,2025-08-29,24,500,0
110,2025-08-29,154,100,3
111,2025-08-29,533,0,0
112,2025-08-29,74,500,2
113,2025-08-29,80,0,0
114,2025-08-29,202,200,1
115,2025-08-29,30,100,0
116,2025-08-29,321,0,0
117,2025-08-29,393,0,1
118,2025-08-29,302,0,2
119,2025-08-29,244,0,2
120,2025-08-29,191,0,0
1,2025-08-30,189,100,0
2,2025-08-30,222,200,1
3,2025-08-30,122,150,1
4,2025-08-30,166,0,0
5,2025-08-30,53,50,0
6,2025-08-30,178,200,1
7,2025-08-30,917,0,0
8,2025-08-30,259,100,2
9,2025-08-30,200,0,0
10,2025-08-30,162,100,0
11,2025-08-30,276,0,0
12,2025-08-30,23,200,1
13,2025-08-30,192,500,0
14,2025-08-30,113,150,1
15,2025-08-30,63,100,0
16,2025-08-30,207,0,0
17,2025-08-30,265,0,0
18,2025-08-30,479,0,0
19,2025-08-30,371,0,0
20,2025-08-30,346,0,1
21,2025-08-30,280,0,1
22,2025-08-30,125,0,0
23,2025-08-30,50,250,2
24,2025-08-30,145,200,1
25,2025-08-30,134,200,1
26,2025-08-30,267,0,0
27,2025-08-30,679,0,3
28,2025-08-30,269,0,0
29,2025-08-30,147,0,0
30,2025-08-30,111,500,0
31,2025-08-30,81,0,0
32,2025-08-30,139,0,0
33,2025-08-30,251,0,0
34,2025-08-30,183,0,1
35,2025-08-30,96,0,0
36,2025-08-30,0,500,0
37,2025-08-30,133,0,0
38,2025-08-30,90,0,0
39,2025-08-30,56,100,2
40,2025-08-30,213,0,0
41,2025-08-30,234,0,1
42,2025-08-30,95,50,0
43,2025-08-30,32,100,0
44,2025-08-30,357,0,0
45,2025-08-30,225,200,0
46,2025-08-30,616,0,0
47,2025-08-30,512,0,1
48,2025-08-30,366,0,0
49,2025-08-30,75,0,0
50,2025-08-30,891,0,0
51,2025-08-30,104,200,0
52,2025-08-30,195,200,1
53,2025-08-30,80,50,0
54,2025-08-30,83,200,0
55,2025-08-30,202,50,2
56,2025-08-30,306,0,1
57,2025-08-30,133,150,1
58,2025-08-30,138,50,2
59,2025-08-30,168,0,0
60,2025-08-30,100,100,0
61,2025-08-30,214,50,1
62,2025-08-30,169,0,2
63,2025-08-30,113,50,0
64,2025-08-30,338,0,3
65,2025-08-30,132,200,1
66,2025-08-30,121,100,1
67,2025-08-30,432,0,0
68,2025-08-30,258,0,0
69,2025-08-30,528,0,0
70,2025-08-30,524,0,0
71,2025-08-30,27,150,1
72,2025-08-30,114,0,0
73,2025-08-30,216,0,0
74,2025-08-30,153,500,0
75,2025-08-30,310,0,0
76,2025-08-30,244,500,0
77,2025-08-30,443,0,0
78,2025-08-30,227,200,2
79,2025-08-30,265,100,1
80,2025-08-30,142,0,0
81,2025-08-30,201,50,0
82,2025-08-30,161,0,0
83,2025-08-30,617,0,0
84,2025-08-30,201,0,1
85,2025-08-30,47,200,0
86,2025-08-30,172,200,0
87,2025-08-30,344,0,0
88,2025-08-30,619,0,0
89,2025-08-30,233,0,0
90,2025-08-30,253,0,1
91,2025-08-30,165,200,0
92,2025-08-30,212,100,0
93,2025-08-30,283,200,0
94,2025-08-30,392,0,1
95,2025-08-30,133,100,0
96,2025-08-30,184,150,1
97,2025-08-30,102,50,0
98,2025-08-30,163,0,0
99,2025-08-30,892,0,0
100,2025-08-30,54,200,0
101,2025-08-30,173,100,1
102,2025-08-30,214,0,1
103,2025-08-30,831,0,0
104,2025-08-30,370,0,1
105,2025-08-30,308,0,0
106,2025-08-30,1102,0,0
107,2025-08-30,114,0,0
108,2025-08-30,149,0,0
109,2025-08-30,11,500,1
110,2025-08-30,143,100,1
111,2025-08-30,515,0,2
112,2025-08-30,56,500,2
113,2025-08-30,77,0,0
114,2025-08-30,187,200,1
115,2025-08-30,26,100,0
116,2025-08-30,314,0,0
117,2025-08-30,393,0,8
118,2025-08-30,288,0,0
119,2025-08-30,234,100,1
120,2025-08-30,187,0,0
1,2025-08-31,179,100,0
2,2025-08-31,216,200,0
3,2025-08-31,107,200,0
4,2025-08-31,166,0,2
5,2025-08-31,51,50,0
6,2025-08-31,177,200,0
7,2025-08-31,913,0,0
8,2025-08-31,348,0,1
9,2025-08-31,197,0,0
10,2025-08-31,157,100,0
11,2025-08-31,259,0,1
12,2025-08-31,8,200,1
13,2025-08-31,677,0,1
14,2025-08-31,102,200,0
15,2025-08-31,56,100,0
16,2025-08-31,199,0,0
17,2025-08-31,255,0,0
18,2025-08-31,471,0,0
19,2025-08-31,365,0,0
20,2025-08-31,333,0,1
21,2025-08-31,272,0,0
22,2025-08-31,121,0,0
23,2025-08-31,134,150,1
24,2025-08-31,130,200,1
25,2025-08-31,115,200,2
26,2025-08-31,262,0,0
27,2025-08-31,664,0,1
28,2025-08-31,257,0,0
29,2025-08-31,146,0,0
30,2025-08-31,97,500,1
31,2025-08-31,76,0,0
32,2025-08-31,134,0,0
33,2025-08-31,246,0,0
34,2025-08-31,177,0,0
35,2025-08-31,92,0,0
36,2025-08-31,0,500,0
37,2025-08-31,127,0,0
38,2025-08-31,89,0,0
39,2025-08-31,51,150,0
40,2025-08-31,204,0,0
41,2025-08-31,221,0,1
42,2025-08-31,84,50,1
43,2025-08-31,26,100,0
44,2025-08-31,357,0,9
45,2025-08-31,210,200,1
46,2025-08-31,600,0,1
47,2025-08-31,501,0,1
48,2025-08-31,355,0,0
49,2025-08-31,72,0,0
50,2025-08-31,889,0,0
51,2025-08-31,95,200,0
52,2025-08-31,181,200,1
53,2025-08-31,120,0,1
54,2025-08-31,75,200,0
55,2025-08-31,180,100,3
56,2025-08-31,297,0,0
57,2025-08-31,132,150,0
58,2025-08-31,129,50,0
59,2025-08-31,162,0,0
60,2025-08-31,82,100,1
61,2025-08-31,198,100,0
62,2025-08-31,162,0,0
63,2025-08-31,151,0,1
64,2025-08-31,324,0,1
65,2025-08-31,126,200,0
66,2025-08-31,109,100,1
67,2025-08-31,428,0,0
68,2025-08-31,250,200,0
69,2025-08-31,513,0,1
70,2025-08-31,519,0,0
71,2025-08-31,20,200,0
72,2025-08-31,108,0,0
73,2025-08-31,214,0,0
74,2025-08-31,143,500,0
75,2025-08-31,294,0,1
76,2025-08-31,731,0,1
77,2025-08-31,441,0,0
78,2025-08-31,220,200,0
79,2025-08-31,242,100,2
80,2025-08-31,139,0,0
81,2025-08-31,191,50,1
82,2025-08-31,153,0,0
83,2025-08-31,607,0,1
84,2025-08-31,195,0,0
85,2025-08-31,45,200,0
86,2025-08-31,159,200,1
87,2025-08-31,342,0,0
88,2025-08-31,605,0,1
89,2025-08-31,228,0,0
90,2025-08-31,245,0,1
91,2025-08-31,254,100,0
92,2025-08-31,299,0,1
93,2025-08-31,270,200,1
94,2025-08-31,373,0,1
95,2025-08-31,128,100,0
96,2025-08-31,174,150,0
97,2025-08-31,95,50,0
98,2025-08-31,156,100,0
99,2025-08-31,885,0,0
100,2025-08-31,141,100,0
101,2025-08-31,158,100,1
102,2025-08-31,203,0,1
103,2025-08-31,828,0,0
104,2025-08-31,359,0,0
105,2025-08-31,306,0,0
106,2025-08-31,1098,0,0
107,2025-08-31,111,0,0
108,2025-08-31,135,200,0
109,2025-08-31,1,500,0
110,2025-08-31,126,100,1
111,2025-08-31,492,0,2
112,2025-08-31,45,500,1
113,2025-08-31,74,0,0
114,2025-08-31,177,200,1
115,2025-08-31,20,100,0
116,2025-08-31,309,0,0
117,2025-08-31,370,0,1
118,2025-08-31,275,0,0
119,2025-08-31,216,100,2
120,2025-08-31,182,0,0
1,2025-09-01,161,200,2
2,2025-09-01,204,200,1
3,2025-09-01,97,200,1
4,2025-09-01,163,0,0
5,2025-09-01,50,50,0
6,2025-09-01,159,200,1
7,2025-09-01,910,0,0
8,2025-09-01,316,0,3
9,2025-09-01,194,0,0
10,2025-09-01,149,100,1
11,2025-09-01,250,0,0
12,2025-09-01,0,200,0
13,2025-09-01,657,0,1
14,2025-09-01,92,200,0
15,2025-09-01,51,100,0
16,2025-09-01,191,0,0
17,2025-09-01,248,0,0
18,2025-09-01,465,0,0
19,2025-09-01,360,0,0
20,2025-09-01,320,0,1
21,2025-09-01,260,100,1
22,2025-09-01,118,0,0
23,2025-09-01,121,150,1
24,2025-09-01,220,100,0
25,2025-09-01,95,200,2
26,2025-09-01,255,0,0
27,2025-09-01,652,0,1
28,2025-09-01,247,0,0
29,2025-09-01,144,0,0
30,2025-09-01,87,500,1
31,2025-09-01,75,100,0
32,2025-09-01,134,0,3
33,2025-09-01,241,0,0
34,2025-09-01,170,0,0
35,2025-09-01,87,0,0
36,2025-09-01,0,500,0
37,2025-09-01,125,0,0
38,2025-09-01,83,100,0
39,2025-09-01,46,150,0
40,2025-09-01,194,100,0
41,2025-09-01,213,0,0
42,2025-09-01,78,50,0
43,2025-09-01,19,100,0
44,2025-09-01,351,0,0
45,2025-09-01,403,0,0
46,2025-09-01,583,0,2
47,2025-09-01,497,0,0
48,2025-09-01,346,0,0
49,2025-09-01,69,0,0
50,2025-09-01,887,0,0
51,2025-09-01,78,200,1
52,2025-09-01,169,200,0
53,2025-09-01,111,0,0
54,2025-09-01,67,200,0
55,2025-09-01,157,100,2
56,2025-09-01,288,0,1
57,2025-09-01,122,150,1
58,2025-09-01,126,50,0
59,2025-09-01,159,0,0
60,2025-09-01,76,150,0
61,2025-09-01,177,100,1
62,2025-09-01,156,0,0
63,2025-09-01,145,0,0
64,2025-09-01,320,0,0
65,2025-09-01,213,100,1
66,2025-09-01,106,100,0
67,2025-09-01,419,0,0
68,2025-09-01,235,200,1
69,2025-09-01,507,0,0
70,2025-09-01,514,0,0
71,2025-09-01,13,200,0
72,2025-09-01,107,0,0
73,2025-09-01,210,0,0
74,2025-09-01,638,0,0
75,2025-09-01,278,0,0
76,2025-09-01,717,0,1
77,2025-09-01,439,0,0
78,2025-09-01,205,200,0
79,2025-09-01,334,0,1
80,2025-09-01,134,0,0
81,2025-09-01,174,50,2
82,2025-09-01,144,50,0
83,2025-09-01,601,0,0
84,2025-09-01,189,0,0
85,2025-09-01,41,200,0
86,2025-09-01,159,200,4
87,2025-09-01,336,0,0
88,2025-09-01,603,0,0
89,2025-09-01,226,0,0
90,2025-09-01,240,0,0
91,2025-09-01,240,100,1
92,2025-09-01,282,0,1
93,2025-09-01,254,200,2
94,2025-09-01,357,0,1
95,2025-09-01,120,100,0
96,2025-09-01,205,100,1
97,2025-09-01,88,50,0
98,2025-09-01,156,100,4
99,2025-09-01,881,0,0
100,2025-09-01,131,100,0
101,2025-09-01,149,100,0
102,2025-09-01,203,100,4
103,2025-09-01,825,0,0
104,2025-09-01,345,0,1
105,2025-09-01,303,0,0
106,2025-09-01,1094,0,0
107,2025-09-01,104,50,0
108,2025-09-01,118,200,0
109,2025-09-01,0,500,0
110,2025-09-01,115,100,1
111,2025-09-01,482,0,0
112,2025-09-01,36,500,1
113,2025-09-01,72,0,0
114,2025-09-01,161,200,2
115,2025-09-01,13,100,1
116,2025-09-01,292,0,0
117,2025-09-01,369,0,0
118,2025-09-01,273,0,0
119,2025-09-01,196,100,2
120,2025-09-01,172,0,1
1,2025-09-02,147,200,1
2,2025-09-02,199,200,0
3,2025-09-02,84,200,0
4,2025-09-02,159,0,0
5,2025-09-02,48,50,0
6,2025-09-02,146,200,0
7,2025-09-02,909,0,0
8,2025-09-02,301,0,1
9,2025-09-02,189,0,0
10,2025-09-02,142,100,0
11,2025-09-02,237,0,1
12,2025-09-02,41,150,0
13,2025-09-02,642,0,1
14,2025-09-02,84,200,0
15,2025-09-02,48,100,0
16,2025-09-02,185,0,0
17,2025-09-02,235,0,1
18,2025-09-02,460,0,0
19,2025-09-02,356,0,0
20,2025-09-02,304,0,1
21,2025-09-02,248,100,1
22,2025-09-02,115,0,0
23,2025-09-02,111,200,1
24,2025-09-02,210,100,0
25,2025-09-02,81,200,0
26,2025-09-02,254,0,0
27,2025-09-02,641,0,1
28,2025-09-02,234,0,1
29,2025-09-02,141,0,0
30,2025-09-02,80,500,0
31,2025-09-02,72,100,0
32,2025-09-02,131,0,0
33,2025-09-02,230,0,0
34,2025-09-02,164,0,0
35,2025-09-02,83,0,0
36,2025-09-02,0,500,0
37,2025-09-02,124,0,0
38,2025-09-02,77,100,0
39,2025-09-02,88,100,1
40,2025-09-02,186,100,0
41,2025-09-02,202,0,0
42,2025-09-02,73,100,0
43,2025-09-02,14,200,0
44,2025-09-02,346,0,0
45,2025-09-02,390,0,1
46,2025-09-02,571,0,0
47,2025-09-02,484,0,1
48,2025-09-02,343,0,0
49,2025-09-02,67,0,0
50,2025-09-02,881,0,0
51,2025-09-02,66,200,1
52,2025-09-02,363,0,0
53,2025-09-02,105,0,0
54,2025-09-02,60,200,0
55,2025-09-02,151,100,0
56,2025-09-02,279,0,0
57,2025-09-02,103,150,1
58,2025-09-02,114,100,0
59,2025-09-02,157,0,0
60,2025-09-02,118,100,0
61,2025-09-02,167,100,1
62,2025-09-02,150,200,0
63,2025-09-02,137,50,0
64,2025-09-02,302,0,1
65,2025-09-02,205,100,1
66,2025-09-02,147,100,0
67,2025-09-02,411,0,0
68,2025-09-02,217,200,2
69,2025-09-02,498,0,1
70,2025-09-02,511,0,0
71,2025-09-02,3,200,0
72,2025-09-02,102,200,0
73,2025-09-02,209,0,0
74,2025-09-02,635,0,0
75,2025-09-02,269,0,0
76,2025-09-02,705,0,1
77,2025-09-02,439,0,12
78,2025-09-02,191,200,0
79,2025-09-02,327,0,0
80,2025-09-02,133,0,0
81,2025-09-02,160,50,0
82,2025-09-02,138,50,0
83,2025-09-02,591,0,0
84,2025-09-02,181,100,0
85,2025-09-02,36,200,0
86,2025-09-02,151,200,0
87,2025-09-02,332,0,0
88,2025-09-02,593,0,0
89,2025-09-02,223,0,0
90,2025-09-02,227,0,1
91,2025-09-02,225,100,2
92,2025-09-02,270,0,0
93,2025-09-02,238,200,2
94,2025-09-02,339,0,1
95,2025-09-02,112,100,0
96,2025-09-02,191,150,1
97,2025-09-02,82,50,0
98,2025-09-02,250,0,0
99,2025-09-02,879,0,0
100,2025-09-02,123,100,0
101,2025-09-02,139,100,1
102,2025-09-02,192,100,1
103,2025-09-02,823,0,0
104,2025-09-02,341,0,0
105,2025-09-02,296,0,0
106,2025-09-02,1093,0,0
107,2025-09-02,97,50,0
108,2025-09-02,112,200,0
109,2025-09-02,0,500,0
110,2025-09-02,169,100,1
111,2025-09-02,471,0,0
112,2025-09-02,29,500,0
113,2025-09-02,69,0,0
114,2025-09-02,145,200,2
115,2025-09-02,8,100,0
116,2025-09-02,282,0,0
117,2025-09-02,356,0,1
118,2025-09-02,263,0,1
119,2025-09-02,184,100,1
120,2025-09-02,172,0,1
1,2025-09-03,245,100,0
2,2025-09-03,384,0,0
3,2025-09-03,71,200,0
4,2025-09-03,157,0,0
5,2025-09-03,47,50,0
6,2025-09-03,124,200,2
7,2025-09-03,906,0,0
8,2025-09-03,287,0,1
9,2025-09-03,188,0,0
10,2025-09-03,130,100,1
11,2025-09-03,221,0,1
12,2025-09-03,38,150,0
13,2025-09-03,629,0,1
14,2025-09-03,69,200,1
15,2025-09-03,143,0,0
16,2025-09-03,177,0,0
17,2025-09-03,225,0,0
18,2025-09-03,444,0,1
19,2025-09-03,352,0,0
20,2025-09-03,288,0,1
21,2025-09-03,235,100,0
22,2025-09-03,114,0,0
23,2025-09-03,105,200,0
24,2025-09-03,203,100,0
25,2025-09-03,70,200,1
26,2025-09-03,246,0,0
27,2025-09-03,627,0,1
28,2025-09-03,223,200,1
29,2025-09-03,137,0,0
30,2025-09-03,71,500,0
31,2025-09-03,68,100,0
32,2025-09-03,128,0,0
33,2025-09-03,225,0,0
34,2025-09-03,158,500,0
35,2025-09-03,81,0,0
36,2025-09-03,0,500,0
37,2025-09-03,122,0,0
38,2025-09-03,175,0,0
39,2025-09-03,124,100,1
40,2025-09-03,178,100,1
41,2025-09-03,198,0,0
42,2025-09-03,71,100,0
43,2025-09-03,11,200,0
44,2025-09-03,340,0,0
45,2025-09-03,372,0,1
46,2025-09-03,565,0,0
47,2025-09-03,464,0,0
48,2025-09-03,333,0,0
49,2025-09-03,64,0,0
50,2025-09-03,878,0,0
51,2025-09-03,61,200,0
52,2025-09-03,351,0,1
53,2025-09-03,100,0,0
54,2025-09-03,52,200,0
55,2025-09-03,183,100,2
56,2025-09-03,278,0,0
57,2025-09-03,137,150,1
58,2025-09-03,104,100,1
59,2025-09-03,154,0,0
60,2025-09-03,165,50,0
61,2025-09-03,211,50,0
62,2025-09-03,141,200,0
63,2025-09-03,184,0,0
64,2025-09-03,302,200,8
65,2025-09-03,192,100,0
66,2025-09-03,135,100,1
67,2025-09-03,407,0,0
68,2025-09-03,209,200,0
69,2025-09-03,486,0,1
70,2025-09-03,507,0,0
71,2025-09-03,0,200,0
72,2025-09-03,100,200,0
73,2025-09-03,205,0,0
74,2025-09-03,634,0,0
75,2025-09-03,254,500,2
76,2025-09-03,687,0,1
77,2025-09-03,437,0,0
78,2025-09-03,383,0,0
79,2025-09-03,325,0,0
80,2025-09-03,131,0,0
81,2025-09-03,155,100,0
82,2025-09-03,130,50,1
83,2025-09-03,591,0,13
84,2025-09-03,178,100,0
85,2025-09-03,233,0,0
86,2025-09-03,141,200,1
87,2025-09-03,327,0,0
88,2025-09-03,582,0,0
89,2025-09-03,220,0,0
90,2025-09-03,212,0,1
91,2025-09-03,221,100,0
92,2025-09-03,262,0,0
93,2025-09-03,219,200,2
94,2025-09-03,327,0,1
95,2025-09-03,102,100,0
96,2025-09-03,232,100,0
97,2025-09-03,78,50,0
98,2025-09-03,241,0,0
99,2025-09-03,879,0,24
100,2025-09-03,120,100,0
101,2025-09-03,129,100,1
102,2025-09-03,179,100,1
103,2025-09-03,820,0,0
104,2025-09-03,330,0,1
105,2025-09-03,292,0,0
106,2025-09-03,1093,0,21
107,2025-09-03,93,50,0
108,2025-09-03,103,200,0
109,2025-09-03,0,500,0
110,2025-09-03,157,100,1
111,2025-09-03,449,0,3
112,2025-09-03,17,500,0
113,2025-09-03,69,0,1
114,2025-09-03,132,200,1
115,2025-09-03,4,200,0
116,2025-09-03,275,0,0
117,2025-09-03,346,0,1
118,2025-09-03,252,0,1
119,2025-09-03,175,200,1
120,2025-09-03,171,0,0
1,2025-09-04,231,100,1
2,2025-09-04,377,0,0
3,2025-09-04,58,250,1
4,2025-09-04,154,0,0
5,2025-09-04,44,50,0
6,2025-09-04,114,200,1
7,2025-09-04,904,0,0
8,2025-09-04,278,0,0
9,2025-09-04,185,0,0
10,2025-09-04,119,100,1
11,2025-09-04,209,0,1
12,2025-09-04,24,200,0
13,2025-09-04,617,0,1
14,2025-09-04,64,200,0
15,2025-09-04,139,0,0
16,2025-09-04,171,0,0
17,2025-09-04,215,0,1
18,2025-09-04,441,0,0
19,2025-09-04,349,0,0
20,2025-09-04,283,200,0
21,2025-09-04,220,100,1
22,2025-09-04,111,0,0
23,2025-09-04,94,200,1
24,2025-09-04,199,100,0
25,2025-09-04,52,300,2
26,2025-09-04,242,0,0
27,2025-09-04,614,0,1
28,2025-09-04,217,200,0
29,2025-09-04,137,0,1
30,2025-09-04,64,500,0
31,2025-09-04,65,100,0
32,2025-09-04,125,0,0
33,2025-09-04,218,0,1
34,2025-09-04,153,500,0
35,2025-09-04,80,0,0
36,2025-09-04,494,0,0
37,2025-09-04,120,0,0
38,2025-09-04,169,0,0
39,2025-09-04,116,100,0
40,2025-09-04,167,100,0
41,2025-09-04,190,0,0
42,2025-09-04,115,50,0
43,2025-09-04,7,200,0
44,2025-09-04,338,0,0
45,2025-09-04,359,0,0
46,2025-09-04,547,0,1
47,2025-09-04,460,0,0
48,2025-09-04,324,0,0
49,2025-09-04,60,0,0
50,2025-09-04,874,0,0
51,2025-09-04,244,0,1
52,2025-09-04,342,0,1
53,2025-09-04,97,0,0
54,2025-09-04,42,200,0
55,2025-09-04,168,150,1
56,2025-09-04,272,0,0
57,2025-09-04,132,150,0
58,2025-09-04,93,100,0
59,2025-09-04,148,0,0
60,2025-09-04,162,50,0
61,2025-09-04,247,0,0
62,2025-09-04,135,200,0
63,2025-09-04,179,0,0
64,2025-09-04,287,200,0
65,2025-09-04,188,100,0
66,2025-09-04,176,50,1
67,2025-09-04,402,0,0
68,2025-09-04,196,200,1
69,2025-09-04,464,0,2
70,2025-09-04,505,0,0
71,2025-09-04,43,150,0
72,2025-09-04,96,200,0
73,2025-09-04,202,0,0
74,2025-09-04,626,0,1
75,2025-09-04,239,500,1
76,2025-09-04,679,0,1
77,2025-09-04,435,0,0
78,2025-09-04,383,0,5
79,2025-09-04,308,100,1
80,2025-09-04,130,0,0
81,2025-09-04,145,100,0
82,2025-09-04,122,50,0
83,2025-09-04,588,0,0
84,2025-09-04,265,0,0
85,2025-09-04,231,0,0
86,2025-09-04,130,200,0
87,2025-09-04,324,0,0
88,2025-09-04,579,0,0
89,2025-09-04,216,0,0
90,2025-09-04,200,200,1
91,2025-09-04,203,100,1
92,2025-09-04,258,0,0
93,2025-09-04,417,0,0
94,2025-09-04,315,0,1
95,2025-09-04,92,100,1
96,2025-09-04,216,100,0
97,2025-09-04,70,50,0
98,2025-09-04,235,0,0
99,2025-09-04,878,0,0
100,2025-09-04,108,100,1
101,2025-09-04,118,100,0
102,2025-09-04,168,100,1
103,2025-09-04,816,0,0
104,2025-09-04,310,0,2
105,2025-09-04,288,0,0
106,2025-09-04,1088,0,0
107,2025-09-04,87,50,0
108,2025-09-04,298,0,0
109,2025-09-04,0,500,0
110,2025-09-04,145,100,0
111,2025-09-04,440,0,0
112,2025-09-04,2,500,0
113,2025-09-04,67,0,0
114,2025-09-04,119,200,1
115,2025-09-04,0,200,0
116,2025-09-04,266,0,1
117,2025-09-04,334,0,0
118,2025-09-04,242,0,1
119,2025-09-04,163,200,1
120,2025-09-04,165,0,0
1,2025-09-05,218,100,1
2,2025-09-05,369,0,1
3,2025-09-05,45,250,0
4,2025-09-05,151,0,0
5,2025-09-05,37,50,0
6,2025-09-05,102,400,0
7,2025-09-05,902,0,0
8,2025-09-05,264,0,0
9,2025-09-05,180,0,0
10,2025-09-05,108,100,0
11,2025-09-05,189,500,2
12,2025-09-05,67,150,0
13,2025-09-05,602,0,1
14,2025-09-05,103,200,1
15,2025-09-05,135,0,0
16,2025-09-05,161,0,1
17,2025-09-05,199,0,1
18,2025-09-05,425,0,2
19,2025-09-05,345,0,0
20,2025-09-05,463,0,1
21,2025-09-05,212,100,1
22,2025-09-05,109,0,0
23,2025-09-05,129,200,1
24,2025-09-05,179,100,1
25,2025-09-05,140,200,1
26,2025-09-05,237,0,0
27,2025-09-05,614,0,6
28,2025-09-05,391,0,2
29,2025-09-05,135,0,0
30,2025-09-05,64,500,0
31,2025-09-05,62,100,0
32,2025-09-05,121,0,0
33,2025-09-05,210,0,1
34,2025-09-05,148,500,0
35,2025-09-05,76,0,0
36,2025-09-05,487,0,0
37,2025-09-05,117,0,0
38,2025-09-05,167,0,0
39,2025-09-05,111,100,0
40,2025-09-05,159,100,0
41,2025-09-05,183,0,0
42,2025-09-05,108,50,0
43,2025-09-05,3,200,0
44,2025-09-05,336,0,0
45,2025-09-05,342,0,1
46,2025-09-05,523,0,3
47,2025-09-05,454,0,0
48,2025-09-05,316,0,0
49,2025-09-05,58,0,0
50,2025-09-05,868,0,0
51,2025-09-05,229,200,1
52,2025-09-05,329,0,0
53,2025-09-05,94,0,0
54,2025-09-05,25,200,1
55,2025-09-05,153,150,1
56,2025-09-05,262,0,1
57,2025-09-05,168,100,1
58,2025-09-05,85,150,0
59,2025-09-05,144,0,0
60,2025-09-05,146,50,2
61,2025-09-05,234,0,0
62,2025-09-05,132,200,0
63,2025-09-05,168,0,0
64,2025-09-05,262,200,2
65,2025-09-05,172,100,0
66,2025-09-05,174,50,0
67,2025-09-05,394,0,0
68,2025-09-05,181,200,1
69,2025-09-05,455,0,1
70,2025-09-05,501,0,0
71,2025-09-05,34,150,0
72,2025-09-05,93,200,0
73,2025-09-05,199,0,0
74,2025-09-05,621,0,0
75,2025-09-05,727,0,1
76,2025-09-05,671,0,0
77,2025-09-05,433,0,0
78,2025-09-05,368,0,2
79,2025-09-05,293,100,0
80,2025-09-05,127,0,0
81,2025-09-05,182,50,1
82,2025-09-05,141,0,1
83,2025-09-05,573,0,2
84,2025-09-05,261,0,0
85,2025-09-05,229,0,0
86,2025-09-05,322,0,0
87,2025-09-05,319,0,0
88,2025-09-05,575,0,0
89,2025-09-05,210,0,0
90,2025-09-05,191,200,0
91,2025-09-05,189,100,0
92,2025-09-05,258,0,3
93,2025-09-05,412,0,0
94,2025-09-05,303,0,1
95,2025-09-05,82,100,1
96,2025-09-05,198,150,1
97,2025-09-05,63,100,0
98,2025-09-05,229,0,0
99,2025-09-05,875,0,0
100,2025-09-05,95,100,0
101,2025-09-05,105,100,0
102,2025-09-05,165,100,0
103,2025-09-05,812,0,0
104,2025-09-05,296,0,1
105,2025-09-05,283,0,0
106,2025-09-05,1080,0,0
107,2025-09-05,81,50,0
108,2025-09-05,289,0,0
109,2025-09-05,0,500,0
110,2025-09-05,137,100,0
111,2025-09-05,421,0,1
112,2025-09-05,0,500,0
113,2025-09-05,65,0,0
114,2025-09-05,110,200,1
115,2025-09-05,0,200,0
116,2025-09-05,260,0,0
117,2025-09-05,315,0,2
118,2025-09-05,229,200,1
119,2025-09-05,251,100,0
120,2025-09-05,159,0,0
1,2025-09-06,203,100,1
2,2025-09-06,359,0,1
3,2025-09-06,29,300,1
4,2025-09-06,147,0,0
5,2025-09-06,35,50,0
6,2025-09-06,82,400,2
7,2025-09-06,899,0,0
8,2025-09-06,249,0,1
9,2025-09-06,172,0,0
10,2025-09-06,100,100,1
11,2025-09-06,184,500,0
12,2025-09-06,58,150,0
13,2025-09-06,591,0,1
14,2025-09-06,99,200,0
15,2025-09-06,131,0,0
16,2025-09-06,154,0,0
17,2025-09-06,199,100,5
18,2025-09-06,406,0,1
19,2025-09-06,343,0,0
20,2025-09-06,451,0,1
21,2025-09-06,195,100,2
22,2025-09-06,104,0,0
23,2025-09-06,105,200,2
24,2025-09-06,177,200,0
25,2025-09-06,127,200,1
26,2025-09-06,231,0,0
27,2025-09-06,593,0,1
28,2025-09-06,382,0,1
29,2025-09-06,133,0,0
30,2025-09-06,52,500,1
31,2025-09-06,58,100,0
32,2025-09-06,119,0,0
33,2025-09-06,195,0,2
34,2025-09-06,641,0,0
35,2025-09-06,72,0,0
36,2025-09-06,482,0,0
37,2025-09-06,114,0,0
38,2025-09-06,163,0,0
39,2025-09-06,147,50,0
40,2025-09-06,250,0,0
41,2025-09-06,175,100,1
42,2025-09-06,97,50,1
43,2025-09-06,0,200,0
44,2025-09-06,332,0,0
45,2025-09-06,323,0,1
46,2025-09-06,515,0,1
47,2025-09-06,442,0,1
48,2025-09-06,302,0,2
49,2025-09-06,56,0,0
50,2025-09-06,861,0,0
51,2025-09-06,218,200,1
52,2025-09-06,313,0,0
53,2025-09-06,89,50,0
54,2025-09-06,18,200,0
55,2025-09-06,146,150,0
56,2025-09-06,254,0,0
57,2025-09-06,158,100,0
58,2025-09-06,82,150,0
59,2025-09-06,139,0,0
60,2025-09-06,182,50,2
61,2025-09-06,218,50,0
62,2025-09-06,128,200,0
63,2025-09-06,160,0,1
64,2025-09-06,248,200,1
65,2025-09-06,165,100,0
66,2025-09-06,163,50,1
67,2025-09-06,386,0,0
68,2025-09-06,170,200,0
69,2025-09-06,439,0,1
70,2025-09-06,496,0,0
71,2025-09-06,27,200,0
72,2025-09-06,288,0,0
73,2025-09-06,197,0,0
74,2025-09-06,612,0,0
75,2025-09-06,711,0,1
76,2025-09-06,661,0,1
77,2025-09-06,431,0,0
78,2025-09-06,365,0,0
79,2025-09-06,284,100,1
80,2025-09-06,127,0,1
81,2025-09-06,172,50,0
82,2025-09-06,132,50,0
83,2025-09-06,566,0,0
84,2025-09-06,252,0,0
85,2025-09-06,226,0,0
86,2025-09-06,306,0,1
87,2025-09-06,313,0,0
88,2025-09-06,567,0,0
89,2025-09-06,207,0,0
90,2025-09-06,174,200,1
91,2025-09-06,169,200,2
92,2025-09-06,254,0,0
93,2025-09-06,388,0,2
94,2025-09-06,285,0,1
95,2025-09-06,72,200,1
96,2025-09-06,181,150,1
97,2025-09-06,54,100,0
98,2025-09-06,222,0,0
99,2025-09-06,872,0,0
100,2025-09-06,87,100,1
101,2025-09-06,97,100,0
102,2025-09-06,151,100,1
103,2025-09-06,810,0,0
104,2025-09-06,286,0,1
105,2025-09-06,280,0,0
106,2025-09-06,1076,0,0
107,2025-09-06,75,100,0
108,2025-09-06,278,0,1
109,2025-09-06,0,500,0
110,2025-09-06,131,100,0
111,2025-09-06,398,0,1
112,2025-09-06,0,500,0
113,2025-09-06,63,0,0
114,2025-09-06,98,200,0
115,2025-09-06,0,200,0
116,2025-09-06,251,0,0
117,2025-09-06,299,0,1
118,2025-09-06,215,200,1
119,2025-09-06,237,100,1
120,2025-09-06,151,0,0
1,2025-09-07,190,100,0
2,2025-09-07,343,0,1
3,2025-09-07,66,250,1
4,2025-09-07,144,0,0
5,2025-09-07,31,50,0
6,2025-09-07,266,200,1
7,2025-09-07,896,0,0
8,2025-09-07,230,100,2
9,2025-09-07,166,0,0
10,2025-09-07,86,100,1
11,2025-09-07,179,500,0
12,2025-09-07,36,150,1
13,2025-09-07,573,0,2
14,2025-09-07,82,200,0
15,2025-09-07,128,0,0
16,2025-09-07,153,0,0
17,2025-09-07,285,0,1
18,2025-09-07,388,0,2
19,2025-09-07,342,0,0
20,2025-09-07,432,0,2
21,2025-09-07,176,100,1
22,2025-09-07,98,0,0
23,2025-09-07,87,200,2
24,2025-09-07,163,200,0
25,2025-09-07,105,200,3
26,2025-09-07,225,0,0
27,2025-09-07,578,0,1
28,2025-09-07,373,0,0
29,2025-09-07,133,0,2
30,2025-09-07,38,500,1
31,2025-09-07,55,100,0
32,2025-09-07,117,0,0
33,2025-09-07,191,100,0
34,2025-09-07,634,0,0
35,2025-09-07,70,0,0
36,2025-09-07,474,0,1
37,2025-09-07,111,0,0
38,2025-09-07,157,0,0
39,2025-09-07,142,50,0
40,2025-09-07,245,0,0
41,2025-09-07,158,100,1
42,2025-09-07,93,50,0
43,2025-09-07,0,200,0
44,2025-09-07,329,0,0
45,2025-09-07,313,0,0
46,2025-09-07,496,0,1
47,2025-09-07,433,0,1
48,2025-09-07,283,0,1
49,2025-09-07,55,0,0
50,2025-09-07,857,0,0
51,2025-09-07,209,200,0
52,2025-09-07,299,0,0
53,2025-09-07,129,0,0
54,2025-09-07,7,200,0
55,2025-09-07,134,150,0
56,2025-09-07,247,0,0
57,2025-09-07,140,100,1
58,2025-09-07,78,150,0
59,2025-09-07,137,0,0
60,2025-09-07,164,50,2
61,2025-09-07,201,50,2
62,2025-09-07,124,200,0
63,2025-09-07,145,50,0
64,2025-09-07,230,200,1
65,2025-09-07,157,100,1
66,2025-09-07,153,50,1
67,2025-09-07,379,0,0
68,2025-09-07,157,200,1
69,2025-09-07,429,0,1
70,2025-09-07,494,0,0
71,2025-09-07,25,200,0
72,2025-09-07,282,0,0
73,2025-09-07,196,0,0
74,2025-09-07,607,0,0
75,2025-09-07,693,0,2
76,2025-09-07,646,0,1
77,2025-09-07,429,0,0
78,2025-09-07,351,0,1
79,2025-09-07,275,100,0
80,2025-09-07,122,0,0
81,2025-09-07,157,100,0
82,2025-09-07,118,50,1
83,2025-09-07,548,0,1
84,2025-09-07,242,0,1
85,2025-09-07,220,0,0
86,2025-09-07,297,0,0
87,2025-09-07,306,0,0
88,2025-09-07,559,0,1
89,2025-09-07,204,0,0
90,2025-09-07,154,200,0
91,2025-09-07,258,100,1
92,2025-09-07,251,0,0
93,2025-09-07,375,0,0
94,2025-09-07,268,200,2
95,2025-09-07,65,200,0
96,2025-09-07,168,150,1
97,2025-09-07,54,100,0
98,2025-09-07,216,0,0
99,2025-09-07,871,0,0
100,2025-09-07,75,100,1
101,2025-09-07,94,150,0
102,2025-09-07,244,0,0
103,2025-09-07,807,0,0
104,2025-09-07,276,0,1
105,2025-09-07,275,0,0
106,2025-09-07,1071,0,0
107,2025-09-07,66,100,0
108,2025-09-07,271,0,0
109,2025-09-07,0,500,0
110,2025-09-07,124,100,0
111,2025-09-07,386,0,0
112,2025-09-07,0,500,0
113,2025-09-07,60,0,0
114,2025-09-07,82,200,1
115,2025-09-07,0,200,0
116,2025-09-07,241,0,1
117,2025-09-07,291,0,0
118,2025-09-07,208,200,0
119,2025-09-07,233,100,0
120,2025-09-07,144,0,0
1,2025-09-08,177,200,1
2,2025-09-08,335,0,0
3,2025-09-08,103,200,1
4,2025-09-08,143,0,0
5,2025-09-08,30,50,0
6,2025-09-08,251,200,2
7,2025-09-08,896,0,17
8,2025-09-08,210,100,2
9,2025-09-08,159,0,0
10,2025-09-08,77,100,1
11,2025-09-08,179,500,5
12,2025-09-08,32,150,0
13,2025-09-08,543,0,4
14,2025-09-08,72,200,1
15,2025-09-08,122,0,0
16,2025-09-08,149,0,0
17,2025-09-08,279,0,0
18,2025-09-08,382,0,0
19,2025-09-08,340,0,0
20,2025-09-08,415,0,1
21,2025-09-08,162,100,1
22,2025-09-08,96,0,0
23,2025-09-08,87,250,2
24,2025-09-08,151,200,1
25,2025-09-08,88,200,1
26,2025-09-08,214,0,0
27,2025-09-08,558,0,2
28,2025-09-08,361,0,1
29,2025-09-08,132,0,0
30,2025-09-08,24,500,1
31,2025-09-08,52,100,0
32,2025-09-08,114,0,0
33,2025-09-08,176,100,2
34,2025-09-08,627,0,0
35,2025-09-08,66,0,0
36,2025-09-08,472,0,0
37,2025-09-08,110,0,0
38,2025-09-08,153,0,0
39,2025-09-08,135,50,0
40,2025-09-08,237,0,1
41,2025-09-08,152,100,0
42,2025-09-08,87,50,0
43,2025-09-08,0,200,0
44,2025-09-08,323,0,0
45,2025-09-08,300,200,0
46,2025-09-08,482,0,1
47,2025-09-08,425,0,1
48,2025-09-08,275,0,0
49,2025-09-08,53,0,0
50,2025-09-08,852,0,0
51,2025-09-08,195,200,2
52,2025-09-08,285,200,1
53,2025-09-08,125,0,0
54,2025-09-08,0,200,0
55,2025-09-08,214,50,0
56,2025-09-08,246,0,0
57,2025-09-08,131,100,1
58,2025-09-08,72,150,0
59,2025-09-08,134,0,0
60,2025-09-08,208,0,0
61,2025-09-08,188,100,1
62,2025-09-08,112,200,1
63,2025-09-08,140,50,0
64,2025-09-08,415,0,1
65,2025-09-08,149,100,0
66,2025-09-08,144,50,1
67,2025-09-08,366,0,0
68,2025-09-08,150,200,0
69,2025-09-08,423,0,0
70,2025-09-08,491,0,0
71,2025-09-08,18,200,0
72,2025-09-08,278,0,0
73,2025-09-08,195,0,0
74,2025-09-08,598,0,1
75,2025-09-08,681,0,1
76,2025-09-08,631,0,0
77,2025-09-08,426,0,0
78,2025-09-08,338,0,1
79,2025-09-08,250,100,3
80,2025-09-08,119,0,0
81,2025-09-08,149,100,0
82,2025-09-08,107,50,1
83,2025-09-08,538,0,1
84,2025-09-08,231,0,1
85,2025-09-08,219,0,0
86,2025-09-08,287,0,1
87,2025-09-08,300,0,0
88,2025-09-08,554,0,0
89,2025-09-08,204,0,4
90,2025-09-08,145,200,0
91,2025-09-08,245,100,1
92,2025-09-08,242,0,0
93,2025-09-08,365,0,0
94,2025-09-08,256,200,0
95,2025-09-08,59,200,0
96,2025-09-08,149,150,2
97,2025-09-08,49,100,0
98,2025-09-08,213,0,0
99,2025-09-08,867,0,0
100,2025-09-08,65,200,1
101,2025-09-08,84,150,1
102,2025-09-08,240,0,0
103,2025-09-08,807,0,24
104,2025-09-08,264,0,1
105,2025-09-08,270,0,0
106,2025-09-08,1069,0,0
107,2025-09-08,109,50,0
108,2025-09-08,267,0,0
109,2025-09-08,0,500,0
110,2025-09-08,121,100,0
111,2025-09-08,374,0,1
112,2025-09-08,0,500,0
113,2025-09-08,57,0,0
114,2025-09-08,70,200,1
115,2025-09-08,0,200,0
116,2025-09-08,233,0,0
117,2025-09-08,281,0,1
118,2025-09-08,203,200,0
119,2025-09-08,314,0,0
120,2025-09-08,130,0,1
1,2025-09-09,167,200,0
2,2025-09-09,326,0,0
3,2025-09-09,93,250,1
4,2025-09-09,143,0,2
5,2025-09-09,28,50,0
6,2025-09-09,235,200,0
7,2025-09-09,895,0,0
8,2025-09-09,188,100,1
9,2025-09-09,155,0,0
10,2025-09-09,173,0,0
11,2025-09-09,164,500,2
12,2025-09-09,23,200,1
13,2025-09-09,525,0,2
14,2025-09-09,55,200,1
15,2025-09-09,120,0,0
16,2025-09-09,139,0,1
17,2025-09-09,279,0,4
18,2025-09-09,379,0,0
19,2025-09-09,339,0,0
20,2025-09-09,398,0,1
21,2025-09-09,247,100,1
22,2025-09-09,92,0,0
23,2025-09-09,84,250,0
24,2025-09-09,138,200,1
25,2025-09-09,61,200,2
26,2025-09-09,208,0,0
27,2025-09-09,547,0,1
28,2025-09-09,347,0,1
29,2025-09-09,130,0,0
30,2025-09-09,15,500,0
31,2025-09-09,50,100,0
32,2025-09-09,110,0,0
33,2025-09-09,168,100,0
34,2025-09-09,619,0,0
35,2025-09-09,66,0,1
36,2025-09-09,467,0,0
37,2025-09-09,109,0,0
38,2025-09-09,148,0,0
39,2025-09-09,131,50,0
40,2025-09-09,231,0,0
41,2025-09-09,146,100,0
42,2025-09-09,80,50,0
43,2025-09-09,0,200,0
44,2025-09-09,320,0,0
45,2025-09-09,290,200,0
46,2025-09-09,465,0,1
47,2025-09-09,411,0,2
48,2025-09-09,263,0,0
49,2025-09-09,50,0,0
50,2025-09-09,849,0,0
51,2025-09-09,191,200,0
52,2025-09-09,430,0,1
53,2025-09-09,120,0,0
54,2025-09-09,0,200,0
55,2025-09-09,203,100,0
56,2025-09-09,236,0,1
57,2025-09-09,109,150,2
58,2025-09-09,63,150,1
59,2025-09-09,130,0,0
60,2025-09-09,205,0,0
61,2025-09-09,174,100,1
62,2025-09-09,104,200,1
63,2025-09-09,133,50,0
64,2025-09-09,406,0,0
65,2025-09-09,147,100,0
66,2025-09-09,138,100,0
67,2025-09-09,362,0,0
68,2025-09-09,143,200,0
69,2025-09-09,400,0,3
70,2025-09-09,486,0,0
71,2025-09-09,9,200,0
72,2025-09-09,272,0,0
73,2025-09-09,192,0,0
74,2025-09-09,591,0,0
75,2025-09-09,667,0,1
76,2025-09-09,613,0,2
77,2025-09-09,425,0,0
78,2025-09-09,314,0,2
79,2025-09-09,237,100,0
80,2025-09-09,118,0,0
81,2025-09-09,187,50,1
82,2025-09-09,150,50,0
83,2025-09-09,529,0,0
84,2025-09-09,219,0,1
85,2025-09-09,217,0,0
86,2025-09-09,281,0,0
87,2025-09-09,295,0,0
88,2025-09-09,550,0,0
89,2025-09-09,201,0,0
90,2025-09-09,130,200,1
91,2025-09-09,240,100,0
92,2025-09-09,231,100,1
93,2025-09-09,352,0,0
94,2025-09-09,243,200,1
95,2025-09-09,57,200,0
96,2025-09-09,131,150,2
97,2025-09-09,44,100,0
98,2025-09-09,202,0,1
99,2025-09-09,863,0,0
100,2025-09-09,57,200,0
101,2025-09-09,74,150,0
102,2025-09-09,219,0,1
103,2025-09-09,805,0,0
104,2025-09-09,251,0,0
105,2025-09-09,266,0,0
106,2025-09-09,1067,0,0
107,2025-09-09,154,0,0
108,2025-09-09,267,0,7
109,2025-09-09,0,500,0
110,2025-09-09,118,100,0
111,2025-09-09,359,0,0
112,2025-09-09,0,500,0
113,2025-09-09,55,0,0
114,2025-09-09,265,0,0
115,2025-09-09,0,200,0
116,2025-09-09,226,0,0
117,2025-09-09,270,0,1
118,2025-09-09,192,200,0
119,2025-09-09,299,0,0
120,2025-09-09,127,0,0
1,2025-09-10,167,200,3
2,2025-09-10,313,0,0
3,2025-09-10,75,250,2
4,2025-09-10,141,0,0
5,2025-09-10,23,50,0
6,2025-09-10,222,200,1
7,2025-09-10,894,0,0
8,2025-09-10,173,200,0
9,2025-09-10,147,0,0
10,2025-09-10,164,100,1
11,2025-09-10,152,500,1
12,2025-09-10,16,200,0
13,2025-09-10,514,0,0
14,2025-09-10,40,250,1
15,2025-09-10,119,0,0
16,2025-09-10,137,0,0
17,2025-09-10,267,0,0
18,2025-09-10,370,0,0
19,2025-09-10,335,0,0
20,2025-09-10,382,0,0
21,2025-09-10,325,0,0
22,2025-09-10,90,0,0
23,2025-09-10,62,250,2
24,2025-09-10,128,200,1
25,2025-09-10,50,300,0
26,2025-09-10,202,0,0
27,2025-09-10,526,0,0
28,2025-09-10,334,0,0
29,2025-09-10,127,0,0
30,2025-09-10,1,500,0
31,2025-09-10,46,100,0
32,2025-09-10,108,0,0
33,2025-09-10,158,100,0
34,2025-09-10,608,0,1
35,2025-09-10,64,0,0
36,2025-09-10,462,0,0
37,2025-09-10,106,0,0
38,2025-09-10,143,0,0
39,2025-09-10,124,50,0
40,2025-09-10,221,0,0
41,2025-09-10,146,100,2
42,2025-09-10,118,0,1
43,2025-09-10,0,200,0
44,2025-09-10,314,0,0
45,2025-09-10,271,200,1
46,2025-09-10,446,0,2
47,2025-09-10,399,0,1
48,2025-09-10,249,0,1
49,2025-09-10,48,50,0
50,2025-09-10,843,0,0
51,2025-09-10,178,200,1
52,2025-09-10,422,0,0
53,2025-09-10,116,0,0
54,2025-09-10,0,200,0
55,2025-09-10,192,100,1
56,2025-09-10,230,0,0
57,2025-09-10,101,150,0
58,2025-09-10,104,100,1
59,2025-09-10,126,0,0
60,2025-09-10,198,0,0
61,2025-09-10,214,50,0
62,2025-09-10,95,200,1
63,2025-09-10,127,50,0
64,2025-09-10,388,0,2
65,2025-09-10,132,100,0
66,2025-09-10,133,100,0
67,2025-09-10,354,0,0
68,2025-09-10,130,200,1
69,2025-09-10,394,0,0
70,2025-09-10,484,0,0
71,2025-09-10,1,200,0
72,2025-09-10,272,0,3
73,2025-09-10,192,0,4
74,2025-09-10,583,0,0
75,2025-09-10,658,0,1
76,2025-09-10,603,0,1
77,2025-09-10,423,0,0
78,2025-09-10,302,0,1
79,2025-09-10,227,100,0
80,2025-09-10,113,0,0
81,2025-09-10,177,100,0
82,2025-09-10,138,50,1
83,2025-09-10,523,0,0
84,2025-09-10,212,0,0
85,2025-09-10,214,0,0
86,2025-09-10,273,0,1
87,2025-09-10,288,0,0
88,2025-09-10,550,0,10
89,2025-09-10,194,0,0
90,2025-09-10,130,200,1
91,2025-09-10,233,100,0
92,2025-09-10,220,100,1
93,2025-09-10,336,0,1
94,2025-09-10,230,200,1
95,2025-09-10,50,200,0
96,2025-09-10,167,150,1
97,2025-09-10,39,100,0
98,2025-09-10,189,0,1
99,2025-09-10,860,0,0
100,2025-09-10,48,200,0
101,2025-09-10,58,150,1
102,2025-09-10,208,100,1
103,2025-09-10,803,0,0
104,2025-09-10,250,0,0
105,2025-09-10,260,0,0
106,2025-09-10,1062,0,0
107,2025-09-10,151,0,0
108,2025-09-10,258,0,1
109,2025-09-10,489,0,1
110,2025-09-10,114,100,0
111,2025-09-10,341,0,0
112,2025-09-10,0,500,0
113,2025-09-10,54,0,0
114,2025-09-10,260,0,0
115,2025-09-10,0,200,0
116,2025-09-10,222,0,0
117,2025-09-10,263,0,0
118,2025-09-10,179,200,1
119,2025-09-10,288,0,1
120,2025-09-10,123,500,0
1,2025-09-11,149,200,1
2,2025-09-11,305,0,0
3,2025-09-11,62,250,1
4,2025-09-11,138,0,0
5,2025-09-11,19,50,0
6,2025-09-11,406,0,2
7,2025-09-11,890,0,0
8,2025-09-11,165,200,0
9,2025-09-11,141,0,0
10,2025-09-11,156,100,1
11,2025-09-11,142,500,1
12,2025-09-11,63,150,0
13,2025-09-11,494,0,2
14,2025-09-11,25,250,1
15,2025-09-11,115,0,0
16,2025-09-11,134,0,0
17,2025-09-11,253,0,1
18,2025-09-11,361,0,0
19,2025-09-11,332,0,0
20,2025-09-11,379,0,0
21,2025-09-11,315,0,0
22,2025-09-11,87,200,0
23,2025-09-11,41,250,2
24,2025-09-11,121,200,0
25,2025-09-11,41,300,1
26,2025-09-11,199,0,0
27,2025-09-11,518,0,0
28,2025-09-11,328,0,0
29,2025-09-11,125,0,0
30,2025-09-11,0,500,0
31,2025-09-11,40,100,0
32,2025-09-11,106,0,0
33,2025-09-11,249,0,0
34,2025-09-11,602,0,0
35,2025-09-11,61,500,0
36,2025-09-11,455,0,1
37,2025-09-11,103,0,0
38,2025-09-11,138,0,0
39,2025-09-11,112,50,1
40,2025-09-11,210,0,0
41,2025-09-11,136,100,0
42,2025-09-11,109,50,0
43,2025-09-11,0,200,0
44,2025-09-11,308,0,0
45,2025-09-11,460,0,1
46,2025-09-11,429,0,2
47,2025-09-11,388,0,0
48,2025-09-11,240,0,1
49,2025-09-11,44,50,0
50,2025-09-11,839,0,0
51,2025-09-11,166,200,1
52,2025-09-11,415,0,0
53,2025-09-11,108,0,0
54,2025-09-11,0,200,0
55,2025-09-11,185,100,0
56,2025-09-11,222,0,1
57,2025-09-11,89,150,1
58,2025-09-11,102,100,0
59,2025-09-11,124,0,0
60,2025-09-11,190,50,0
61,2025-09-11,257,0,0
62,2025-09-11,87,200,0
63,2025-09-11,117,50,0
64,2025-09-11,361,0,3
65,2025-09-11,127,200,0
66,2025-09-11,124,100,0
67,2025-09-11,346,0,0
68,2025-09-11,118,200,1
69,2025-09-11,384,0,0
70,2025-09-11,481,0,0
71,2025-09-11,40,150,1
72,2025-09-11,266,0,0
73,2025-09-11,192,0,4
74,2025-09-11,580,0,0
75,2025-09-11,638,0,1
76,2025-09-11,590,0,1
77,2025-09-11,422,0,0
78,2025-09-11,288,0,1
79,2025-09-11,209,100,2
80,2025-09-11,109,0,0
81,2025-09-11,167,100,1
82,2025-09-11,128,50,0
83,2025-09-11,514,0,0
84,2025-09-11,211,0,0
85,2025-09-11,211,0,0
86,2025-09-11,260,0,1
87,2025-09-11,281,0,0
88,2025-09-11,538,0,1
89,2025-09-11,189,0,0
90,2025-09-11,123,200,0
91,2025-09-11,270,0,1
92,2025-09-11,212,100,1
93,2025-09-11,320,0,1
94,2025-09-11,216,200,1
95,2025-09-11,38,200,0
96,2025-09-11,160,150,1
97,2025-09-11,39,100,0
98,2025-09-11,181,0,0
99,2025-09-11,858,0,0
100,2025-09-11,43,200,0
101,2025-09-11,52,200,0
102,2025-09-11,199,100,0
103,2025-09-11,800,0,0
104,2025-09-11,234,200,1
105,2025-09-11,260,0,2
106,2025-09-11,1059,0,0
107,2025-09-11,149,0,0
108,2025-09-11,248,0,1
109,2025-09-11,478,0,1
110,2025-09-11,111,100,0
111,2025-09-11,327,0,1
112,2025-09-11,0,500,0
113,2025-09-11,51,0,0
114,2025-09-11,246,0,1
115,2025-09-11,93,100,0
116,2025-09-11,212,0,1
117,2025-09-11,254,0,0
118,2025-09-11,174,200,0
119,2025-09-11,279,0,0
120,2025-09-11,118,500,0
1,2025-09-12,233,100,1
2,2025-09-12,298,0,0
3,2025-09-12,101,200,1
4,2025-09-12,135,0,0
5,2025-09-12,66,0,0
6,2025-09-12,388,0,2
7,2025-09-12,886,0,0
8,2025-09-12,150,200,2
9,2025-09-12,139,0,0
10,2025-09-12,150,100,0
11,2025-09-12,135,500,0
12,2025-09-12,53,150,0
13,2025-09-12,483,0,1
14,2025-09-12,15,300,1
15,2025-09-12,112,0,0
16,2025-09-12,124,500,1
17,2025-09-12,241,0,1
18,2025-09-12,354,0,1
19,2025-09-12,328,0,0
20,2025-09-12,356,0,2
21,2025-09-12,299,0,2
22,2025-09-12,87,200,1
23,2025-09-12,35,250,0
24,2025-09-12,113,200,1
25,2025-09-12,23,300,1
26,2025-09-12,190,0,1
27,2025-09-12,508,0,1
28,2025-09-12,321,0,0
29,2025-09-12,123,0,0
30,2025-09-12,0,500,0
31,2025-09-12,39,100,0
32,2025-09-12,103,0,0
33,2025-09-12,245,0,0
34,2025-09-12,591,0,0
35,2025-09-12,60,500,0
36,2025-09-12,455,0,7
37,2025-09-12,100,0,0
38,2025-09-12,137,0,0
39,2025-09-12,105,50,0
40,2025-09-12,201,0,0
41,2025-09-12,125,100,0
42,2025-09-12,154,0,0
43,2025-09-12,0,200,0
44,2025-09-12,301,0,0
45,2025-09-12,437,0,2
46,2025-09-12,414,0,1
47,2025-09-12,369,0,2
48,2025-09-12,223,0,1
49,2025-09-12,42,50,0
50,2025-09-12,834,0,0
51,2025-09-12,156,200,1
52,2025-09-12,403,0,1
53,2025-09-12,106,0,0
54,2025-09-12,0,200,0
55,2025-09-12,157,150,3
56,2025-09-12,218,0,0
57,2025-09-12,79,200,0
58,2025-09-12,94,100,0
59,2025-09-12,121,0,0
60,2025-09-12,180,50,1
61,2025-09-12,249,0,0
62,2025-09-12,78,200,0
63,2025-09-12,108,50,0
64,2025-09-12,339,0,1
65,2025-09-12,117,200,1
66,2025-09-12,112,100,1
67,2025-09-12,341,0,0
68,2025-09-12,237,200,0
69,2025-09-12,381,0,0
70,2025-09-12,478,0,0
71,2025-09-12,66,150,0
72,2025-09-12,263,0,0
73,2025-09-12,190,0,0
74,2025-09-12,577,0,0
75,2025-09-12,621,0,2
76,2025-09-12,581,0,0
77,2025-09-12,420,0,0
78,2025-09-12,277,0,1
79,2025-09-12,200,100,1
80,2025-09-12,105,0,0
81,2025-09-12,206,50,1
82,2025-09-12,115,50,1
83,2025-09-12,506,0,0
84,2025-09-12,205,0,0
85,2025-09-12,207,0,0
86,2025-09-12,248,0,1
87,2025-09-12,275,0,0
88,2025-09-12,521,0,1
89,2025-09-12,185,0,0
90,2025-09-12,118,200,0
91,2025-09-12,264,0,0
92,2025-09-12,303,0,1
93,2025-09-12,299,0,2
94,2025-09-12,203,200,1
95,2025-09-12,27,200,1
96,2025-09-12,145,200,1
97,2025-09-12,30,100,0
98,2025-09-12,172,0,0
99,2025-09-12,854,0,0
100,2025-09-12,33,200,1
101,2025-09-12,80,150,0
102,2025-09-12,192,100,0
103,2025-09-12,797,0,0
104,2025-09-12,212,200,2
105,2025-09-12,258,0,0
106,2025-09-12,1059,0,28
107,2025-09-12,144,0,0
108,2025-09-12,238,0,0
109,2025-09-12,469,0,0
110,2025-09-12,109,100,0
111,2025-09-12,313,0,0
112,2025-09-12,0,500,0
113,2025-09-12,48,100,0
114,2025-09-12,236,200,0
115,2025-09-12,88,100,0
116,2025-09-12,203,0,1
117,2025-09-12,241,0,0
118,2025-09-12,166,200,0
119,2025-09-12,261,100,0
120,2025-09-12,110,500,1
1,2025-09-13,224,100,1
2,2025-09-13,290,0,0
3,2025-09-13,90,200,0
4,2025-09-13,133,0,0
5,2025-09-13,63,0,0
6,2025-09-13,373,0,1
7,2025-09-13,883,0,0
8,2025-09-13,139,200,0
9,2025-09-13,133,0,0
10,2025-09-13,142,100,0
11,2025-09-13,129,500,0
12,2025-09-13,46,150,0
13,2025-09-13,477,0,0
14,2025-09-13,41,250,2
15,2025-09-13,108,0,0
16,2025-09-13,120,500,0
17,2025-09-13,231,0,1
18,2025-09-13,354,0,5
19,2025-09-13,322,0,0
20,2025-09-13,334,0,1
21,2025-09-13,286,0,1
22,2025-09-13,83,200,0
23,2025-09-13,26,250,1
24,2025-09-13,107,200,0
25,2025-09-13,16,300,0
26,2025-09-13,185,0,0
27,2025-09-13,486,0,2
28,2025-09-13,311,0,0
29,2025-09-13,120,0,0
30,2025-09-13,0,500,0
31,2025-09-13,39,100,0
32,2025-09-13,97,0,0
33,2025-09-13,231,0,0
34,2025-09-13,582,0,0
35,2025-09-13,555,0,0
36,2025-09-13,446,0,1
37,2025-09-13,97,0,0
38,2025-09-13,130,0,0
39,2025-09-13,98,100,0
40,2025-09-13,190,100,0
41,2025-09-13,112,100,1
42,2025-09-13,152,0,0
43,2025-09-13,0,200,0
44,2025-09-13,294,0,0
45,2025-09-13,435,0,0
46,2025-09-13,397,0,0
47,2025-09-13,363,0,0
48,2025-09-13,211,500,1
49,2025-09-13,90,0,0
50,2025-09-13,831,0,0
51,2025-09-13,135,200,2
52,2025-09-13,390,0,1
53,2025-09-13,101,0,0
54,2025-09-13,0,200,0
55,2025-09-13,148,150,0
56,2025-09-13,204,0,1
57,2025-09-13,69,200,0
58,2025-09-13,85,100,0
59,2025-09-13,116,0,0
60,2025-09-13,168,50,1
61,2025-09-13,235,50,1
62,2025-09-13,68,200,1
63,2025-09-13,100,50,1
64,2025-09-13,332,0,0
65,2025-09-13,193,100,1
66,2025-09-13,107,100,0
67,2025-09-13,328,0,1
68,2025-09-13,222,200,2
69,2025-09-13,370,0,0
70,2025-09-13,475,0,0
71,2025-09-13,45,150,2
72,2025-09-13,257,0,0
73,2025-09-13,188,0,0
74,2025-09-13,571,0,0
75,2025-09-13,612,0,0
76,2025-09-13,568,0,0
77,2025-09-13,419,0,0
78,2025-09-13,257,200,2
79,2025-09-13,187,200,0
80,2025-09-13,101,0,0
81,2025-09-13,190,50,1
82,2025-09-13,107,50,0
83,2025-09-13,494,0,1
84,2025-09-13,195,0,1
85,2025-09-13,205,0,0
86,2025-09-13,233,0,0
87,2025-09-13,269,0,0
88,2025-09-13,510,0,1
89,2025-09-13,179,0,0
90,2025-09-13,118,200,3
91,2025-09-13,255,0,0
92,2025-09-13,289,0,1
93,2025-09-13,284,200,1
94,2025-09-13,181,200,2
95,2025-09-13,18,200,0
96,2025-09-13,120,200,1
97,2025-09-13,23,100,0
98,2025-09-13,157,100,1
99,2025-09-13,853,0,0
100,2025-09-13,25,200,0
101,2025-09-13,122,150,0
102,2025-09-13,180,100,1
103,2025-09-13,794,0,0
104,2025-09-13,401,0,1
105,2025-09-13,256,0,0
106,2025-09-13,1056,0,0
107,2025-09-13,138,0,0
108,2025-09-13,238,0,3
109,2025-09-13,466,0,0
110,2025-09-13,99,100,0
111,2025-09-13,313,0,7
112,2025-09-13,0,500,0
113,2025-09-13,46,100,0
114,2025-09-13,221,200,0
115,2025-09-13,184,0,0
116,2025-09-13,189,0,1
117,2025-09-13,225,500,0
118,2025-09-13,159,200,0
119,2025-09-13,248,100,1
120,2025-09-13,101,500,0
1,2025-09-14,309,0,0
2,2025-09-14,277,0,1
3,2025-09-14,131,150,0
4,2025-09-14,130,0,0
5,2025-09-14,58,0,0
6,2025-09-14,361,0,1
7,2025-09-14,880,0,0
8,2025-09-14,129,200,1
9,2025-09-14,133,0,3
10,2025-09-14,132,100,1
11,2025-09-14,95,500,3
12,2025-09-14,43,200,0
13,2025-09-14,457,0,2
14,2025-09-14,41,250,0
15,2025-09-14,104,0,0
16,2025-09-14,119,500,0
17,2025-09-14,219,0,1
18,2025-09-14,345,0,1
19,2025-09-14,319,0,0
20,2025-09-14,327,0,0
21,2025-09-14,286,0,6
22,2025-09-14,79,200,0
23,2025-09-14,116,200,1
24,2025-09-14,194,100,1
25,2025-09-14,4,300,1
26,2025-09-14,181,0,0
27,2025-09-14,472,0,1
28,2025-09-14,300,0,0
29,2025-09-14,117,0,0
30,2025-09-14,0,500,0
31,2025-09-14,28,100,1
32,2025-09-14,92,0,0
33,2025-09-14,221,0,0
34,2025-09-14,572,0,1
35,2025-09-14,553,0,0
36,2025-09-14,440,0,0
37,2025-09-14,95,0,0
38,2025-09-14,125,0,0
39,2025-09-14,87,100,1
40,2025-09-14,179,100,0
41,2025-09-14,106,100,0
42,2025-09-14,147,0,0
43,2025-09-14,91,100,0
44,2025-09-14,285,0,1
45,2025-09-14,420,0,1
46,2025-09-14,375,0,0
47,2025-09-14,353,0,1
48,2025-09-14,192,500,1
49,2025-09-14,90,0,1
50,2025-09-14,829,0,0
51,2025-09-14,120,200,1
52,2025-09-14,381,0,1
53,2025-09-14,96,50,0
54,2025-09-14,0,200,0
55,2025-09-14,141,150,0
56,2025-09-14,200,0,0
57,2025-09-14,55,200,1
58,2025-09-14,78,100,0
59,2025-09-14,114,0,0
60,2025-09-14,157,50,1
61,2025-09-14,224,50,0
62,2025-09-14,261,0,0
63,2025-09-14,98,50,0
64,2025-09-14,309,0,2
65,2025-09-14,178,100,2
66,2025-09-14,100,100,0
67,2025-09-14,325,0,0
68,2025-09-14,366,0,0
69,2025-09-14,366,0,0
70,2025-09-14,472,0,0
71,2025-09-14,133,50,1
72,2025-09-14,249,0,1
73,2025-09-14,185,0,0
74,2025-09-14,568,0,0
75,2025-09-14,604,0,0
76,2025-09-14,551,0,2
77,2025-09-14,417,0,0
78,2025-09-14,244,200,1
79,2025-09-14,167,200,1
80,2025-09-14,98,0,0
81,2025-09-14,183,50,0
82,2025-09-14,157,0,4
83,2025-09-14,484,0,0
84,2025-09-14,192,0,0
85,2025-09-14,201,0,0
86,2025-09-14,222,0,0
87,2025-09-14,263,0,0
88,2025-09-14,506,0,0
89,2025-09-14,177,0,0
90,2025-09-14,118,200,2
91,2025-09-14,231,100,2
92,2025-09-14,276,0,1
93,2025-09-14,270,200,1
94,2025-09-14,157,200,2
95,2025-09-14,113,100,0
96,2025-09-14,107,200,1
97,2025-09-14,19,150,0
98,2025-09-14,139,100,1
99,2025-09-14,850,0,0
100,2025-09-14,15,200,0
101,2025-09-14,106,150,1
102,2025-09-14,163,100,1
103,2025-09-14,793,0,0
104,2025-09-14,389,0,1
105,2025-09-14,252,0,0
106,2025-09-14,1052,0,0
107,2025-09-14,131,0,0
108,2025-09-14,233,0,0
109,2025-09-14,449,0,1
110,2025-09-14,187,0,1
111,2025-09-14,292,0,1
112,2025-09-14,484,0,2
113,2025-09-14,43,100,0
114,2025-09-14,210,200,1
115,2025-09-14,180,0,0
116,2025-09-14,182,0,0
117,2025-09-14,213,500,1
118,2025-09-14,354,0,0
119,2025-09-14,238,100,1
120,2025-09-14,597,0,0
1,2025-09-15,291,0,2
2,2025-09-15,266,0,1
3,2025-09-15,128,150,0
4,2025-09-15,130,0,2
5,2025-09-15,54,0,0
6,2025-09-15,341,0,1
7,2025-09-15,877,0,0
8,2025-09-15,218,100,1
9,2025-09-15,131,0,0
10,2025-09-15,124,100,0
11,2025-09-15,85,500,0
12,2025-09-15,69,150,0
13,2025-09-15,451,0,0
14,2025-09-15,84,200,0
15,2025-09-15,100,0,0
16,2025-09-15,116,500,0
17,2025-09-15,208,100,0
18,2025-09-15,336,0,1
19,2025-09-15,315,0,0
20,2025-09-15,312,0,0
21,2025-09-15,275,0,1
22,2025-09-15,75,200,0
23,2025-09-15,103,200,1
24,2025-09-15,183,100,1
25,2025-09-15,85,200,0
26,2025-09-15,177,0,0
27,2025-09-15,459,0,1
28,2025-09-15,298,0,0
29,2025-09-15,115,0,0
30,2025-09-15,0,500,0
31,2025-09-15,26,100,0
32,2025-09-15,90,0,0
33,2025-09-15,213,0,0
34,2025-09-15,570,0,0
35,2025-09-15,549,0,0
36,2025-09-15,435,0,0
37,2025-09-15,93,0,0
38,2025-09-15,123,0,0
39,2025-09-15,128,50,1
40,2025-09-15,271,0,1
41,2025-09-15,92,100,1
42,2025-09-15,141,0,0
43,2025-09-15,83,100,0
44,2025-09-15,280,0,0
45,2025-09-15,400,0,0
46,2025-09-15,359,0,0
47,2025-09-15,346,0,0
48,2025-09-15,681,0,0
49,2025-09-15,89,0,0
50,2025-09-15,820,0,0
51,2025-09-15,109,200,1
52,2025-09-15,367,0,1
53,2025-09-15,140,0,0
54,2025-09-15,0,200,0
55,2025-09-15,170,100,1
56,2025-09-15,196,0,0
57,2025-09-15,52,250,0
58,2025-09-15,120,50,0
59,2025-09-15,112,0,0
60,2025-09-15,141,50,2
61,2025-09-15,215,50,0
62,2025-09-15,261,0,3
63,2025-09-15,141,0,0
64,2025-09-15,291,0,2
65,2025-09-15,255,0,0
66,2025-09-15,94,100,0
67,2025-09-15,318,0,1
68,2025-09-15,358,0,0
69,2025-09-15,360,0,0
70,2025-09-15,471,0,0
71,2025-09-15,125,100,0
72,2025-09-15,243,0,0
73,2025-09-15,182,0,0
74,2025-09-15,567,0,0
75,2025-09-15,588,0,1
76,2025-09-15,536,0,2
77,2025-09-15,414,0,0
78,2025-09-15,237,200,0
79,2025-09-15,154,200,1
80,2025-09-15,95,0,0
81,2025-09-15,176,50,0
82,2025-09-15,149,0,0
83,2025-09-15,475,0,0
84,2025-09-15,186,0,0
85,2025-09-15,199,0,0
86,2025-09-15,208,0,1
87,2025-09-15,259,0,0
88,2025-09-15,503,0,0
89,2025-09-15,172,0,0
90,2025-09-15,109,200,0
91,2025-09-15,226,100,0
92,2025-09-15,267,0,1
93,2025-09-15,261,200,1
94,2025-09-15,147,200,1
95,2025-09-15,99,100,1
96,2025-09-15,94,250,1
97,2025-09-15,15,150,0
98,2025-09-15,223,0,1
99,2025-09-15,846,0,0
100,2025-09-15,5,200,1
101,2025-09-15,99,150,0
102,2025-09-15,151,100,1
103,2025-09-15,789,0,0
104,2025-09-15,376,0,1
105,2025-09-15,252,0,5
106,2025-09-15,1049,0,0
107,2025-09-15,124,0,0
108,2025-09-15,225,0,1
109,2025-09-15,442,0,0
110,2025-09-15,179,100,1
111,2025-09-15,279,500,0
112,2025-09-15,476,0,0
113,2025-09-15,141,0,0
114,2025-09-15,194,200,1
115,2025-09-15,173,0,0
116,2025-09-15,176,200,0
117,2025-09-15,192,500,2
118,2025-09-15,342,0,1
119,2025-09-15,221,100,2
120,2025-09-15,591,0,0
1,2025-09-16,274,0,2
2,2025-09-16,259,200,0
3,2025-09-16,117,150,0
4,2025-09-16,127,0,0
5,2025-09-16,52,0,0
6,2025-09-16,327,0,1
7,2025-09-16,875,0,0
8,2025-09-16,304,0,1
9,2025-09-16,131,0,3
10,2025-09-16,109,100,1
11,2025-09-16,575,0,0
12,2025-09-16,46,150,2
13,2025-09-16,440,0,0
14,2025-09-16,69,200,1
15,2025-09-16,98,0,0
16,2025-09-16,110,500,0
17,2025-09-16,301,0,0
18,2025-09-16,326,0,0
19,2025-09-16,313,0,0
20,2025-09-16,295,0,1
21,2025-09-16,257,0,1
22,2025-09-16,71,200,0
23,2025-09-16,69,250,3
24,2025-09-16,167,200,2
25,2025-09-16,76,200,1
26,2025-09-16,168,0,0
27,2025-09-16,442,0,1
28,2025-09-16,293,0,0
29,2025-09-16,113,0,0
30,2025-09-16,0,500,0
31,2025-09-16,22,100,0
32,2025-09-16,85,0,0
33,2025-09-16,199,0,1
34,2025-09-16,565,0,0
35,2025-09-16,546,0,0
36,2025-09-16,429,0,0
37,2025-09-16,91,0,0
38,2025-09-16,118,0,0
39,2025-09-16,120,50,1
40,2025-09-16,259,0,1
41,2025-09-16,82,200,0
42,2025-09-16,137,0,0
43,2025-09-16,78,100,0
44,2025-09-16,274,0,0
45,2025-09-16,387,0,1
46,2025-09-16,348,0,1
47,2025-09-16,337,0,0
48,2025-09-16,662,0,2
49,2025-09-16,86,0,0
50,2025-09-16,815,0,0
51,2025-09-16,98,200,1
52,2025-09-16,352,0,0
53,2025-09-16,137,0,0
54,2025-09-16,0,200,0
55,2025-09-16,190,100,1
56,2025-09-16,189,0,0
57,2025-09-16,43,250,0
58,2025-09-16,115,100,0
59,2025-09-16,109,0,0
60,2025-09-16,137,50,0
61,2025-09-16,254,0,1
62,2025-09-16,253,0,0
63,2025-09-16,130,0,1
64,2025-09-16,272,200,2
65,2025-09-16,243,100,0
66,2025-09-16,127,50,1
67,2025-09-16,310,0,0
68,2025-09-16,349,0,1
69,2025-09-16,352,0,1
70,2025-09-16,466,0,0
71,2025-09-16,119,100,0
72,2025-09-16,239,0,0
73,2025-09-16,179,0,0
74,2025-09-16,562,0,0
75,2025-09-16,571,0,1
76,2025-09-16,518,0,1
77,2025-09-16,412,0,0
78,2025-09-16,212,200,2
79,2025-09-16,241,100,1
80,2025-09-16,92,0,0
81,2025-09-16,175,100,0
82,2025-09-16,139,0,1
83,2025-09-16,461,0,2
84,2025-09-16,174,100,1
85,2025-09-16,197,0,0
86,2025-09-16,204,0,0
87,2025-09-16,249,0,0
88,2025-09-16,499,0,0
89,2025-09-16,170,0,0
90,2025-09-16,100,200,1
91,2025-09-16,210,100,2
92,2025-09-16,252,0,1
93,2025-09-16,240,200,2
94,2025-09-16,133,200,1
95,2025-09-16,89,100,1
96,2025-09-16,77,250,0
97,2025-09-16,10,150,0
98,2025-09-16,208,0,1
99,2025-09-16,844,0,0
100,2025-09-16,0,200,0
101,2025-09-16,142,100,0
102,2025-09-16,139,100,1
103,2025-09-16,785,0,0
104,2025-09-16,374,0,0
105,2025-09-16,247,0,0
106,2025-09-16,1044,0,0
107,2025-09-16,118,0,0
108,2025-09-16,218,0,0
109,2025-09-16,435,0,1
110,2025-09-16,168,100,0
111,2025-09-16,767,0,1
112,2025-09-16,463,0,1
113,2025-09-16,138,0,0
114,2025-09-16,182,200,1
115,2025-09-16,164,0,1
116,2025-09-16,168,200,0
117,2025-09-16,181,500,1
118,2025-09-16,340,0,0
119,2025-09-16,210,100,0
120,2025-09-16,586,0,0
1,2025-09-17,250,100,1
2,2025-09-17,247,200,0
3,2025-09-17,112,150,0
4,2025-09-17,122,0,0
5,2025-09-17,50,50,0
6,2025-09-17,319,0,0
7,2025-09-17,873,0,0
8,2025-09-17,291,0,1
9,2025-09-17,124,0,0
10,2025-09-17,108,100,0
11,2025-09-17,560,0,0
12,2025-09-17,131,100,0
13,2025-09-17,429,0,0
14,2025-09-17,51,250,1
15,2025-09-17,94,0,0
16,2025-09-17,603,0,0
17,2025-09-17,291,0,0
18,2025-09-17,312,0,0
19,2025-09-17,307,0,0
20,2025-09-17,293,0,0
21,2025-09-17,238,0,2
22,2025-09-17,64,200,0
23,2025-09-17,51,300,1
24,2025-09-17,156,200,0
25,2025-09-17,71,200,0
26,2025-09-17,156,0,1
27,2025-09-17,433,0,1
28,2025-09-17,278,0,1
29,2025-09-17,110,0,0
30,2025-09-17,0,500,0
31,2025-09-17,19,100,0
32,2025-09-17,84,0,0
33,2025-09-17,190,0,0
34,2025-09-17,562,0,0
35,2025-09-17,540,0,0
36,2025-09-17,422,0,1
37,2025-09-17,88,0,0
38,2025-09-17,113,0,0
39,2025-09-17,114,100,0
40,2025-09-17,250,0,1
41,2025-09-17,73,200,1
42,2025-09-17,129,0,1
43,2025-09-17,77,100,0
44,2025-09-17,271,0,0
45,2025-09-17,376,0,0
46,2025-09-17,339,0,1
47,2025-09-17,333,0,0
48,2025-09-17,662,0,18
49,2025-09-17,85,0,0
50,2025-09-17,809,0,0
51,2025-09-17,87,200,1
52,2025-09-17,333,0,1
53,2025-09-17,134,0,0
54,2025-09-17,0,200,0
55,2025-09-17,166,100,0
56,2025-09-17,180,0,0
57,2025-09-17,126,150,1
58,2025-09-17,156,50,1
59,2025-09-17,106,0,0
60,2025-09-17,128,50,0
61,2025-09-17,243,0,0
62,2025-09-17,246,0,0
63,2025-09-17,122,50,0
64,2025-09-17,267,200,0
65,2025-09-17,228,100,2
66,2025-09-17,119,100,1
67,2025-09-17,308,0,0
68,2025-09-17,341,0,1
69,2025-09-17,345,0,0
70,2025-09-17,464,0,0
71,2025-09-17,113,100,0
72,2025-09-17,235,0,0
73,2025-09-17,177,0,0
74,2025-09-17,555,0,0
75,2025-09-17,555,0,1
76,2025-09-17,508,0,1
77,2025-09-17,410,0,0
78,2025-09-17,199,200,1
79,2025-09-17,225,100,2
80,2025-09-17,90,0,0
81,2025-09-17,167,100,1
82,2025-09-17,136,50,0
83,2025-09-17,451,0,1
84,2025-09-17,163,100,1
85,2025-09-17,195,0,0
86,2025-09-17,199,0,0
87,2025-09-17,244,0,0
88,2025-09-17,493,0,0
89,2025-09-17,167,0,0
90,2025-09-17,94,200,0
91,2025-09-17,199,100,0
92,2025-09-17,240,0,1
93,2025-09-17,232,200,0
94,2025-09-17,126,200,0
95,2025-09-17,84,200,0
96,2025-09-17,73,250,0
97,2025-09-17,7,150,0
98,2025-09-17,201,0,0
99,2025-09-17,844,0,25
100,2025-09-17,0,200,0
101,2025-09-17,134,100,1
102,2025-09-17,132,100,1
103,2025-09-17,782,0,0
104,2025-09-17,366,0,0
105,2025-09-17,244,0,0
106,2025-09-17,1038,0,0
107,2025-09-17,115,50,0
108,2025-09-17,207,0,0
109,2025-09-17,427,0,1
110,2025-09-17,163,100,0
111,2025-09-17,758,0,1
112,2025-09-17,452,0,0
113,2025-09-17,135,0,0
114,2025-09-17,166,200,1
115,2025-09-17,159,0,0
116,2025-09-17,156,200,1
117,2025-09-17,180,500,0
118,2025-09-17,328,0,1
119,2025-09-17,195,100,0
120,2025-09-17,580,0,0
1,2025-09-18,242,100,0
2,2025-09-18,223,200,2
3,2025-09-18,106,200,0
4,2025-09-18,120,0,0
5,2025-09-18,47,50,0
6,2025-09-18,305,200,1
7,2025-09-18,871,0,0
8,2025-09-18,278,0,1
9,2025-09-18,117,0,0
10,2025-09-18,108,100,2
11,2025-09-18,549,0,1
12,2025-09-18,173,50,0
13,2025-09-18,422,0,0
14,2025-09-18,41,250,0
15,2025-09-18,94,0,1
16,2025-09-18,600,0,0
17,2025-09-18,275,0,2
18,2025-09-18,296,0,2
19,2025-09-18,304,0,0
20,2025-09-18,286,200,0
21,2025-09-18,221,100,2
22,2025-09-18,59,200,0
23,2025-09-18,29,300,1
24,2025-09-18,248,100,0
25,2025-09-18,63,200,1
26,2025-09-18,147,0,1
27,2025-09-18,428,0,0
28,2025-09-18,266,0,1
29,2025-09-18,110,0,2
30,2025-09-18,0,500,0
31,2025-09-18,15,100,0
32,2025-09-18,81,0,0
33,2025-09-18,180,100,0
34,2025-09-18,560,0,0
35,2025-09-18,539,0,0
36,2025-09-18,415,0,0
37,2025-09-18,85,0,0
38,2025-09-18,109,0,0
39,2025-09-18,103,100,1
40,2025-09-18,246,0,0
41,2025-09-18,65,200,0
42,2025-09-18,122,50,0
43,2025-09-18,68,100,0
44,2025-09-18,265,0,0
45,2025-09-18,363,0,1
46,2025-09-18,320,0,1
47,2025-09-18,322,0,0
48,2025-09-18,660,0,0
49,2025-09-18,82,0,0
50,2025-09-18,807,0,0
51,2025-09-18,71,200,1
52,2025-09-18,327,0,0
53,2025-09-18,126,0,0
54,2025-09-18,0,200,0
55,2025-09-18,160,150,0
56,2025-09-18,176,0,0
57,2025-09-18,116,150,0
58,2025-09-18,148,50,1
59,2025-09-18,101,0,0
60,2025-09-18,119,100,0
61,2025-09-18,243,0,6
62,2025-09-18,243,0,0
63,2025-09-18,108,50,1
64,2025-09-18,253,200,1
65,2025-09-18,215,100,0
66,2025-09-18,111,100,0
67,2025-09-18,305,0,0
68,2025-09-18,332,0,1
69,2025-09-18,335,0,1
70,2025-09-18,461,0,0
71,2025-09-18,96,100,2
72,2025-09-18,231,0,0
73,2025-09-18,176,0,0
74,2025-09-18,546,0,1
75,2025-09-18,540,0,0
76,2025-09-18,496,0,0
77,2025-09-18,409,0,0
78,2025-09-18,199,200,3
79,2025-09-18,207,100,2
80,2025-09-18,87,0,0
81,2025-09-18,159,100,0
82,2025-09-18,129,50,0
83,2025-09-18,443,0,1
84,2025-09-18,148,100,0
85,2025-09-18,194,0,0
86,2025-09-18,193,0,0
87,2025-09-18,240,0,0
88,2025-09-18,484,0,1
89,2025-09-18,163,0,0
90,2025-09-18,84,200,0
91,2025-09-18,192,100,0
92,2025-09-18,225,0,0
93,2025-09-18,421,0,0
94,2025-09-18,102,200,1
95,2025-09-18,64,200,0
96,2025-09-18,113,200,1
97,2025-09-18,1,150,0
98,2025-09-18,194,0,1
99,2025-09-18,836,0,1
100,2025-09-18,0,200,0
101,2025-09-18,123,150,0
102,2025-09-18,221,0,1
103,2025-09-18,779,0,0
104,2025-09-18,349,0,1
105,2025-09-18,240,0,0
106,2025-09-18,1034,0,0
107,2025-09-18,109,50,0
108,2025-09-18,202,0,0
109,2025-09-18,419,0,0
110,2025-09-18,152,100,0
111,2025-09-18,742,0,1
112,2025-09-18,437,0,2
113,2025-09-18,131,0,0
114,2025-09-18,156,200,0
115,2025-09-18,154,0,0
116,2025-09-18,149,200,0
117,2025-09-18,172,500,1
118,2025-09-18,316,0,0
119,2025-09-18,179,200,1
120,2025-09-18,576,0,0
1,2025-09-19,229,100,1
2,2025-09-19,203,200,2
3,2025-09-19,89,200,1
4,2025-09-19,119,0,0
5,2025-09-19,44,50,0
6,2025-09-19,305,200,3
7,2025-09-19,869,0,0
8,2025-09-19,268,0,0
9,2025-09-19,112,0,0
10,2025-09-19,102,200,0
11,2025-09-19,547,0,0
12,2025-09-19,167,50,0
13,2025-09-19,409,0,1
14,2025-09-19,41,250,0
15,2025-09-19,89,0,0
16,2025-09-19,595,0,0
17,2025-09-19,265,0,1
18,2025-09-19,281,0,0
19,2025-09-19,302,0,0
20,2025-09-19,463,0,3
21,2025-09-19,209,100,1
22,2025-09-19,54,200,0
23,2025-09-19,14,300,1
24,2025-09-19,230,100,1
25,2025-09-19,50,300,1
26,2025-09-19,143,0,0
27,2025-09-19,407,0,1
28,2025-09-19,255,0,0
29,2025-09-19,109,0,0
30,2025-09-19,0,500,0
31,2025-09-19,6,100,0
32,2025-09-19,80,0,0
33,2025-09-19,175,100,0
34,2025-09-19,558,0,0
35,2025-09-19,537,0,0
36,2025-09-19,407,0,1
37,2025-09-19,82,0,0
38,2025-09-19,106,0,0
39,2025-09-19,96,100,0
40,2025-09-19,237,0,0
41,2025-09-19,51,200,1
42,2025-09-19,172,0,2
43,2025-09-19,57,100,1
44,2025-09-19,262,0,0
45,2025-09-19,350,0,1
46,2025-09-19,307,500,0
47,2025-09-19,314,0,0
48,2025-09-19,652,0,1
49,2025-09-19,79,0,0
50,2025-09-19,801,0,0
51,2025-09-19,253,0,1
52,2025-09-19,313,0,0
53,2025-09-19,122,0,0
54,2025-09-19,0,200,0
55,2025-09-19,148,150,0
56,2025-09-19,172,0,0
57,2025-09-19,104,200,1
58,2025-09-19,132,50,0
59,2025-09-19,98,0,0
60,2025-09-19,109,100,1
61,2025-09-19,234,0,0
62,2025-09-19,233,0,0
63,2025-09-19,104,50,0
64,2025-09-19,241,200,0
65,2025-09-19,203,100,0
66,2025-09-19,105,150,0
67,2025-09-19,296,0,0
68,2025-09-19,314,0,1
69,2025-09-19,325,0,0
70,2025-09-19,457,0,0
71,2025-09-19,92,100,0
72,2025-09-19,225,0,0
73,2025-09-19,174,0,0
74,2025-09-19,538,0,1
75,2025-09-19,519,0,2
76,2025-09-19,496,0,11
77,2025-09-19,408,0,0
78,2025-09-19,199,200,2
79,2025-09-19,202,100,0
80,2025-09-19,85,0,0
81,2025-09-19,195,50,1
82,2025-09-19,120,50,0
83,2025-09-19,431,0,1
84,2025-09-19,137,100,1
85,2025-09-19,194,0,3
86,2025-09-19,184,200,0
87,2025-09-19,235,0,0
88,2025-09-19,476,0,0
89,2025-09-19,160,0,0
90,2025-09-19,75,200,1
91,2025-09-19,180,100,1
92,2025-09-19,213,100,1
93,2025-09-19,411,0,1
94,2025-09-19,86,200,1
95,2025-09-19,58,200,0
96,2025-09-19,90,250,1
97,2025-09-19,0,150,0
98,2025-09-19,194,0,3
99,2025-09-19,833,0,0
100,2025-09-19,94,100,0
101,2025-09-19,166,100,0
102,2025-09-19,206,0,2
103,2025-09-19,776,0,0
104,2025-09-19,335,0,1
105,2025-09-19,238,0,0
106,2025-09-19,1031,0,0
107,2025-09-19,105,50,0
108,2025-09-19,200,0,0
109,2025-09-19,409,0,1
110,2025-09-19,142,100,1
111,2025-09-19,728,0,1
112,2025-09-19,426,0,0
113,2025-09-19,130,0,0
114,2025-09-19,149,200,0
115,2025-09-19,149,0,0
116,2025-09-19,135,200,1
117,2025-09-19,155,500,2
118,2025-09-19,304,0,1
119,2025-09-19,154,200,2
120,2025-09-19,569,0,0
1,2025-09-20,219,100,0
2,2025-09-20,187,200,0
3,2025-09-20,113,200,2
4,2025-09-20,115,0,0
5,2025-09-20,42,50,0
6,2025-09-20,297,200,0
7,2025-09-20,867,0,0
8,2025-09-20,262,0,0
9,2025-09-20,108,0,0
10,2025-09-20,92,200,1
11,2025-09-20,547,0,11
12,2025-09-20,153,50,1
13,2025-09-20,399,0,1
14,2025-09-20,28,250,1
15,2025-09-20,84,0,0
16,2025-09-20,586,0,0
17,2025-09-20,258,0,0
18,2025-09-20,275,0,0
19,2025-09-20,297,0,0
20,2025-09-20,458,0,0
21,2025-09-20,194,100,0
22,2025-09-20,249,0,0
23,2025-09-20,43,250,1
24,2025-09-20,227,100,0
25,2025-09-20,38,300,1
26,2025-09-20,142,0,0
27,2025-09-20,404,0,0
28,2025-09-20,242,0,0
29,2025-09-20,107,0,0
30,2025-09-20,0,500,0
31,2025-09-20,2,100,0
32,2025-09-20,79,0,0
33,2025-09-20,170,100,0
34,2025-09-20,548,0,1
35,2025-09-20,532,0,0
36,2025-09-20,403,0,0
37,2025-09-20,79,0,0
38,2025-09-20,100,0,0
39,2025-09-20,87,100,0
40,2025-09-20,229,0,0
41,2025-09-20,44,200,0
42,2025-09-20,163,0,0
43,2025-09-20,51,100,0
44,2025-09-20,257,0,0
45,2025-09-20,333,0,1
46,2025-09-20,295,500,1
47,2025-09-20,304,0,0
48,2025-09-20,643,0,0
49,2025-09-20,77,0,0
50,2025-09-20,796,0,0
51,2025-09-20,243,200,1
52,2025-09-20,307,0,0
53,2025-09-20,117,0,0
54,2025-09-20,0,200,0
55,2025-09-20,136,150,0
56,2025-09-20,172,0,2
57,2025-09-20,87,200,0
58,2025-09-20,120,50,1
59,2025-09-20,94,0,0
60,2025-09-20,176,0,1
61,2025-09-20,226,50,1
62,2025-09-20,224,0,1
63,2025-09-20,99,50,0
64,2025-09-20,234,200,0
65,2025-09-20,188,100,1
66,2025-09-20,85,150,2
67,2025-09-20,281,0,0
68,2025-09-20,297,0,1
69,2025-09-20,315,0,0
70,2025-09-20,454,0,0
71,2025-09-20,85,100,0
72,2025-09-20,221,0,0
73,2025-09-20,170,0,0
74,2025-09-20,523,0,1
75,2025-09-20,512,0,0
76,2025-09-20,492,0,0
77,2025-09-20,407,0,0
78,2025-09-20,182,200,2
79,2025-09-20,170,200,3
80,2025-09-20,80,0,0
81,2025-09-20,178,100,2
82,2025-09-20,115,50,0
83,2025-09-20,423,0,0
84,2025-09-20,134,100,0
85,2025-09-20,192,0,0
86,2025-09-20,171,200,0
87,2025-09-20,222,0,1
88,2025-09-20,466,0,1
89,2025-09-20,156,0,0
90,2025-09-20,68,200,0
91,2025-09-20,167,100,1
92,2025-09-20,200,100,1
93,2025-09-20,407,0,0
94,2025-09-20,68,400,2
95,2025-09-20,50,200,1
96,2025-09-20,119,200,3
97,2025-09-20,0,150,0
98,2025-09-20,184,0,1
99,2025-09-20,831,0,0
100,2025-09-20,87,100,0
101,2025-09-20,151,100,1
102,2025-09-20,196,0,0
103,2025-09-20,775,0,0
104,2025-09-20,321,0,1
105,2025-09-20,233,0,0
106,2025-09-20,1024,0,0
107,2025-09-20,97,50,1
108,2025-09-20,193,0,0
109,2025-09-20,402,0,0
110,2025-09-20,133,100,1
111,2025-09-20,716,0,0
112,2025-09-20,413,0,0
113,2025-09-20,127,0,0
114,2025-09-20,132,200,1
115,2025-09-20,144,0,0
116,2025-09-20,129,200,0
117,2025-09-20,643,0,1
118,2025-09-20,301,0,0
119,2025-09-20,149,200,0
120,2025-09-20,563,0,0
1,2025-09-21,200,100,2
2,2025-09-21,172,200,1
3,2025-09-21,106,200,0
4,2025-09-21,111,0,0
5,2025-09-21,38,50,0
6,2025-09-21,281,200,2
7,2025-09-21,865,0,0
8,2025-09-21,237,100,3
9,2025-09-21,106,0,0
10,2025-09-21,79,200,1
11,2025-09-21,534,0,1
12,2025-09-21,195,50,0
13,2025-09-21,366,0,3
14,2025-09-21,13,300,2
15,2025-09-21,79,0,0
16,2025-09-21,577,0,1
17,2025-09-21,246,0,1
18,2025-09-21,263,0,1
19,2025-09-21,292,0,0
20,2025-09-21,443,0,1
21,2025-09-21,190,100,0
22,2025-09-21,247,0,0
23,2025-09-21,68,250,1
24,2025-09-21,206,100,1
25,2025-09-21,29,300,1
26,2025-09-21,138,0,0
27,2025-09-21,395,0,1
28,2025-09-21,226,0,0
29,2025-09-21,107,0,2
30,2025-09-21,0,500,0
31,2025-09-21,0,100,0
32,2025-09-21,78,0,0
33,2025-09-21,160,100,0
34,2025-09-21,544,0,0
35,2025-09-21,530,0,0
36,2025-09-21,398,0,0
37,2025-09-21,76,0,0
38,2025-09-21,97,0,0
39,2025-09-21,79,100,1
40,2025-09-21,212,0,1
41,2025-09-21,131,100,0
42,2025-09-21,155,0,0
43,2025-09-21,46,100,0
44,2025-09-21,252,0,0
45,2025-09-21,317,0,2
46,2025-09-21,288,500,0
47,2025-09-21,291,0,0
48,2025-09-21,634,0,0
49,2025-09-21,75,0,0
50,2025-09-21,791,0,0
51,2025-09-21,236,200,0
52,2025-09-21,297,200,0
53,2025-09-21,112,0,0
54,2025-09-21,191,0,0
55,2025-09-21,159,150,2
56,2025-09-21,164,0,0
57,2025-09-21,72,200,1
58,2025-09-21,98,100,3
59,2025-09-21,90,0,0
60,2025-09-21,165,50,1
61,2025-09-21,226,50,4
62,2025-09-21,217,0,0
63,2025-09-21,91,50,0
64,2025-09-21,425,0,0
65,2025-09-21,174,100,1
66,2025-09-21,70,150,1
67,2025-09-21,270,0,0
68,2025-09-21,285,0,1
69,2025-09-21,308,0,0
70,2025-09-21,450,0,0
71,2025-09-21,128,50,0
72,2025-09-21,217,0,0
73,2025-09-21,168,0,0
74,2025-09-21,517,0,0
75,2025-09-21,499,0,1
76,2025-09-21,483,0,0
77,2025-09-21,404,0,0
78,2025-09-21,367,0,1
79,2025-09-21,154,200,1
80,2025-09-21,77,0,0
81,2025-09-21,170,100,1
82,2025-09-21,104,50,1
83,2025-09-21,398,0,3
84,2025-09-21,128,100,0
85,2025-09-21,190,0,0
86,2025-09-21,364,0,0
87,2025-09-21,215,0,0
88,2025-09-21,458,0,0
89,2025-09-21,153,0,0
90,2025-09-21,57,200,1
91,2025-09-21,149,200,1
92,2025-09-21,184,100,0
93,2025-09-21,391,0,1
94,2025-09-21,53,400,1
95,2025-09-21,44,200,0
96,2025-09-21,103,200,1
97,2025-09-21,0,150,0
98,2025-09-21,171,100,1
99,2025-09-21,827,0,0
100,2025-09-21,78,100,1
101,2025-09-21,142,100,0
102,2025-09-21,178,100,2
103,2025-09-21,773,0,0
104,2025-09-21,314,0,0
105,2025-09-21,229,0,0
106,2025-09-21,1019,0,0
107,2025-09-21,89,50,0
108,2025-09-21,181,0,0
109,2025-09-21,400,0,0
110,2025-09-21,123,100,1
111,2025-09-21,705,0,0
112,2025-09-21,400,0,0
113,2025-09-21,125,0,0
114,2025-09-21,118,200,1
115,2025-09-21,140,0,0
116,2025-09-21,123,200,0
117,2025-09-21,620,0,2
118,2025-09-21,290,0,1
119,2025-09-21,230,100,2
120,2025-09-21,561,0,0
1,2025-09-22,198,100,0
2,2025-09-22,162,200,1
3,2025-09-22,88,200,2
4,2025-09-22,105,0,0
5,2025-09-22,85,0,0
6,2025-09-22,270,200,0
7,2025-09-22,862,0,0
8,2025-09-22,219,100,1
9,2025-09-22,98,200,0
10,2025-09-22,76,200,0
11,2025-09-22,523,0,1
12,2025-09-22,188,50,0
13,2025-09-22,350,0,1
14,2025-09-22,1,300,0
15,2025-09-22,78,100,0
16,2025-09-22,571,0,0
17,2025-09-22,239,0,0
18,2025-09-22,252,500,1
19,2025-09-22,289,0,0
20,2025-09-22,424,0,2
21,2025-09-22,176,100,1
22,2025-09-22,244,0,0
23,2025-09-22,100,200,1
24,2025-09-22,197,100,0
25,2025-09-22,116,200,1
26,2025-09-22,131,0,0
27,2025-09-22,378,0,0
28,2025-09-22,218,200,0
29,2025-09-22,98,0,1
30,2025-09-22,0,500,0
31,2025-09-22,0,100,0
32,2025-09-22,76,500,0
33,2025-09-22,217,0,0
34,2025-09-22,533,0,1
35,2025-09-22,528,0,0
36,2025-09-22,392,0,0
37,2025-09-22,74,0,0
38,2025-09-22,95,0,0
39,2025-09-22,120,50,1
40,2025-09-22,207,0,0
41,2025-09-22,116,100,1
42,2025-09-22,153,0,0
43,2025-09-22,43,100,0
44,2025-09-22,247,0,0
45,2025-09-22,301,0,2
46,2025-09-22,273,500,1
47,2025-09-22,285,0,0
48,2025-09-22,628,0,0
49,2025-09-22,73,0,0
50,2025-09-22,789,0,0
51,2025-09-22,215,200,2
52,2025-09-22,283,200,2
53,2025-09-22,111,0,0
54,2025-09-22,184,0,0
55,2025-09-22,193,100,0
56,2025-09-22,153,0,1
57,2025-09-22,62,250,1
58,2025-09-22,90,100,0
59,2025-09-22,86,0,0
60,2025-09-22,161,50,0
61,2025-09-22,214,50,1
62,2025-09-22,209,0,1
63,2025-09-22,83,50,1
64,2025-09-22,411,0,1
65,2025-09-22,172,100,0
66,2025-09-22,110,100,0
67,2025-09-22,266,0,0
68,2025-09-22,264,0,1
69,2025-09-22,292,0,0
70,2025-09-22,449,0,0
71,2025-09-22,172,50,0
72,2025-09-22,217,0,4
73,2025-09-22,165,0,0
74,2025-09-22,512,0,0
75,2025-09-22,485,0,1
76,2025-09-22,475,0,0
77,2025-09-22,404,0,6
78,2025-09-22,353,0,0
79,2025-09-22,130,200,3
80,2025-09-22,75,0,0
81,2025-09-22,162,100,1
82,2025-09-22,98,100,0
83,2025-09-22,387,0,0
84,2025-09-22,121,100,1
85,2025-09-22,189,0,0
86,2025-09-22,349,0,1
87,2025-09-22,215,0,5
88,2025-09-22,441,0,0
89,2025-09-22,149,0,0
90,2025-09-22,43,200,1
91,2025-09-22,135,200,0
92,2025-09-22,178,100,0
93,2025-09-22,371,0,1
94,2025-09-22,234,200,2
95,2025-09-22,37,200,0
96,2025-09-22,87,250,2
97,2025-09-22,0,150,0
98,2025-09-22,171,100,2
99,2025-09-22,826,0,0
100,2025-09-22,68,200,0
101,2025-09-22,184,100,1
102,2025-09-22,169,100,1
103,2025-09-22,770,0,0
104,2025-09-22,310,0,0
105,2025-09-22,228,0,0
106,2025-09-22,1016,0,0
107,2025-09-22,83,50,0
108,2025-09-22,177,0,0
109,2025-09-22,387,0,1
110,2025-09-22,117,100,0
111,2025-09-22,686,0,1
112,2025-09-22,391,0,0
113,2025-09-22,123,0,0
114,2025-09-22,108,200,0
115,2025-09-22,134,0,0
116,2025-09-22,115,200,1
117,2025-09-22,607,0,1
118,2025-09-22,280,0,0
119,2025-09-22,221,100,1
120,2025-09-22,553,0,0
1,2025-09-23,190,100,1
2,2025-09-23,136,200,3
3,2025-09-23,71,200,2
4,2025-09-23,102,0,0
5,2025-09-23,83,0,0
6,2025-09-23,260,200,0
7,2025-09-23,861,0,0
8,2025-09-23,204,100,1
9,2025-09-23,90,200,0
10,2025-09-23,165,100,1
11,2025-09-23,515,0,0
12,2025-09-23,181,50,0
13,2025-09-23,332,0,1
14,2025-09-23,0,300,0
15,2025-09-23,75,100,0
16,2025-09-23,563,0,0
17,2025-09-23,232,0,0
18,2025-09-23,241,500,0
19,2025-09-23,289,0,3
20,2025-09-23,407,0,1
21,2025-09-23,173,100,0
22,2025-09-23,238,0,0
23,2025-09-23,89,200,0
24,2025-09-23,185,100,1
25,2025-09-23,101,200,1
26,2025-09-23,127,0,0
27,2025-09-23,367,0,0
28,2025-09-23,206,200,1
29,2025-09-23,94,0,0
30,2025-09-23,485,0,0
31,2025-09-23,0,100,0
32,2025-09-23,73,500,0
33,2025-09-23,210,0,0
34,2025-09-23,528,0,0
35,2025-09-23,524,0,0
36,2025-09-23,387,0,0
37,2025-09-23,71,0,0
38,2025-09-23,94,0,0
39,2025-09-23,111,50,0
40,2025-09-23,199,0,0
41,2025-09-23,111,100,0
42,2025-09-23,150,0,0
43,2025-09-23,41,100,0
44,2025-09-23,243,0,0
45,2025-09-23,283,200,2
46,2025-09-23,261,500,1
47,2025-09-23,273,0,1
48,2025-09-23,616,0,1
49,2025-09-23,70,0,0
50,2025-09-23,786,0,0
51,2025-09-23,201,200,0
52,2025-09-23,261,200,1
53,2025-09-23,106,0,0
54,2025-09-23,177,0,0
55,2025-09-23,185,100,1
56,2025-09-23,153,0,2
57,2025-09-23,52,250,0
58,2025-09-23,85,150,0
59,2025-09-23,84,0,0
60,2025-09-23,153,50,0
61,2025-09-23,258,0,0
62,2025-09-23,206,0,0
63,2025-09-23,76,50,1
64,2025-09-23,405,0,0
65,2025-09-23,161,100,1
66,2025-09-23,107,100,0
67,2025-09-23,257,0,1
68,2025-09-23,249,200,0
69,2025-09-23,280,0,1
70,2025-09-23,444,0,0
71,2025-09-23,164,50,0
72,2025-09-23,215,0,0
73,2025-09-23,163,0,0
74,2025-09-23,504,0,1
75,2025-09-23,472,0,1
76,2025-09-23,457,0,2
77,2025-09-23,401,0,0
78,2025-09-23,340,0,1
79,2025-09-23,114,200,2
80,2025-09-23,74,0,0
81,2025-09-23,150,100,0
82,2025-09-23,95,100,0
83,2025-09-23,378,0,0
84,2025-09-23,114,100,0
85,2025-09-23,187,0,0
86,2025-09-23,344,0,0
87,2025-09-23,210,0,0
88,2025-09-23,436,0,0
89,2025-09-23,144,0,0
90,2025-09-23,35,200,1
91,2025-09-23,323,0,1
92,2025-09-23,266,0,1
93,2025-09-23,356,0,1
94,2025-09-23,225,200,0
95,2025-09-23,30,200,0
96,2025-09-23,72,250,1
97,2025-09-23,0,150,0
98,2025-09-23,165,100,0
99,2025-09-23,825,0,0
100,2025-09-23,60,200,0
101,2025-09-23,175,100,0
102,2025-09-23,160,100,0
103,2025-09-23,769,0,0
104,2025-09-23,298,0,1
105,2025-09-23,224,0,0
106,2025-09-23,1012,0,0
107,2025-09-23,73,50,1
108,2025-09-23,172,0,0
109,2025-09-23,377,0,0
110,2025-09-23,108,100,0
111,2025-09-23,670,0,2
112,2025-09-23,382,0,0
113,2025-09-23,121,0,0
114,2025-09-23,100,200,0
115,2025-09-23,130,0,0
116,2025-09-23,108,200,0
117,2025-09-23,596,0,1
118,2025-09-23,269,0,1
119,2025-09-23,206,100,0
120,2025-09-23,547,0,0
1,2025-09-24,186,100,0
2,2025-09-24,124,200,1
3,2025-09-24,59,250,0
4,2025-09-24,101,0,0
5,2025-09-24,81,0,0
6,2025-09-24,246,200,1
7,2025-09-24,858,0,0
8,2025-09-24,190,100,0
9,2025-09-24,89,200,0
10,2025-09-24,150,100,0
11,2025-09-24,507,0,0
12,2025-09-24,175,50,0
13,2025-09-24,316,0,1
14,2025-09-24,34,250,1
15,2025-09-24,72,100,0
16,2025-09-24,557,0,0
17,2025-09-24,220,0,1
18,2025-09-24,233,500,0
19,2025-09-24,289,0,5
20,2025-09-24,391,0,1
21,2025-09-24,158,100,2
22,2025-09-24,237,0,0
23,2025-09-24,76,250,1
24,2025-09-24,174,100,1
25,2025-09-24,87,200,1
26,2025-09-24,126,0,0
27,2025-09-24,364,0,0
28,2025-09-24,194,200,1
29,2025-09-24,92,0,0
30,2025-09-24,470,0,1
31,2025-09-24,0,100,0
32,2025-09-24,72,500,0
33,2025-09-24,200,0,1
34,2025-09-24,514,0,1
35,2025-09-24,521,0,0
36,2025-09-24,380,0,0
37,2025-09-24,67,0,0
38,2025-09-24,91,0,0
39,2025-09-24,109,50,0
40,2025-09-24,188,100,1
41,2025-09-24,99,100,0
42,2025-09-24,143,0,0
43,2025-09-24,40,100,0
44,2025-09-24,241,0,0
45,2025-09-24,275,200,0
46,2025-09-24,748,0,1
47,2025-09-24,262,0,0
48,2025-09-24,611,0,0
49,2025-09-24,67,0,0
50,2025-09-24,781,0,0
51,2025-09-24,187,200,2
52,2025-09-24,249,200,1
53,2025-09-24,104,0,0
54,2025-09-24,167,0,1
55,2025-09-24,177,100,0
56,2025-09-24,145,500,1
57,2025-09-24,40,250,1
58,2025-09-24,72,150,1
59,2025-09-24,81,0,0
60,2025-09-24,145,50,0
61,2025-09-24,246,0,1
62,2025-09-24,197,0,0
63,2025-09-24,73,50,0
64,2025-09-24,376,0,2
65,2025-09-24,150,100,0
66,2025-09-24,136,100,0
67,2025-09-24,242,0,2
68,2025-09-24,238,200,0
69,2025-09-24,274,0,0
70,2025-09-24,443,0,0
71,2025-09-24,157,50,0
72,2025-09-24,210,0,0
73,2025-09-24,160,0,0
74,2025-09-24,493,0,1
75,2025-09-24,465,0,0
76,2025-09-24,444,0,0
77,2025-09-24,399,0,0
78,2025-09-24,324,0,1
79,2025-09-24,114,200,2
80,2025-09-24,72,0,0
81,2025-09-24,136,100,1
82,2025-09-24,91,100,0
83,2025-09-24,372,0,0
84,2025-09-24,103,100,0
85,2025-09-24,184,0,0
86,2025-09-24,335,0,0
87,2025-09-24,206,0,0
88,2025-09-24,431,0,0
89,2025-09-24,139,0,0
90,2025-09-24,9,200,2
91,2025-09-24,318,0,0
92,2025-09-24,253,0,0
93,2025-09-24,344,0,1
94,2025-09-24,210,200,1
95,2025-09-24,22,200,0
96,2025-09-24,50,250,1
97,2025-09-24,0,150,0
98,2025-09-24,159,100,0
99,2025-09-24,822,0,0
100,2025-09-24,51,200,0
101,2025-09-24,162,100,1
102,2025-09-24,149,100,0
103,2025-09-24,766,0,0
104,2025-09-24,289,0,1
105,2025-09-24,219,0,0
106,2025-09-24,1010,0,0
107,2025-09-24,67,50,0
108,2025-09-24,166,0,0
109,2025-09-24,372,0,0
110,2025-09-24,93,100,1
111,2025-09-24,665,0,0
112,2025-09-24,374,0,0
113,2025-09-24,121,0,3
114,2025-09-24,290,0,1
115,2025-09-24,124,0,0
116,2025-09-24,104,200,0
117,2025-09-24,596,0,15
118,2025-09-24,261,0,0
119,2025-09-24,194,100,1
120,2025-09-24,542,0,0
1,2025-09-25,179,100,0
2,2025-09-25,318,0,0
3,2025-09-25,45,250,2
4,2025-09-25,101,0,2
5,2025-09-25,78,0,0
6,2025-09-25,231,200,1
7,2025-09-25,855,0,0
8,2025-09-25,279,100,1
9,2025-09-25,84,200,0
10,2025-09-25,139,100,1
11,2025-09-25,496,0,0
12,2025-09-25,170,50,0
13,2025-09-25,302,0,1
14,2025-09-25,17,250,1
15,2025-09-25,69,100,0
16,2025-09-25,551,0,0
17,2025-09-25,201,0,0
18,2025-09-25,226,500,0
19,2025-09-25,285,0,0
20,2025-09-25,380,0,0
21,2025-09-25,140,200,1
22,2025-09-25,232,0,0
23,2025-09-25,64,250,1
24,2025-09-25,163,100,1
25,2025-09-25,70,200,1
26,2025-09-25,126,0,2
27,2025-09-25,354,0,1
28,2025-09-25,180,200,1
29,2025-09-25,90,0,0
30,2025-09-25,459,0,1
31,2025-09-25,0,100,0
32,2025-09-25,71,500,0
33,2025-09-25,190,100,0
34,2025-09-25,508,0,0
35,2025-09-25,520,0,0
36,2025-09-25,371,0,0
37,2025-09-25,64,0,0
38,2025-09-25,90,0,0
39,2025-09-25,101,100,0
40,2025-09-25,182,100,0
41,2025-09-25,191,0,0
42,2025-09-25,137,0,0
43,2025-09-25,37,100,0
44,2025-09-25,235,0,0
45,2025-09-25,256,200,1
46,2025-09-25,732,0,2
47,2025-09-25,252,0,0
48,2025-09-25,610,0,0
49,2025-09-25,64,0,0
50,2025-09-25,777,0,0
51,2025-09-25,178,200,0
52,2025-09-25,234,200,2
53,2025-09-25,98,0,0
54,2025-09-25,158,0,0
55,2025-09-25,269,0,0
56,2025-09-25,137,500,0
57,2025-09-25,29,250,1
58,2025-09-25,63,150,0
59,2025-09-25,79,0,0
60,2025-09-25,134,100,0
61,2025-09-25,234,50,1
62,2025-09-25,187,0,1
63,2025-09-25,70,100,0
64,2025-09-25,366,0,1
65,2025-09-25,140,100,1
66,2025-09-25,124,100,0
67,2025-09-25,228,0,1
68,2025-09-25,232,200,0
69,2025-09-25,265,0,0
70,2025-09-25,440,0,0
71,2025-09-25,147,50,1
72,2025-09-25,204,0,0
73,2025-09-25,159,0,0
74,2025-09-25,486,0,0
75,2025-09-25,459,0,0
76,2025-09-25,430,0,0
77,2025-09-25,398,0,0
78,2025-09-25,320,0,0
79,2025-09-25,99,200,1
80,2025-09-25,70,0,0
81,2025-09-25,169,100,1
82,2025-09-25,88,100,0
83,2025-09-25,351,0,3
84,2025-09-25,91,100,1
85,2025-09-25,180,0,0
86,2025-09-25,330,0,0
87,2025-09-25,196,0,1
88,2025-09-25,429,0,0
89,2025-09-25,135,0,0
90,2025-09-25,0,200,0
91,2025-09-25,302,0,1
92,2025-09-25,245,0,0
93,2025-09-25,327,0,2
94,2025-09-25,195,200,2
95,2025-09-25,16,200,0
96,2025-09-25,45,300,0
97,2025-09-25,0,150,0
98,2025-09-25,152,100,0
99,2025-09-25,819,0,0
100,2025-09-25,43,200,1
101,2025-09-25,153,100,0
102,2025-09-25,138,100,1
103,2025-09-25,761,0,0
104,2025-09-25,279,0,0
105,2025-09-25,213,0,0
106,2025-09-25,1006,0,0
107,2025-09-25,61,100,0
108,2025-09-25,161,0,0
109,2025-09-25,367,0,0
110,2025-09-25,82,200,0
111,2025-09-25,655,0,1
112,2025-09-25,367,0,0
113,2025-09-25,119,0,0
114,2025-09-25,279,0,1
115,2025-09-25,116,0,0
116,2025-09-25,98,200,0
117,2025-09-25,579,0,1
118,2025-09-25,250,0,1
119,2025-09-25,193,100,0
120,2025-09-25,536,0,0
1,2025-09-26,168,200,0
2,2025-09-26,296,0,2
3,2025-09-26,95,200,1
4,2025-09-26,97,0,0
5,2025-09-26,76,0,0
6,2025-09-26,220,200,1
7,2025-09-26,853,0,0
8,2025-09-26,363,0,1
9,2025-09-26,281,0,0
10,2025-09-26,128,100,1
11,2025-09-26,484,0,0
12,2025-09-26,162,50,0
13,2025-09-26,297,0,0
14,2025-09-26,57,200,1
15,2025-09-26,64,100,0
16,2025-09-26,543,0,0
17,2025-09-26,188,100,1
18,2025-09-26,205,500,1
19,2025-09-26,282,0,0
20,2025-09-26,367,0,1
21,2025-09-26,228,100,1
22,2025-09-26,227,0,0
23,2025-09-26,63,250,0
24,2025-09-26,150,200,1
25,2025-09-26,57,300,0
26,2025-09-26,119,500,0
27,2025-09-26,342,0,1
28,2025-09-26,165,200,2
29,2025-09-26,85,0,0
30,2025-09-26,453,0,0
31,2025-09-26,0,100,0
32,2025-09-26,568,0,0
33,2025-09-26,180,100,1
34,2025-09-26,504,0,0
35,2025-09-26,518,0,0
36,2025-09-26,363,0,0
37,2025-09-26,60,0,0
38,2025-09-26,86,0,0
39,2025-09-26,94,100,0
40,2025-09-26,174,100,1
41,2025-09-26,185,0,0
42,2025-09-26,133,0,0
43,2025-09-26,34,100,0
44,2025-09-26,231,0,0
45,2025-09-26,245,200,1
46,2025-09-26,715,0,1
47,2025-09-26,243,0,1
48,2025-09-26,593,0,2
49,2025-09-26,62,0,0
50,2025-09-26,772,0,0
51,2025-09-26,173,200,0
52,2025-09-26,217,200,2
53,2025-09-26,93,0,0
54,2025-09-26,155,200,0
55,2025-09-26,257,0,0
56,2025-09-26,134,500,0
57,2025-09-26,74,200,0
58,2025-09-26,105,100,0
59,2025-09-26,77,0,0
60,2025-09-26,128,100,0
61,2025-09-26,231,50,0
62,2025-09-26,174,0,1
63,2025-09-26,96,50,0
64,2025-09-26,355,0,1
65,2025-09-26,127,100,1
66,2025-09-26,112,100,1
67,2025-09-26,225,0,0
68,2025-09-26,222,200,1
69,2025-09-26,253,0,1
70,2025-09-26,436,0,0
71,2025-09-26,138,50,0
72,2025-09-26,201,0,0
73,2025-09-26,158,0,0
74,2025-09-26,479,0,0
75,2025-09-26,448,0,0
76,2025-09-26,418,0,1
77,2025-09-26,397,0,0
78,2025-09-26,303,0,0
79,2025-09-26,95,200,0
80,2025-09-26,67,0,0
81,2025-09-26,161,100,0
82,2025-09-26,81,100,0
83,2025-09-26,349,0,0
84,2025-09-26,183,100,0
85,2025-09-26,176,0,0
86,2025-09-26,320,0,0
87,2025-09-26,191,0,0
88,2025-09-26,423,0,0
89,2025-09-26,129,0,0
90,2025-09-26,0,200,0
91,2025-09-26,291,0,1
92,2025-09-26,235,0,1
93,2025-09-26,314,0,1
94,2025-09-26,181,200,1
95,2025-09-26,6,200,0
96,2025-09-26,38,300,0
97,2025-09-26,0,150,0
98,2025-09-26,145,100,0
99,2025-09-26,818,0,0
100,2025-09-26,33,200,0
101,2025-09-26,141,100,1
102,2025-09-26,127,100,1
103,2025-09-26,756,0,0
104,2025-09-26,264,0,2
105,2025-09-26,208,0,0
106,2025-09-26,1003,0,0
107,2025-09-26,57,100,0
108,2025-09-26,158,0,0
109,2025-09-26,357,0,0
110,2025-09-26,71,200,1
111,2025-09-26,637,0,1
112,2025-09-26,360,0,0
113,2025-09-26,116,0,0
114,2025-09-26,275,0,0
115,2025-09-26,111,0,0
116,2025-09-26,89,200,0
117,2025-09-26,563,0,0
118,2025-09-26,235,0,1
119,2025-09-26,177,100,1
120,2025-09-26,530,0,0
1,2025-09-27,153,200,1
2,2025-09-27,294,0,0
3,2025-09-27,80,250,1
4,2025-09-27,95,0,0
5,2025-09-27,74,0,0
6,2025-09-27,219,200,0
7,2025-09-27,849,0,0
8,2025-09-27,352,0,1
9,2025-09-27,276,0,0
10,2025-09-27,116,100,1
11,2025-09-27,475,0,0
12,2025-09-27,155,50,1
13,2025-09-27,290,0,0
14,2025-09-27,46,200,1
15,2025-09-27,57,100,0
16,2025-09-27,535,0,1
17,2025-09-27,270,0,0
18,2025-09-27,190,500,1
19,2025-09-27,276,0,0
20,2025-09-27,359,0,1
21,2025-09-27,216,100,0
22,2025-09-27,223,0,0
23,2025-09-27,47,250,1
24,2025-09-27,136,200,0
25,2025-09-27,40,300,1
26,2025-09-27,114,500,0
27,2025-09-27,320,0,1
28,2025-09-27,161,200,0
29,2025-09-27,84,0,0
30,2025-09-27,434,0,2
31,2025-09-27,0,100,0
32,2025-09-27,564,0,0
33,2025-09-27,171,100,1
34,2025-09-27,493,0,1
35,2025-09-27,515,0,0
36,2025-09-27,349,0,1
37,2025-09-27,57,100,0
38,2025-09-27,83,100,0
39,2025-09-27,114,50,1
40,2025-09-27,161,100,1
41,2025-09-27,178,100,0
42,2025-09-27,126,0,0
43,2025-09-27,28,100,0
44,2025-09-27,226,0,0
45,2025-09-27,372,0,2
46,2025-09-27,695,0,2
47,2025-09-27,232,0,1
48,2025-09-27,583,0,0
49,2025-09-27,58,0,0
50,2025-09-27,768,0,0
51,2025-09-27,152,200,1
52,2025-09-27,205,200,1
53,2025-09-27,91,0,0
54,2025-09-27,144,200,0
55,2025-09-27,245,0,0
56,2025-09-27,134,500,2
57,2025-09-27,112,150,0
58,2025-09-27,94,100,1
59,2025-09-27,75,0,0
60,2025-09-27,123,100,0
61,2025-09-27,218,50,1
62,2025-09-27,171,0,0
63,2025-09-27,88,50,0
64,2025-09-27,333,0,2
65,2025-09-27,111,200,1
66,2025-09-27,104,100,0
67,2025-09-27,213,0,1
68,2025-09-27,207,200,1
69,2025-09-27,245,0,1
70,2025-09-27,433,0,0
71,2025-09-27,132,50,0
72,2025-09-27,200,0,0
73,2025-09-27,154,0,0
74,2025-09-27,471,0,1
75,2025-09-27,429,0,2
76,2025-09-27,405,0,1
77,2025-09-27,396,0,0
78,2025-09-27,287,0,2
79,2025-09-27,75,300,2
80,2025-09-27,63,0,0
81,2025-09-27,193,50,2
82,2025-09-27,73,100,0
83,2025-09-27,346,0,0
84,2025-09-27,171,100,1
85,2025-09-27,173,0,0
86,2025-09-27,303,0,1
87,2025-09-27,178,0,1
88,2025-09-27,410,0,1
89,2025-09-27,128,0,0
90,2025-09-27,0,400,0
91,2025-09-27,276,0,2
92,2025-09-27,229,0,0
93,2025-09-27,292,0,2
94,2025-09-27,161,200,2
95,2025-09-27,89,100,2
96,2025-09-27,18,300,2
97,2025-09-27,0,150,0
98,2025-09-27,137,100,0
99,2025-09-27,813,0,0
100,2025-09-27,123,100,0
101,2025-09-27,138,100,0
102,2025-09-27,218,0,0
103,2025-09-27,751,0,0
104,2025-09-27,247,200,0
105,2025-09-27,202,0,0
106,2025-09-27,1001,0,0
107,2025-09-27,54,100,0
108,2025-09-27,149,0,1
109,2025-09-27,352,0,0
110,2025-09-27,67,200,0
111,2025-09-27,622,0,0
112,2025-09-27,348,0,0
113,2025-09-27,111,0,0
114,2025-09-27,261,0,1
115,2025-09-27,105,100,0
116,2025-09-27,83,200,0
117,2025-09-27,547,0,1
118,2025-09-27,224,200,1
119,2025-09-27,265,0,1
120,2025-09-27,525,0,0
1,2025-09-28,143,200,1
2,2025-09-28,279,200,2
3,2025-09-28,68,250,1
4,2025-09-28,92,0,0
5,2025-09-28,73,0,0
6,2025-09-28,211,200,0
7,2025-09-28,848,0,0
8,2025-09-28,336,0,0
9,2025-09-28,272,0,0
10,2025-09-28,100,100,2
11,2025-09-28,469,0,0
12,2025-09-28,140,50,1
13,2025-09-28,267,500,1
14,2025-09-28,25,250,3
15,2025-09-28,53,100,0
16,2025-09-28,530,0,0
17,2025-09-28,253,0,2
18,2025-09-28,478,0,1
19,2025-09-28,272,0,0
20,2025-09-28,344,0,2
21,2025-09-28,209,100,0
22,2025-09-28,219,0,0
23,2025-09-28,77,250,0
24,2025-09-28,130,200,0
25,2025-09-28,22,300,1
26,2025-09-28,112,500,0
27,2025-09-28,310,0,1
28,2025-09-28,152,200,0
29,2025-09-28,81,0,0
30,2025-09-28,418,0,1
31,2025-09-28,0,100,0
32,2025-09-28,560,0,0
33,2025-09-28,162,100,1
34,2025-09-28,484,0,1
35,2025-09-28,512,0,0
36,2025-09-28,345,0,0
37,2025-09-28,55,100,0
38,2025-09-28,78,100,0
39,2025-09-28,98,100,0
40,2025-09-28,147,100,1
41,2025-09-28,172,100,0
42,2025-09-28,124,0,0
43,2025-09-28,24,100,0
44,2025-09-28,221,0,0
45,2025-09-28,357,0,1
46,2025-09-28,675,0,1
47,2025-09-28,219,0,1
48,2025-09-28,572,0,1
49,2025-09-28,56,0,0
50,2025-09-28,762,0,0
51,2025-09-28,335,0,2
52,2025-09-28,186,200,1
53,2025-09-28,87,50,0
54,2025-09-28,139,200,0
55,2025-09-28,237,50,1
56,2025-09-28,627,0,0
57,2025-09-28,95,200,2
58,2025-09-28,83,150,1
59,2025-09-28,70,200,0
60,2025-09-28,108,100,1
61,2025-09-28,266,0,0
62,2025-09-28,161,0,1
63,2025-09-28,80,100,0
64,2025-09-28,318,0,0
65,2025-09-28,103,200,0
66,2025-09-28,138,50,1
67,2025-09-28,207,0,0
68,2025-09-28,201,200,0
69,2025-09-28,235,0,1
70,2025-09-28,430,0,0
71,2025-09-28,165,50,1
72,2025-09-28,193,0,0
73,2025-09-28,152,0,0
74,2025-09-28,464,0,0
75,2025-09-28,416,0,1
76,2025-09-28,382,0,3
77,2025-09-28,394,0,0
78,2025-09-28,284,0,0
79,2025-09-28,62,300,1
80,2025-09-28,60,100,0
81,2025-09-28,186,50,0
82,2025-09-28,70,100,0
83,2025-09-28,332,0,1
84,2025-09-28,165,100,0
85,2025-09-28,167,0,0
86,2025-09-28,294,0,0
87,2025-09-28,173,0,0
88,2025-09-28,410,0,8
89,2025-09-28,116,0,1
90,2025-09-28,0,400,0
91,2025-09-28,266,0,0
92,2025-09-28,221,100,1
93,2025-09-28,269,200,2
94,2025-09-28,154,200,0
95,2025-09-28,81,100,0
96,2025-09-28,51,250,1
97,2025-09-28,0,150,0
98,2025-09-28,129,100,1
99,2025-09-28,810,0,0
100,2025-09-28,109,100,1
101,2025-09-28,174,50,1
102,2025-09-28,200,0,1
103,2025-09-28,751,0,11
104,2025-09-28,233,200,0
105,2025-09-28,201,0,0
106,2025-09-28,996,0,0
107,2025-09-28,47,100,0
108,2025-09-28,146,200,0
109,2025-09-28,337,0,1
110,2025-09-28,156,100,0
111,2025-09-28,606,0,1
112,2025-09-28,337,0,0
113,2025-09-28,109,0,0
114,2025-09-28,251,0,1
115,2025-09-28,101,100,0
116,2025-09-28,71,200,1
117,2025-09-28,537,0,1
118,2025-09-28,216,200,0
119,2025-09-28,251,100,1
120,2025-09-28,517,0,1
1,2025-09-29,136,200,0
2,2025-09-29,261,200,2
3,2025-09-29,102,200,2
4,2025-09-29,89,0,0
5,2025-09-29,71,0,0
6,2025-09-29,202,200,0
7,2025-09-29,844,0,0
8,2025-09-29,327,0,0
9,2025-09-29,265,0,0
10,2025-09-29,81,200,1
11,2025-09-29,462,0,0
12,2025-09-29,133,100,0
13,2025-09-29,258,500,1
14,2025-09-29,7,300,1
15,2025-09-29,150,0,0
16,2025-09-29,527,0,0
17,2025-09-29,249,0,0
18,2025-09-29,465,0,1
19,2025-09-29,269,0,0
20,2025-09-29,344,0,9
21,2025-09-29,195,100,1
22,2025-09-29,215,0,0
23,2025-09-29,68,250,0
24,2025-09-29,119,200,1
25,2025-09-29,11,300,1
26,2025-09-29,107,500,0
27,2025-09-29,290,0,2
28,2025-09-29,337,0,1
29,2025-09-29,79,0,0
30,2025-09-29,408,0,1
31,2025-09-29,0,100,0
32,2025-09-29,554,0,0
33,2025-09-29,253,0,1
34,2025-09-29,481,0,0
35,2025-09-29,506,0,0
36,2025-09-29,339,0,0
37,2025-09-29,54,100,0
38,2025-09-29,174,0,0
39,2025-09-29,86,100,1
40,2025-09-29,240,0,0
41,2025-09-29,168,100,0
42,2025-09-29,119,0,0
43,2025-09-29,17,100,0
44,2025-09-29,216,0,0
45,2025-09-29,348,0,0
46,2025-09-29,653,0,1
47,2025-09-29,214,0,0
48,2025-09-29,564,0,0
49,2025-09-29,54,0,0
50,2025-09-29,758,0,0
51,2025-09-29,325,0,0
52,2025-09-29,165,200,1
53,2025-09-29,83,50,0
54,2025-09-29,131,200,0
55,2025-09-29,223,50,1
56,2025-09-29,619,0,1
57,2025-09-29,84,200,1
58,2025-09-29,182,50,0
59,2025-09-29,66,200,0
60,2025-09-29,100,100,1
61,2025-09-29,257,0,1
62,2025-09-29,155,200,0
63,2025-09-29,73,100,0
64,2025-09-29,306,0,1
65,2025-09-29,94,200,1
66,2025-09-29,126,100,1
67,2025-09-29,199,0,0
68,2025-09-29,192,200,0
69,2025-09-29,223,0,1
70,2025-09-29,427,0,0
71,2025-09-29,154,50,1
72,2025-09-29,189,0,0
73,2025-09-29,150,0,0
74,2025-09-29,455,0,1
75,2025-09-29,410,0,0
76,2025-09-29,368,0,1
77,2025-09-29,392,0,0
78,2025-09-29,270,200,1
79,2025-09-29,47,300,1
80,2025-09-29,57,100,0
81,2025-09-29,173,50,1
82,2025-09-29,63,100,1
83,2025-09-29,327,0,0
84,2025-09-29,159,100,0
85,2025-09-29,165,0,0
86,2025-09-29,290,0,0
87,2025-09-29,162,0,1
88,2025-09-29,407,0,0
89,2025-09-29,112,0,0
90,2025-09-29,0,400,0
91,2025-09-29,251,100,1
92,2025-09-29,205,100,0
93,2025-09-29,266,200,0
94,2025-09-29,136,200,2
95,2025-09-29,78,100,0
96,2025-09-29,39,250,1
97,2025-09-29,35,100,0
98,2025-09-29,120,100,0
99,2025-09-29,806,0,0
100,2025-09-29,100,100,1
101,2025-09-29,164,100,0
102,2025-09-29,193,100,0
103,2025-09-29,745,0,0
104,2025-09-29,213,200,1
105,2025-09-29,197,0,0
106,2025-09-29,991,0,0
107,2025-09-29,40,100,0
108,2025-09-29,140,200,0
109,2025-09-29,328,0,1
110,2025-09-29,149,100,1
111,2025-09-29,587,0,0
112,2025-09-29,324,0,1
113,2025-09-29,107,0,0
114,2025-09-29,242,200,1
115,2025-09-29,95,100,0
116,2025-09-29,70,200,0
117,2025-09-29,529,0,0
118,2025-09-29,207,200,0
119,2025-09-29,241,100,1
120,2025-09-29,512,0,0
1,2025-09-30,231,100,0
2,2025-09-30,242,200,2
3,2025-09-30,95,200,1
4,2025-09-30,86,0,0
5,2025-09-30,69,0,0
6,2025-09-30,200,200,0
7,2025-09-30,842,0,0
8,2025-09-30,313,0,0
9,2025-09-30,260,0,0
10,2025-09-30,74,200,0
11,2025-09-30,452,0,0
12,2025-09-30,163,50,0
13,2025-09-30,240,500,2
14,2025-09-30,36,250,2
15,2025-09-30,147,0,0
16,2025-09-30,524,0,0
17,2025-09-30,237,0,1
18,2025-09-30,449,0,1
19,2025-09-30,264,0,0
20,2025-09-30,337,0,0
21,2025-09-30,181,100,1
22,2025-09-30,211,0,0
23,2025-09-30,51,250,1
24,2025-09-30,110,200,0
25,2025-09-30,10,300,0
26,2025-09-30,105,500,0
27,2025-09-30,273,0,1
28,2025-09-30,319,0,2
29,2025-09-30,76,0,0
30,2025-09-30,404,0,0
31,2025-09-30,0,100,0
32,2025-09-30,549,0,0
33,2025-09-30,244,0,1
34,2025-09-30,473,0,1
35,2025-09-30,505,0,0
36,2025-09-30,338,0,0
37,2025-09-30,53,100,0
38,2025-09-30,173,0,0
39,2025-09-30,78,100,1
40,2025-09-30,230,0,1
41,2025-09-30,162,100,0
42,2025-09-30,114,50,0
43,2025-09-30,9,100,0
44,2025-09-30,211,0,0
45,2025-09-30,338,0,0
46,2025-09-30,635,0,2
47,2025-09-30,198,500,1
48,2025-09-30,553,0,0
49,2025-09-30,53,0,0
50,2025-09-30,754,0,0
51,2025-09-30,306,0,2
52,2025-09-30,152,200,0
53,2025-09-30,79,50,0
54,2025-09-30,317,0,1
55,2025-09-30,210,50,0
56,2025-09-30,606,0,1
57,2025-09-30,76,200,0
58,2025-09-30,172,50,1
59,2025-09-30,61,200,0
60,2025-09-30,130,50,1
61,2025-09-30,247,0,1
62,2025-09-30,148,200,0
63,2025-09-30,60,100,1
64,2025-09-30,294,0,0
65,2025-09-30,86,200,1
66,2025-09-30,119,100,0
67,2025-09-30,196,0,0
68,2025-09-30,186,200,0
69,2025-09-30,214,0,0
70,2025-09-30,425,0,0
71,2025-09-30,148,50,0
72,2025-09-30,182,0,0
73,2025-09-30,147,0,0
74,2025-09-30,450,0,0
75,2025-09-30,395,0,1
76,2025-09-30,357,0,0
77,2025-09-30,391,0,0
78,2025-09-30,270,200,3
79,2025-09-30,140,200,1
80,2025-09-30,55,100,0
81,2025-09-30,152,50,1
82,2025-09-30,104,100,0
83,2025-09-30,318,0,1
84,2025-09-30,149,100,1
85,2025-09-30,162,0,0
86,2025-09-30,283,0,0
87,2025-09-30,156,0,0
88,2025-09-30,401,0,0
89,2025-09-30,107,0,0
90,2025-09-30,0,400,0
91,2025-09-30,239,100,0
92,2025-09-30,192,100,1
93,2025-09-30,252,200,1
94,2025-09-30,117,200,2
95,2025-09-30,71,200,0
96,2025-09-30,66,250,1
97,2025-09-30,29,150,0
98,2025-09-30,211,0,0
99,2025-09-30,803,0,0
100,2025-09-30,94,100,0
101,2025-09-30,201,50,1
102,2025-09-30,185,100,0
103,2025-09-30,743,0,0
104,2025-09-30,200,200,0
105,2025-09-30,193,0,0
106,2025-09-30,988,0,0
107,2025-09-30,35,100,0
108,2025-09-30,130,200,1
109,2025-09-30,320,0,1
110,2025-09-30,133,100,1
111,2025-09-30,566,0,0
112,2025-09-30,316,0,1
113,2025-09-30,107,0,1
114,2025-09-30,231,200,1
115,2025-09-30,89,100,0
116,2025-09-30,70,200,1
117,2025-09-30,527,0,0
118,2025-09-30,403,0,0
119,2025-09-30,224,100,0
120,2025-09-30,503,0,1
1,2025-10-01,219,100,0
2,2025-10-01,228,200,1
3,2025-10-01,83,200,1
4,2025-10-01,84,0,0
5,2025-10-01,66,0,0
6,2025-10-01,193,200,0
7,2025-10-01,840,0,0
8,2025-10-01,308,0,0
9,2025-10-01,256,0,0
10,2025-10-01,64,200,1
11,2025-10-01,444,0,1
12,2025-10-01,159,50,0
13,2025-10-01,236,500,0
14,2025-10-01,21,250,1
15,2025-10-01,145,0,0
16,2025-10-01,516,0,0
17,2025-10-01,227,0,0
18,2025-10-01,439,0,0
19,2025-10-01,260,0,0
20,2025-10-01,327,0,0
21,2025-10-01,168,100,1
22,2025-10-01,208,0,0
23,2025-10-01,74,200,2
24,2025-10-01,101,200,0
25,2025-10-01,0,300,0
26,2025-10-01,100,500,0
27,2025-10-01,268,0,0
28,2025-10-01,304,0,1
29,2025-10-01,74,0,0
30,2025-10-01,404,0,11
31,2025-10-01,0,100,0
32,2025-10-01,545,0,0
33,2025-10-01,236,0,0
34,2025-10-01,463,0,1
35,2025-10-01,503,0,0
36,2025-10-01,333,0,0
37,2025-10-01,47,100,0
38,2025-10-01,173,0,3
39,2025-10-01,123,100,0
40,2025-10-01,225,0,0
41,2025-10-01,149,100,1
42,2025-10-01,110,50,0
43,2025-10-01,79,100,0
44,2025-10-01,208,0,0
45,2025-10-01,320,0,1
46,2025-10-01,621,0,2
47,2025-10-01,689,0,0
48,2025-10-01,540,0,0
49,2025-10-01,51,0,0
50,2025-10-01,751,0,0
51,2025-10-01,293,0,1
52,2025-10-01,117,200,4
53,2025-10-01,73,50,0
54,2025-10-01,309,0,1
55,2025-10-01,205,100,0
56,2025-10-01,597,0,0
57,2025-10-01,60,200,1
58,2025-10-01,163,50,0
59,2025-10-01,58,200,0
60,2025-10-01,115,100,1
61,2025-10-01,232,0,1
62,2025-10-01,138,200,0
63,2025-10-01,54,100,0
64,2025-10-01,281,200,1
65,2025-10-01,73,200,0
66,2025-10-01,111,100,1
67,2025-10-01,189,0,0
68,2025-10-01,171,200,1
69,2025-10-01,206,0,0
70,2025-10-01,422,0,0
71,2025-10-01,140,50,1
72,2025-10-01,175,0,0
73,2025-10-01,146,0,0
74,2025-10-01,449,0,0
75,2025-10-01,385,0,1
76,2025-10-01,344,0,1
77,2025-10-01,389,0,0
78,2025-10-01,260,200,0
79,2025-10-01,122,200,2
80,2025-10-01,51,100,0
81,2025-10-01,139,100,1
82,2025-10-01,100,100,0
83,2025-10-01,312,0,0
84,2025-10-01,139,100,1
85,2025-10-01,158,0,0
86,2025-10-01,275,0,1
87,2025-10-01,151,0,0
88,2025-10-01,398,0,0
89,2025-10-01,103,0,0
90,2025-10-01,0,400,0
91,2025-10-01,326,0,0
92,2025-10-01,190,100,0
93,2025-10-01,240,200,1
94,2025-10-01,111,400,0
95,2025-10-01,60,200,1
96,2025-10-01,59,250,0
97,2025-10-01,25,150,0
98,2025-10-01,202,0,0
99,2025-10-01,801,0,0
100,2025-10-01,79,100,1
101,2025-10-01,188,50,1
102,2025-10-01,175,100,1
103,2025-10-01,740,0,0
104,2025-10-01,200,200,4
105,2025-10-01,188,0,0
106,2025-10-01,983,0,0
107,2025-10-01,30,100,0
108,2025-10-01,121,200,0
109,2025-10-01,308,0,1
110,2025-10-01,126,100,0
111,2025-10-01,551,0,1
112,2025-10-01,302,0,0
113,2025-10-01,105,0,0
114,2025-10-01,221,200,0
115,2025-10-01,83,100,0
116,2025-10-01,58,200,0
117,2025-10-01,510,0,1
118,2025-10-01,400,0,0
119,2025-10-01,208,100,1
120,2025-10-01,497,0,0
1,2025-10-02,310,0,1
2,2025-10-02,212,200,1
3,2025-10-02,72,250,0
4,2025-10-02,82,0,0
5,2025-10-02,64,0,0
6,2025-10-02,182,200,1
7,2025-10-02,837,0,0
8,2025-10-02,297,0,1
9,2025-10-02,256,0,3
10,2025-10-02,155,100,1
11,2025-10-02,438,0,0
12,2025-10-02,198,0,1
13,2025-10-02,222,500,1
14,2025-10-02,14,250,0
15,2025-10-02,143,0,0
16,2025-10-02,510,0,0
17,2025-10-02,217,0,1
18,2025-10-02,430,0,0
19,2025-10-02,257,0,0
20,2025-10-02,311,0,0
21,2025-10-02,166,100,0
22,2025-10-02,202,0,0
23,2025-10-02,62,250,1
24,2025-10-02,181,100,2
25,2025-10-02,0,300,0
26,2025-10-02,93,500,0
27,2025-10-02,260,500,0
28,2025-10-02,299,0,0
29,2025-10-02,72,0,0
30,2025-10-02,394,0,1
31,2025-10-02,0,100,0
32,2025-10-02,543,0,0
33,2025-10-02,224,0,1
34,2025-10-02,456,0,0
35,2025-10-02,500,0,0
36,2025-10-02,325,0,0
37,2025-10-02,147,0,2
38,2025-10-02,170,0,0
39,2025-10-02,113,100,0
40,2025-10-02,222,0,0
41,2025-10-02,239,0,1
42,2025-10-02,106,50,0
43,2025-10-02,75,100,0
44,2025-10-02,204,0,0
45,2025-10-02,296,0,3
46,2025-10-02,607,0,1
47,2025-10-02,683,0,0
48,2025-10-02,529,0,1
49,2025-10-02,49,0,0
50,2025-10-02,746,0,0
51,2025-10-02,282,0,1
52,2025-10-02,96,200,0
53,2025-10-02,69,50,0
54,2025-10-02,300,0,0
55,2025-10-02,195,100,1
56,2025-10-02,590,0,0
57,2025-10-02,37,200,3
58,2025-10-02,146,50,1
59,2025-10-02,57,200,0
60,2025-10-02,113,100,0
61,2025-10-02,219,0,1
62,2025-10-02,131,200,0
63,2025-10-02,50,100,0
64,2025-10-02,261,200,1
65,2025-10-02,49,200,0
66,2025-10-02,161,50,3
67,2025-10-02,183,0,0
68,2025-10-02,367,0,0
69,2025-10-02,201,500,0
70,2025-10-02,418,0,0
71,2025-10-02,131,50,1
72,2025-10-02,169,0,0
73,2025-10-02,142,0,0
74,2025-10-02,441,0,0
75,2025-10-02,377,0,0
76,2025-10-02,330,0,1
77,2025-10-02,388,0,0
78,2025-10-02,248,200,0
79,2025-10-02,111,200,1
80,2025-10-02,48,100,0
81,2025-10-02,127,150,1
82,2025-10-02,90,100,1
83,2025-10-02,307,0,0
84,2025-10-02,128,100,0
85,2025-10-02,155,0,0
86,2025-10-02,263,0,1
87,2025-10-02,146,0,0
88,2025-10-02,390,0,0
89,2025-10-02,97,0,0
90,2025-10-02,0,400,0
91,2025-10-02,314,0,0
92,2025-10-02,176,100,1
93,2025-10-02,233,200,0
94,2025-10-02,92,400,2
95,2025-10-02,49,200,0
96,2025-10-02,94,200,1
97,2025-10-02,20,150,0
98,2025-10-02,192,0,0
99,2025-10-02,798,0,0
100,2025-10-02,72,100,0
101,2025-10-02,176,50,1
102,2025-10-02,158,100,1
103,2025-10-02,737,0,0
104,2025-10-02,391,0,1
105,2025-10-02,186,0,0
106,2025-10-02,981,0,0
107,2025-10-02,21,100,0
108,2025-10-02,108,200,1
109,2025-10-02,294,0,1
110,2025-10-02,113,100,1
111,2025-10-02,541,0,0
112,2025-10-02,289,0,1
113,2025-10-02,102,0,0
114,2025-10-02,210,200,0
115,2025-10-02,81,100,0
116,2025-10-02,55,200,0
117,2025-10-02,496,0,1
118,2025-10-02,391,0,1
119,2025-10-02,193,100,1
120,2025-10-02,492,0,0
1,2025-10-03,286,100,2
2,2025-10-03,199,200,1
3,2025-10-03,59,250,1
4,2025-10-03,77,0,0
5,2025-10-03,61,0,0
6,2025-10-03,166,200,1
7,2025-10-03,833,0,0
8,2025-10-03,290,0,0
9,2025-10-03,251,0,0
10,2025-10-03,147,100,0
11,2025-10-03,425,0,1
12,2025-10-03,192,0,0
13,2025-10-03,207,500,0
14,2025-10-03,4,250,0
15,2025-10-03,138,0,0
16,2025-10-03,505,0,0
17,2025-10-03,209,100,0
18,2025-10-03,415,0,1
19,2025-10-03,253,0,0
20,2025-10-03,300,0,0
21,2025-10-03,210,100,0
22,2025-10-03,199,0,0
23,2025-10-03,35,250,3
24,2025-10-03,166,100,1
25,2025-10-03,0,300,0
26,2025-10-03,87,500,0
27,2025-10-03,246,500,1
28,2025-10-03,281,0,2
29,2025-10-03,71,0,0
30,2025-10-03,385,0,0
31,2025-10-03,0,100,0
32,2025-10-03,538,0,0
33,2025-10-03,211,0,1
34,2025-10-03,443,0,1
35,2025-10-03,499,0,0
36,2025-10-03,314,0,1
37,2025-10-03,145,0,0
38,2025-10-03,167,0,0
39,2025-10-03,155,50,0
40,2025-10-03,218,0,0
41,2025-10-03,234,0,0
42,2025-10-03,100,50,0
43,2025-10-03,73,100,0
44,2025-10-03,201,0,0
45,2025-10-03,269,0,2
46,2025-10-03,592,0,0
47,2025-10-03,670,0,1
48,2025-10-03,508,0,2
49,2025-10-03,47,50,0
50,2025-10-03,743,0,0
51,2025-10-03,273,0,1
52,2025-10-03,78,200,2
53,2025-10-03,63,50,0
54,2025-10-03,292,0,0
55,2025-10-03,177,100,2
56,2025-10-03,584,0,0
57,2025-10-03,25,250,1
58,2025-10-03,139,50,0
59,2025-10-03,55,200,0
60,2025-10-03,108,100,0
61,2025-10-03,210,50,1
62,2025-10-03,122,200,0
63,2025-10-03,94,50,0
64,2025-10-03,449,0,1
65,2025-10-03,39,200,1
66,2025-10-03,161,50,2
67,2025-10-03,178,0,0
68,2025-10-03,351,0,0
69,2025-10-03,198,500,0
70,2025-10-03,417,0,0
71,2025-10-03,126,50,0
72,2025-10-03,166,0,0
73,2025-10-03,140,0,0
74,2025-10-03,433,0,0
75,2025-10-03,361,0,0
76,2025-10-03,320,0,1
77,2025-10-03,386,0,0
78,2025-10-03,242,200,0
79,2025-10-03,91,200,1
80,2025-10-03,45,100,0
81,2025-10-03,122,150,0
82,2025-10-03,83,100,0
83,2025-10-03,293,0,1
84,2025-10-03,209,0,2
85,2025-10-03,152,0,0
86,2025-10-03,254,0,0
87,2025-10-03,144,0,0
88,2025-10-03,388,0,0
89,2025-10-03,93,0,0
90,2025-10-03,0,400,0
91,2025-10-03,301,0,1
92,2025-10-03,160,100,1
93,2025-10-03,217,200,2
94,2025-10-03,271,200,0
95,2025-10-03,140,100,0
96,2025-10-03,127,200,1
97,2025-10-03,12,150,1
98,2025-10-03,185,0,0
99,2025-10-03,798,0,19
100,2025-10-03,68,100,0
101,2025-10-03,164,100,0
102,2025-10-03,148,100,1
103,2025-10-03,733,0,0
104,2025-10-03,391,0,10
105,2025-10-03,181,0,0
106,2025-10-03,978,0,0
107,2025-10-03,17,150,0
108,2025-10-03,93,200,1
109,2025-10-03,290,0,0
110,2025-10-03,103,100,0
111,2025-10-03,519,0,1
112,2025-10-03,283,0,0
113,2025-10-03,102,0,2
114,2025-10-03,195,200,0
115,2025-10-03,74,100,0
116,2025-10-03,50,200,0
117,2025-10-03,490,0,0
118,2025-10-03,380,0,1
119,2025-10-03,181,100,0
120,2025-10-03,490,0,0
1,2025-10-04,272,100,0
2,2025-10-04,196,200,0
3,2025-10-04,47,250,1
4,2025-10-04,74,0,0
5,2025-10-04,60,0,0
6,2025-10-04,149,200,2
7,2025-10-04,828,0,0
8,2025-10-04,273,0,1
9,2025-10-04,248,0,0
10,2025-10-04,130,100,2
11,2025-10-04,416,0,1
12,2025-10-04,181,50,1
13,2025-10-04,198,500,1
14,2025-10-04,40,250,1
15,2025-10-04,131,0,0
16,2025-10-04,500,0,0
17,2025-10-04,201,100,0
18,2025-10-04,402,0,1
19,2025-10-04,251,0,0
20,2025-10-04,281,0,2
21,2025-10-04,200,100,0
22,2025-10-04,195,0,0
23,2025-10-04,28,300,0
24,2025-10-04,156,100,1
25,2025-10-04,0,300,0
26,2025-10-04,78,500,0
27,2025-10-04,239,500,0
28,2025-10-04,258,0,1
29,2025-10-04,67,0,0
30,2025-10-04,370,0,2
31,2025-10-04,0,100,0
32,2025-10-04,534,0,0
33,2025-10-04,196,0,0
34,2025-10-04,430,0,1
35,2025-10-04,496,0,0
36,2025-10-04,312,0,0
37,2025-10-04,139,0,0
38,2025-10-04,163,0,0
39,2025-10-04,149,50,0
40,2025-10-04,205,100,1
41,2025-10-04,232,0,0
42,2025-10-04,93,50,0
43,2025-10-04,67,100,0
44,2025-10-04,195,0,0
45,2025-10-04,250,200,1
46,2025-10-04,575,0,0
47,2025-10-04,658,0,1
48,2025-10-04,493,0,1
49,2025-10-04,44,50,0
50,2025-10-04,739,0,0
51,2025-10-04,259,0,1
52,2025-10-04,65,400,1
53,2025-10-04,58,50,0
54,2025-10-04,284,0,0
55,2025-10-04,217,50,1
56,2025-10-04,576,0,0
57,2025-10-04,21,250,0
58,2025-10-04,135,100,0
59,2025-10-04,51,200,0
60,2025-10-04,152,50,0
61,2025-10-04,195,50,1
62,2025-10-04,103,200,2
63,2025-10-04,121,50,3
64,2025-10-04,433,0,2
65,2025-10-04,18,300,2
66,2025-10-04,150,50,1
67,2025-10-04,170,0,0
68,2025-10-04,341,0,0
69,2025-10-04,191,500,0
70,2025-10-04,417,0,10
71,2025-10-04,120,50,0
72,2025-10-04,161,0,0
73,2025-10-04,137,0,0
74,2025-10-04,422,0,0
75,2025-10-04,340,0,2
76,2025-10-04,307,0,1
77,2025-10-04,384,0,0
78,2025-10-04,228,200,1
79,2025-10-04,82,300,1
80,2025-10-04,42,100,0
81,2025-10-04,161,100,1
82,2025-10-04,100,100,1
83,2025-10-04,267,0,2
84,2025-10-04,196,0,0
85,2025-10-04,149,0,0
86,2025-10-04,253,0,0
87,2025-10-04,134,500,1
88,2025-10-04,388,0,9
89,2025-10-04,89,0,0
90,2025-10-04,0,400,0
91,2025-10-04,289,0,1
92,2025-10-04,151,100,0
93,2025-10-04,201,200,1
94,2025-10-04,258,200,1
95,2025-10-04,129,100,1
96,2025-10-04,109,200,1
97,2025-10-04,4,150,1
98,2025-10-04,181,0,0
99,2025-10-04,795,0,0
100,2025-10-04,57,200,1
101,2025-10-04,152,100,1
102,2025-10-04,139,100,0
103,2025-10-04,731,0,0
104,2025-10-04,364,0,3
105,2025-10-04,176,0,0
106,2025-10-04,978,0,20
107,2025-10-04,14,150,0
108,2025-10-04,252,0,2
109,2025-10-04,285,0,0
110,2025-10-04,97,200,0
111,2025-10-04,499,0,1
112,2025-10-04,269,0,1
113,2025-10-04,101,0,0
114,2025-10-04,185,200,1
115,2025-10-04,71,100,0
116,2025-10-04,46,200,0
117,2025-10-04,478,0,1
118,2025-10-04,371,0,0
119,2025-10-04,167,100,1
120,2025-10-04,489,0,0
1,2025-10-05,262,100,0
2,2025-10-05,189,200,0
3,2025-10-05,33,250,0
4,2025-10-05,72,0,0
5,2025-10-05,54,50,0
6,2025-10-05,125,200,2
7,2025-10-05,826,0,0
8,2025-10-05,262,100,1
9,2025-10-05,247,0,0
10,2025-10-05,119,100,1
11,2025-10-05,408,0,0
12,2025-10-05,171,50,1
13,2025-10-05,191,500,0
14,2025-10-05,78,200,1
15,2025-10-05,124,0,0
16,2025-10-05,493,0,0
17,2025-10-05,193,100,0
18,2025-10-05,390,0,1
19,2025-10-05,247,0,0
20,2025-10-05,249,200,1
21,2025-10-05,189,100,0
22,2025-10-05,194,0,0
23,2025-10-05,12,300,1
24,2025-10-05,141,200,0
25,2025-10-05,0,300,0
26,2025-10-05,71,500,0
27,2025-10-05,712,0,3
28,2025-10-05,250,0,0
29,2025-10-05,66,0,0
30,2025-10-05,365,0,0
31,2025-10-05,95,0,0
32,2025-10-05,532,0,0
33,2025-10-05,183,100,1
34,2025-10-05,424,0,0
35,2025-10-05,491,0,0
36,2025-10-05,311,0,0
37,2025-10-05,135,0,0
38,2025-10-05,158,0,0
39,2025-10-05,138,50,1
40,2025-10-05,201,100,0
41,2025-10-05,221,0,0
42,2025-10-05,87,50,0
43,2025-10-05,64,100,0
44,2025-10-05,188,0,1
45,2025-10-05,236,200,1
46,2025-10-05,548,0,1
47,2025-10-05,648,0,0
48,2025-10-05,479,0,1
49,2025-10-05,43,50,0
50,2025-10-05,734,0,0
51,2025-10-05,247,0,1
52,2025-10-05,51,400,1
53,2025-10-05,55,50,0
54,2025-10-05,283,0,0
55,2025-10-05,260,0,0
56,2025-10-05,566,0,1
57,2025-10-05,16,250,0
58,2025-10-05,131,100,0
59,2025-10-05,51,200,0
60,2025-10-05,142,50,1
61,2025-10-05,186,100,1
62,2025-10-05,89,200,0
63,2025-10-05,112,50,0
64,2025-10-05,415,0,1
65,2025-10-05,5,300,0
66,2025-10-05,142,100,0
67,2025-10-05,164,500,0
68,2025-10-05,324,0,0
69,2025-10-05,175,500,2
70,2025-10-05,412,0,0
71,2025-10-05,164,0,0
72,2025-10-05,157,0,0
73,2025-10-05,136,0,0
74,2025-10-05,412,0,1
75,2025-10-05,340,0,10
76,2025-10-05,307,0,7
77,2025-10-05,384,0,4
78,2025-10-05,428,0,12
79,2025-10-05,62,300,1
80,2025-10-05,138,0,0
81,2025-10-05,186,50,0
82,2025-10-05,92,100,1
83,2025-10-05,252,0,0
84,2025-10-05,184,0,0
85,2025-10-05,143,0,0
86,2025-10-05,244,0,0
87,2025-10-05,129,500,0
88,2025-10-05,382,0,0
89,2025-10-05,84,500,0
90,2025-10-05,0,400,0
91,2025-10-05,274,0,0
92,2025-10-05,140,100,0
93,2025-10-05,379,0,1
94,2025-10-05,241,200,1
95,2025-10-05,121,100,0
96,2025-10-05,96,200,1
97,2025-10-05,0,150,0
98,2025-10-05,170,0,1
99,2025-10-05,793,0,0
100,2025-10-05,52,200,0
101,2025-10-05,142,100,1
102,2025-10-05,129,100,1
103,2025-10-05,725,0,0
104,2025-10-05,359,0,0
105,2025-10-05,171,0,0
106,2025-10-05,975,0,0
107,2025-10-05,58,100,0
108,2025-10-05,241,0,1
109,2025-10-05,275,0,0
110,2025-10-05,91,200,0
111,2025-10-05,480,0,1
112,2025-10-05,253,0,1
113,2025-10-05,100,0,0
114,2025-10-05,177,200,1
115,2025-10-05,65,100,0
116,2025-10-05,37,200,0
117,2025-10-05,466,0,0
118,2025-10-05,354,0,1
119,2025-10-05,157,200,0
120,2025-10-05,482,0,0
1,2025-10-06,246,100,0
2,2025-10-06,179,200,0
3,2025-10-06,19,300,1
4,2025-10-06,70,0,0
5,2025-10-06,102,0,0
6,2025-10-06,119,200,0
7,2025-10-06,823,0,0
8,2025-10-06,257,100,0
9,2025-10-06,243,0,0
10,2025-10-06,117,100,0
11,2025-10-06,393,0,1
12,2025-10-06,155,50,2
13,2025-10-06,186,500,0
14,2025-10-06,64,200,1
15,2025-10-06,121,0,0
16,2025-10-06,486,0,0
17,2025-10-06,176,100,2
18,2025-10-06,377,0,1
19,2025-10-06,245,0,0
20,2025-10-06,240,200,1
21,2025-10-06,179,100,0
22,2025-10-06,191,0,0
23,2025-10-06,45,250,1
24,2025-10-06,124,200,1
25,2025-10-06,0,300,0
26,2025-10-06,567,0,0
27,2025-10-06,684,0,3
28,2025-10-06,229,0,2
29,2025-10-06,65,0,0
30,2025-10-06,357,0,0
31,2025-10-06,92,0,0
32,2025-10-06,528,0,0
33,2025-10-06,170,100,1
34,2025-10-06,423,0,0
35,2025-10-06,489,0,0
36,2025-10-06,303,0,1
37,2025-10-06,134,0,0
38,2025-10-06,154,0,0
39,2025-10-06,129,50,1
40,2025-10-06,189,100,0
41,2025-10-06,210,0,1
42,2025-10-06,83,50,0
43,2025-10-06,60,100,0
44,2025-10-06,185,0,0
45,2025-10-06,221,200,1
46,2025-10-06,544,0,0
47,2025-10-06,637,0,1
48,2025-10-06,464,0,2
49,2025-10-06,41,50,0
50,2025-10-06,730,0,0
51,2025-10-06,235,200,1
52,2025-10-06,35,400,1
53,2025-10-06,49,50,0
54,2025-10-06,276,0,0
55,2025-10-06,249,50,0
56,2025-10-06,563,0,0
57,2025-10-06,4,250,1
58,2025-10-06,129,100,0
59,2025-10-06,49,200,0
60,2025-10-06,130,100,1
61,2025-10-06,172,100,1
62,2025-10-06,80,200,1
63,2025-10-06,103,50,1
64,2025-10-06,412,0,0
65,2025-10-06,0,300,0
66,2025-10-06,181,50,1
67,2025-10-06,156,500,1
68,2025-10-06,315,0,1
69,2025-10-06,165,500,0
70,2025-10-06,409,0,0
71,2025-10-06,153,50,1
72,2025-10-06,145,0,1
73,2025-10-06,133,0,0
74,2025-10-06,405,0,0
75,2025-10-06,320,0,2
76,2025-10-06,306,0,0
77,2025-10-06,383,0,0
78,2025-10-06,417,0,1
79,2025-10-06,50,300,1
80,2025-10-06,137,0,0
81,2025-10-06,171,50,2
82,2025-10-06,85,100,1
83,2025-10-06,243,0,0
84,2025-10-06,173,0,0
85,2025-10-06,141,0,0
86,2025-10-06,233,0,1
87,2025-10-06,124,500,0
88,2025-10-06,375,0,0
89,2025-10-06,81,500,0
90,2025-10-06,0,400,0
91,2025-10-06,262,100,1
92,2025-10-06,138,100,0
93,2025-10-06,364,0,1
94,2025-10-06,229,200,1
95,2025-10-06,111,100,1
96,2025-10-06,87,200,1
97,2025-10-06,0,150,0
98,2025-10-06,157,100,1
99,2025-10-06,789,0,0
100,2025-10-06,44,200,0
101,2025-10-06,137,100,0
102,2025-10-06,117,100,0
103,2025-10-06,722,0,0
104,2025-10-06,351,0,1
105,2025-10-06,165,0,0
106,2025-10-06,970,0,0
107,2025-10-06,55,100,0
108,2025-10-06,227,0,1
109,2025-10-06,267,0,0
110,2025-10-06,78,200,1
111,2025-10-06,458,0,3
112,2025-10-06,243,0,0
113,2025-10-06,98,0,0
114,2025-10-06,161,200,1
115,2025-10-06,57,100,0
116,2025-10-06,29,200,0
117,2025-10-06,451,0,2
118,2025-10-06,347,0,0
119,2025-10-06,149,200,1
120,2025-10-06,478,0,0
1,2025-10-07,238,100,0
2,2025-10-07,168,200,0
3,2025-10-07,1,300,0
4,2025-10-07,70,0,1
5,2025-10-07,100,0,0
6,2025-10-07,105,200,1
7,2025-10-07,822,0,0
8,2025-10-07,242,100,1
9,2025-10-07,238,0,0
10,2025-10-07,111,100,0
11,2025-10-07,381,0,0
12,2025-10-07,148,50,0
13,2025-10-07,670,0,1
14,2025-10-07,52,200,0
15,2025-10-07,118,0,0
16,2025-10-07,481,0,0
17,2025-10-07,271,0,0
18,2025-10-07,374,0,0
19,2025-10-07,243,0,0
20,2025-10-07,229,200,1
21,2025-10-07,166,100,0
22,2025-10-07,187,0,0
23,2025-10-07,84,200,0
24,2025-10-07,119,200,0
25,2025-10-07,0,300,0
26,2025-10-07,563,0,0
27,2025-10-07,662,0,2
28,2025-10-07,218,200,0
29,2025-10-07,61,0,0
30,2025-10-07,347,0,1
31,2025-10-07,85,0,0
32,2025-10-07,524,0,0
33,2025-10-07,160,100,1
34,2025-10-07,408,0,1
35,2025-10-07,487,0,0
36,2025-10-07,299,0,0
37,2025-10-07,131,0,0
38,2025-10-07,147,0,0
39,2025-10-07,123,50,0
40,2025-10-07,178,100,1
41,2025-10-07,197,0,1
42,2025-10-07,75,50,0
43,2025-10-07,52,100,1
44,2025-10-07,178,0,0
45,2025-10-07,204,200,0
46,2025-10-07,530,0,1
47,2025-10-07,634,0,0
48,2025-10-07,456,0,1
49,2025-10-07,40,50,0
50,2025-10-07,726,0,0
51,2025-10-07,221,200,1
52,2025-10-07,7,400,1
53,2025-10-07,49,50,0
54,2025-10-07,269,0,0
55,2025-10-07,226,100,1
56,2025-10-07,562,0,0
57,2025-10-07,0,250,0
58,2025-10-07,119,100,1
59,2025-10-07,45,200,0
60,2025-10-07,128,100,0
61,2025-10-07,205,50,2
62,2025-10-07,71,200,1
63,2025-10-07,100,50,0
64,2025-10-07,391,0,1
65,2025-10-07,0,300,0
66,2025-10-07,215,0,1
67,2025-10-07,649,0,0
68,2025-10-07,308,0,0
69,2025-10-07,657,0,0
70,2025-10-07,405,0,0
71,2025-10-07,153,50,1
72,2025-10-07,141,0,0
73,2025-10-07,131,0,0
74,2025-10-07,396,0,0
75,2025-10-07,305,0,1
76,2025-10-07,299,0,1
77,2025-10-07,382,0,0
78,2025-10-07,408,0,1
79,2025-10-07,34,300,1
80,2025-10-07,134,0,0
81,2025-10-07,161,50,1
82,2025-10-07,77,100,0
83,2025-10-07,234,0,0
84,2025-10-07,169,0,0
85,2025-10-07,137,0,0
86,2025-10-07,221,0,1
87,2025-10-07,122,500,0
88,2025-10-07,360,0,0
89,2025-10-07,576,0,0
90,2025-10-07,0,400,0
91,2025-10-07,246,100,1
92,2025-10-07,127,100,0
93,2025-10-07,347,0,0
94,2025-10-07,201,200,2
95,2025-10-07,107,100,0
96,2025-10-07,68,250,0
97,2025-10-07,0,150,0
98,2025-10-07,142,100,1
99,2025-10-07,789,0,22
100,2025-10-07,37,200,0
101,2025-10-07,134,100,0
102,2025-10-07,211,0,0
103,2025-10-07,720,0,0
104,2025-10-07,336,0,1
105,2025-10-07,164,0,0
106,2025-10-07,965,0,0
107,2025-10-07,47,100,1
108,2025-10-07,219,0,0
109,2025-10-07,264,0,0
110,2025-10-07,273,0,0
111,2025-10-07,444,0,1
112,2025-10-07,237,0,0
113,2025-10-07,95,0,0
114,2025-10-07,151,200,1
115,2025-10-07,51,100,0
116,2025-10-07,22,200,0
117,2025-10-07,443,0,0
118,2025-10-07,341,0,0
119,2025-10-07,143,200,0
120,2025-10-07,473,0,0
1,2025-10-08,217,100,2
2,2025-10-08,161,200,0
3,2025-10-08,35,250,1
4,2025-10-08,66,0,0
5,2025-10-08,97,0,0
6,2025-10-08,86,400,0
7,2025-10-08,820,0,0
8,2025-10-08,232,100,1
9,2025-10-08,236,0,0
10,2025-10-08,102,100,0
11,2025-10-08,373,0,0
12,2025-10-08,141,50,0
13,2025-10-08,654,0,1
14,2025-10-08,41,250,1
15,2025-10-08,115,0,0
16,2025-10-08,464,0,1
17,2025-10-08,263,0,0
18,2025-10-08,358,0,1
19,2025-10-08,239,0,0
20,2025-10-08,417,0,1
21,2025-10-08,159,200,0
22,2025-10-08,185,0,0
23,2025-10-08,69,250,1
24,2025-10-08,106,200,1
25,2025-10-08,0,300,0
26,2025-10-08,550,0,1
27,2025-10-08,647,0,1
28,2025-10-08,207,200,1
29,2025-10-08,59,0,0
30,2025-10-08,337,0,1
31,2025-10-08,84,0,0
32,2025-10-08,522,0,0
33,2025-10-08,249,0,0
34,2025-10-08,401,0,0
35,2025-10-08,481,0,0
36,2025-10-08,295,0,0
37,2025-10-08,129,0,0
38,2025-10-08,143,0,0
39,2025-10-08,113,50,0
40,2025-10-08,170,100,1
41,2025-10-08,191,0,0
42,2025-10-08,70,50,0
43,2025-10-08,46,100,0
44,2025-10-08,174,0,0
45,2025-10-08,384,0,1
46,2025-10-08,518,0,1
47,2025-10-08,624,0,1
48,2025-10-08,446,0,0
49,2025-10-08,38,50,0
50,2025-10-08,721,0,0
51,2025-10-08,213,200,0
52,2025-10-08,175,200,2
53,2025-10-08,46,50,0
54,2025-10-08,260,0,1
55,2025-10-08,213,100,1
56,2025-10-08,556,0,0
57,2025-10-08,33,250,0
58,2025-10-08,105,100,1
59,2025-10-08,43,200,0
60,2025-10-08,123,100,0
61,2025-10-08,190,50,0
62,2025-10-08,64,200,0
63,2025-10-08,96,50,0
64,2025-10-08,379,0,0
65,2025-10-08,0,300,0
66,2025-10-08,209,0,0
67,2025-10-08,641,0,0
68,2025-10-08,296,0,1
69,2025-10-08,650,0,0
70,2025-10-08,405,0,10
71,2025-10-08,146,50,0
72,2025-10-08,134,0,0
73,2025-10-08,129,0,0
74,2025-10-08,390,0,0
75,2025-10-08,296,0,1
76,2025-10-08,285,0,1
77,2025-10-08,380,0,0
78,2025-10-08,398,0,1
79,2025-10-08,130,200,0
80,2025-10-08,132,0,0
81,2025-10-08,154,100,0
82,2025-10-08,120,50,0
83,2025-10-08,220,0,1
84,2025-10-08,163,0,0
85,2025-10-08,134,0,0
86,2025-10-08,212,0,0
87,2025-10-08,615,0,0
88,2025-10-08,351,0,1
89,2025-10-08,576,0,7
90,2025-10-08,188,200,1
91,2025-10-08,234,100,1
92,2025-10-08,120,200,0
93,2025-10-08,324,0,3
94,2025-10-08,181,200,0
95,2025-10-08,101,100,0
96,2025-10-08,57,250,1
97,2025-10-08,0,150,0
98,2025-10-08,134,100,1
99,2025-10-08,788,0,0
100,2025-10-08,22,200,1
101,2025-10-08,125,100,0
102,2025-10-08,201,0,1
103,2025-10-08,716,0,0
104,2025-10-08,327,0,0
105,2025-10-08,157,0,0
106,2025-10-08,963,0,0
107,2025-10-08,41,100,0
108,2025-10-08,213,0,0
109,2025-10-08,252,0,0
110,2025-10-08,263,0,1
111,2025-10-08,432,0,1
112,2025-10-08,231,500,0
113,2025-10-08,92,0,0
114,2025-10-08,139,200,1
115,2025-10-08,49,100,0
116,2025-10-08,14,200,1
117,2025-10-08,428,0,1
118,2025-10-08,330,0,1
119,2025-10-08,233,100,1
120,2025-10-08,464,0,0
1,2025-10-09,197,100,2
2,2025-10-09,150,200,1
3,2025-10-09,21,250,1
4,2025-10-09,61,0,0
5,2025-10-09,94,0,0
6,2025-10-09,65,400,2
7,2025-10-09,816,0,0
8,2025-10-09,222,100,1
9,2025-10-09,232,0,0
10,2025-10-09,89,100,1
11,2025-10-09,366,0,0
12,2025-10-09,132,50,0
13,2025-10-09,626,0,3
14,2025-10-09,64,200,3
15,2025-10-09,111,0,0
16,2025-10-09,464,0,8
17,2025-10-09,255,0,1
18,2025-10-09,345,0,1
19,2025-10-09,237,0,0
20,2025-10-09,389,0,2
21,2025-10-09,148,200,1
22,2025-10-09,180,0,0
23,2025-10-09,56,250,1
24,2025-10-09,192,100,1
25,2025-10-09,0,300,0
26,2025-10-09,539,0,1
27,2025-10-09,637,0,1
28,2025-10-09,193,200,1
29,2025-10-09,57,0,0
30,2025-10-09,328,0,1
31,2025-10-09,80,0,0
32,2025-10-09,517,0,0
33,2025-10-09,235,0,1
34,2025-10-09,396,0,0
35,2025-10-09,480,0,0
36,2025-10-09,287,0,0
37,2025-10-09,127,0,0
38,2025-10-09,140,0,0
39,2025-10-09,108,50,0
40,2025-10-09,159,100,1
41,2025-10-09,182,0,0
42,2025-10-09,113,0,0
43,2025-10-09,39,100,0
44,2025-10-09,168,0,0
45,2025-10-09,363,0,2
46,2025-10-09,506,0,1
47,2025-10-09,615,0,0
48,2025-10-09,435,0,1
49,2025-10-09,36,50,0
50,2025-10-09,716,0,0
51,2025-10-09,205,200,0
52,2025-10-09,160,200,0
53,2025-10-09,43,50,0
54,2025-10-09,251,0,1
55,2025-10-09,199,100,1
56,2025-10-09,552,0,0
57,2025-10-09,19,250,1
58,2025-10-09,92,100,0
59,2025-10-09,39,200,0
60,2025-10-09,117,100,0
61,2025-10-09,238,0,0
62,2025-10-09,54,200,0
63,2025-10-09,89,100,0
64,2025-10-09,366,0,1
65,2025-10-09,0,300,0
66,2025-10-09,205,0,0
67,2025-10-09,631,0,0
68,2025-10-09,283,0,1
69,2025-10-09,629,0,1
70,2025-10-09,401,0,0
71,2025-10-09,137,50,0
72,2025-10-09,133,0,0
73,2025-10-09,126,0,0
74,2025-10-09,383,0,0
75,2025-10-09,291,0,0
76,2025-10-09,268,0,2
77,2025-10-09,378,0,0
78,2025-10-09,384,0,1
79,2025-10-09,122,200,0
80,2025-10-09,129,0,0
81,2025-10-09,144,100,1
82,2025-10-09,105,100,1
83,2025-10-09,213,0,0
84,2025-10-09,158,100,0
85,2025-10-09,131,0,0
86,2025-10-09,205,0,0
87,2025-10-09,608,0,0
88,2025-10-09,341,0,0
89,2025-10-09,574,0,0
90,2025-10-09,178,200,1
91,2025-10-09,224,100,0
92,2025-10-09,112,200,0
93,2025-10-09,312,0,1
94,2025-10-09,367,0,1
95,2025-10-09,90,100,0
96,2025-10-09,45,250,1
97,2025-10-09,0,150,0
98,2025-10-09,133,100,0
99,2025-10-09,785,0,0
100,2025-10-09,11,200,0
101,2025-10-09,112,150,0
102,2025-10-09,191,0,1
103,2025-10-09,716,0,8
104,2025-10-09,309,0,1
105,2025-10-09,153,0,0
106,2025-10-09,959,0,0
107,2025-10-09,33,100,1
108,2025-10-09,208,0,0
109,2025-10-09,251,0,0
110,2025-10-09,256,0,0
111,2025-10-09,419,0,1
112,2025-10-09,221,500,0
113,2025-10-09,88,0,0
114,2025-10-09,126,200,0
115,2025-10-09,47,100,0
116,2025-10-09,8,200,0
117,2025-10-09,418,0,1
118,2025-10-09,320,0,0
119,2025-10-09,223,100,0
120,2025-10-09,460,0,0
1,2025-10-10,181,100,1
2,2025-10-10,148,200,0
3,2025-10-10,13,300,0
4,2025-10-10,58,0,0
5,2025-10-10,91,0,0
6,2025-10-10,43,400,1
7,2025-10-10,814,0,0
8,2025-10-10,215,100,0
9,2025-10-10,226,0,0
10,2025-10-10,81,200,0
11,2025-10-10,347,0,2
12,2025-10-10,120,100,1
13,2025-10-10,616,0,0
14,2025-10-10,51,200,1
15,2025-10-10,107,0,0
16,2025-10-10,457,0,0
17,2025-10-10,244,0,1
18,2025-10-10,332,0,1
19,2025-10-10,234,0,0
20,2025-10-10,374,0,1
21,2025-10-10,136,200,0
22,2025-10-10,178,0,0
23,2025-10-10,39,250,2
24,2025-10-10,175,200,1
25,2025-10-10,0,300,0
26,2025-10-10,523,0,1
27,2025-10-10,622,0,0
28,2025-10-10,183,200,1
29,2025-10-10,54,0,0
30,2025-10-10,321,0,0
31,2025-10-10,74,0,0
32,2025-10-10,516,0,0
33,2025-10-10,229,0,0
34,2025-10-10,382,0,1
35,2025-10-10,477,0,0
36,2025-10-10,280,0,0
37,2025-10-10,124,0,0
38,2025-10-10,134,0,0
39,2025-10-10,99,50,1
40,2025-10-10,153,100,0
41,2025-10-10,178,0,0
42,2025-10-10,111,50,0
43,2025-10-10,35,100,0
44,2025-10-10,163,0,0
45,2025-10-10,344,0,2
46,2025-10-10,493,0,1
47,2025-10-10,606,0,1
48,2025-10-10,435,0,8
49,2025-10-10,34,50,0
50,2025-10-10,712,0,0
51,2025-10-10,192,200,0
52,2025-10-10,149,200,1
53,2025-10-10,40,50,0
54,2025-10-10,237,0,1
55,2025-10-10,197,100,0
56,2025-10-10,541,0,1
57,2025-10-10,4,250,1
58,2025-10-10,84,150,0
59,2025-10-10,234,0,0
60,2025-10-10,159,50,0
61,2025-10-10,230,50,1
62,2025-10-10,45,200,0
63,2025-10-10,80,100,1
64,2025-10-10,348,0,2
65,2025-10-10,0,300,0
66,2025-10-10,192,0,1
67,2025-10-10,627,0,0
68,2025-10-10,266,0,1
69,2025-10-10,617,0,1
70,2025-10-10,400,0,0
71,2025-10-10,132,50,0
72,2025-10-10,124,0,1
73,2025-10-10,124,0,0
74,2025-10-10,376,0,0
75,2025-10-10,267,0,0
76,2025-10-10,259,0,1
77,2025-10-10,378,0,6
78,2025-10-10,364,0,1
79,2025-10-10,110,200,1
80,2025-10-10,127,0,0
81,2025-10-10,184,50,0
82,2025-10-10,100,100,0
83,2025-10-10,207,500,0
84,2025-10-10,151,100,0
85,2025-10-10,129,0,0
86,2025-10-10,192,0,1
87,2025-10-10,599,0,1
88,2025-10-10,331,0,0
89,2025-10-10,569,0,0
90,2025-10-10,178,200,4
91,2025-10-10,207,100,1
92,2025-10-10,202,100,0
93,2025-10-10,288,200,1
94,2025-10-10,345,0,1
95,2025-10-10,83,100,0
96,2025-10-10,44,300,0
97,2025-10-10,0,150,0
98,2025-10-10,127,100,0
99,2025-10-10,781,0,0
100,2025-10-10,104,100,0
101,2025-10-10,96,150,1
102,2025-10-10,180,100,0
103,2025-10-10,712,0,0
104,2025-10-10,303,0,0
105,2025-10-10,148,0,0
106,2025-10-10,954,0,0
107,2025-10-10,26,100,0
108,2025-10-10,198,0,0
109,2025-10-10,239,0,0
110,2025-10-10,251,0,0
111,2025-10-10,408,0,0
112,2025-10-10,205,500,2
113,2025-10-10,85,0,0
114,2025-10-10,108,200,1
115,2025-10-10,42,100,0
116,2025-10-10,1,200,0
117,2025-10-10,411,0,1
118,2025-10-10,318,0,0
119,2025-10-10,208,100,1
120,2025-10-10,457,0,0
1,2025-10-11,177,200,0
2,2025-10-11,134,200,1
3,2025-10-11,0,300,0
4,2025-10-11,55,200,0
5,2025-10-11,89,0,0
6,2025-10-11,23,400,2
7,2025-10-11,811,0,0
8,2025-10-11,202,100,0
9,2025-10-11,221,0,0
10,2025-10-11,69,200,1
11,2025-10-11,331,0,1
12,2025-10-11,110,100,0
13,2025-10-11,598,0,0
14,2025-10-11,30,250,2
15,2025-10-11,104,0,0
16,2025-10-11,442,0,1
17,2025-10-11,223,0,2
18,2025-10-11,323,0,1
19,2025-10-11,228,0,0
20,2025-10-11,363,0,1
21,2025-10-11,106,200,3
22,2025-10-11,174,0,0
23,2025-10-11,21,300,1
24,2025-10-11,158,200,1
25,2025-10-11,0,300,0
26,2025-10-11,517,0,0
27,2025-10-11,599,0,2
28,2025-10-11,170,200,0
29,2025-10-11,51,0,0
30,2025-10-11,305,0,1
31,2025-10-11,72,0,0
32,2025-10-11,513,0,0
33,2025-10-11,212,0,1
34,2025-10-11,375,0,0
35,2025-10-11,473,0,0
36,2025-10-11,278,0,0
37,2025-10-11,121,0,0
38,2025-10-11,130,0,0
39,2025-10-11,90,100,0
40,2025-10-11,244,0,0
41,2025-10-11,165,100,1
42,2025-10-11,107,50,0
43,2025-10-11,30,100,0
44,2025-10-11,160,0,0
45,2025-10-11,334,0,0
46,2025-10-11,479,0,1
47,2025-10-11,601,0,0
48,2025-10-11,422,0,1
49,2025-10-11,32,50,0
50,2025-10-11,708,0,0
51,2025-10-11,177,200,0
52,2025-10-11,142,200,0
53,2025-10-11,33,100,0
54,2025-10-11,229,0,0
55,2025-10-11,178,150,1
56,2025-10-11,536,0,0
57,2025-10-11,48,200,0
58,2025-10-11,71,150,1
59,2025-10-11,230,0,0
60,2025-10-11,157,50,0
61,2025-10-11,216,50,0
62,2025-10-11,233,0,1
63,2025-10-11,72,100,0
64,2025-10-11,332,0,2
65,2025-10-11,0,300,0
66,2025-10-11,171,50,2
67,2025-10-11,620,0,0
68,2025-10-11,247,0,1
69,2025-10-11,605,0,1
70,2025-10-11,399,0,0
71,2025-10-11,126,100,0
72,2025-10-11,118,0,0
73,2025-10-11,123,0,0
74,2025-10-11,376,0,4
75,2025-10-11,231,500,4
76,2025-10-11,252,0,0
77,2025-10-11,376,0,0
78,2025-10-11,349,0,1
79,2025-10-11,83,300,2
80,2025-10-11,121,0,0
81,2025-10-11,170,50,1
82,2025-10-11,95,100,0
83,2025-10-11,188,500,2
84,2025-10-11,147,100,0
85,2025-10-11,125,0,0
86,2025-10-11,185,0,0
87,2025-10-11,594,0,0
88,2025-10-11,310,0,1
89,2025-10-11,564,0,0
90,2025-10-11,170,200,0
91,2025-10-11,196,100,1
92,2025-10-11,189,100,1
93,2025-10-11,280,200,0
94,2025-10-11,324,0,2
95,2025-10-11,76,100,0
96,2025-10-11,94,250,1
97,2025-10-11,0,150,0
98,2025-10-11,120,100,0
99,2025-10-11,778,0,0
100,2025-10-11,96,100,1
101,2025-10-11,82,200,1
102,2025-10-11,164,100,1
103,2025-10-11,712,0,15
104,2025-10-11,291,0,1
105,2025-10-11,145,0,0
106,2025-10-11,951,0,0
107,2025-10-11,60,50,1
108,2025-10-11,198,0,4
109,2025-10-11,220,0,1
110,2025-10-11,242,0,0
111,2025-10-11,393,0,0
112,2025-10-11,198,500,0
113,2025-10-11,85,0,1
114,2025-10-11,256,0,0
115,2025-10-11,38,100,0
116,2025-10-11,0,200,0
117,2025-10-11,397,0,0
118,2025-10-11,305,0,1
119,2025-10-11,191,100,2
120,2025-10-11,455,0,0
1,2025-10-12,163,200,0
2,2025-10-12,121,200,1
3,2025-10-12,0,300,0
4,2025-10-12,54,200,0
5,2025-10-12,86,0,0
6,2025-10-12,8,400,1
7,2025-10-12,809,0,0
8,2025-10-12,181,100,2
9,2025-10-12,217,0,0
10,2025-10-12,60,200,0
11,2025-10-12,318,0,1
12,2025-10-12,103,150,0
13,2025-10-12,598,0,16
14,2025-10-12,20,250,1
15,2025-10-12,101,0,0
16,2025-10-12,436,0,0
17,2025-10-12,212,0,1
18,2025-10-12,314,0,0
19,2025-10-12,227,0,0
20,2025-10-12,348,0,1
21,2025-10-12,95,200,1
22,2025-10-12,169,0,0
23,2025-10-12,11,300,0
24,2025-10-12,158,200,3
25,2025-10-12,0,300,0
26,2025-10-12,513,0,0
27,2025-10-12,584,0,1
28,2025-10-12,159,200,0
29,2025-10-12,49,0,0
30,2025-10-12,299,0,0
31,2025-10-12,72,0,1
32,2025-10-12,509,0,0
33,2025-10-12,203,0,0
34,2025-10-12,369,0,0
35,2025-10-12,472,0,0
36,2025-10-12,273,0,0
37,2025-10-12,118,0,0
38,2025-10-12,126,0,0
39,2025-10-12,82,100,0
40,2025-10-12,230,0,0
41,2025-10-12,157,100,0
42,2025-10-12,99,50,0
43,2025-10-12,24,100,0
44,2025-10-12,155,0,0
45,2025-10-12,313,0,2
46,2025-10-12,468,0,1
47,2025-10-12,593,0,0
48,2025-10-12,415,0,0
49,2025-10-12,29,50,0
50,2025-10-12,703,0,0
51,2025-10-12,158,200,2
52,2025-10-12,126,200,1
53,2025-10-12,76,50,0
54,2025-10-12,223,0,0
55,2025-10-12,159,150,2
56,2025-10-12,530,0,0
57,2025-10-12,35,200,1
58,2025-10-12,60,150,1
59,2025-10-12,224,0,0
60,2025-10-12,145,50,1
61,2025-10-12,196,50,0
62,2025-10-12,226,0,1
63,2025-10-12,65,100,0
64,2025-10-12,317,0,2
65,2025-10-12,0,300,0
66,2025-10-12,162,50,1
67,2025-10-12,606,0,2
68,2025-10-12,241,200,0
69,2025-10-12,590,0,1
70,2025-10-12,397,0,0
71,2025-10-12,113,100,0
72,2025-10-12,114,0,0
73,2025-10-12,120,0,0
74,2025-10-12,372,0,0
75,2025-10-12,211,500,1
76,2025-10-12,235,500,1
77,2025-10-12,375,0,0
78,2025-10-12,333,0,1
79,2025-10-12,163,200,2
80,2025-10-12,120,0,0
81,2025-10-12,164,100,0
82,2025-10-12,89,100,0
83,2025-10-12,181,500,0
84,2025-10-12,144,100,0
85,2025-10-12,120,0,0
86,2025-10-12,175,200,1
87,2025-10-12,592,0,0
88,2025-10-12,303,0,0
89,2025-10-12,562,0,0
90,2025-10-12,158,200,1
91,2025-10-12,183,100,1
92,2025-10-12,182,100,0
93,2025-10-12,265,200,2
94,2025-10-12,304,200,2
95,2025-10-12,71,100,0
96,2025-10-12,80,250,1
97,2025-10-12,0,150,0
98,2025-10-12,104,100,0
99,2025-10-12,775,0,0
100,2025-10-12,89,100,0
101,2025-10-12,71,200,0
102,2025-10-12,154,100,1
103,2025-10-12,708,0,0
104,2025-10-12,274,0,1
105,2025-10-12,137,0,0
106,2025-10-12,948,0,0
107,2025-10-12,53,100,0
108,2025-10-12,185,0,1
109,2025-10-12,206,0,1
110,2025-10-12,238,0,0
111,2025-10-12,376,0,1
112,2025-10-12,185,500,1
113,2025-10-12,82,0,0
114,2025-10-12,234,200,2
115,2025-10-12,31,100,0
116,2025-10-12,0,200,0
117,2025-10-12,380,0,2
118,2025-10-12,294,0,0
119,2025-10-12,184,100,0
120,2025-10-12,455,0,8
1,2025-10-13,152,200,1
2,2025-10-13,112,200,1
3,2025-10-13,0,300,0
4,2025-10-13,51,200,0
5,2025-10-13,84,0,0
6,2025-10-13,2,400,0
7,2025-10-13,807,0,0
8,2025-10-13,169,100,0
9,2025-10-13,214,0,0
10,2025-10-13,49,200,1
11,2025-10-13,307,0,1
12,2025-10-13,197,50,0
13,2025-10-13,579,0,1
14,2025-10-13,0,300,0
15,2025-10-13,98,0,0
16,2025-10-13,430,0,0
17,2025-10-13,203,100,0
18,2025-10-13,305,0,0
19,2025-10-13,226,0,0
20,2025-10-13,334,0,1
21,2025-10-13,85,200,1
22,2025-10-13,169,0,4
23,2025-10-13,34,250,2
24,2025-10-13,133,200,2
25,2025-10-13,0,300,0
26,2025-10-13,510,0,0
27,2025-10-13,554,0,1
28,2025-10-13,144,200,1
29,2025-10-13,47,200,0
30,2025-10-13,281,0,1
31,2025-10-13,70,0,0
32,2025-10-13,508,0,0
33,2025-10-13,198,0,0
34,2025-10-13,359,0,1
35,2025-10-13,467,0,0
36,2025-10-13,269,0,0
37,2025-10-13,117,0,0
38,2025-10-13,123,0,0
39,2025-10-13,75,100,0
40,2025-10-13,217,0,1
41,2025-10-13,147,100,0
42,2025-10-13,88,50,1
43,2025-10-13,16,100,0
44,2025-10-13,149,0,0
45,2025-10-13,312,0,0
46,2025-10-13,456,0,1
47,2025-10-13,584,0,1
48,2025-10-13,413,0,0
49,2025-10-13,28,50,0
50,2025-10-13,700,0,0
51,2025-10-13,149,200,0
52,2025-10-13,297,0,1
53,2025-10-13,71,50,0
54,2025-10-13,216,0,0
55,2025-10-13,155,150,0
56,2025-10-13,525,0,0
57,2025-10-13,16,250,2
58,2025-10-13,54,150,0
59,2025-10-13,221,0,0
60,2025-10-13,140,50,0
61,2025-10-13,184,50,1
62,2025-10-13,217,0,1
63,2025-10-13,58,100,0
64,2025-10-13,312,0,0
65,2025-10-13,0,300,0
66,2025-10-13,155,50,0
67,2025-10-13,598,0,1
68,2025-10-13,226,200,0
69,2025-10-13,579,0,0
70,2025-10-13,393,0,0
71,2025-10-13,104,100,1
72,2025-10-13,107,0,0
73,2025-10-13,117,0,0
74,2025-10-13,362,0,1
75,2025-10-13,196,500,1
76,2025-10-13,218,500,2
77,2025-10-13,373,0,0
78,2025-10-13,316,0,1
79,2025-10-13,152,200,0
80,2025-10-13,119,0,0
81,2025-10-13,148,100,2
82,2025-10-13,81,100,1
83,2025-10-13,171,500,1
84,2025-10-13,134,100,1
85,2025-10-13,118,0,0
86,2025-10-13,168,200,0
87,2025-10-13,588,0,0
88,2025-10-13,296,0,0
89,2025-10-13,558,0,0
90,2025-10-13,150,200,0
91,2025-10-13,169,100,2
92,2025-10-13,177,100,0
93,2025-10-13,247,200,1
94,2025-10-13,295,200,0
95,2025-10-13,61,200,0
96,2025-10-13,64,250,1
97,2025-10-13,0,150,0
98,2025-10-13,95,100,0
99,2025-10-13,774,0,0
100,2025-10-13,79,100,1
101,2025-10-13,62,200,0
102,2025-10-13,142,100,1
103,2025-10-13,706,0,0
104,2025-10-13,263,0,1
105,2025-10-13,132,0,0
106,2025-10-13,944,0,0
107,2025-10-13,41,100,1
108,2025-10-13,179,0,0
109,2025-10-13,203,0,0
110,2025-10-13,219,0,0
111,2025-10-13,361,0,1
112,2025-10-13,170,500,2
113,2025-10-13,81,0,0
114,2025-10-13,225,200,0
115,2025-10-13,26,100,0
116,2025-10-13,0,200,0
117,2025-10-13,368,0,1
118,2025-10-13,291,0,0
119,2025-10-13,171,200,1
120,2025-10-13,448,0,0
1,2025-10-14,142,200,0
2,2025-10-14,93,200,1
3,2025-10-14,0,300,0
4,2025-10-14,49,200,0
5,2025-10-14,81,0,0
6,2025-10-14,0,400,0
7,2025-10-14,806,0,0
8,2025-10-14,160,200,1
9,2025-10-14,209,0,0
10,2025-10-14,41,200,0
11,2025-10-14,295,0,1
12,2025-10-14,236,0,0
13,2025-10-14,564,0,1
14,2025-10-14,41,250,1
15,2025-10-14,94,0,0
16,2025-10-14,425,0,0
17,2025-10-14,294,0,0
18,2025-10-14,287,0,1
19,2025-10-14,221,0,0
20,2025-10-14,323,0,1
21,2025-10-14,78,200,0
22,2025-10-14,163,0,0
23,2025-10-14,21,300,1
24,2025-10-14,125,200,1
25,2025-10-14,0,300,0
26,2025-10-14,510,0,13
27,2025-10-14,554,0,6
28,2025-10-14,328,0,2
29,2025-10-14,46,200,0
30,2025-10-14,277,0,0
31,2025-10-14,68,100,0
32,2025-10-14,505,0,0
33,2025-10-14,191,0,0
34,2025-10-14,355,0,0
35,2025-10-14,464,0,0
36,2025-10-14,264,0,0
37,2025-10-14,113,0,0
38,2025-10-14,120,0,0
39,2025-10-14,68,100,0
40,2025-10-14,210,0,0
41,2025-10-14,137,100,1
42,2025-10-14,79,50,1
43,2025-10-14,11,100,0
44,2025-10-14,146,0,0
45,2025-10-14,298,0,1
46,2025-10-14,440,0,1
47,2025-10-14,561,0,2
48,2025-10-14,403,0,0
49,2025-10-14,27,50,0
50,2025-10-14,697,0,0
51,2025-10-14,139,200,1
52,2025-10-14,285,200,1
53,2025-10-14,66,50,0
54,2025-10-14,209,0,0
55,2025-10-14,150,150,0
56,2025-10-14,521,0,0
57,2025-10-14,57,200,1
58,2025-10-14,92,100,1
59,2025-10-14,218,0,0
60,2025-10-14,131,50,0
61,2025-10-14,173,100,1
62,2025-10-14,209,0,0
63,2025-10-14,53,100,0
64,2025-10-14,302,0,1
65,2025-10-14,0,300,0
66,2025-10-14,148,50,0
67,2025-10-14,584,0,1
68,2025-10-14,211,200,1
69,2025-10-14,571,0,1
70,2025-10-14,390,0,0
71,2025-10-14,93,100,1
72,2025-10-14,104,200,0
73,2025-10-14,115,0,0
74,2025-10-14,358,0,0
75,2025-10-14,190,500,0
76,2025-10-14,203,500,0
77,2025-10-14,371,0,0
78,2025-10-14,303,0,1
79,2025-10-14,130,200,2
80,2025-10-14,117,0,0
81,2025-10-14,186,50,1
82,2025-10-14,75,100,0
83,2025-10-14,164,500,0
84,2025-10-14,129,100,0
85,2025-10-14,116,0,0
86,2025-10-14,153,200,1
87,2025-10-14,586,0,0
88,2025-10-14,292,0,0
89,2025-10-14,557,0,0
90,2025-10-14,143,200,0
91,2025-10-14,258,100,0
92,2025-10-14,164,100,1
93,2025-10-14,235,200,1
94,2025-10-14,290,200,0
95,2025-10-14,54,200,0
96,2025-10-14,99,200,0
97,2025-10-14,0,150,0
98,2025-10-14,90,100,0
99,2025-10-14,773,0,0
100,2025-10-14,70,100,1
101,2025-10-14,51,200,0
102,2025-10-14,128,100,1
103,2025-10-14,705,0,0
104,2025-10-14,255,0,0
105,2025-10-14,132,0,3
106,2025-10-14,942,0,0
107,2025-10-14,39,100,0
108,2025-10-14,174,0,0
109,2025-10-14,196,500,1
110,2025-10-14,210,0,0
111,2025-10-14,348,0,1
112,2025-10-14,159,500,1
113,2025-10-14,78,0,0
114,2025-10-14,413,0,1
115,2025-10-14,21,100,0
116,2025-10-14,0,200,0
117,2025-10-14,362,0,0
118,2025-10-14,282,0,1
119,2025-10-14,254,100,1
120,2025-10-14,443,0,0
1,2025-10-15,126,200,1
2,2025-10-15,275,0,2
3,2025-10-15,0,300,0
4,2025-10-15,45,200,0
5,2025-10-15,78,0,0
6,2025-10-15,0,400,0
7,2025-10-15,795,0,1
8,2025-10-15,158,200,0
9,2025-10-15,209,0,5
10,2025-10-15,29,200,1
11,2025-10-15,279,0,2
12,2025-10-15,229,0,0
13,2025-10-15,542,0,3
14,2025-10-15,19,250,1
15,2025-10-15,91,0,0
16,2025-10-15,417,0,1
17,2025-10-15,280,0,1
18,2025-10-15,277,0,0
19,2025-10-15,217,0,0
20,2025-10-15,309,0,1
21,2025-10-15,75,200,0
22,2025-10-15,155,0,0
23,2025-10-15,11,300,0
24,2025-10-15,112,200,1
25,2025-10-15,0,300,0
26,2025-10-15,505,0,0
27,2025-10-15,544,0,1
28,2025-10-15,316,0,1
29,2025-10-15,244,0,0
30,2025-10-15,261,0,2
31,2025-10-15,66,100,0
32,2025-10-15,503,0,0
33,2025-10-15,183,0,0
34,2025-10-15,352,0,0
35,2025-10-15,462,0,0
36,2025-10-15,260,0,0
37,2025-10-15,112,0,0
38,2025-10-15,117,0,0
39,2025-10-15,57,150,1
40,2025-10-15,210,0,2
41,2025-10-15,124,100,0
42,2025-10-15,75,50,0
43,2025-10-15,6,200,0
44,2025-10-15,139,0,0
45,2025-10-15,291,0,0
46,2025-10-15,423,0,2
47,2025-10-15,557,0,0
48,2025-10-15,399,0,0
49,2025-10-15,25,50,0
50,2025-10-15,693,0,0
51,2025-10-15,124,200,0
52,2025-10-15,279,200,0
53,2025-10-15,61,50,0
54,2025-10-15,203,0,0
55,2025-10-15,138,150,1
56,2025-10-15,521,0,7
57,2025-10-15,46,200,1
58,2025-10-15,130,50,1
59,2025-10-15,215,0,0
60,2025-10-15,124,50,0
61,2025-10-15,154,100,2
62,2025-10-15,202,0,0
63,2025-10-15,52,100,0
64,2025-10-15,295,0,0
65,2025-10-15,0,300,0
66,2025-10-15,140,50,0
67,2025-10-15,574,0,1
68,2025-10-15,201,200,1
69,2025-10-15,561,0,0
70,2025-10-15,388,0,0
71,2025-10-15,85,100,1
72,2025-10-15,98,200,0
73,2025-10-15,114,0,0
74,2025-10-15,350,0,0
75,2025-10-15,177,500,1
76,2025-10-15,696,0,0
77,2025-10-15,366,0,0
78,2025-10-15,293,0,1
79,2025-10-15,122,200,1
80,2025-10-15,113,0,0
81,2025-10-15,183,50,0
82,2025-10-15,120,50,0
83,2025-10-15,154,500,0
84,2025-10-15,124,100,0
85,2025-10-15,113,0,0
86,2025-10-15,143,200,0
87,2025-10-15,583,0,0
88,2025-10-15,278,0,1
89,2025-10-15,553,0,0
90,2025-10-15,133,200,1
91,2025-10-15,247,100,1
92,2025-10-15,156,100,0
93,2025-10-15,222,200,0
94,2025-10-15,271,200,2
95,2025-10-15,45,200,0
96,2025-10-15,131,200,1
97,2025-10-15,0,150,0
98,2025-10-15,83,100,0
99,2025-10-15,769,0,0
100,2025-10-15,63,100,0
101,2025-10-15,48,200,0
102,2025-10-15,118,100,1
103,2025-10-15,703,0,0
104,2025-10-15,242,200,0
105,2025-10-15,126,0,0
106,2025-10-15,939,0,0
107,2025-10-15,34,100,0
108,2025-10-15,167,0,0
109,2025-10-15,189,500,0
110,2025-10-15,201,100,0
111,2025-10-15,334,0,2
112,2025-10-15,154,500,0
113,2025-10-15,74,0,0
114,2025-10-15,409,0,0
115,2025-10-15,15,100,0
116,2025-10-15,0,200,0
117,2025-10-15,346,0,1
118,2025-10-15,275,0,0
119,2025-10-15,335,0,2
120,2025-10-15,434,0,0
1,2025-10-16,115,200,0
2,2025-10-16,261,200,0
3,2025-10-16,0,300,0
4,2025-10-16,42,200,0
5,2025-10-16,76,0,0
6,2025-10-16,0,400,0
7,2025-10-16,794,0,0
8,2025-10-16,236,100,2
9,2025-10-16,203,0,0
10,2025-10-16,21,200,0
11,2025-10-16,267,0,1
12,2025-10-16,225,0,0
13,2025-10-16,540,0,0
14,2025-10-16,19,300,0
15,2025-10-16,90,0,0
16,2025-10-16,413,0,0
17,2025-10-16,267,0,1
18,2025-10-16,267,0,0
19,2025-10-16,213,0,0
20,2025-10-16,298,0,0
21,2025-10-16,264,0,1
22,2025-10-16,152,0,0
23,2025-10-16,0,300,0
24,2025-10-16,205,100,0
25,2025-10-16,0,300,0
26,2025-10-16,497,0,0
27,2025-10-16,526,0,2
28,2025-10-16,304,0,1
29,2025-10-16,241,0,0
30,2025-10-16,254,0,0
31,2025-10-16,64,100,0
32,2025-10-16,498,0,0
33,2025-10-16,175,100,0
34,2025-10-16,347,0,0
35,2025-10-16,459,0,0
36,2025-10-16,254,0,0
37,2025-10-16,108,0,0
38,2025-10-16,115,0,0
39,2025-10-16,46,150,1
40,2025-10-16,195,100,1
41,2025-10-16,113,100,0
42,2025-10-16,66,100,0
43,2025-10-16,1,200,0
44,2025-10-16,134,0,0
45,2025-10-16,281,0,1
46,2025-10-16,400,0,3
47,2025-10-16,547,0,0
48,2025-10-16,388,0,1
49,2025-10-16,23,50,0
50,2025-10-16,691,0,0
51,2025-10-16,123,200,0
52,2025-10-16,272,200,0
53,2025-10-16,58,50,0
54,2025-10-16,194,0,1
55,2025-10-16,121,150,1
56,2025-10-16,515,0,0
57,2025-10-16,33,200,1
58,2025-10-16,122,100,0
59,2025-10-16,211,0,0
60,2025-10-16,119,50,0
61,2025-10-16,145,100,0
62,2025-10-16,194,0,0
63,2025-10-16,49,100,0
64,2025-10-16,287,200,0
65,2025-10-16,0,300,0
66,2025-10-16,126,100,1
67,2025-10-16,566,0,0
68,2025-10-16,179,200,2
69,2025-10-16,553,0,0
70,2025-10-16,384,0,0
71,2025-10-16,84,100,0
72,2025-10-16,94,200,0
73,2025-10-16,111,0,0
74,2025-10-16,344,0,0
75,2025-10-16,174,500,0
76,2025-10-16,687,0,0
77,2025-10-16,364,0,0
78,2025-10-16,282,200,1
79,2025-10-16,122,200,2
80,2025-10-16,110,0,0
81,2025-10-16,172,50,1
82,2025-10-16,107,100,1
83,2025-10-16,644,0,1
84,2025-10-16,118,100,0
85,2025-10-16,110,0,0
86,2025-10-16,134,200,1
87,2025-10-16,571,0,1
88,2025-10-16,267,0,0
89,2025-10-16,547,0,0
90,2025-10-16,122,200,1
91,2025-10-16,234,100,1
92,2025-10-16,149,100,0
93,2025-10-16,200,200,2
94,2025-10-16,260,200,1
95,2025-10-16,38,200,0
96,2025-10-16,117,200,1
97,2025-10-16,0,150,0
98,2025-10-16,77,100,0
99,2025-10-16,765,0,0
100,2025-10-16,56,200,0
101,2025-10-16,32,200,1
102,2025-10-16,112,100,0
103,2025-10-16,699,0,0
104,2025-10-16,233,200,1
105,2025-10-16,123,0,0
106,2025-10-16,938,0,0
107,2025-10-16,30,100,0
108,2025-10-16,158,0,1
109,2025-10-16,183,500,0
110,2025-10-16,193,100,0
111,2025-10-16,323,0,0
112,2025-10-16,143,500,1
113,2025-10-16,71,0,0
114,2025-10-16,398,0,0
115,2025-10-16,7,200,0
116,2025-10-16,0,200,0
117,2025-10-16,323,0,2
118,2025-10-16,259,0,1
119,2025-10-16,320,0,1
120,2025-10-16,425,0,0
1,2025-10-17,90,200,2
2,2025-10-17,252,200,0
3,2025-10-17,0,300,0
4,2025-10-17,42,200,0
5,2025-10-17,73,0,0
6,2025-10-17,188,200,1
7,2025-10-17,791,0,0
8,2025-10-17,222,100,1
9,2025-10-17,199,0,0
10,2025-10-17,8,200,1
11,2025-10-17,251,0,2
12,2025-10-17,217,0,0
13,2025-10-17,523,0,0
14,2025-10-17,8,300,0
15,2025-10-17,90,0,1
16,2025-10-17,406,0,0
17,2025-10-17,259,0,0
18,2025-10-17,258,0,1
19,2025-10-17,212,0,0
20,2025-10-17,283,0,1
21,2025-10-17,255,0,1
22,2025-10-17,149,0,0
23,2025-10-17,0,300,0
24,2025-10-17,205,100,2
25,2025-10-17,0,300,0
26,2025-10-17,491,0,0
27,2025-10-17,504,0,1
28,2025-10-17,290,0,1
29,2025-10-17,238,0,0
30,2025-10-17,243,0,0
31,2025-10-17,162,0,0
32,2025-10-17,496,0,0
33,2025-10-17,166,100,1
34,2025-10-17,345,0,0
35,2025-10-17,457,0,0
36,2025-10-17,245,0,1
37,2025-10-17,106,0,0
38,2025-10-17,111,0,0
39,2025-10-17,85,100,1
40,2025-10-17,179,100,1
41,2025-10-17,105,100,1
42,2025-10-17,61,100,0
43,2025-10-17,0,200,0
44,2025-10-17,131,0,0
45,2025-10-17,273,200,0
46,2025-10-17,378,0,2
47,2025-10-17,542,0,0
48,2025-10-17,375,0,0
49,2025-10-17,21,50,0
50,2025-10-17,687,0,0
51,2025-10-17,111,200,1
52,2025-10-17,455,0,2
53,2025-10-17,51,50,0
54,2025-10-17,190,0,0
55,2025-10-17,112,150,0
56,2025-10-17,509,0,0
57,2025-10-17,70,200,1
58,2025-10-17,162,50,1
59,2025-10-17,206,0,0
60,2025-10-17,115,100,0
61,2025-10-17,144,100,0
62,2025-10-17,186,0,0
63,2025-10-17,92,50,0
64,2025-10-17,274,200,1
65,2025-10-17,84,200,1
66,2025-10-17,123,100,0
67,2025-10-17,562,0,0
68,2025-10-17,174,200,0
69,2025-10-17,547,0,0
70,2025-10-17,380,0,0
71,2025-10-17,81,100,0
72,2025-10-17,289,0,0
73,2025-10-17,109,0,0
74,2025-10-17,332,0,1
75,2025-10-17,168,500,0
76,2025-10-17,682,0,0
77,2025-10-17,362,0,0
78,2025-10-17,276,200,0
79,2025-10-17,104,200,2
80,2025-10-17,107,0,0
81,2025-10-17,168,50,0
82,2025-10-17,97,100,1
83,2025-10-17,632,0,1
84,2025-10-17,110,100,1
85,2025-10-17,108,0,0
86,2025-10-17,121,200,1
87,2025-10-17,569,0,0
88,2025-10-17,264,0,0
89,2025-10-17,544,0,0
90,2025-10-17,111,200,1
91,2025-10-17,222,100,1
92,2025-10-17,142,100,0
93,2025-10-17,384,0,1
94,2025-10-17,258,200,0
95,2025-10-17,29,200,1
96,2025-10-17,105,200,0
97,2025-10-17,0,150,0
98,2025-10-17,68,100,1
99,2025-10-17,761,0,0
100,2025-10-17,50,200,0
101,2025-10-17,24,200,0
102,2025-10-17,102,100,0
103,2025-10-17,699,0,19
104,2025-10-17,207,200,3
105,2025-10-17,117,0,0
106,2025-10-17,936,0,0
107,2025-10-17,24,100,0
108,2025-10-17,147,0,0
109,2025-10-17,175,500,0
110,2025-10-17,187,100,0
111,2025-10-17,303,0,2
112,2025-10-17,129,500,1
113,2025-10-17,71,0,0
114,2025-10-17,386,0,0
115,2025-10-17,2,200,0
116,2025-10-17,0,200,0
117,2025-10-17,318,0,0
118,2025-10-17,254,0,0
119,2025-10-17,307,0,1
120,2025-10-17,417,0,1
1,2025-10-18,75,300,1
2,2025-10-18,232,200,1
3,2025-10-18,34,250,2
4,2025-10-18,38,200,0
5,2025-10-18,71,0,0
6,2025-10-18,170,200,1
7,2025-10-18,789,0,0
8,2025-10-18,211,100,0
9,2025-10-18,193,0,0
10,2025-10-18,1,200,0
11,2025-10-18,240,0,0
12,2025-10-18,209,0,0
13,2025-10-18,511,0,1
14,2025-10-18,37,250,1
15,2025-10-18,83,0,0
16,2025-10-18,400,0,0
17,2025-10-18,242,0,1
18,2025-10-18,257,0,0
19,2025-10-18,210,0,0
20,2025-10-18,269,200,1
21,2025-10-18,249,0,0
22,2025-10-18,144,0,0
23,2025-10-18,32,300,0
24,2025-10-18,191,100,0
25,2025-10-18,0,300,0
26,2025-10-18,485,0,0
27,2025-10-18,488,0,1
28,2025-10-18,274,0,2
29,2025-10-18,237,0,0
30,2025-10-18,222,500,1
31,2025-10-18,160,0,0
32,2025-10-18,492,0,0
33,2025-10-18,155,100,1
34,2025-10-18,335,0,1
35,2025-10-18,454,0,0
36,2025-10-18,236,0,0
37,2025-10-18,104,0,0
38,2025-10-18,104,0,0
39,2025-10-18,78,100,0
40,2025-10-18,270,0,1
41,2025-10-18,98,100,0
42,2025-10-18,55,100,0
43,2025-10-18,0,200,0
44,2025-10-18,125,0,0
45,2025-10-18,260,200,1
46,2025-10-18,356,0,2
47,2025-10-18,536,0,0
48,2025-10-18,363,0,0
49,2025-10-18,18,50,0
50,2025-10-18,682,0,0
51,2025-10-18,101,200,1
52,2025-10-18,444,0,1
53,2025-10-18,48,50,0
54,2025-10-18,179,0,1
55,2025-10-18,127,150,2
56,2025-10-18,505,0,0
57,2025-10-18,110,150,0
58,2025-10-18,158,50,0
59,2025-10-18,203,0,0
60,2025-10-18,108,100,0
61,2025-10-18,140,100,0
62,2025-10-18,173,0,1
63,2025-10-18,81,100,0
64,2025-10-18,379,0,2
65,2025-10-18,73,200,1
66,2025-10-18,109,100,1
67,2025-10-18,556,0,0
68,2025-10-18,160,200,1
69,2025-10-18,540,0,1
70,2025-10-18,371,0,0
71,2025-10-18,79,100,0
72,2025-10-18,284,0,0
73,2025-10-18,108,0,0
74,2025-10-18,323,0,0
75,2025-10-18,151,500,2
76,2025-10-18,674,0,0
77,2025-10-18,361,0,0
78,2025-10-18,265,200,1
79,2025-10-18,94,200,1
80,2025-10-18,104,0,0
81,2025-10-18,150,50,1
82,2025-10-18,86,100,1
83,2025-10-18,618,0,1
84,2025-10-18,101,100,1
85,2025-10-18,100,0,0
86,2025-10-18,112,200,0
87,2025-10-18,561,0,0
88,2025-10-18,254,0,1
89,2025-10-18,540,0,0
90,2025-10-18,99,200,1
91,2025-10-18,211,100,1
92,2025-10-18,230,0,1
93,2025-10-18,358,0,3
94,2025-10-18,233,200,3
95,2025-10-18,17,200,1
96,2025-10-18,85,200,2
97,2025-10-18,94,50,0
98,2025-10-18,55,200,1
99,2025-10-18,758,0,0
100,2025-10-18,48,200,0
101,2025-10-18,0,250,0
102,2025-10-18,193,100,0
103,2025-10-18,694,0,0
104,2025-10-18,195,200,1
105,2025-10-18,117,0,2
106,2025-10-18,932,0,0
107,2025-10-18,21,100,0
108,2025-10-18,137,200,1
109,2025-10-18,166,500,1
110,2025-10-18,172,100,1
111,2025-10-18,286,0,1
112,2025-10-18,123,500,0
113,2025-10-18,67,0,0
114,2025-10-18,383,0,0
115,2025-10-18,0,200,0
116,2025-10-18,0,200,0
117,2025-10-18,303,0,2
118,2025-10-18,241,0,1
119,2025-10-18,292,100,2
120,2025-10-18,413,0,0
1,2025-10-19,63,300,1
2,2025-10-19,220,200,1
3,2025-10-19,20,250,1
4,2025-10-19,35,200,0
5,2025-10-19,67,0,0
6,2025-10-19,159,200,0
7,2025-10-19,787,0,0
8,2025-10-19,204,100,0
9,2025-10-19,182,0,0
10,2025-10-19,0,200,0
11,2025-10-19,232,0,1
12,2025-10-19,197,0,1
13,2025-10-19,492,0,0
14,2025-10-19,18,250,2
15,2025-10-19,80,0,0
16,2025-10-19,395,0,0
17,2025-10-19,235,0,0
18,2025-10-19,244,500,0
19,2025-10-19,205,0,0
20,2025-10-19,259,200,0
21,2025-10-19,233,100,0
22,2025-10-19,141,0,0
23,2025-10-19,75,250,0
24,2025-10-19,173,200,2
25,2025-10-19,73,200,3
26,2025-10-19,478,0,0
27,2025-10-19,477,0,1
28,2025-10-19,263,0,1
29,2025-10-19,233,0,0
30,2025-10-19,210,500,1
31,2025-10-19,158,0,0
32,2025-10-19,489,0,0
33,2025-10-19,244,0,1
34,2025-10-19,326,0,0
35,2025-10-19,450,0,0
36,2025-10-19,226,0,0
37,2025-10-19,101,0,0
38,2025-10-19,100,0,0
39,2025-10-19,68,150,1
40,2025-10-19,263,0,0
41,2025-10-19,86,100,0
42,2025-10-19,100,50,0
43,2025-10-19,94,100,0
44,2025-10-19,117,0,1
45,2025-10-19,243,200,2
46,2025-10-19,340,0,1
47,2025-10-19,528,0,0
48,2025-10-19,352,0,0
49,2025-10-19,17,50,0
50,2025-10-19,677,0,0
51,2025-10-19,101,200,1
52,2025-10-19,425,0,2
53,2025-10-19,42,50,0
54,2025-10-19,170,0,0
55,2025-10-19,118,200,0
56,2025-10-19,498,0,0
57,2025-10-19,108,150,0
58,2025-10-19,146,100,1
59,2025-10-19,200,0,0
60,2025-10-19,93,100,1
61,2025-10-19,126,100,1
62,2025-10-19,163,0,1
63,2025-10-19,72,100,1
64,2025-10-19,371,0,0
65,2025-10-19,64,200,0
66,2025-10-19,98,150,1
67,2025-10-19,549,0,0
68,2025-10-19,151,200,1
69,2025-10-19,530,0,0
70,2025-10-19,367,0,0
71,2025-10-19,110,100,1
72,2025-10-19,279,0,0
73,2025-10-19,107,0,0
74,2025-10-19,316,0,1
75,2025-10-19,126,500,2
76,2025-10-19,654,0,2
77,2025-10-19,358,0,0
78,2025-10-19,251,200,1
79,2025-10-19,73,300,1
80,2025-10-19,102,0,0
81,2025-10-19,190,50,0
82,2025-10-19,83,100,0
83,2025-10-19,605,0,1
84,2025-10-19,192,0,0
85,2025-10-19,97,0,0
86,2025-10-19,305,0,0
87,2025-10-19,553,0,0
88,2025-10-19,254,0,3
89,2025-10-19,536,0,0
90,2025-10-19,89,200,1
91,2025-10-19,211,100,3
92,2025-10-19,216,0,0
93,2025-10-19,345,0,1
94,2025-10-19,413,0,2
95,2025-10-19,5,200,1
96,2025-10-19,116,200,1
97,2025-10-19,86,50,0
98,2025-10-19,44,200,1
99,2025-10-19,754,0,0
100,2025-10-19,44,200,0
101,2025-10-19,0,250,0
102,2025-10-19,180,100,0
103,2025-10-19,692,0,0
104,2025-10-19,177,200,2
105,2025-10-19,114,0,0
106,2025-10-19,928,0,0
107,2025-10-19,17,150,0
108,2025-10-19,131,200,0
109,2025-10-19,660,0,0
110,2025-10-19,167,100,0
111,2025-10-19,271,0,1
112,2025-10-19,613,0,0
113,2025-10-19,63,0,0
114,2025-10-19,368,0,1
115,2025-10-19,0,200,0
116,2025-10-19,188,0,1
117,2025-10-19,289,0,1
118,2025-10-19,232,0,0
119,2025-10-19,257,100,2
120,2025-10-19,407,0,0
1,2025-10-20,40,300,2
2,2025-10-20,205,200,2
3,2025-10-20,39,250,1
4,2025-10-20,34,200,0
5,2025-10-20,66,0,0
6,2025-10-20,136,200,1
7,2025-10-20,785,0,0
8,2025-10-20,192,100,0
9,2025-10-20,177,0,0
10,2025-10-20,0,300,0
11,2025-10-20,222,0,1
12,2025-10-20,188,0,1
13,2025-10-20,474,0,2
14,2025-10-20,2,300,0
15,2025-10-20,78,0,0
16,2025-10-20,390,0,0
17,2025-10-20,223,100,1
18,2025-10-20,739,0,0
19,2025-10-20,199,0,0
20,2025-10-20,246,200,0
21,2025-10-20,218,100,1
22,2025-10-20,138,0,0
23,2025-10-20,63,250,1
24,2025-10-20,167,200,0
25,2025-10-20,55,300,2
26,2025-10-20,472,0,0
27,2025-10-20,472,0,0
28,2025-10-20,249,0,2
29,2025-10-20,230,0,0
30,2025-10-20,197,500,0
31,2025-10-20,155,0,0
32,2025-10-20,486,0,0
33,2025-10-20,238,0,0
34,2025-10-20,313,0,1
35,2025-10-20,446,0,0
36,2025-10-20,219,0,0
37,2025-10-20,101,0,1
38,2025-10-20,95,0,0
39,2025-10-20,60,150,0
40,2025-10-20,252,0,0
41,2025-10-20,83,100,0
42,2025-10-20,139,0,0
43,2025-10-20,91,100,0
44,2025-10-20,110,0,0
45,2025-10-20,230,200,1
46,2025-10-20,313,0,1
47,2025-10-20,518,0,0
48,2025-10-20,335,0,0
49,2025-10-20,15,50,0
50,2025-10-20,675,0,0
51,2025-10-20,88,200,1
52,2025-10-20,412,0,1
53,2025-10-20,39,100,0
54,2025-10-20,158,200,1
55,2025-10-20,112,200,0
56,2025-10-20,488,0,1
57,2025-10-20,98,200,1
58,2025-10-20,140,100,0
59,2025-10-20,196,0,0
60,2025-10-20,84,100,1
61,2025-10-20,116,150,1
62,2025-10-20,158,200,0
63,2025-10-20,64,100,1
64,2025-10-20,354,0,2
65,2025-10-20,54,200,1
66,2025-10-20,88,150,0
67,2025-10-20,543,0,0
68,2025-10-20,134,200,2
69,2025-10-20,512,0,2
70,2025-10-20,362,0,0
71,2025-10-20,105,100,0
72,2025-10-20,277,0,0
73,2025-10-20,105,0,0
74,2025-10-20,314,0,0
75,2025-10-20,109,500,1
76,2025-10-20,640,0,0
77,2025-10-20,357,0,0
78,2025-10-20,240,200,0
79,2025-10-20,60,300,0
80,2025-10-20,99,0,0
81,2025-10-20,182,100,0
82,2025-10-20,130,50,0
83,2025-10-20,600,0,0
84,2025-10-20,181,0,1
85,2025-10-20,95,0,0
86,2025-10-20,292,0,1
87,2025-10-20,548,0,0
88,2025-10-20,254,0,6
89,2025-10-20,530,0,0
90,2025-10-20,80,200,1
91,2025-10-20,197,100,1
92,2025-10-20,209,0,0
93,2025-10-20,325,0,2
94,2025-10-20,393,0,2
95,2025-10-20,0,200,0
96,2025-10-20,132,200,2
97,2025-10-20,81,50,0
98,2025-10-20,38,200,0
99,2025-10-20,752,0,0
100,2025-10-20,37,200,0
101,2025-10-20,40,200,1
102,2025-10-20,163,100,1
103,2025-10-20,690,0,0
104,2025-10-20,362,0,1
105,2025-10-20,110,0,0
106,2025-10-20,921,0,0
107,2025-10-20,43,100,0
108,2025-10-20,120,200,0
109,2025-10-20,654,0,0
110,2025-10-20,154,100,1
111,2025-10-20,245,500,3
112,2025-10-20,604,0,0
113,2025-10-20,62,0,0
114,2025-10-20,364,0,0
115,2025-10-20,0,200,0
116,2025-10-20,184,0,0
117,2025-10-20,278,0,0
118,2025-10-20,218,200,1
119,2025-10-20,243,100,1
120,2025-10-20,403,0,0
1,2025-10-21,21,300,0
2,2025-10-21,204,200,0
3,2025-10-21,23,250,1
4,2025-10-21,231,0,0
5,2025-10-21,63,0,0
6,2025-10-21,125,200,0
7,2025-10-21,782,0,0
8,2025-10-21,187,100,0
9,2025-10-21,169,0,0
10,2025-10-21,0,300,0
11,2025-10-21,220,500,0
12,2025-10-21,183,50,0
13,2025-10-21,456,0,0
14,2025-10-21,90,200,1
15,2025-10-21,73,100,0
16,2025-10-21,382,0,0
17,2025-10-21,208,100,1
18,2025-10-21,725,0,1
19,2025-10-21,197,0,0
20,2025-10-21,236,200,1
21,2025-10-21,211,100,0
22,2025-10-21,134,0,0
23,2025-10-21,40,250,3
24,2025-10-21,155,200,1
25,2025-10-21,137,200,2
26,2025-10-21,472,0,5
27,2025-10-21,462,0,1
28,2025-10-21,240,0,1
29,2025-10-21,227,0,0
30,2025-10-21,185,500,1
31,2025-10-21,153,0,0
32,2025-10-21,484,0,0
33,2025-10-21,227,0,1
34,2025-10-21,302,0,0
35,2025-10-21,445,0,0
36,2025-10-21,215,0,0
37,2025-10-21,99,0,0
38,2025-10-21,92,0,0
39,2025-10-21,101,100,0
40,2025-10-21,244,0,1
41,2025-10-21,70,200,0
42,2025-10-21,135,0,0
43,2025-10-21,85,100,0
44,2025-10-21,107,0,0
45,2025-10-21,219,200,1
46,2025-10-21,300,500,1
47,2025-10-21,516,0,0
48,2025-10-21,325,0,1
49,2025-10-21,13,50,0
50,2025-10-21,673,0,0
51,2025-10-21,71,200,1
52,2025-10-21,398,0,1
53,2025-10-21,35,100,0
54,2025-10-21,149,200,0
55,2025-10-21,102,200,1
56,2025-10-21,481,0,0
57,2025-10-21,138,150,1
58,2025-10-21,134,100,0
59,2025-10-21,192,0,0
60,2025-10-21,80,100,0
61,2025-10-21,107,150,0
62,2025-10-21,149,200,0
63,2025-10-21,61,100,0
64,2025-10-21,341,0,1
65,2025-10-21,50,200,0
66,2025-10-21,180,50,1
67,2025-10-21,540,0,0
68,2025-10-21,125,200,1
69,2025-10-21,502,0,0
70,2025-10-21,359,0,0
71,2025-10-21,92,100,0
72,2025-10-21,271,0,0
73,2025-10-21,103,0,0
74,2025-10-21,304,0,1
75,2025-10-21,97,500,1
76,2025-10-21,633,0,0
77,2025-10-21,357,0,9
78,2025-10-21,221,200,1
79,2025-10-21,38,300,1
80,2025-10-21,97,0,0
81,2025-10-21,222,50,1
82,2025-10-21,123,50,0
83,2025-10-21,599,0,0
84,2025-10-21,173,100,0
85,2025-10-21,95,0,2
86,2025-10-21,290,0,0
87,2025-10-21,542,0,0
88,2025-10-21,244,0,0
89,2025-10-21,528,0,0
90,2025-10-21,71,200,1
91,2025-10-21,185,100,1
92,2025-10-21,199,100,1
93,2025-10-21,309,0,0
94,2025-10-21,373,0,2
95,2025-10-21,0,200,0
96,2025-10-21,107,200,3
97,2025-10-21,76,50,0
98,2025-10-21,35,200,0
99,2025-10-21,746,0,0
100,2025-10-21,21,200,2
101,2025-10-21,77,150,1
102,2025-10-21,158,100,0
103,2025-10-21,687,0,0
104,2025-10-21,354,0,0
105,2025-10-21,103,0,0
106,2025-10-21,918,0,0
107,2025-10-21,39,100,0
108,2025-10-21,112,200,0
109,2025-10-21,641,0,1
110,2025-10-21,147,100,0
111,2025-10-21,727,0,1
112,2025-10-21,604,0,18
113,2025-10-21,60,0,0
114,2025-10-21,356,0,0
115,2025-10-21,0,200,0
116,2025-10-21,171,0,1
117,2025-10-21,267,0,1
118,2025-10-21,209,200,0
119,2025-10-21,221,100,1
120,2025-10-21,396,0,0
1,2025-10-22,12,300,1
2,2025-10-22,192,200,1
3,2025-10-22,8,250,1
4,2025-10-22,230,0,0
5,2025-10-22,61,0,0
6,2025-10-22,108,200,0
7,2025-10-22,781,0,0
8,2025-10-22,180,100,0
9,2025-10-22,162,0,0
10,2025-10-22,90,200,0
11,2025-10-22,220,500,2
12,2025-10-22,176,50,1
13,2025-10-22,443,0,1
14,2025-10-22,90,200,1
15,2025-10-22,72,100,0
16,2025-10-22,377,0,0
17,2025-10-22,199,100,0
18,2025-10-22,717,0,0
19,2025-10-22,194,0,0
20,2025-10-22,226,200,1
21,2025-10-22,201,100,1
22,2025-10-22,130,0,0
23,2025-10-22,37,300,0
24,2025-10-22,237,100,2
25,2025-10-22,123,200,1
26,2025-10-22,466,0,0
27,2025-10-22,450,0,1
28,2025-10-22,230,200,1
29,2025-10-22,225,0,0
30,2025-10-22,174,500,0
31,2025-10-22,149,0,0
32,2025-10-22,480,0,0
33,2025-10-22,220,0,0
34,2025-10-22,292,0,1
35,2025-10-22,442,0,0
36,2025-10-22,207,0,0
37,2025-10-22,97,0,0
38,2025-10-22,86,0,0
39,2025-10-22,90,100,0
40,2025-10-22,241,0,0
41,2025-10-22,64,200,0
42,2025-10-22,126,0,0
43,2025-10-22,85,100,1
44,2025-10-22,103,0,0
45,2025-10-22,392,0,2
46,2025-10-22,279,500,0
47,2025-10-22,503,0,1
48,2025-10-22,321,0,0
49,2025-10-22,11,50,0
50,2025-10-22,667,0,0
51,2025-10-22,62,200,1
52,2025-10-22,384,0,1
53,2025-10-22,29,100,0
54,2025-10-22,142,200,0
55,2025-10-22,149,150,0
56,2025-10-22,481,0,10
57,2025-10-22,152,150,1
58,2025-10-22,127,100,0
59,2025-10-22,192,0,5
60,2025-10-22,125,100,0
61,2025-10-22,98,200,1
62,2025-10-22,143,200,0
63,2025-10-22,53,100,0
64,2025-10-22,324,0,1
65,2025-10-22,40,200,1
66,2025-10-22,174,50,0
67,2025-10-22,530,0,1
68,2025-10-22,107,200,2
69,2025-10-22,486,0,0
70,2025-10-22,356,0,0
71,2025-10-22,82,100,1
72,2025-10-22,268,0,0
73,2025-10-22,102,0,0
74,2025-10-22,295,0,1
75,2025-10-22,92,500,0
76,2025-10-22,623,0,1
77,2025-10-22,355,0,0
78,2025-10-22,210,200,1
79,2025-10-22,132,200,0
80,2025-10-22,93,0,0
81,2025-10-22,260,0,1
82,2025-10-22,123,50,1
83,2025-10-22,589,0,0
84,2025-10-22,165,100,1
85,2025-10-22,91,0,0
86,2025-10-22,281,0,0
87,2025-10-22,536,0,0
88,2025-10-22,236,0,0
89,2025-10-22,523,0,0
90,2025-10-22,60,200,0
91,2025-10-22,175,100,1
92,2025-10-22,192,100,0
93,2025-10-22,293,0,1
94,2025-10-22,362,0,1
95,2025-10-22,0,200,0
96,2025-10-22,86,200,3
97,2025-10-22,66,100,0
98,2025-10-22,23,200,1
99,2025-10-22,742,0,0
100,2025-10-22,14,200,0
101,2025-10-22,69,150,0
102,2025-10-22,146,100,1
103,2025-10-22,683,0,0
104,2025-10-22,339,0,2
105,2025-10-22,99,0,0
106,2025-10-22,914,0,0
107,2025-10-22,28,100,0
108,2025-10-22,112,200,1
109,2025-10-22,627,0,1
110,2025-10-22,139,100,0
111,2025-10-22,715,0,1
112,2025-10-22,595,0,0
113,2025-10-22,60,0,1
114,2025-10-22,346,0,0
115,2025-10-22,0,200,0
116,2025-10-22,164,200,0
117,2025-10-22,256,500,1
118,2025-10-22,204,200,0
119,2025-10-22,308,0,1
120,2025-10-22,394,0,0
1,2025-10-23,3,300,0
2,2025-10-23,184,200,0
3,2025-10-23,5,250,0
4,2025-10-23,229,0,0
5,2025-10-23,58,0,0
6,2025-10-23,101,400,0
7,2025-10-23,780,0,0
8,2025-10-23,178,100,0
9,2025-10-23,156,0,0
10,2025-10-23,79,200,0
11,2025-10-23,203,500,1
12,2025-10-23,169,50,0
13,2025-10-23,430,0,1
14,2025-10-23,78,200,0
15,2025-10-23,70,100,0
16,2025-10-23,370,0,0
17,2025-10-23,183,100,1
18,2025-10-23,703,0,0
19,2025-10-23,191,0,0
20,2025-10-23,216,200,0
21,2025-10-23,196,100,0
22,2025-10-23,129,0,0
23,2025-10-23,119,200,2
24,2025-10-23,280,0,1
25,2025-10-23,110,200,1
26,2025-10-23,453,0,1
27,2025-10-23,426,0,1
28,2025-10-23,219,200,1
29,2025-10-23,223,0,0
30,2025-10-23,167,500,1
31,2025-10-23,145,0,0
32,2025-10-23,476,0,0
33,2025-10-23,216,0,0
34,2025-10-23,284,0,0
35,2025-10-23,439,0,0
36,2025-10-23,196,0,1
37,2025-10-23,96,0,0
38,2025-10-23,84,0,0
39,2025-10-23,83,100,0
40,2025-10-23,231,0,1
41,2025-10-23,150,100,0
42,2025-10-23,118,0,0
43,2025-10-23,84,100,0
44,2025-10-23,100,500,0
45,2025-10-23,384,0,0
46,2025-10-23,775,0,0
47,2025-10-23,491,0,1
48,2025-10-23,310,0,1
49,2025-10-23,8,50,0
50,2025-10-23,666,0,0
51,2025-10-23,51,200,1
52,2025-10-23,373,0,1
53,2025-10-23,72,50,0
54,2025-10-23,136,200,0
55,2025-10-23,136,150,0
56,2025-10-23,480,0,0
57,2025-10-23,134,150,2
58,2025-10-23,164,50,0
59,2025-10-23,190,0,0
60,2025-10-23,119,100,0
61,2025-10-23,186,100,0
62,2025-10-23,137,200,0
63,2025-10-23,44,100,0
64,2025-10-23,309,0,1
65,2025-10-23,26,200,1
66,2025-10-23,170,50,0
67,2025-10-23,527,0,0
68,2025-10-23,94,200,1
69,2025-10-23,468,0,1
70,2025-10-23,354,0,0
71,2025-10-23,72,100,1
72,2025-10-23,265,0,0
73,2025-10-23,99,0,0
74,2025-10-23,290,0,0
75,2025-10-23,78,500,1
76,2025-10-23,607,0,2
77,2025-10-23,354,0,0
78,2025-10-23,194,200,0
79,2025-10-23,120,200,1
80,2025-10-23,89,0,0
81,2025-10-23,248,0,0
82,2025-10-23,117,50,0
83,2025-10-23,580,0,0
84,2025-10-23,161,100,0
85,2025-10-23,87,0,0
86,2025-10-23,267,0,1
87,2025-10-23,531,0,0
88,2025-10-23,229,0,0
89,2025-10-23,515,0,1
90,2025-10-23,59,200,0
91,2025-10-23,260,0,1
92,2025-10-23,173,100,0
93,2025-10-23,275,0,2
94,2025-10-23,353,0,0
95,2025-10-23,0,200,0
96,2025-10-23,78,250,0
97,2025-10-23,58,100,0
98,2025-10-23,14,200,1
99,2025-10-23,738,0,0
100,2025-10-23,7,200,0
101,2025-10-23,54,200,1
102,2025-10-23,139,100,0
103,2025-10-23,683,0,12
104,2025-10-23,334,0,0
105,2025-10-23,96,0,0
106,2025-10-23,910,0,0
107,2025-10-23,25,100,0
108,2025-10-23,105,200,0
109,2025-10-23,618,0,1
110,2025-10-23,132,100,0
111,2025-10-23,701,0,1
112,2025-10-23,582,0,1
113,2025-10-23,58,0,0
114,2025-10-23,332,0,1
115,2025-10-23,0,200,0
116,2025-10-23,356,0,0
117,2025-10-23,244,500,1
118,2025-10-23,190,200,1
119,2025-10-23,293,0,1
120,2025-10-23,390,0,0
1,2025-10-24,0,300,0
2,2025-10-24,172,200,1
3,2025-10-24,38,250,2
4,2025-10-24,226,0,0
5,2025-10-24,55,0,0
6,2025-10-24,82,400,1
7,2025-10-24,778,0,0
8,2025-10-24,166,200,0
9,2025-10-24,150,0,0
10,2025-10-24,77,200,0
11,2025-10-24,192,500,1
12,2025-10-24,158,50,1
13,2025-10-24,419,0,1
14,2025-10-24,71,250,0
15,2025-10-24,64,100,0
16,2025-10-24,366,0,0
17,2025-10-24,173,100,0
18,2025-10-24,691,0,1
19,2025-10-24,189,0,0
20,2025-10-24,212,200,0
21,2025-10-24,183,100,1
22,2025-10-24,128,0,0
23,2025-10-24,102,200,1
24,2025-10-24,268,100,0
25,2025-10-24,91,200,1
26,2025-10-24,447,0,0
27,2025-10-24,416,0,1
28,2025-10-24,403,0,0
29,2025-10-24,220,0,0
30,2025-10-24,163,500,0
31,2025-10-24,141,0,0
32,2025-10-24,472,0,0
33,2025-10-24,206,0,0
34,2025-10-24,279,0,0
35,2025-10-24,435,0,0
36,2025-10-24,189,0,1
37,2025-10-24,94,0,0
38,2025-10-24,76,0,0
39,2025-10-24,78,100,0
40,2025-10-24,223,0,0
41,2025-10-24,145,100,0
42,2025-10-24,112,0,0
43,2025-10-24,74,100,0
44,2025-10-24,92,500,0
45,2025-10-24,384,0,4
46,2025-10-24,749,0,1
47,2025-10-24,484,0,0
48,2025-10-24,304,0,0
49,2025-10-24,6,50,0
50,2025-10-24,663,0,0
51,2025-10-24,41,200,1
52,2025-10-24,363,0,1
53,2025-10-24,68,50,0
54,2025-10-24,326,0,1
55,2025-10-24,173,100,1
56,2025-10-24,474,0,0
57,2025-10-24,119,150,1
58,2025-10-24,153,50,0
59,2025-10-24,187,0,0
60,2025-10-24,112,100,0
61,2025-10-24,173,100,1
62,2025-10-24,132,200,0
63,2025-10-24,44,150,1
64,2025-10-24,292,200,1
65,2025-10-24,16,200,1
66,2025-10-24,213,0,0
67,2025-10-24,527,0,15
68,2025-10-24,87,200,0
69,2025-10-24,459,0,0
70,2025-10-24,349,0,0
71,2025-10-24,60,100,1
72,2025-10-24,261,0,0
73,2025-10-24,96,0,0
74,2025-10-24,287,0,0
75,2025-10-24,65,500,0
76,2025-10-24,598,0,0
77,2025-10-24,353,0,0
78,2025-10-24,176,200,1
79,2025-10-24,205,200,1
80,2025-10-24,86,0,0
81,2025-10-24,240,0,0
82,2025-10-24,116,100,0
83,2025-10-24,575,0,0
84,2025-10-24,149,100,1
85,2025-10-24,85,0,0
86,2025-10-24,256,0,0
87,2025-10-24,527,0,0
88,2025-10-24,221,0,0
89,2025-10-24,511,0,0
90,2025-10-24,54,200,0
91,2025-10-24,246,100,0
92,2025-10-24,155,100,0
93,2025-10-24,265,200,1
94,2025-10-24,348,0,0
95,2025-10-24,0,200,0
96,2025-10-24,69,250,1
97,2025-10-24,55,100,0
98,2025-10-24,7,200,0
99,2025-10-24,734,0,0
100,2025-10-24,0,200,0
101,2025-10-24,45,200,1
102,2025-10-24,134,100,0
103,2025-10-24,675,0,1
104,2025-10-24,321,0,1
105,2025-10-24,91,500,0
106,2025-10-24,906,0,0
107,2025-10-24,16,100,1
108,2025-10-24,103,200,0
109,2025-10-24,608,0,1
110,2025-10-24,125,100,0
111,2025-10-24,693,0,0
112,2025-10-24,569,0,1
113,2025-10-24,57,0,0
114,2025-10-24,318,0,1
115,2025-10-24,0,200,0
116,2025-10-24,338,0,1
117,2025-10-24,238,500,0
118,2025-10-24,177,200,1
119,2025-10-24,276,100,0
120,2025-10-24,388,0,0
1,2025-10-25,0,300,0
2,2025-10-25,361,0,0
3,2025-10-25,33,250,0
4,2025-10-25,223,0,0
5,2025-10-25,52,50,0
6,2025-10-25,55,400,3
7,2025-10-25,773,0,0
8,2025-10-25,155,200,1
9,2025-10-25,146,0,0
10,2025-10-25,71,200,0
11,2025-10-25,177,500,1
12,2025-10-25,149,100,0
13,2025-10-25,406,0,1
14,2025-10-25,62,250,0
15,2025-10-25,58,100,0
16,2025-10-25,357,0,0
17,2025-10-25,166,100,0
18,2025-10-25,687,0,0
19,2025-10-25,183,0,0
20,2025-10-25,205,200,0
21,2025-10-25,161,100,2
22,2025-10-25,123,0,0
23,2025-10-25,95,250,0
24,2025-10-25,249,100,2
25,2025-10-25,125,200,0
26,2025-10-25,444,0,0
27,2025-10-25,402,0,0
28,2025-10-25,394,0,1
29,2025-10-25,217,0,0
30,2025-10-25,152,500,1
31,2025-10-25,137,0,0
32,2025-10-25,470,0,0
33,2025-10-25,197,0,0
34,2025-10-25,276,0,0
35,2025-10-25,433,0,0
36,2025-10-25,184,0,0
37,2025-10-25,92,0,0
38,2025-10-25,72,100,0
39,2025-10-25,63,100,1
40,2025-10-25,215,0,0
41,2025-10-25,233,0,1
42,2025-10-25,105,50,0
43,2025-10-25,72,100,0
44,2025-10-25,83,500,0
45,2025-10-25,375,0,0
46,2025-10-25,734,0,2
47,2025-10-25,473,0,1
48,2025-10-25,293,0,1
49,2025-10-25,3,50,0
50,2025-10-25,657,0,0
51,2025-10-25,31,400,1
52,2025-10-25,348,0,1
53,2025-10-25,65,50,0
54,2025-10-25,320,0,0
55,2025-10-25,158,150,1
56,2025-10-25,463,0,0
57,2025-10-25,115,150,0
58,2025-10-25,144,50,0
59,2025-10-25,185,0,0
60,2025-10-25,100,100,0
61,2025-10-25,159,100,1
62,2025-10-25,121,200,1
63,2025-10-25,41,150,0
64,2025-10-25,275,200,2
65,2025-10-25,104,200,0
66,2025-10-25,210,0,0
67,2025-10-25,523,0,0
68,2025-10-25,276,0,1
69,2025-10-25,449,0,1
70,2025-10-25,343,0,0
71,2025-10-25,52,150,1
72,2025-10-25,255,0,0
73,2025-10-25,93,0,0
74,2025-10-25,283,0,0
75,2025-10-25,55,500,1
76,2025-10-25,585,0,1
77,2025-10-25,352,0,0
78,2025-10-25,160,200,1
79,2025-10-25,183,200,2
80,2025-10-25,81,0,0
81,2025-10-25,225,0,1
82,2025-10-25,150,50,1
83,2025-10-25,575,0,16
84,2025-10-25,143,100,0
85,2025-10-25,85,0,0
86,2025-10-25,248,0,0
87,2025-10-25,519,0,0
88,2025-10-25,211,0,1
89,2025-10-25,506,0,0
90,2025-10-25,42,200,1
91,2025-10-25,238,100,0
92,2025-10-25,144,200,0
93,2025-10-25,250,200,0
94,2025-10-25,325,0,2
95,2025-10-25,0,200,0
96,2025-10-25,55,250,1
97,2025-10-25,53,100,0
98,2025-10-25,102,100,0
99,2025-10-25,730,0,0
100,2025-10-25,0,200,0
101,2025-10-25,69,150,0
102,2025-10-25,131,100,0
103,2025-10-25,674,0,0
104,2025-10-25,310,0,1
105,2025-10-25,86,500,0
106,2025-10-25,902,0,0
107,2025-10-25,12,100,0
108,2025-10-25,99,200,0
109,2025-10-25,597,0,1
110,2025-10-25,114,100,0
111,2025-10-25,684,0,0
112,2025-10-25,569,0,15
113,2025-10-25,54,0,0
114,2025-10-25,308,0,0
115,2025-10-25,0,200,0
116,2025-10-25,330,0,0
117,2025-10-25,225,500,1
118,2025-10-25,167,200,0
119,2025-10-25,259,100,2
120,2025-10-25,381,0,0
1,2025-10-26,0,300,0
2,2025-10-26,327,0,3
3,2025-10-26,23,250,0
4,2025-10-26,218,0,0
5,2025-10-26,49,50,0
6,2025-10-26,40,400,2
7,2025-10-26,771,0,0
8,2025-10-26,136,200,1
9,2025-10-26,139,0,0
10,2025-10-26,55,200,1
11,2025-10-26,153,500,0
12,2025-10-26,173,50,1
13,2025-10-26,390,0,0
14,2025-10-26,41,250,1
15,2025-10-26,51,100,1
16,2025-10-26,352,0,0
17,2025-10-26,156,100,0
18,2025-10-26,678,0,1
19,2025-10-26,178,0,0
20,2025-10-26,184,200,2
21,2025-10-26,152,200,0
22,2025-10-26,118,0,0
23,2025-10-26,132,200,1
24,2025-10-26,238,100,0
25,2025-10-26,102,200,1
26,2025-10-26,440,0,0
27,2025-10-26,395,0,0
28,2025-10-26,377,0,1
29,2025-10-26,215,0,0
30,2025-10-26,137,500,0
31,2025-10-26,132,0,0
32,2025-10-26,469,0,0
33,2025-10-26,182,0,0
34,2025-10-26,261,0,1
35,2025-10-26,428,0,0
36,2025-10-26,175,0,0
37,2025-10-26,89,0,0
38,2025-10-26,69,100,0
39,2025-10-26,54,100,0
40,2025-10-26,201,0,1
41,2025-10-26,220,0,1
42,2025-10-26,100,50,0
43,2025-10-26,67,100,0
44,2025-10-26,82,500,0
45,2025-10-26,355,0,1
46,2025-10-26,721,0,1
47,2025-10-26,465,0,0
48,2025-10-26,274,0,1
49,2025-10-26,0,50,0
50,2025-10-26,652,0,0
51,2025-10-26,12,400,1
52,2025-10-26,324,0,2
53,2025-10-26,113,0,0
54,2025-10-26,314,0,0
55,2025-10-26,189,100,1
56,2025-10-26,459,0,0
57,2025-10-26,105,150,1
58,2025-10-26,141,50,0
59,2025-10-26,181,0,0
60,2025-10-26,93,100,0
61,2025-10-26,184,100,1
62,2025-10-26,112,200,1
63,2025-10-26,83,100,0
64,2025-10-26,273,200,0
65,2025-10-26,91,200,0
66,2025-10-26,201,50,0
67,2025-10-26,514,0,0
68,2025-10-26,267,0,0
69,2025-10-26,437,0,0
70,2025-10-26,337,0,0
71,2025-10-26,43,150,0
72,2025-10-26,251,0,0
73,2025-10-26,91,0,0
74,2025-10-26,274,0,1
75,2025-10-26,38,500,0
76,2025-10-26,571,0,0
77,2025-10-26,350,0,0
78,2025-10-26,145,200,0
79,2025-10-26,168,200,1
80,2025-10-26,79,0,0
81,2025-10-26,210,0,0
82,2025-10-26,141,50,0
83,2025-10-26,561,0,1
84,2025-10-26,130,100,1
85,2025-10-26,82,0,0
86,2025-10-26,237,0,0
87,2025-10-26,515,0,0
88,2025-10-26,203,0,1
89,2025-10-26,500,0,0
90,2025-10-26,36,200,0
91,2025-10-26,222,100,1
92,2025-10-26,135,200,1
93,2025-10-26,242,200,0
94,2025-10-26,313,0,1
95,2025-10-26,92,100,1
96,2025-10-26,51,250,0
97,2025-10-26,45,100,0
98,2025-10-26,92,100,0
99,2025-10-26,723,0,0
100,2025-10-26,0,200,0
101,2025-10-26,56,150,1
102,2025-10-26,125,100,0
103,2025-10-26,672,0,0
104,2025-10-26,291,0,1
105,2025-10-26,84,500,0
106,2025-10-26,897,0,0
107,2025-10-26,2,150,0
108,2025-10-26,88,200,1
109,2025-10-26,586,0,1
110,2025-10-26,103,100,1
111,2025-10-26,672,0,1
112,2025-10-26,558,0,1
113,2025-10-26,53,0,0
114,2025-10-26,302,0,0
115,2025-10-26,94,100,0
116,2025-10-26,316,0,0
117,2025-10-26,220,500,0
118,2025-10-26,149,200,1
119,2025-10-26,239,100,0
120,2025-10-26,374,0,0
1,2025-10-27,0,300,0
2,2025-10-27,309,0,1
3,2025-10-27,12,250,1
4,2025-10-27,215,0,0
5,2025-10-27,46,50,0
6,2025-10-27,29,400,0
7,2025-10-27,769,0,0
8,2025-10-27,225,100,0
9,2025-10-27,136,0,0
10,2025-10-27,44,200,0
11,2025-10-27,133,500,2
12,2025-10-27,168,50,0
13,2025-10-27,375,0,1
14,2025-10-27,27,250,1
15,2025-10-27,49,100,0
16,2025-10-27,340,0,1
17,2025-10-27,141,100,1
18,2025-10-27,659,0,2
19,2025-10-27,174,0,0
20,2025-10-27,180,200,0
21,2025-10-27,140,200,0
22,2025-10-27,115,0,0
23,2025-10-27,115,200,1
24,2025-10-27,227,100,1
25,2025-10-27,80,300,2
26,2025-10-27,436,0,0
27,2025-10-27,377,0,0
28,2025-10-27,369,0,0
29,2025-10-27,213,0,0
30,2025-10-27,131,500,0
31,2025-10-27,129,0,0
32,2025-10-27,468,0,0
33,2025-10-27,171,0,0
34,2025-10-27,251,0,1
35,2025-10-27,425,0,0
36,2025-10-27,172,0,0
37,2025-10-27,86,0,0
38,2025-10-27,134,0,0
39,2025-10-27,47,150,1
40,2025-10-27,193,0,1
41,2025-10-27,215,0,0
42,2025-10-27,94,50,0
43,2025-10-27,61,100,0
44,2025-10-27,76,500,0
45,2025-10-27,340,0,2
46,2025-10-27,713,0,1
47,2025-10-27,458,0,0
48,2025-10-27,260,0,2
49,2025-10-27,0,50,0
50,2025-10-27,647,0,0
51,2025-10-27,0,400,0
52,2025-10-27,318,0,0
53,2025-10-27,110,0,0
54,2025-10-27,305,0,0
55,2025-10-27,177,100,0
56,2025-10-27,454,0,0
57,2025-10-27,93,200,1
58,2025-10-27,128,100,1
59,2025-10-27,174,0,0
60,2025-10-27,119,100,0
61,2025-10-27,175,100,1
62,2025-10-27,104,200,1
63,2025-10-27,74,100,0
64,2025-10-27,254,200,2
65,2025-10-27,73,200,0
66,2025-10-27,190,50,0
67,2025-10-27,503,0,1
68,2025-10-27,255,0,1
69,2025-10-27,423,0,1
70,2025-10-27,337,0,4
71,2025-10-27,34,150,0
72,2025-10-27,245,0,0
73,2025-10-27,90,0,0
74,2025-10-27,266,0,0
75,2025-10-27,24,500,1
76,2025-10-27,567,0,0
77,2025-10-27,348,0,0
78,2025-10-27,327,0,0
79,2025-10-27,246,100,2
80,2025-10-27,76,0,0
81,2025-10-27,200,0,0
82,2025-10-27,132,50,1
83,2025-10-27,556,0,0
84,2025-10-27,120,100,0
85,2025-10-27,79,0,0
86,2025-10-27,227,0,0
87,2025-10-27,510,0,0
88,2025-10-27,188,0,1
89,2025-10-27,493,0,0
90,2025-10-27,25,200,1
91,2025-10-27,208,100,0
92,2025-10-27,116,200,1
93,2025-10-27,221,200,2
94,2025-10-27,302,200,1
95,2025-10-27,85,100,0
96,2025-10-27,26,250,1
97,2025-10-27,39,100,0
98,2025-10-27,92,100,1
99,2025-10-27,721,0,0
100,2025-10-27,0,200,0
101,2025-10-27,49,200,0
102,2025-10-27,121,100,0
103,2025-10-27,670,0,0
104,2025-10-27,271,0,1
105,2025-10-27,81,500,0
106,2025-10-27,891,0,0
107,2025-10-27,0,150,0
108,2025-10-27,75,200,1
109,2025-10-27,578,0,0
110,2025-10-27,92,100,1
111,2025-10-27,658,0,1
112,2025-10-27,548,0,1
113,2025-10-27,50,100,0
114,2025-10-27,287,0,2
115,2025-10-27,88,100,0
116,2025-10-27,315,0,0
117,2025-10-27,215,500,0
118,2025-10-27,142,200,0
119,2025-10-27,224,100,0
120,2025-10-27,368,0,0
1,2025-10-28,90,300,1
2,2025-10-28,301,0,0
3,2025-10-28,105,200,0
4,2025-10-28,210,0,0
5,2025-10-28,45,50,0
6,2025-10-28,14,400,2
7,2025-10-28,768,0,0
8,2025-10-28,210,100,1
9,2025-10-28,131,0,0
10,2025-10-28,130,100,0
11,2025-10-28,624,0,1
12,2025-10-28,157,50,1
13,2025-10-28,354,0,2
14,2025-10-28,67,250,0
15,2025-10-28,146,0,0
16,2025-10-28,338,0,0
17,2025-10-28,129,100,1
18,2025-10-28,647,0,1
19,2025-10-28,172,0,0
20,2025-10-28,174,200,0
21,2025-10-28,130,200,0
22,2025-10-28,114,0,0
23,2025-10-28,101,200,1
24,2025-10-28,210,100,1
25,2025-10-28,174,200,0
26,2025-10-28,433,0,0
27,2025-10-28,356,0,1
28,2025-10-28,355,0,1
29,2025-10-28,212,0,0
30,2025-10-28,124,500,0
31,2025-10-28,129,0,2
32,2025-10-28,462,0,0
33,2025-10-28,162,100,0
34,2025-10-28,244,0,0
35,2025-10-28,420,0,0
36,2025-10-28,167,0,0
37,2025-10-28,83,0,0
38,2025-10-28,128,0,0
39,2025-10-28,92,100,0
40,2025-10-28,190,0,0
41,2025-10-28,197,0,1
42,2025-10-28,125,0,0
43,2025-10-28,59,100,0
44,2025-10-28,72,500,0
45,2025-10-28,331,0,1
46,2025-10-28,688,0,3
47,2025-10-28,447,0,1
48,2025-10-28,251,0,1
49,2025-10-28,0,50,0
50,2025-10-28,641,0,0
51,2025-10-28,184,200,1
52,2025-10-28,301,200,1
53,2025-10-28,104,0,0
54,2025-10-28,294,0,0
55,2025-10-28,165,100,1
56,2025-10-28,449,0,0
57,2025-10-28,84,200,0
58,2025-10-28,116,100,0
59,2025-10-28,170,0,0
60,2025-10-28,110,100,0
61,2025-10-28,166,100,0
62,2025-10-28,98,200,0
63,2025-10-28,68,100,0
64,2025-10-28,247,200,0
65,2025-10-28,63,200,0
66,2025-10-28,174,50,1
67,2025-10-28,496,0,0
68,2025-10-28,245,0,0
69,2025-10-28,413,0,0
70,2025-10-28,332,0,0
71,2025-10-28,20,150,1
72,2025-10-28,243,0,0
73,2025-10-28,86,0,0
74,2025-10-28,257,0,0
75,2025-10-28,20,500,0
76,2025-10-28,562,0,0
77,2025-10-28,346,0,0
78,2025-10-28,312,0,1
79,2025-10-28,239,100,0
80,2025-10-28,75,0,0
81,2025-10-28,187,50,1
82,2025-10-28,122,50,1
83,2025-10-28,545,0,0
84,2025-10-28,120,100,2
85,2025-10-28,77,0,0
86,2025-10-28,222,0,0
87,2025-10-28,502,0,1
88,2025-10-28,183,0,0
89,2025-10-28,488,0,0
90,2025-10-28,15,400,1
91,2025-10-28,201,100,0
92,2025-10-28,102,200,1
93,2025-10-28,203,200,1
94,2025-10-28,281,200,2
95,2025-10-28,77,100,1
96,2025-10-28,63,250,1
97,2025-10-28,34,100,0
98,2025-10-28,180,0,1
99,2025-10-28,717,0,0
100,2025-10-28,0,200,0
101,2025-10-28,43,200,0
102,2025-10-28,115,200,0
103,2025-10-28,668,0,0
104,2025-10-28,257,200,1
105,2025-10-28,79,500,0
106,2025-10-28,889,0,0
107,2025-10-28,46,100,0
108,2025-10-28,67,200,0
109,2025-10-28,570,0,0
110,2025-10-28,182,100,1
111,2025-10-28,646,0,1
112,2025-10-28,537,0,1
113,2025-10-28,47,100,0
114,2025-10-28,275,0,1
115,2025-10-28,82,100,0
116,2025-10-28,300,0,0
117,2025-10-28,204,500,0
118,2025-10-28,124,200,1
119,2025-10-28,207,100,1
120,2025-10-28,366,0,0
1,2025-10-29,71,300,0
2,2025-10-29,287,0,1
3,2025-10-29,77,200,1
4,2025-10-29,208,0,0
5,2025-10-29,43,50,0
6,2025-10-29,0,400,0
7,2025-10-29,759,0,1
8,2025-10-29,207,100,0
9,2025-10-29,131,0,1
10,2025-10-29,212,0,1
11,2025-10-29,617,0,0
12,2025-10-29,146,50,1
13,2025-10-29,348,0,0
14,2025-10-29,58,250,1
15,2025-10-29,141,0,0
16,2025-10-29,331,0,0
17,2025-10-29,121,100,0
18,2025-10-29,632,0,1
19,2025-10-29,169,0,0
20,2025-10-29,157,200,1
21,2025-10-29,121,200,1
22,2025-10-29,110,0,0
23,2025-10-29,75,250,1
24,2025-10-29,197,100,1
25,2025-10-29,156,200,2
26,2025-10-29,431,0,0
27,2025-10-29,342,0,1
28,2025-10-29,343,0,1
29,2025-10-29,211,0,0
30,2025-10-29,115,500,0
31,2025-10-29,126,0,0
32,2025-10-29,461,0,0
33,2025-10-29,156,100,0
34,2025-10-29,231,0,1
35,2025-10-29,417,0,0
36,2025-10-29,161,0,0
37,2025-10-29,78,0,0
38,2025-10-29,128,0,2
39,2025-10-29,127,50,1
40,2025-10-29,178,100,1
41,2025-10-29,192,0,0
42,2025-10-29,122,0,0
43,2025-10-29,52,100,1
44,2025-10-29,66,500,0
45,2025-10-29,314,0,1
46,2025-10-29,681,0,0
47,2025-10-29,438,0,1
48,2025-10-29,242,0,1
49,2025-10-29,0,50,0
50,2025-10-29,639,0,0
51,2025-10-29,377,0,0
52,2025-10-29,301,200,6
53,2025-10-29,98,0,0
54,2025-10-29,289,0,0
55,2025-10-29,143,100,2
56,2025-10-29,444,0,0
57,2025-10-29,112,150,1
58,2025-10-29,162,50,0
59,2025-10-29,165,0,0
60,2025-10-29,96,100,1
61,2025-10-29,159,100,0
62,2025-10-29,88,200,1
63,2025-10-29,108,50,0
64,2025-10-29,232,200,2
65,2025-10-29,52,200,1
66,2025-10-29,165,50,1
67,2025-10-29,491,0,0
68,2025-10-29,236,200,1
69,2025-10-29,406,0,0
70,2025-10-29,327,0,0
71,2025-10-29,6,200,1
72,2025-10-29,237,0,0
73,2025-10-29,84,0,0
74,2025-10-29,252,0,0
75,2025-10-29,6,500,1
76,2025-10-29,547,0,1
77,2025-10-29,344,0,0
78,2025-10-29,304,0,0
79,2025-10-29,219,100,2
80,2025-10-29,73,0,0
81,2025-10-29,175,100,0
82,2025-10-29,121,50,0
83,2025-10-29,537,0,0
84,2025-10-29,110,100,1
85,2025-10-29,76,0,0
86,2025-10-29,220,0,0
87,2025-10-29,493,0,1
88,2025-10-29,175,0,0
89,2025-10-29,483,0,0
90,2025-10-29,5,400,0
91,2025-10-29,188,100,0
92,2025-10-29,202,100,5
93,2025-10-29,192,200,1
94,2025-10-29,268,200,0
95,2025-10-29,68,100,0
96,2025-10-29,99,200,2
97,2025-10-29,25,100,1
98,2025-10-29,170,100,0
99,2025-10-29,715,0,0
100,2025-10-29,0,200,0
101,2025-10-29,76,200,2
102,2025-10-29,112,200,0
103,2025-10-29,668,0,8
104,2025-10-29,244,200,1
105,2025-10-29,74,500,0
106,2025-10-29,882,0,0
107,2025-10-29,91,50,0
108,2025-10-29,61,200,0
109,2025-10-29,563,0,0
110,2025-10-29,169,100,0
111,2025-10-29,630,0,2
112,2025-10-29,524,0,1
113,2025-10-29,45,100,0
114,2025-10-29,258,0,2
115,2025-10-29,72,100,1
116,2025-10-29,291,0,0
117,2025-10-29,195,500,0
118,2025-10-29,318,0,0
119,2025-10-29,193,100,0
120,2025-10-29,358,0,0
1,2025-10-30,48,300,3
2,2025-10-30,260,200,2
3,2025-10-30,105,150,1
4,2025-10-30,205,0,0
5,2025-10-30,41,50,0
6,2025-10-30,0,400,0
7,2025-10-30,752,0,0
8,2025-10-30,190,100,2
9,2025-10-30,125,0,0
10,2025-10-30,209,0,0
11,2025-10-30,608,0,0
12,2025-10-30,184,50,1
13,2025-10-30,336,0,0
14,2025-10-30,47,250,1
15,2025-10-30,136,0,0
16,2025-10-30,327,0,0
17,2025-10-30,210,100,1
18,2025-10-30,622,0,1
19,2025-10-30,162,0,0
20,2025-10-30,138,200,1
21,2025-10-30,211,100,1
22,2025-10-30,106,0,0
23,2025-10-30,56,300,2
24,2025-10-30,187,200,1
25,2025-10-30,244,100,1
26,2025-10-30,425,0,0
27,2025-10-30,329,0,1
28,2025-10-30,338,0,0
29,2025-10-30,208,0,0
30,2025-10-30,101,500,1
31,2025-10-30,123,0,0
32,2025-10-30,459,0,0
33,2025-10-30,143,100,1
34,2025-10-30,223,0,0
35,2025-10-30,415,0,0
36,2025-10-30,156,0,0
37,2025-10-30,73,0,0
38,2025-10-30,124,0,0
39,2025-10-30,119,50,0
40,2025-10-30,169,100,0
41,2025-10-30,183,100,0
42,2025-10-30,118,50,0
43,2025-10-30,98,100,0
44,2025-10-30,63,500,0
45,2025-10-30,300,0,1
46,2025-10-30,670,0,0
47,2025-10-30,432,0,0
48,2025-10-30,230,0,1
49,2025-10-30,0,100,0
50,2025-10-30,636,0,0
51,2025-10-30,371,0,0
52,2025-10-30,397,0,1
53,2025-10-30,95,50,0
54,2025-10-30,288,0,0
55,2025-10-30,125,150,1
56,2025-10-30,443,0,0
57,2025-10-30,103,150,1
58,2025-10-30,156,50,0
59,2025-10-30,164,0,0
60,2025-10-30,87,150,0
61,2025-10-30,151,100,0
62,2025-10-30,81,200,0
63,2025-10-30,108,50,2
64,2025-10-30,207,200,3
65,2025-10-30,39,200,1
66,2025-10-30,150,50,1
67,2025-10-30,478,0,1
68,2025-10-30,220,200,2
69,2025-10-30,398,0,0
70,2025-10-30,324,0,0
71,2025-10-30,0,200,0
72,2025-10-30,232,0,0
73,2025-10-30,83,0,0
74,2025-10-30,233,0,2
75,2025-10-30,0,500,0
76,2025-10-30,533,0,1
77,2025-10-30,343,0,0
78,2025-10-30,283,200,1
79,2025-10-30,212,100,0
80,2025-10-30,71,0,0
81,2025-10-30,164,100,0
82,2025-10-30,109,50,0
83,2025-10-30,535,0,0
84,2025-10-30,98,100,0
85,2025-10-30,71,0,0
86,2025-10-30,207,0,1
87,2025-10-30,488,0,0
88,2025-10-30,167,0,0
89,2025-10-30,478,0,0
90,2025-10-30,0,400,0
91,2025-10-30,174,200,1
92,2025-10-30,189,100,1
93,2025-10-30,381,0,1
94,2025-10-30,358,0,0
95,2025-10-30,58,200,1
96,2025-10-30,137,200,1
97,2025-10-30,19,100,0
98,2025-10-30,166,100,0
99,2025-10-30,712,0,0
100,2025-10-30,0,200,0
101,2025-10-30,65,200,1
102,2025-10-30,100,200,1
103,2025-10-30,664,0,0
104,2025-10-30,226,200,0
105,2025-10-30,70,500,0
106,2025-10-30,879,0,0
107,2025-10-30,86,50,0
108,2025-10-30,55,200,0
109,2025-10-30,550,0,1
110,2025-10-30,160,100,0
111,2025-10-30,611,0,2
112,2025-10-30,508,0,2
113,2025-10-30,41,100,0
114,2025-10-30,243,0,2
115,2025-10-30,65,100,0
116,2025-10-30,284,0,0
117,2025-10-30,177,500,0
118,2025-10-30,311,0,1
119,2025-10-30,179,200,1
120,2025-10-30,354,0,0
1,2025-10-31,136,200,1
2,2025-10-31,242,200,2
3,2025-10-31,154,150,0
4,2025-10-31,203,0,0
5,2025-10-31,38,50,0
6,2025-10-31,0,400,0
7,2025-10-31,749,0,0
8,2025-10-31,186,100,0
9,2025-10-31,118,0,0
10,2025-10-31,197,0,1
11,2025-10-31,592,0,0
12,2025-10-31,175,50,0
13,2025-10-31,326,0,0
14,2025-10-31,29,250,0
15,2025-10-31,133,0,0
16,2025-10-31,321,0,0
17,2025-10-31,198,100,1
18,2025-10-31,606,0,2
19,2025-10-31,160,0,0
20,2025-10-31,118,200,2
21,2025-10-31,202,100,1
22,2025-10-31,100,0,0
23,2025-10-31,40,300,1
24,2025-10-31,274,100,1
25,2025-10-31,240,100,0
26,2025-10-31,422,0,0
27,2025-10-31,310,0,1
28,2025-10-31,324,0,2
29,2025-10-31,206,0,0
30,2025-10-31,92,500,1
31,2025-10-31,120,0,0
32,2025-10-31,455,0,0
33,2025-10-31,136,100,0
34,2025-10-31,214,0,1
35,2025-10-31,414,0,0
36,2025-10-31,150,0,0
37,2025-10-31,71,0,0
38,2025-10-31,120,0,0
39,2025-10-31,114,50,0
40,2025-10-31,153,100,2
41,2025-10-31,179,100,0
42,2025-10-31,111,50,0
43,2025-10-31,94,100,0
44,2025-10-31,557,0,0
45,2025-10-31,284,0,2
46,2025-10-31,660,0,1
47,2025-10-31,425,0,0
48,2025-10-31,214,500,1
49,2025-10-31,48,50,0
50,2025-10-31,633,0,0
51,2025-10-31,361,0,0
52,2025-10-31,385,0,0
53,2025-10-31,89,50,0
54,2025-10-31,275,0,0
55,2025-10-31,106,150,0
56,2025-10-31,430,0,1
57,2025-10-31,96,150,0
58,2025-10-31,147,50,1
59,2025-10-31,162,0,0
60,2025-10-31,124,100,1
61,2025-10-31,141,150,1
62,2025-10-31,75,200,0
63,2025-10-31,103,50,0
64,2025-10-31,199,200,0
65,2025-10-31,26,300,1
66,2025-10-31,139,100,1
67,2025-10-31,473,0,0
68,2025-10-31,203,200,2
69,2025-10-31,388,0,1
70,2025-10-31,322,0,0
71,2025-10-31,0,200,0
72,2025-10-31,230,0,0
73,2025-10-31,80,0,0
74,2025-10-31,220,0,1
75,2025-10-31,0,500,0
76,2025-10-31,526,0,1
77,2025-10-31,340,0,0
78,2025-10-31,272,200,1
79,2025-10-31,190,200,1
80,2025-10-31,69,0,0
81,2025-10-31,202,50,1
82,2025-10-31,149,50,1
83,2025-10-31,526,0,1
84,2025-10-31,91,100,0
85,2025-10-31,68,0,0
86,2025-10-31,201,0,0
87,2025-10-31,475,0,1
88,2025-10-31,160,500,0
89,2025-10-31,473,0,0
90,2025-10-31,188,200,0
91,2025-10-31,155,200,1
92,2025-10-31,172,100,2
93,2025-10-31,361,0,1
94,2025-10-31,345,0,1
95,2025-10-31,46,200,1
96,2025-10-31,136,200,0
97,2025-10-31,12,150,0
98,2025-10-31,155,100,0
99,2025-10-31,708,0,0
100,2025-10-31,0,200,0
101,2025-10-31,49,200,0
102,2025-10-31,92,200,0
103,2025-10-31,661,0,0
104,2025-10-31,210,200,1
105,2025-10-31,70,500,2
106,2025-10-31,879,0,20
107,2025-10-31,82,50,0
108,2025-10-31,49,200,0
109,2025-10-31,540,0,1
110,2025-10-31,144,100,0
111,2025-10-31,599,0,1
112,2025-10-31,496,0,0
113,2025-10-31,40,100,0
114,2025-10-31,234,200,0
115,2025-10-31,58,100,0
116,2025-10-31,278,0,0
117,2025-10-31,168,500,0
118,2025-10-31,306,0,0
119,2025-10-31,224,100,0
120,2025-10-31,346,0,0
1,2025-11-01,114,200,2
2,2025-11-01,426,0,1
3,2025-11-01,180,100,2
4,2025-11-01,199,0,0
5,2025-11-01,34,50,0
6,2025-11-01,0,400,0
7,2025-11-01,741,0,0
8,2025-11-01,179,200,0
9,2025-11-01,110,0,1
10,2025-11-01,185,100,1
11,2025-11-01,588,0,0
12,2025-11-01,164,50,1
13,2025-11-01,292,0,4
14,2025-11-01,15,300,0
15,2025-11-01,129,0,0
16,2025-11-01,316,0,0
17,2025-11-01,189,100,1
18,2025-11-01,596,0,0
19,2025-11-01,151,0,1
20,2025-11-01,98,400,2
21,2025-11-01,194,100,0
22,2025-11-01,95,0,0
23,2025-11-01,13,300,3
24,2025-11-01,255,100,2
25,2025-11-01,237,100,0
26,2025-11-01,413,0,0
27,2025-11-01,293,0,1
28,2025-11-01,309,0,2
29,2025-11-01,202,0,0
30,2025-11-01,78,500,1
31,2025-11-01,117,0,0
32,2025-11-01,453,0,0
33,2025-11-01,127,100,0
34,2025-11-01,209,0,0
35,2025-11-01,412,0,0
36,2025-11-01,140,0,0
37,2025-11-01,67,0,0
38,2025-11-01,115,0,0
39,2025-11-01,109,50,0
40,2025-11-01,140,100,0
41,2025-11-01,165,100,1
42,2025-11-01,96,50,1
43,2025-11-01,86,100,0
44,2025-11-01,550,0,0
45,2025-11-01,267,0,0
46,2025-11-01,643,0,1
47,2025-11-01,410,0,1
48,2025-11-01,201,500,1
49,2025-11-01,46,50,0
50,2025-11-01,628,0,0
51,2025-11-01,349,0,1
52,2025-11-01,363,0,3
53,2025-11-01,82,50,0
54,2025-11-01,268,0,0
55,2025-11-01,87,200,2
56,2025-11-01,425,0,0
57,2025-11-01,77,200,2
58,2025-11-01,132,50,1
59,2025-11-01,157,0,0
60,2025-11-01,215,0,0
61,2025-11-01,120,150,1
62,2025-11-01,269,0,0
63,2025-11-01,95,50,0
64,2025-11-01,369,0,3
65,2025-11-01,114,200,1
66,2025-11-01,128,100,1
67,2025-11-01,464,0,1
68,2025-11-01,398,0,0
69,2025-11-01,378,0,0
70,2025-11-01,318,0,0
71,2025-11-01,0,200,0
72,2025-11-01,222,0,0
73,2025-11-01,76,0,0
74,2025-11-01,209,0,1
75,2025-11-01,0,500,0
76,2025-11-01,517,0,0
77,2025-11-01,336,0,0
78,2025-11-01,251,200,1
79,2025-11-01,171,200,1
80,2025-11-01,68,0,0
81,2025-11-01,194,50,0
82,2025-11-01,145,50,0
83,2025-11-01,516,0,0
84,2025-11-01,180,0,1
85,2025-11-01,65,0,0
86,2025-11-01,189,0,1
87,2025-11-01,466,0,0
88,2025-11-01,146,500,1
89,2025-11-01,469,0,0
90,2025-11-01,185,200,0
91,2025-11-01,144,200,1
92,2025-11-01,254,0,1
93,2025-11-01,332,0,4
94,2025-11-01,317,0,3
95,2025-11-01,39,200,0
96,2025-11-01,159,200,1
97,2025-11-01,0,150,0
98,2025-11-01,141,100,2
99,2025-11-01,707,0,0
100,2025-11-01,0,200,0
101,2025-11-01,87,150,1
102,2025-11-01,187,100,0
103,2025-11-01,654,0,1
104,2025-11-01,201,200,1
105,2025-11-01,65,500,0
106,2025-11-01,873,0,0
107,2025-11-01,78,50,0
108,2025-11-01,40,200,0
109,2025-11-01,528,0,1
110,2025-11-01,138,100,0
111,2025-11-01,586,0,1
112,2025-11-01,481,0,2
113,2025-11-01,37,100,0
114,2025-11-01,216,200,1
115,2025-11-01,53,100,0
116,2025-11-01,277,0,0
117,2025-11-01,647,0,2
118,2025-11-01,285,0,2
119,2025-11-01,186,100,3
120,2025-11-01,333,0,1
1,2025-11-02,89,200,3
2,2025-11-02,411,0,1
3,2025-11-02,200,100,2
4,2025-11-02,195,0,0
5,2025-11-02,30,50,0
6,2025-11-02,0,400,0
7,2025-11-02,729,0,1
8,2025-11-02,161,200,0
9,2025-11-02,100,0,1
10,2025-11-02,174,100,0
11,2025-11-02,572,0,1
12,2025-11-02,152,50,1
13,2025-11-02,275,500,1
14,2025-11-02,50,250,1
15,2025-11-02,126,0,0
16,2025-11-02,308,0,0
17,2025-11-02,243,0,1
18,2025-11-02,580,0,1
19,2025-11-02,146,0,0
20,2025-11-02,76,400,1
21,2025-11-02,177,100,1
22,2025-11-02,90,0,0
23,2025-11-02,40,250,1
24,2025-11-02,237,100,2
25,2025-11-02,223,100,1
26,2025-11-02,405,0,0
27,2025-11-02,277,500,0
28,2025-11-02,295,0,2
29,2025-11-02,199,0,0
30,2025-11-02,64,500,2
31,2025-11-02,116,0,0
32,2025-11-02,448,0,0
33,2025-11-02,208,0,2
34,2025-11-02,205,0,0
35,2025-11-02,410,0,0
36,2025-11-02,125,500,1
37,2025-11-02,66,0,0
38,2025-11-02,107,0,0
39,2025-11-02,101,100,0
40,2025-11-02,127,100,0
41,2025-11-02,154,100,1
42,2025-11-02,138,0,0
43,2025-11-02,83,100,0
44,2025-11-02,544,0,0
45,2025-11-02,252,200,1
46,2025-11-02,643,0,14
47,2025-11-02,395,0,2
48,2025-11-02,697,0,0
49,2025-11-02,42,50,0
50,2025-11-02,622,0,0
51,2025-11-02,341,0,0
52,2025-11-02,334,0,3
53,2025-11-02,129,0,0
54,2025-11-02,262,0,0
55,2025-11-02,135,150,0
56,2025-11-02,421,0,0
57,2025-11-02,116,150,1
58,2025-11-02,119,100,0
59,2025-11-02,151,0,0
60,2025-11-02,212,0,0
61,2025-11-02,154,100,0
62,2025-11-02,267,0,0
63,2025-11-02,86,100,1
64,2025-11-02,341,0,4
65,2025-11-02,105,200,1
66,2025-11-02,120,100,0
67,2025-11-02,451,0,1
68,2025-11-02,379,0,2
69,2025-11-02,369,0,0
70,2025-11-02,311,0,0
71,2025-11-02,0,200,0
72,2025-11-02,209,0,1
73,2025-11-02,72,0,0
74,2025-11-02,195,0,1
75,2025-11-02,0,500,0
76,2025-11-02,496,0,2
77,2025-11-02,333,0,0
78,2025-11-02,427,0,2
79,2025-11-02,152,200,1
80,2025-11-02,66,0,0
81,2025-11-02,181,50,1
82,2025-11-02,138,50,0
83,2025-11-02,508,0,1
84,2025-11-02,160,100,2
85,2025-11-02,60,200,0
86,2025-11-02,174,200,2
87,2025-11-02,454,0,0
88,2025-11-02,133,500,1
89,2025-11-02,459,0,0
90,2025-11-02,179,200,0
91,2025-11-02,135,200,1
92,2025-11-02,244,0,1
93,2025-11-02,329,0,0
94,2025-11-02,298,0,0
95,2025-11-02,128,100,1
96,2025-11-02,134,200,3
97,2025-11-02,0,150,0
98,2025-11-02,234,0,0
99,2025-11-02,702,0,0
100,2025-11-02,0,200,0
101,2025-11-02,123,100,1
102,2025-11-02,175,100,1
103,2025-11-02,652,0,0
104,2025-11-02,187,200,0
105,2025-11-02,62,500,0
106,2025-11-02,870,0,0
107,2025-11-02,70,100,0
108,2025-11-02,28,200,1
109,2025-11-02,515,0,1
110,2025-11-02,128,100,0
111,2025-11-02,574,0,1
112,2025-11-02,470,0,1
113,2025-11-02,85,0,0
114,2025-11-02,405,0,0
115,2025-11-02,45,100,0
116,2025-11-02,267,0,0
117,2025-11-02,628,0,2
118,2025-11-02,282,0,0
119,2025-11-02,175,100,1
120,2025-11-02,322,0,1
1,2025-11-03,64,200,1
2,2025-11-03,402,0,1
3,2025-11-03,190,100,1
4,2025-11-03,192,0,0
5,2025-11-03,63,0,0
6,2025-11-03,0,400,0
7,2025-11-03,726,0,0
8,2025-11-03,148,200,1
9,2025-11-03,99,0,0
10,2025-11-03,261,0,1
11,2025-11-03,562,0,0
12,2025-11-03,142,100,0
13,2025-11-03,270,500,0
14,2025-11-03,44,250,0
15,2025-11-03,122,0,0
16,2025-11-03,297,0,1
17,2025-11-03,226,0,1
18,2025-11-03,571,0,0
19,2025-11-03,144,0,0
20,2025-11-03,259,200,0
21,2025-11-03,176,100,0
22,2025-11-03,87,0,0
23,2025-11-03,73,200,1
24,2025-11-03,222,100,0
25,2025-11-03,220,100,0
26,2025-11-03,404,0,0
27,2025-11-03,270,500,0
28,2025-11-03,283,0,1
29,2025-11-03,198,0,0
30,2025-11-03,45,500,1
31,2025-11-03,114,0,0
32,2025-11-03,442,0,0
33,2025-11-03,205,0,0
34,2025-11-03,186,0,1
35,2025-11-03,406,0,0
36,2025-11-03,125,500,3
37,2025-11-03,61,0,0
38,2025-11-03,104,0,0
39,2025-11-03,89,100,0
40,2025-11-03,115,100,1
41,2025-11-03,146,100,0
42,2025-11-03,132,0,0
43,2025-11-03,81,100,0
44,2025-11-03,540,0,0
45,2025-11-03,248,200,0
46,2025-11-03,631,0,1
47,2025-11-03,383,0,1
48,2025-11-03,681,0,1
49,2025-11-03,88,0,0
50,2025-11-03,618,0,0
51,2025-11-03,335,0,0
52,2025-11-03,318,0,1
53,2025-11-03,124,0,0
54,2025-11-03,247,0,1
55,2025-11-03,114,150,1
56,2025-11-03,413,0,1
57,2025-11-03,91,200,2
58,2025-11-03,111,100,1
59,2025-11-03,147,0,0
60,2025-11-03,205,0,0
61,2025-11-03,194,50,1
62,2025-11-03,266,0,0
63,2025-11-03,79,100,0
64,2025-11-03,324,0,0
65,2025-11-03,93,200,1
66,2025-11-03,157,100,0
67,2025-11-03,439,0,0
68,2025-11-03,366,0,1
69,2025-11-03,356,0,1
70,2025-11-03,306,0,0
71,2025-11-03,37,150,1
72,2025-11-03,202,0,0
73,2025-11-03,66,0,0
74,2025-11-03,186,0,0
75,2025-11-03,0,500,0
76,2025-11-03,477,0,1
77,2025-11-03,330,0,0
78,2025-11-03,408,0,1
79,2025-11-03,145,200,0
80,2025-11-03,61,0,0
81,2025-11-03,161,100,1
82,2025-11-03,178,0,1
83,2025-11-03,508,0,8
84,2025-11-03,152,100,0
85,2025-11-03,55,200,0
86,2025-11-03,163,200,0
87,2025-11-03,452,0,0
88,2025-11-03,127,500,0
89,2025-11-03,455,0,0
90,2025-11-03,164,200,1
91,2025-11-03,125,200,1
92,2025-11-03,225,0,1
93,2025-11-03,307,0,1
94,2025-11-03,269,200,3
95,2025-11-03,117,100,0
96,2025-11-03,176,150,0
97,2025-11-03,0,150,0
98,2025-11-03,229,0,0
99,2025-11-03,698,0,0
100,2025-11-03,0,200,0
101,2025-11-03,164,100,0
102,2025-11-03,261,0,2
103,2025-11-03,649,0,0
104,2025-11-03,179,200,1
105,2025-11-03,556,0,0
106,2025-11-03,865,0,0
107,2025-11-03,63,100,0
108,2025-11-03,17,200,0
109,2025-11-03,512,0,0
110,2025-11-03,118,100,0
111,2025-11-03,573,0,0
112,2025-11-03,461,0,1
113,2025-11-03,81,0,0
114,2025-11-03,388,0,1
115,2025-11-03,41,100,0
116,2025-11-03,258,0,0
117,2025-11-03,615,0,1
118,2025-11-03,269,0,1
119,2025-11-03,166,100,0
120,2025-11-03,316,0,0
1,2025-11-04,57,300,0
2,2025-11-04,379,0,1
3,2025-11-04,176,100,1
4,2025-11-04,189,0,0
5,2025-11-04,60,0,0
6,2025-11-04,177,200,1
7,2025-11-04,722,0,0
8,2025-11-04,133,200,2
9,2025-11-04,96,200,0
10,2025-11-04,243,0,2
11,2025-11-04,549,0,1
12,2025-11-04,128,100,1
13,2025-11-04,262,500,1
14,2025-11-04,28,250,2
15,2025-11-04,120,0,0
16,2025-11-04,291,0,0
17,2025-11-04,213,100,1
18,2025-11-04,546,0,2
19,2025-11-04,139,0,0
20,2025-11-04,236,200,1
21,2025-11-04,160,100,1
22,2025-11-04,85,200,0
23,2025-11-04,64,250,0
24,2025-11-04,203,100,2
25,2025-11-04,314,0,0
26,2025-11-04,400,0,0
27,2025-11-04,264,500,0
28,2025-11-04,268,0,0
29,2025-11-04,196,0,0
30,2025-11-04,26,500,1
31,2025-11-04,109,0,0
32,2025-11-04,438,0,0
33,2025-11-04,193,0,1
34,2025-11-04,174,0,1
35,2025-11-04,402,0,0
36,2025-11-04,121,500,0
37,2025-11-04,57,100,0
38,2025-11-04,98,0,0
39,2025-11-04,81,100,1
40,2025-11-04,101,100,2
41,2025-11-04,141,100,0
42,2025-11-04,123,0,1
43,2025-11-04,74,100,0
44,2025-11-04,540,0,5
45,2025-11-04,216,200,3
46,2025-11-04,627,0,0
47,2025-11-04,371,0,1
48,2025-11-04,663,0,0
49,2025-11-04,88,0,1
50,2025-11-04,613,0,0
51,2025-11-04,318,0,1
52,2025-11-04,290,200,2
53,2025-11-04,117,0,0
54,2025-11-04,236,0,1
55,2025-11-04,101,200,1
56,2025-11-04,404,0,0
57,2025-11-04,114,150,3
58,2025-11-04,97,100,1
59,2025-11-04,145,0,0
60,2025-11-04,192,50,1
61,2025-11-04,175,50,2
62,2025-11-04,259,0,0
63,2025-11-04,72,100,0
64,2025-11-04,311,0,0
65,2025-11-04,72,200,1
66,2025-11-04,148,100,0
67,2025-11-04,432,0,0
68,2025-11-04,348,0,2
69,2025-11-04,349,0,0
70,2025-11-04,302,0,0
71,2025-11-04,30,150,0
72,2025-11-04,192,0,0
73,2025-11-04,64,0,0
74,2025-11-04,178,0,0
75,2025-11-04,0,500,0
76,2025-11-04,464,0,1
77,2025-11-04,328,0,0
78,2025-11-04,392,0,1
79,2025-11-04,116,200,3
80,2025-11-04,57,0,0
81,2025-11-04,146,100,1
82,2025-11-04,172,0,0
83,2025-11-04,485,0,0
84,2025-11-04,152,100,4
85,2025-11-04,53,200,0
86,2025-11-04,157,200,0
87,2025-11-04,445,0,0
88,2025-11-04,617,0,1
89,2025-11-04,452,0,0
90,2025-11-04,151,200,1
91,2025-11-04,105,200,0
92,2025-11-04,212,0,1
93,2025-11-04,298,0,1
94,2025-11-04,252,200,0
95,2025-11-04,109,100,1
96,2025-11-04,168,150,0
97,2025-11-04,43,100,0
98,2025-11-04,224,0,0
99,2025-11-04,692,0,0
100,2025-11-04,0,200,0
101,2025-11-04,150,100,1
102,2025-11-04,245,0,0
103,2025-11-04,648,0,0
104,2025-11-04,167,200,1
105,2025-11-04,549,0,0
106,2025-11-04,864,0,0
107,2025-11-04,57,100,0
108,2025-11-04,8,200,0
109,2025-11-04,507,0,0
110,2025-11-04,109,100,1
111,2025-11-04,561,0,1
112,2025-11-04,446,0,1
113,2025-11-04,81,0,1
114,2025-11-04,377,0,0
115,2025-11-04,37,100,0
116,2025-11-04,247,0,1
117,2025-11-04,609,0,0
118,2025-11-04,251,0,2
119,2025-11-04,147,200,2
120,2025-11-04,307,0,1
1,2025-11-05,53,300,0
2,2025-11-05,367,0,0
3,2025-11-05,208,100,2
4,2025-11-05,184,0,0
5,2025-11-05,56,0,0
6,2025-11-05,152,200,2
7,2025-11-05,721,0,0
8,2025-11-05,117,200,1
9,2025-11-05,93,200,0
10,2025-11-05,230,0,1
11,2025-11-05,539,0,1
12,2025-11-05,121,100,0
13,2025-11-05,238,500,1
14,2025-11-05,12,250,2
15,2025-11-05,118,0,0
16,2025-11-05,288,0,0
17,2025-11-05,206,100,0
18,2025-11-05,533,0,1
19,2025-11-05,137,0,0
20,2025-11-05,220,200,2
21,2025-11-05,154,200,0
22,2025-11-05,281,0,0
23,2025-11-05,46,300,2
24,2025-11-05,191,200,1
25,2025-11-05,289,0,1
26,2025-11-05,393,0,0
27,2025-11-05,254,500,0
28,2025-11-05,263,0,0
29,2025-11-05,191,0,0
30,2025-11-05,8,500,2
31,2025-11-05,106,0,0
32,2025-11-05,434,0,0
33,2025-11-05,184,0,1
34,2025-11-05,162,0,1
35,2025-11-05,399,0,0
36,2025-11-05,121,500,2
37,2025-11-05,53,100,0
38,2025-11-05,92,0,0
39,2025-11-05,74,100,0
40,2025-11-05,88,200,1
41,2025-11-05,123,100,0
42,2025-11-05,107,50,2
43,2025-11-05,67,100,1
44,2025-11-05,534,0,0
45,2025-11-05,393,0,2
46,2025-11-05,601,0,0
47,2025-11-05,358,0,1
48,2025-11-05,659,0,0
49,2025-11-05,86,0,0
50,2025-11-05,608,0,0
51,2025-11-05,312,0,0
52,2025-11-05,471,0,2
53,2025-11-05,114,0,0
54,2025-11-05,223,0,1
55,2025-11-05,190,100,0
56,2025-11-05,394,0,0
57,2025-11-05,104,150,0
58,2025-11-05,85,150,1
59,2025-11-05,139,0,0
60,2025-11-05,180,50,1
61,2025-11-05,167,50,0
62,2025-11-05,249,0,1
63,2025-11-05,167,0,0
64,2025-11-05,298,200,1
65,2025-11-05,161,100,1
66,2025-11-05,137,100,0
67,2025-11-05,427,0,0
68,2025-11-05,336,0,1
69,2025-11-05,340,0,0
70,2025-11-05,298,0,0
71,2025-11-05,22,200,0
72,2025-11-05,192,0,3
73,2025-11-05,61,0,0
74,2025-11-05,172,0,0
75,2025-11-05,0,500,0
76,2025-11-05,456,0,0
77,2025-11-05,326,0,0
78,2025-11-05,374,0,1
79,2025-11-05,99,200,1
80,2025-11-05,53,100,0
81,2025-11-05,184,50,0
82,2025-11-05,163,0,1
83,2025-11-05,479,0,0
84,2025-11-05,240,0,1
85,2025-11-05,50,200,0
86,2025-11-05,144,200,0
87,2025-11-05,439,0,0
88,2025-11-05,608,0,1
89,2025-11-05,449,0,0
90,2025-11-05,141,200,0
91,2025-11-05,184,200,2
92,2025-11-05,208,100,0
93,2025-11-05,287,0,1
94,2025-11-05,231,200,2
95,2025-11-05,104,100,0
96,2025-11-05,201,100,0
97,2025-11-05,37,100,0
98,2025-11-05,212,0,1
99,2025-11-05,689,0,0
100,2025-11-05,98,100,0
101,2025-11-05,131,100,2
102,2025-11-05,234,0,1
103,2025-11-05,645,0,0
104,2025-11-05,156,200,0
105,2025-11-05,544,0,0
106,2025-11-05,859,0,0
107,2025-11-05,51,100,0
108,2025-11-05,3,200,0
109,2025-11-05,500,0,0
110,2025-11-05,94,100,1
111,2025-11-05,549,0,1
112,2025-11-05,431,0,1
113,2025-11-05,78,0,0
114,2025-11-05,366,0,1
115,2025-11-05,32,100,0
116,2025-11-05,238,0,0
117,2025-11-05,590,0,0
118,2025-11-05,241,0,0
119,2025-11-05,133,200,1
120,2025-11-05,300,0,0
1,2025-11-06,135,200,2
2,2025-11-06,353,0,1
3,2025-11-06,188,100,2
4,2025-11-06,180,0,0
5,2025-11-06,54,50,0
6,2025-11-06,120,200,1
7,2025-11-06,718,0,0
8,2025-11-06,103,200,1
9,2025-11-06,89,200,0
10,2025-11-06,224,0,0
11,2025-11-06,527,0,1
12,2025-11-06,112,100,0
13,2025-11-06,229,500,1
14,2025-11-06,0,250,0
15,2025-11-06,112,0,0
16,2025-11-06,281,0,0
17,2025-11-06,196,100,0
18,2025-11-06,530,0,0
19,2025-11-06,134,0,0
20,2025-11-06,207,200,1
21,2025-11-06,140,200,0
22,2025-11-06,278,0,0
23,2025-11-06,42,300,0
24,2025-11-06,179,200,1
25,2025-11-06,269,0,1
26,2025-11-06,388,0,0
27,2025-11-06,226,500,2
28,2025-11-06,252,0,0
29,2025-11-06,188,0,0
30,2025-11-06,0,500,0
31,2025-11-06,102,0,0
32,2025-11-06,433,0,0
33,2025-11-06,168,0,2
34,2025-11-06,150,0,1
35,2025-11-06,394,0,0
36,2025-11-06,117,500,0
37,2025-11-06,50,100,0
38,2025-11-06,88,0,0
39,2025-11-06,65,100,0
40,2025-11-06,79,200,0
41,2025-11-06,108,100,1
42,2025-11-06,93,50,1
43,2025-11-06,61,100,0
44,2025-11-06,528,0,0
45,2025-11-06,382,0,0
46,2025-11-06,578,0,0
47,2025-11-06,358,0,5
48,2025-11-06,648,0,1
49,2025-11-06,83,0,0
50,2025-11-06,603,0,0
51,2025-11-06,299,0,1
52,2025-11-06,467,0,0
53,2025-11-06,105,0,1
54,2025-11-06,213,0,0
55,2025-11-06,176,100,1
56,2025-11-06,384,0,0
57,2025-11-06,181,100,2
58,2025-11-06,75,150,0
59,2025-11-06,136,0,0
60,2025-11-06,168,50,1
61,2025-11-06,145,108,2
62,2025-11-06,238,0,1
63,2025-11-06,162,0,0
64,2025-11-06,288,200,0
65,2025-11-06,154,100,0
66,2025-11-06,123,100,1
67,2025-11-06,419,0,0
68,2025-11-06,320,0,2
69,2025-11-06,337,0,0
70,2025-11-06,296,0,0
71,2025-11-06,11,200,0
72,2025-11-06,189,0,0
73,2025-11-06,56,0,0
74,2025-11-06,157,500,1
75,2025-11-06,0,500,0
76,2025-11-06,422,0,4
77,2025-11-06,325,0,0
78,2025-11-06,353,0,2
79,2025-11-06,77,200,3
80,2025-11-06,51,100,0
81,2025-11-06,173,100,1
82,2025-11-06,153,50,0
83,2025-11-06,476,0,0
84,2025-11-06,228,0,1
85,2025-11-06,48,200,0
86,2025-11-06,134,200,1
87,2025-11-06,432,0,0
88,2025-11-06,606,0,0
89,2025-11-06,447,0,0
90,2025-11-06,129,200,1
91,2025-11-06,169,200,1
92,2025-11-06,193,100,0
93,2025-11-06,275,0,1
94,2025-11-06,212,200,1
95,2025-11-06,91,100,0
96,2025-11-06,186,100,0
97,2025-11-06,34,100,0
98,2025-11-06,205,0,0
99,2025-11-06,685,0,0
100,2025-11-06,86,100,1
101,2025-11-06,113,150,2
102,2025-11-06,218,100,1
103,2025-11-06,642,0,0
104,2025-11-06,139,200,0
105,2025-11-06,539,0,0
106,2025-11-06,855,0,0
107,2025-11-06,38,100,1
108,2025-11-06,0,200,0
109,2025-11-06,487,0,1
110,2025-11-06,83,200,0
111,2025-11-06,523,0,3
112,2025-11-06,429,0,0
113,2025-11-06,75,0,0
114,2025-11-06,362,0,0
115,2025-11-06,30,100,0
116,2025-11-06,234,0,0
117,2025-11-06,587,0,0
118,2025-11-06,225,0,1
119,2025-11-06,210,100,3
120,2025-11-06,295,0,0
1,2025-11-07,117,200,2
2,2025-11-07,333,0,2
3,2025-11-07,168,150,2
4,2025-11-07,178,0,0
5,2025-11-07,51,50,0
6,2025-11-07,93,200,3
7,2025-11-07,715,0,0
8,2025-11-07,85,300,1
9,2025-11-07,87,200,0
10,2025-11-07,215,0,0
11,2025-11-07,513,0,1
12,2025-11-07,103,100,0
13,2025-11-07,213,500,1
14,2025-11-07,35,250,1
15,2025-11-07,108,0,0
16,2025-11-07,277,0,0
17,2025-11-07,182,100,1
18,2025-11-07,516,0,1
19,2025-11-07,131,0,0
20,2025-11-07,197,200,0
21,2025-11-07,135,200,0
22,2025-11-07,273,0,0
23,2025-11-07,81,250,1
24,2025-11-07,169,200,0
25,2025-11-07,263,0,0
26,2025-11-07,385,0,0
27,2025-11-07,202,500,3
28,2025-11-07,238,200,1
29,2025-11-07,187,0,0
30,2025-11-07,0,500,0
31,2025-11-07,100,0,0
32,2025-11-07,423,0,0
33,2025-11-07,158,100,0
34,2025-11-07,137,500,0
35,2025-11-07,392,0,0
36,2025-11-07,609,0,0
37,2025-11-07,47,100,0
38,2025-11-07,86,0,0
39,2025-11-07,105,100,1
40,2025-11-07,269,0,1
41,2025-11-07,95,200,1
42,2025-11-07,86,50,0
43,2025-11-07,56,100,0
44,2025-11-07,520,0,1
45,2025-11-07,365,0,1
46,2025-11-07,563,0,1
47,2025-11-07,344,0,1
48,2025-11-07,634,0,1
49,2025-11-07,81,0,0
50,2025-11-07,600,0,0
51,2025-11-07,284,0,2
52,2025-11-07,453,0,1
53,2025-11-07,101,50,0
54,2025-11-07,207,0,0
55,2025-11-07,161,100,1
56,2025-11-07,376,0,0
57,2025-11-07,179,100,0
58,2025-11-07,67,150,0
59,2025-11-07,133,0,0
60,2025-11-07,156,50,1
61,2025-11-07,128,158,2
62,2025-11-07,227,0,0
63,2025-11-07,155,0,1
64,2025-11-07,266,200,1
65,2025-11-07,153,100,0
66,2025-11-07,135,100,2
67,2025-11-07,413,0,0
68,2025-11-07,310,0,1
69,2025-11-07,328,0,1
70,2025-11-07,289,0,0
71,2025-11-07,50,150,1
72,2025-11-07,178,0,0
73,2025-11-07,53,200,0
74,2025-11-07,137,500,0
75,2025-11-07,0,500,0
76,2025-11-07,414,0,0
77,2025-11-07,323,0,0
78,2025-11-07,338,0,1
79,2025-11-07,58,300,1
80,2025-11-07,47,100,0
81,2025-11-07,160,100,1
82,2025-11-07,145,50,1
83,2025-11-07,465,0,0
84,2025-11-07,216,0,1
85,2025-11-07,48,200,0
86,2025-11-07,127,200,0
87,2025-11-07,418,0,0
88,2025-11-07,600,0,0
89,2025-11-07,441,0,0
90,2025-11-07,119,200,1
91,2025-11-07,256,100,1
92,2025-11-07,193,100,5
93,2025-11-07,255,200,1
94,2025-11-07,200,200,1
95,2025-11-07,91,100,1
96,2025-11-07,179,150,0
97,2025-11-07,27,150,1
98,2025-11-07,197,0,0
99,2025-11-07,683,0,0
100,2025-11-07,78,200,0
101,2025-11-07,110,150,0
102,2025-11-07,216,100,0
103,2025-11-07,637,0,0
104,2025-11-07,122,200,1
105,2025-11-07,533,0,0
106,2025-11-07,851,0,0
107,2025-11-07,26,100,1
108,2025-11-07,0,200,0
109,2025-11-07,474,0,1
110,2025-11-07,72,200,1
111,2025-11-07,493,0,1
112,2025-11-07,413,0,2
113,2025-11-07,72,0,0
114,2025-11-07,350,0,1
115,2025-11-07,24,100,0
116,2025-11-07,232,0,0
117,2025-11-07,582,0,0
118,2025-11-07,225,200,2
119,2025-11-07,197,100,1
120,2025-11-07,286,0,1
1,2025-11-08,100,200,2
2,2025-11-08,321,0,0
3,2025-11-08,154,150,1
4,2025-11-08,178,0,3
5,2025-11-08,48,50,0
6,2025-11-08,70,400,2
7,2025-11-08,712,0,0
8,2025-11-08,163,200,3
9,2025-11-08,275,0,1
10,2025-11-08,208,100,0
11,2025-11-08,507,0,0
12,2025-11-08,88,150,1
13,2025-11-08,197,500,1
14,2025-11-08,20,250,0
15,2025-11-08,97,0,1
16,2025-11-08,266,0,1
17,2025-11-08,169,100,1
18,2025-11-08,499,0,1
19,2025-11-08,126,0,0
20,2025-11-08,190,200,1
21,2025-11-08,216,100,2
22,2025-11-08,269,0,0
23,2025-11-08,68,250,1
24,2025-11-08,155,200,1
25,2025-11-08,257,100,0
26,2025-11-08,382,0,0
27,2025-11-08,189,500,1
28,2025-11-08,228,200,0
29,2025-11-08,172,0,2
30,2025-11-08,0,500,0
31,2025-11-08,96,0,0
32,2025-11-08,417,0,0
33,2025-11-08,147,100,0
34,2025-11-08,131,500,0
35,2025-11-08,391,0,0
36,2025-11-08,603,0,0
37,2025-11-08,45,100,0
38,2025-11-08,82,0,0
39,2025-11-08,87,100,2
40,2025-11-08,257,0,0
41,2025-11-08,188,100,0
42,2025-11-08,130,0,0
43,2025-11-08,46,100,0
44,2025-11-08,509,0,1
45,2025-11-08,360,0,0
46,2025-11-08,544,0,1
47,2025-11-08,331,0,1
48,2025-11-08,612,0,2
49,2025-11-08,79,0,0
50,2025-11-08,595,0,0
51,2025-11-08,272,0,1
52,2025-11-08,441,0,1
53,2025-11-08,93,50,0
54,2025-11-08,200,0,0
55,2025-11-08,206,50,0
56,2025-11-08,370,0,0
57,2025-11-08,178,100,0
58,2025-11-08,59,150,0
59,2025-11-08,130,0,0
60,2025-11-08,145,50,1
61,2025-11-08,117,158,1
62,2025-11-08,217,0,1
63,2025-11-08,140,0,0
64,2025-11-08,258,200,0
65,2025-11-08,128,100,1
66,2025-11-08,127,100,0
67,2025-11-08,402,0,1
68,2025-11-08,287,0,1
69,2025-11-08,317,0,1
70,2025-11-08,284,0,0
71,2025-11-08,84,100,0
72,2025-11-08,167,0,1
73,2025-11-08,51,200,0
74,2025-11-08,127,500,0
75,2025-11-08,0,500,0
76,2025-11-08,395,0,0
77,2025-11-08,321,0,0
78,2025-11-08,323,0,1
79,2025-11-08,41,300,2
80,2025-11-08,43,100,0
81,2025-11-08,150,100,0
82,2025-11-08,133,50,1
83,2025-11-08,455,0,1
84,2025-11-08,193,0,2
85,2025-11-08,44,200,0
86,2025-11-08,115,200,1
87,2025-11-08,412,0,0
88,2025-11-08,590,0,1
89,2025-11-08,434,0,0
90,2025-11-08,101,200,1
91,2025-11-08,349,0,0
92,2025-11-08,289,0,0
93,2025-11-08,239,200,2
94,2025-11-08,184,200,1
95,2025-11-08,81,100,1
96,2025-11-08,156,150,2
97,2025-11-08,19,150,0
98,2025-11-08,188,0,0
99,2025-11-08,677,0,0
100,2025-11-08,56,200,3
101,2025-11-08,94,150,1
102,2025-11-08,201,100,1
103,2025-11-08,633,0,0
104,2025-11-08,112,200,1
105,2025-11-08,526,0,0
106,2025-11-08,847,0,0
107,2025-11-08,17,100,1
108,2025-11-08,0,200,0
109,2025-11-08,467,0,0
110,2025-11-08,52,200,2
111,2025-11-08,469,0,3
112,2025-11-08,405,0,0
113,2025-11-08,71,0,0
114,2025-11-08,338,0,1
115,2025-11-08,19,200,0
116,2025-11-08,226,0,0
117,2025-11-08,565,0,1
118,2025-11-08,210,200,1
119,2025-11-08,292,0,0
120,2025-11-08,270,0,2
1,2025-11-09,185,100,1
2,2025-11-09,302,0,2
3,2025-11-09,137,150,1
4,2025-11-09,173,0,0
5,2025-11-09,45,50,0
6,2025-11-09,66,400,0
7,2025-11-09,712,0,9
8,2025-11-09,148,200,1
9,2025-11-09,261,0,1
10,2025-11-09,192,100,1
11,2025-11-09,484,0,1
12,2025-11-09,123,100,2
13,2025-11-09,690,0,0
14,2025-11-09,4,300,1
15,2025-11-09,89,0,0
16,2025-11-09,257,0,0
17,2025-11-09,154,100,0
18,2025-11-09,487,0,0
19,2025-11-09,122,0,0
20,2025-11-09,178,200,1
21,2025-11-09,203,100,1
22,2025-11-09,264,0,0
23,2025-11-09,53,250,1
24,2025-11-09,130,200,3
25,2025-11-09,245,100,1
26,2025-11-09,374,0,0
27,2025-11-09,162,500,1
28,2025-11-09,206,200,1
29,2025-11-09,165,0,0
30,2025-11-09,0,500,0
31,2025-11-09,92,0,0
32,2025-11-09,410,0,1
33,2025-11-09,132,100,2
34,2025-11-09,620,0,0
35,2025-11-09,387,0,0
36,2025-11-09,595,0,0
37,2025-11-09,144,0,0
38,2025-11-09,77,100,0
39,2025-11-09,130,50,0
40,2025-11-09,249,0,1
41,2025-11-09,178,100,1
42,2025-11-09,127,0,0
43,2025-11-09,40,100,0
44,2025-11-09,508,0,0
45,2025-11-09,339,0,1
46,2025-11-09,541,0,0
47,2025-11-09,330,0,0
48,2025-11-09,607,0,0
49,2025-11-09,76,0,0
50,2025-11-09,590,0,0
51,2025-11-09,249,0,1
52,2025-11-09,422,0,2
53,2025-11-09,92,50,0
54,2025-11-09,193,0,1
55,2025-11-09,189,100,1
56,2025-11-09,361,0,0
57,2025-11-09,169,100,0
58,2025-11-09,42,150,2
59,2025-11-09,128,0,0
60,2025-11-09,137,50,0
61,2025-11-09,153,100,0
62,2025-11-09,207,0,1
63,2025-11-09,131,50,0
64,2025-11-09,234,200,3
65,2025-11-09,124,100,0
66,2025-11-09,114,100,1
67,2025-11-09,387,0,1
68,2025-11-09,273,0,1
69,2025-11-09,303,0,1
70,2025-11-09,277,0,0
71,2025-11-09,67,150,2
72,2025-11-09,162,0,0
73,2025-11-09,247,0,0
74,2025-11-09,117,500,0
75,2025-11-09,0,500,0
76,2025-11-09,384,0,0
77,2025-11-09,314,0,0
78,2025-11-09,303,0,2
79,2025-11-09,25,300,1
80,2025-11-09,39,100,0
81,2025-11-09,139,100,1
82,2025-11-09,125,50,0
83,2025-11-09,445,0,1
84,2025-11-09,184,100,0
85,2025-11-09,43,200,0
86,2025-11-09,255,0,0
87,2025-11-09,408,0,0
88,2025-11-09,579,0,0
89,2025-11-09,431,0,0
90,2025-11-09,78,200,3
91,2025-11-09,330,0,1
92,2025-11-09,279,0,1
93,2025-11-09,413,0,3
94,2025-11-09,168,200,2
95,2025-11-09,72,100,1
96,2025-11-09,130,150,2
97,2025-11-09,11,150,0
98,2025-11-09,178,0,0
99,2025-11-09,672,0,0
100,2025-11-09,52,200,0
101,2025-11-09,81,200,1
102,2025-11-09,294,0,0
103,2025-11-09,629,0,0
104,2025-11-09,107,200,0
105,2025-11-09,518,0,0
106,2025-11-09,841,0,0
107,2025-11-09,10,150,0
108,2025-11-09,0,200,0
109,2025-11-09,459,0,0
110,2025-11-09,39,200,1
111,2025-11-09,442,0,3
112,2025-11-09,393,0,1
113,2025-11-09,69,0,0
114,2025-11-09,318,0,2
115,2025-11-09,10,200,0
116,2025-11-09,215,0,0
117,2025-11-09,539,0,3
118,2025-11-09,394,0,1
119,2025-11-09,267,100,3
120,2025-11-09,264,0,0
1,2025-11-10,169,100,0
2,2025-11-10,294,0,0
3,2025-11-10,162,150,1
4,2025-11-10,170,0,0
5,2025-11-10,42,50,0
6,2025-11-10,42,400,3
7,2025-11-10,708,0,0
8,2025-11-10,225,100,1
9,2025-11-10,255,0,0
10,2025-11-10,185,100,0
11,2025-11-10,472,0,1
12,2025-11-10,106,100,2
13,2025-11-10,687,0,0
14,2025-11-10,45,250,1
15,2025-11-10,85,0,0
16,2025-11-10,250,0,0
17,2025-11-10,148,100,0
18,2025-11-10,471,0,2
19,2025-11-10,117,0,0
20,2025-11-10,153,200,2
21,2025-11-10,188,100,1
22,2025-11-10,256,0,0
23,2025-11-10,31,300,1
24,2025-11-10,223,100,0
25,2025-11-10,229,100,2
26,2025-11-10,368,0,0
27,2025-11-10,648,0,1
28,2025-11-10,197,200,1
29,2025-11-10,162,0,0
30,2025-11-10,0,500,0
31,2025-11-10,86,0,0
32,2025-11-10,404,0,0
33,2025-11-10,223,0,0
34,2025-11-10,614,0,0
35,2025-11-10,384,0,0
36,2025-11-10,589,0,0
37,2025-11-10,141,0,0
38,2025-11-10,74,100,0
39,2025-11-10,122,50,0
40,2025-11-10,237,0,1
41,2025-11-10,163,100,1
42,2025-11-10,120,0,0
43,2025-11-10,34,100,0
44,2025-11-10,502,0,0
45,2025-11-10,334,0,0
46,2025-11-10,526,0,0
47,2025-11-10,325,0,0
48,2025-11-10,597,0,1
49,2025-11-10,75,0,0
50,2025-11-10,588,0,0
51,2025-11-10,241,0,0
52,2025-11-10,391,0,3
53,2025-11-10,137,0,0
54,2025-11-10,179,0,1
55,2025-11-10,170,100,2
56,2025-11-10,351,0,1
57,2025-11-10,153,150,1
58,2025-11-10,23,150,2
59,2025-11-10,124,0,0
60,2025-11-10,137,50,1
61,2025-11-10,142,100,1
62,2025-11-10,203,0,0
63,2025-11-10,127,50,0
64,2025-11-10,416,0,1
65,2025-11-10,124,100,1
66,2025-11-10,152,50,0
67,2025-11-10,382,0,0
68,2025-11-10,260,200,1
69,2025-11-10,288,0,0
70,2025-11-10,274,0,0
71,2025-11-10,63,150,0
72,2025-11-10,157,0,0
73,2025-11-10,243,0,0
74,2025-11-10,108,500,1
75,2025-11-10,0,500,0
76,2025-11-10,374,0,0
77,2025-11-10,313,0,0
78,2025-11-10,281,0,2
79,2025-11-10,109,200,1
80,2025-11-10,36,100,0
81,2025-11-10,130,100,1
82,2025-11-10,121,50,0
83,2025-11-10,421,0,2
84,2025-11-10,171,100,1
85,2025-11-10,39,200,0
86,2025-11-10,246,0,0
87,2025-11-10,399,0,0
88,2025-11-10,572,0,0
89,2025-11-10,425,0,0
90,2025-11-10,67,200,0
91,2025-11-10,317,0,1
92,2025-11-10,268,0,1
93,2025-11-10,384,0,3
94,2025-11-10,366,0,0
95,2025-11-10,54,200,2
96,2025-11-10,157,150,3
97,2025-11-10,54,100,0
98,2025-11-10,170,0,0
99,2025-11-10,669,0,0
100,2025-11-10,41,200,1
101,2025-11-10,60,200,1
102,2025-11-10,280,0,0
103,2025-11-10,626,0,0
104,2025-11-10,94,200,0
105,2025-11-10,517,0,0
106,2025-11-10,836,0,0
107,2025-11-10,51,100,0
108,2025-11-10,0,200,0
109,2025-11-10,444,0,1
110,2025-11-10,23,200,1
111,2025-11-10,424,0,2
112,2025-11-10,376,0,1
113,2025-11-10,68,0,0
114,2025-11-10,301,0,2
115,2025-11-10,3,200,0
116,2025-11-10,200,0,1
117,2025-11-10,539,0,8
118,2025-11-10,374,0,1
119,2025-11-10,244,100,2
120,2025-11-10,257,0,0
1,2025-11-11,156,200,1
2,2025-11-11,272,0,1
3,2025-11-11,144,150,1
4,2025-11-11,168,0,0
5,2025-11-11,40,50,0
6,2025-11-11,19,400,1
7,2025-11-11,704,0,0
8,2025-11-11,207,100,2
9,2025-11-11,250,0,0
10,2025-11-11,172,100,1
11,2025-11-11,461,0,1
12,2025-11-11,101,100,0
13,2025-11-11,663,0,2
14,2025-11-11,30,250,0
15,2025-11-11,83,0,0
16,2025-11-11,243,0,0
17,2025-11-11,136,100,1
18,2025-11-11,459,0,1
19,2025-11-11,112,0,0
20,2025-11-11,144,200,0
21,2025-11-11,171,100,1
22,2025-11-11,252,0,0
23,2025-11-11,28,300,0
24,2025-11-11,208,100,2
25,2025-11-11,218,100,1
26,2025-11-11,368,0,4
27,2025-11-11,634,0,1
28,2025-11-11,181,200,1
29,2025-11-11,160,0,0
30,2025-11-11,0,500,0
31,2025-11-11,82,0,0
32,2025-11-11,395,0,0
33,2025-11-11,216,0,0
34,2025-11-11,608,0,0
35,2025-11-11,379,0,0
36,2025-11-11,580,0,1
37,2025-11-11,138,0,0
38,2025-11-11,74,100,2
39,2025-11-11,161,0,1
40,2025-11-11,230,0,0
41,2025-11-11,252,0,1
42,2025-11-11,120,0,2
43,2025-11-11,28,100,0
44,2025-11-11,497,0,0
45,2025-11-11,334,0,8
46,2025-11-11,504,0,2
47,2025-11-11,316,0,0
48,2025-11-11,586,0,1
49,2025-11-11,72,0,0
50,2025-11-11,583,0,0
51,2025-11-11,227,0,0
52,2025-11-11,380,0,1
53,2025-11-11,132,0,0
54,2025-11-11,179,0,3
55,2025-11-11,207,100,0
56,2025-11-11,338,0,1
57,2025-11-11,196,100,0
58,2025-11-11,14,200,1
59,2025-11-11,124,0,3
60,2025-11-11,128,100,0
61,2025-11-11,228,0,1
62,2025-11-11,192,0,1
63,2025-11-11,123,50,0
64,2025-11-11,416,0,11
65,2025-11-11,119,200,0
66,2025-11-11,137,50,0
67,2025-11-11,371,0,0
68,2025-11-11,248,200,1
69,2025-11-11,276,0,1
70,2025-11-11,271,0,0
71,2025-11-11,47,150,1
72,2025-11-11,152,0,0
73,2025-11-11,239,0,0
74,2025-11-11,103,500,0
75,2025-11-11,0,500,0
76,2025-11-11,353,0,3
77,2025-11-11,312,0,0
78,2025-11-11,264,0,0
79,2025-11-11,98,300,0
80,2025-11-11,35,100,0
81,2025-11-11,118,150,1
82,2025-11-11,158,0,1
83,2025-11-11,412,0,0
84,2025-11-11,159,100,1
85,2025-11-11,234,0,0
86,2025-11-11,241,0,0
87,2025-11-11,397,0,0
88,2025-11-11,564,0,0
89,2025-11-11,418,0,0
90,2025-11-11,58,200,0
91,2025-11-11,297,0,2
92,2025-11-11,256,0,0
93,2025-11-11,350,0,2
94,2025-11-11,330,0,4
95,2025-11-11,39,200,0
96,2025-11-11,150,150,1
97,2025-11-11,54,100,0
98,2025-11-11,161,0,1
99,2025-11-11,664,0,0
100,2025-11-11,29,200,1
101,2025-11-11,53,200,0
102,2025-11-11,274,0,0
103,2025-11-11,620,0,0
104,2025-11-11,67,200,3
105,2025-11-11,513,0,0
106,2025-11-11,829,0,0
107,2025-11-11,34,100,0
108,2025-11-11,0,200,0
109,2025-11-11,434,0,1
110,2025-11-11,110,100,1
111,2025-11-11,410,0,1
112,2025-11-11,360,0,0
113,2025-11-11,66,0,0
114,2025-11-11,288,0,1
115,2025-11-11,0,200,0
116,2025-11-11,191,0,0
117,2025-11-11,528,0,1
118,2025-11-11,360,0,2
119,2025-11-11,244,100,4
120,2025-11-11,249,0,1
1,2025-11-12,227,100,1
2,2025-11-12,270,0,0
3,2025-11-12,140,150,0
4,2025-11-12,163,0,0
5,2025-11-12,34,50,0
6,2025-11-12,196,200,1
7,2025-11-12,700,0,0
8,2025-11-12,181,100,3
9,2025-11-12,246,0,0
10,2025-11-12,162,100,0
11,2025-11-12,449,0,1
12,2025-11-12,142,100,1
13,2025-11-12,643,0,1
14,2025-11-12,53,250,1
15,2025-11-12,80,0,0
16,2025-11-12,238,0,0
17,2025-11-12,125,100,1
18,2025-11-12,453,0,0
19,2025-11-12,108,0,0
20,2025-11-12,127,200,2
21,2025-11-12,160,200,1
22,2025-11-12,247,0,0
23,2025-11-12,5,350,1
24,2025-11-12,195,100,1
25,2025-11-12,206,100,1
26,2025-11-12,360,0,0
27,2025-11-12,626,0,0
28,2025-11-12,175,200,0
29,2025-11-12,158,0,0
30,2025-11-12,0,500,0
31,2025-11-12,79,0,0
32,2025-11-12,390,0,0
33,2025-11-12,209,0,0
34,2025-11-12,598,0,1
35,2025-11-12,376,0,0
36,2025-11-12,569,0,0
37,2025-11-12,134,0,0
38,2025-11-12,70,100,0
39,2025-11-12,153,0,0
40,2025-11-12,222,0,0
41,2025-11-12,252,0,4
42,2025-11-12,114,50,0
43,2025-11-12,20,100,1
44,2025-11-12,494,0,0
45,2025-11-12,325,0,1
46,2025-11-12,486,0,2
47,2025-11-12,312,0,0
48,2025-11-12,578,0,1
49,2025-11-12,70,0,0
50,2025-11-12,578,0,0
51,2025-11-12,203,200,0
52,2025-11-12,364,0,1
53,2025-11-12,126,0,0
54,2025-11-12,171,0,0
55,2025-11-12,191,100,1
56,2025-11-12,330,0,1
57,2025-11-12,179,100,1
58,2025-11-12,44,150,2
59,2025-11-12,121,0,0
60,2025-11-12,120,100,0
61,2025-11-12,197,50,1
62,2025-11-12,178,0,1
63,2025-11-12,115,50,0
64,2025-11-12,394,0,3
65,2025-11-12,95,200,1
66,2025-11-12,128,50,0
67,2025-11-12,359,0,0
68,2025-11-12,233,200,1
69,2025-11-12,264,0,1
70,2025-11-12,266,0,0
71,2025-11-12,31,150,1
72,2025-11-12,145,0,0
73,2025-11-12,235,0,0
74,2025-11-12,91,500,1
75,2025-11-12,0,500,0
76,2025-11-12,337,0,2
77,2025-11-12,310,0,0
78,2025-11-12,252,200,1
79,2025-11-12,77,300,2
80,2025-11-12,133,0,0
81,2025-11-12,106,150,1
82,2025-11-12,153,50,0
83,2025-11-12,391,0,2
84,2025-11-12,254,0,0
85,2025-11-12,230,0,0
86,2025-11-12,236,0,0
87,2025-11-12,396,0,0
88,2025-11-12,554,0,0
89,2025-11-12,408,0,0
90,2025-11-12,52,200,0
91,2025-11-12,279,100,2
92,2025-11-12,238,0,1
93,2025-11-12,323,0,3
94,2025-11-12,316,0,1
95,2025-11-12,30,200,0
96,2025-11-12,131,200,2
97,2025-11-12,46,100,0
98,2025-11-12,152,0,1
99,2025-11-12,660,0,0
100,2025-11-12,120,100,1
101,2025-11-12,93,150,1
102,2025-11-12,260,0,1
103,2025-11-12,617,0,0
104,2025-11-12,57,200,0
105,2025-11-12,508,0,0
106,2025-11-12,821,0,1
107,2025-11-12,28,100,0
108,2025-11-12,0,200,0
109,2025-11-12,425,0,0
110,2025-11-12,104,100,0
111,2025-11-12,389,0,3
112,2025-11-12,342,0,2
113,2025-11-12,64,0,0
114,2025-11-12,262,0,3
115,2025-11-12,92,100,0
116,2025-11-12,177,0,1
117,2025-11-12,520,0,0
118,2025-11-12,354,0,0
119,2025-11-12,223,100,2
120,2025-11-12,242,0,1
1,2025-11-13,216,100,1
2,2025-11-13,251,200,1
3,2025-11-13,133,150,0
4,2025-11-13,160,0,0
5,2025-11-13,32,50,0
6,2025-11-13,178,200,0
7,2025-11-13,695,0,0
8,2025-11-13,173,200,0
9,2025-11-13,241,0,0
10,2025-11-13,154,100,0
11,2025-11-13,435,0,1
12,2025-11-13,129,100,0
13,2025-11-13,629,0,0
14,2025-11-13,31,250,1
15,2025-11-13,76,100,0
16,2025-11-13,233,0,0
17,2025-11-13,203,100,1
18,2025-11-13,441,0,1
19,2025-11-13,104,0,0
20,2025-11-13,111,200,1
21,2025-11-13,145,200,1
22,2025-11-13,241,0,0
23,2025-11-13,0,350,0
24,2025-11-13,175,200,1
25,2025-11-13,295,0,1
26,2025-11-13,354,0,0
27,2025-11-13,611,0,2
28,2025-11-13,158,200,1
29,2025-11-13,156,0,0
30,2025-11-13,0,500,0
31,2025-11-13,74,0,0
32,2025-11-13,379,0,1
33,2025-11-13,205,0,0
34,2025-11-13,591,0,0
35,2025-11-13,374,0,0
36,2025-11-13,562,0,0
37,2025-11-13,130,0,0
38,2025-11-13,67,100,0
39,2025-11-13,150,0,0
40,2025-11-13,204,0,1
41,2025-11-13,243,0,1
42,2025-11-13,108,50,0
43,2025-11-13,11,200,1
44,2025-11-13,487,0,0
45,2025-11-13,316,0,1
46,2025-11-13,468,0,1
47,2025-11-13,297,0,1
48,2025-11-13,567,0,1
49,2025-11-13,67,0,0
50,2025-11-13,573,0,0
51,2025-11-13,186,200,0
52,2025-11-13,335,0,4
53,2025-11-13,119,0,0
54,2025-11-13,161,200,1
55,2025-11-13,179,100,1
56,2025-11-13,321,0,1
57,2025-11-13,163,100,0
58,2025-11-13,83,100,1
59,2025-11-13,117,0,0
60,2025-11-13,144,50,1
61,2025-11-13,183,50,0
62,2025-11-13,159,200,1
63,2025-11-13,111,50,0
64,2025-11-13,377,0,2
65,2025-11-13,83,200,1
66,2025-11-13,124,100,0
67,2025-11-13,352,0,0
68,2025-11-13,227,200,0
69,2025-11-13,251,0,1
70,2025-11-13,264,0,0
71,2025-11-13,75,100,0
72,2025-11-13,140,0,0
73,2025-11-13,227,0,0
74,2025-11-13,84,500,0
75,2025-11-13,0,500,0
76,2025-11-13,317,0,2
77,2025-11-13,308,0,0
78,2025-11-13,231,200,3
79,2025-11-13,70,300,0
80,2025-11-13,131,0,0
81,2025-11-13,97,150,1
82,2025-11-13,145,50,0
83,2025-11-13,383,0,0
84,2025-11-13,238,0,2
85,2025-11-13,229,0,0
86,2025-11-13,221,0,1
87,2025-11-13,390,0,0
88,2025-11-13,547,0,0
89,2025-11-13,399,0,1
90,2025-11-13,42,200,1
91,2025-11-13,266,100,1
92,2025-11-13,228,0,1
93,2025-11-13,308,0,0
94,2025-11-13,297,0,1
95,2025-11-13,20,200,1
96,2025-11-13,122,200,0
97,2025-11-13,43,100,0
98,2025-11-13,141,100,1
99,2025-11-13,658,0,0
100,2025-11-13,112,100,0
101,2025-11-13,80,150,1
102,2025-11-13,242,0,1
103,2025-11-13,611,0,0
104,2025-11-13,42,400,0
105,2025-11-13,505,0,0
106,2025-11-13,814,0,1
107,2025-11-13,20,150,1
108,2025-11-13,0,200,0
109,2025-11-13,416,0,1
110,2025-11-13,99,100,0
111,2025-11-13,370,0,1
112,2025-11-13,329,0,0
113,2025-11-13,61,0,0
114,2025-11-13,249,0,1
115,2025-11-13,88,100,0
116,2025-11-13,164,0,1
117,2025-11-13,507,0,1
118,2025-11-13,343,0,0
119,2025-11-13,221,100,0
120,2025-11-13,233,0,1
1,2025-11-14,198,100,2
2,2025-11-14,234,200,1
3,2025-11-14,122,200,1
4,2025-11-14,158,0,0
5,2025-11-14,31,50,0
6,2025-11-14,355,0,3
7,2025-11-14,693,0,0
8,2025-11-14,257,100,1
9,2025-11-14,239,0,0
10,2025-11-14,133,100,2
11,2025-11-14,416,0,2
12,2025-11-14,113,100,2
13,2025-11-14,603,0,3
14,2025-11-14,21,250,0
15,2025-11-14,74,100,0
16,2025-11-14,220,0,0
17,2025-11-14,192,100,0
18,2025-11-14,425,0,2
19,2025-11-14,101,0,0
20,2025-11-14,300,0,1
21,2025-11-14,117,200,1
22,2025-11-14,240,0,0
23,2025-11-14,0,350,0
24,2025-11-14,156,200,1
25,2025-11-14,282,0,1
26,2025-11-14,348,0,0
27,2025-11-14,594,0,1
28,2025-11-14,344,0,1
29,2025-11-14,153,0,0
30,2025-11-14,0,500,0
31,2025-11-14,67,100,0
32,2025-11-14,374,0,0
33,2025-11-14,195,0,0
34,2025-11-14,571,0,2
35,2025-11-14,374,0,6
36,2025-11-14,552,0,1
37,2025-11-14,127,0,0
38,2025-11-14,64,100,0
39,2025-11-14,143,50,0
40,2025-11-14,201,0,0
41,2025-11-14,234,0,1
42,2025-11-14,101,50,0
43,2025-11-14,4,200,0
44,2025-11-14,481,0,0
45,2025-11-14,305,0,1
46,2025-11-14,439,0,2
47,2025-11-14,280,0,1
48,2025-11-14,543,0,1
49,2025-11-14,65,0,0
50,2025-11-14,568,0,0
51,2025-11-14,171,200,1
52,2025-11-14,303,0,1
53,2025-11-14,114,0,0
54,2025-11-14,157,200,0
55,2025-11-14,205,50,3
56,2025-11-14,312,0,1
57,2025-11-14,154,100,1
58,2025-11-14,69,150,1
59,2025-11-14,110,0,0
60,2025-11-14,136,50,0
61,2025-11-14,176,100,0
62,2025-11-14,150,200,1
63,2025-11-14,102,50,1
64,2025-11-14,361,0,0
65,2025-11-14,63,200,2
66,2025-11-14,162,50,1
67,2025-11-14,338,0,1
68,2025-11-14,218,200,1
69,2025-11-14,246,0,0
70,2025-11-14,261,0,0
71,2025-11-14,71,100,0
72,2025-11-14,133,0,0
73,2025-11-14,227,0,4
74,2025-11-14,368,0,0
75,2025-11-14,0,500,0
76,2025-11-14,308,0,0
77,2025-11-14,307,0,0
78,2025-11-14,216,200,1
79,2025-11-14,50,300,1
80,2025-11-14,129,0,0
81,2025-11-14,84,150,1
82,2025-11-14,134,50,1
83,2025-11-14,372,0,0
84,2025-11-14,231,0,0
85,2025-11-14,227,0,0
86,2025-11-14,203,0,2
87,2025-11-14,383,0,0
88,2025-11-14,538,0,0
89,2025-11-14,392,0,0
90,2025-11-14,30,200,1
91,2025-11-14,241,100,2
92,2025-11-14,224,100,0
93,2025-11-14,293,0,0
94,2025-11-14,289,200,0
95,2025-11-14,11,200,0
96,2025-11-14,107,200,0
97,2025-11-14,37,100,0
98,2025-11-14,132,100,0
99,2025-11-14,655,0,0
100,2025-11-14,104,100,0
101,2025-11-14,121,150,1
102,2025-11-14,225,0,0
103,2025-11-14,610,0,0
104,2025-11-14,26,400,1
105,2025-11-14,503,0,0
106,2025-11-14,808,0,0
107,2025-11-14,15,150,0
108,2025-11-14,0,200,0
109,2025-11-14,405,0,1
110,2025-11-14,94,100,0
111,2025-11-14,358,0,1
112,2025-11-14,324,0,0
113,2025-11-14,60,0,0
114,2025-11-14,227,0,1
115,2025-11-14,185,0,0
116,2025-11-14,155,200,1
117,2025-11-14,488,0,2
118,2025-11-14,324,0,1
119,2025-11-14,202,100,2
120,2025-11-14,227,0,0
1,2025-11-15,183,100,1
2,2025-11-15,221,200,1
3,2025-11-15,107,200,1
4,2025-11-15,155,0,0
5,2025-11-15,78,0,0
6,2025-11-15,352,0,0
7,2025-11-15,691,0,0
8,2025-11-15,230,100,3
9,2025-11-15,229,0,0
10,2025-11-15,122,100,1
11,2025-11-15,392,0,0
12,2025-11-15,97,100,1
13,2025-11-15,576,0,1
14,2025-11-15,5,250,1
15,2025-11-15,70,100,0
16,2025-11-15,207,0,1
17,2025-11-15,171,100,1
18,2025-11-15,412,0,1
19,2025-11-15,96,0,0
20,2025-11-15,297,0,0
21,2025-11-15,206,100,1
22,2025-11-15,231,0,1
23,2025-11-15,0,350,0
24,2025-11-15,133,200,2
25,2025-11-15,266,0,1
26,2025-11-15,344,0,0
27,2025-11-15,579,0,1
28,2025-11-15,332,0,1
29,2025-11-15,147,0,0
30,2025-11-15,0,500,0
31,2025-11-15,65,100,0
32,2025-11-15,370,0,0
33,2025-11-15,184,0,0
34,2025-11-15,550,0,1
35,2025-11-15,371,0,0
36,2025-11-15,542,0,1
37,2025-11-15,125,0,0
38,2025-11-15,56,100,0
39,2025-11-15,132,50,1
40,2025-11-15,188,100,0
41,2025-11-15,219,0,1
42,2025-11-15,94,50,0
43,2025-11-15,0,200,0
44,2025-11-15,478,0,0
45,2025-11-15,285,0,0
46,2025-11-15,409,0,2
47,2025-11-15,279,0,0
48,2025-11-15,515,0,3
49,2025-11-15,63,0,0
50,2025-11-15,562,0,0
51,2025-11-15,160,200,1
52,2025-11-15,287,200,2
53,2025-11-15,108,0,0
54,2025-11-15,148,200,1
55,2025-11-15,187,100,1
56,2025-11-15,304,0,0
57,2025-11-15,136,100,1
58,2025-11-15,56,150,1
59,2025-11-15,110,0,2
60,2025-11-15,126,50,1
61,2025-11-15,151,100,2
62,2025-11-15,138,200,1
63,2025-11-15,96,50,0
64,2025-11-15,346,0,1
65,2025-11-15,51,200,1
66,2025-11-15,152,50,0
67,2025-11-15,328,0,0
68,2025-11-15,205,200,1
69,2025-11-15,238,0,0
70,2025-11-15,254,0,0
71,2025-11-15,60,150,1
72,2025-11-15,128,0,0
73,2025-11-15,214,0,1
74,2025-11-15,362,0,0
75,2025-11-15,0,500,0
76,2025-11-15,305,0,0
77,2025-11-15,304,0,0
78,2025-11-15,206,200,1
79,2025-11-15,26,300,2
80,2025-11-15,124,0,0
81,2025-11-15,119,150,2
82,2025-11-15,128,50,0
83,2025-11-15,363,0,0
84,2025-11-15,219,0,1
85,2025-11-15,222,0,0
86,2025-11-15,196,0,0
87,2025-11-15,369,0,1
88,2025-11-15,524,0,2
89,2025-11-15,386,0,0
90,2025-11-15,11,200,1
91,2025-11-15,234,100,0
92,2025-11-15,212,100,1
93,2025-11-15,281,200,1
94,2025-11-15,247,200,2
95,2025-11-15,0,200,0
96,2025-11-15,138,200,1
97,2025-11-15,27,100,1
98,2025-11-15,127,100,0
99,2025-11-15,653,0,0
100,2025-11-15,92,100,0
101,2025-11-15,149,100,2
102,2025-11-15,207,0,1
103,2025-11-15,605,0,0
104,2025-11-15,8,400,1
105,2025-11-15,496,0,0
106,2025-11-15,806,0,0
107,2025-11-15,51,100,1
108,2025-11-15,0,200,0
109,2025-11-15,395,0,1
110,2025-11-15,84,100,1
111,2025-11-15,355,0,0
112,2025-11-15,314,0,0
113,2025-11-15,60,0,0
114,2025-11-15,207,200,1
115,2025-11-15,178,0,0
116,2025-11-15,146,200,1
117,2025-11-15,471,0,1
118,2025-11-15,309,0,2
119,2025-11-15,185,100,1
120,2025-11-15,223,0,0
1,2025-11-16,182,100,0
2,2025-11-16,210,200,0
3,2025-11-16,84,200,3
4,2025-11-16,151,0,0
5,2025-11-16,73,0,0
6,2025-11-16,332,0,2
7,2025-11-16,687,0,0
8,2025-11-16,210,100,1
9,2025-11-16,219,0,1
10,2025-11-16,113,100,0
11,2025-11-16,378,0,1
12,2025-11-16,87,100,1
13,2025-11-16,545,0,4
14,2025-11-16,0,300,0
15,2025-11-16,65,100,0
16,2025-11-16,197,0,1
17,2025-11-16,156,100,1
18,2025-11-16,403,0,0
19,2025-11-16,89,0,0
20,2025-11-16,269,200,3
21,2025-11-16,181,100,2
22,2025-11-16,227,0,0
23,2025-11-16,0,350,0
24,2025-11-16,117,200,1
25,2025-11-16,254,0,0
26,2025-11-16,341,0,0
27,2025-11-16,564,0,2
28,2025-11-16,316,0,1
29,2025-11-16,146,0,0
30,2025-11-16,0,500,0
31,2025-11-16,58,100,0
32,2025-11-16,365,0,0
33,2025-11-16,170,100,0
34,2025-11-16,538,0,0
35,2025-11-16,369,0,0
36,2025-11-16,538,0,0
37,2025-11-16,120,0,0
38,2025-11-16,50,100,0
39,2025-11-16,118,100,1
40,2025-11-16,171,100,1
41,2025-11-16,209,0,1
42,2025-11-16,83,50,1
43,2025-11-16,0,200,0
44,2025-11-16,470,0,0
45,2025-11-16,259,200,3
46,2025-11-16,394,0,2
47,2025-11-16,269,0,1
48,2025-11-16,502,0,1
49,2025-11-16,61,0,0
50,2025-11-16,555,0,0
51,2025-11-16,147,200,1
52,2025-11-16,262,200,1
53,2025-11-16,99,0,0
54,2025-11-16,139,200,1
55,2025-11-16,237,50,5
56,2025-11-16,295,0,0
57,2025-11-16,115,150,1
58,2025-11-16,38,150,1
59,2025-11-16,106,0,0
60,2025-11-16,114,100,0
61,2025-11-16,138,150,1
62,2025-11-16,131,200,0
63,2025-11-16,93,50,0
64,2025-11-16,326,0,2
65,2025-11-16,39,200,1
66,2025-11-16,139,100,0
67,2025-11-16,315,0,1
68,2025-11-16,186,200,2
69,2025-11-16,231,0,0
70,2025-11-16,252,0,0
71,2025-11-16,147,50,0
72,2025-11-16,119,0,0
73,2025-11-16,212,0,0
74,2025-11-16,350,0,0
75,2025-11-16,0,500,0
76,2025-11-16,293,0,1
77,2025-11-16,303,0,0
78,2025-11-16,184,200,1
79,2025-11-16,6,300,1
80,2025-11-16,120,0,0
81,2025-11-16,162,100,0
82,2025-11-16,124,50,0
83,2025-11-16,347,0,0
84,2025-11-16,201,0,1
85,2025-11-16,221,0,0
86,2025-11-16,187,0,0
87,2025-11-16,348,0,1
88,2025-11-16,512,0,1
89,2025-11-16,378,0,1
90,2025-11-16,0,400,0
91,2025-11-16,216,100,2
92,2025-11-16,180,100,4
93,2025-11-16,281,200,4
94,2025-11-16,225,200,0
95,2025-11-16,87,100,1
96,2025-11-16,127,200,0
97,2025-11-16,21,150,0
98,2025-11-16,119,100,0
99,2025-11-16,653,0,15
100,2025-11-16,85,100,0
101,2025-11-16,137,100,1
102,2025-11-16,197,100,0
103,2025-11-16,602,0,0
104,2025-11-16,0,400,0
105,2025-11-16,490,0,0
106,2025-11-16,801,0,0
107,2025-11-16,44,100,0
108,2025-11-16,0,200,0
109,2025-11-16,393,0,0
110,2025-11-16,74,200,0
111,2025-11-16,342,0,1
112,2025-11-16,294,0,2
113,2025-11-16,57,0,0
114,2025-11-16,195,200,1
115,2025-11-16,175,0,0
116,2025-11-16,140,200,0
117,2025-11-16,457,0,0
118,2025-11-16,293,0,0
119,2025-11-16,157,100,2
120,2025-11-16,223,0,3
1,2025-11-17,168,200,1
2,2025-11-17,207,200,0
3,2025-11-17,59,250,0
4,2025-11-17,148,0,0
5,2025-11-17,68,0,0
6,2025-11-17,315,0,1
7,2025-11-17,683,0,0
8,2025-11-17,207,100,0
9,2025-11-17,217,0,0
10,2025-11-17,103,100,0
11,2025-11-17,378,0,6
12,2025-11-17,125,100,0
13,2025-11-17,533,0,0
14,2025-11-17,0,300,0
15,2025-11-17,64,100,0
16,2025-11-17,185,0,1
17,2025-11-17,145,100,1
18,2025-11-17,388,0,1
19,2025-11-17,85,0,0
20,2025-11-17,267,200,0
21,2025-11-17,158,100,3
22,2025-11-17,221,0,0
23,2025-11-17,0,350,0
24,2025-11-17,102,200,1
25,2025-11-17,226,100,2
26,2025-11-17,325,0,1
27,2025-11-17,538,0,2
28,2025-11-17,310,0,0
29,2025-11-17,143,0,0
30,2025-11-17,0,500,0
31,2025-11-17,57,100,0
32,2025-11-17,358,0,0
33,2025-11-17,156,100,1
34,2025-11-17,531,0,0
35,2025-11-17,367,0,0
36,2025-11-17,533,0,0
37,2025-11-17,114,0,0
38,2025-11-17,45,100,0
39,2025-11-17,113,100,0
40,2025-11-17,151,100,2
41,2025-11-17,199,0,1
42,2025-11-17,79,50,0
43,2025-11-17,0,200,0
44,2025-11-17,466,0,0
45,2025-11-17,245,200,2
46,2025-11-17,379,0,0
47,2025-11-17,258,0,1
48,2025-11-17,492,0,1
49,2025-11-17,58,0,0
50,2025-11-17,547,0,0
51,2025-11-17,138,200,0
52,2025-11-17,238,200,3
53,2025-11-17,93,50,0
54,2025-11-17,131,200,0
55,2025-11-17,218,50,1
56,2025-11-17,286,0,1
57,2025-11-17,150,100,0
58,2025-11-17,30,200,0
59,2025-11-17,104,0,0
60,2025-11-17,112,100,0
61,2025-11-17,124,150,1
62,2025-11-17,125,200,0
63,2025-11-17,86,100,0
64,2025-11-17,310,200,1
65,2025-11-17,31,200,1
66,2025-11-17,120,100,2
67,2025-11-17,308,0,0
68,2025-11-17,169,200,2
69,2025-11-17,215,0,1
70,2025-11-17,251,0,0
71,2025-11-17,139,50,1
72,2025-11-17,111,0,1
73,2025-11-17,210,0,0
74,2025-11-17,341,0,1
75,2025-11-17,0,500,0
76,2025-11-17,273,0,1
77,2025-11-17,294,0,0
78,2025-11-17,169,200,1
79,2025-11-17,0,300,0
80,2025-11-17,116,0,0
81,2025-11-17,153,100,0
82,2025-11-17,113,50,0
83,2025-11-17,335,0,1
84,2025-11-17,186,0,0
85,2025-11-17,218,0,0
86,2025-11-17,177,0,0
87,2025-11-17,338,0,1
88,2025-11-17,499,0,1
89,2025-11-17,359,0,1
90,2025-11-17,0,400,0
91,2025-11-17,202,100,0
92,2025-11-17,267,0,1
93,2025-11-17,269,200,1
94,2025-11-17,221,200,0
95,2025-11-17,77,100,0
96,2025-11-17,177,150,2
97,2025-11-17,62,100,1
98,2025-11-17,112,100,0
99,2025-11-17,647,0,0
100,2025-11-17,176,0,0
101,2025-11-17,164,100,2
102,2025-11-17,193,100,0
103,2025-11-17,598,0,0
104,2025-11-17,0,400,0
105,2025-11-17,478,0,1
106,2025-11-17,800,0,0
107,2025-11-17,90,50,0
108,2025-11-17,0,200,0
109,2025-11-17,393,0,8
110,2025-11-17,67,200,1
111,2025-11-17,335,0,0
112,2025-11-17,281,0,1
113,2025-11-17,54,0,0
114,2025-11-17,188,200,0
115,2025-11-17,165,0,0
116,2025-11-17,128,200,1
117,2025-11-17,437,0,1
118,2025-11-17,275,0,1
119,2025-11-17,149,100,0
120,2025-11-17,218,0,0
1,2025-11-18,152,200,1
2,2025-11-18,204,200,0
3,2025-11-18,46,250,1
4,2025-11-18,148,0,1
5,2025-11-18,64,0,0
6,2025-11-18,303,0,0
7,2025-11-18,679,0,0
8,2025-11-18,194,100,1
9,2025-11-18,212,0,0
10,2025-11-18,94,100,0
11,2025-11-18,377,0,0
12,2025-11-18,172,50,0
13,2025-11-18,503,0,4
14,2025-11-18,0,300,0
15,2025-11-18,59,100,0
16,2025-11-18,167,0,1
17,2025-11-18,136,100,1
18,2025-11-18,371,0,1
19,2025-11-18,80,0,0
20,2025-11-18,248,200,1
21,2025-11-18,143,200,2
22,2025-11-18,219,0,0
23,2025-11-18,41,300,1
24,2025-11-18,87,300,1
25,2025-11-18,199,100,1
26,2025-11-18,316,0,0
27,2025-11-18,529,0,0
28,2025-11-18,294,0,2
29,2025-11-18,140,0,0
30,2025-11-18,0,500,0
31,2025-11-18,45,100,1
32,2025-11-18,354,0,0
33,2025-11-18,146,100,1
34,2025-11-18,525,0,0
35,2025-11-18,364,0,0
36,2025-11-18,533,0,5
37,2025-11-18,111,0,0
38,2025-11-18,40,100,0
39,2025-11-18,145,50,1
40,2025-11-18,138,100,0
41,2025-11-18,189,100,1
42,2025-11-18,71,50,0
43,2025-11-18,0,200,0
44,2025-11-18,462,0,0
45,2025-11-18,240,200,0
46,2025-11-18,359,0,1
47,2025-11-18,246,0,1
48,2025-11-18,473,0,1
49,2025-11-18,55,0,0
50,2025-11-18,541,0,0
51,2025-11-18,131,200,0
52,2025-11-18,232,200,0
53,2025-11-18,88,50,0
54,2025-11-18,117,200,1
55,2025-11-18,198,100,1
56,2025-11-18,280,0,0
57,2025-11-18,149,100,0
58,2025-11-18,26,200,0
59,2025-11-18,103,0,0
60,2025-11-18,101,100,1
61,2025-11-18,113,150,0
62,2025-11-18,117,200,0
63,2025-11-18,77,100,0
64,2025-11-18,295,200,1
65,2025-11-18,107,200,3
66,2025-11-18,160,50,1
67,2025-11-18,307,0,0
68,2025-11-18,163,200,0
69,2025-11-18,201,500,1
70,2025-11-18,246,0,0
71,2025-11-18,127,100,1
72,2025-11-18,109,0,0
73,2025-11-18,208,0,0
74,2025-11-18,325,0,0
75,2025-11-18,0,500,0
76,2025-11-18,257,0,1
77,2025-11-18,291,0,0
78,2025-11-18,162,200,0
79,2025-11-18,0,300,0
80,2025-11-18,111,0,0
81,2025-11-18,135,150,1
82,2025-11-18,101,100,1
83,2025-11-18,320,0,1
84,2025-11-18,166,100,1
85,2025-11-18,213,0,0
86,2025-11-18,166,200,1
87,2025-11-18,331,0,1
88,2025-11-18,491,0,0
89,2025-11-18,358,0,0
90,2025-11-18,0,400,0
91,2025-11-18,182,100,1
92,2025-11-18,255,0,1
93,2025-11-18,462,0,0
94,2025-11-18,198,200,2
95,2025-11-18,62,100,2
96,2025-11-18,213,100,1
97,2025-11-18,54,100,0
98,2025-11-18,102,100,0
99,2025-11-18,644,0,0
100,2025-11-18,162,0,1
101,2025-11-18,200,50,0
102,2025-11-18,185,100,1
103,2025-11-18,588,0,1
104,2025-11-18,0,400,0
105,2025-11-18,472,0,0
106,2025-11-18,796,0,0
107,2025-11-18,81,50,0
108,2025-11-18,0,200,0
109,2025-11-18,387,0,0
110,2025-11-18,147,100,2
111,2025-11-18,303,0,3
112,2025-11-18,265,0,1
113,2025-11-18,51,100,0
114,2025-11-18,180,200,1
115,2025-11-18,159,0,0
116,2025-11-18,118,200,0
117,2025-11-18,431,0,0
118,2025-11-18,265,0,0
119,2025-11-18,237,100,0
120,2025-11-18,214,0,0
1,2025-11-19,144,200,0
2,2025-11-19,192,200,1
3,2025-11-19,32,250,1
4,2025-11-19,144,0,0
5,2025-11-19,61,0,0
6,2025-11-19,280,0,2
7,2025-11-19,676,0,0
8,2025-11-19,188,100,0
9,2025-11-19,205,0,0
10,2025-11-19,78,200,1
11,2025-11-19,371,0,0
12,2025-11-19,161,50,1
13,2025-11-19,479,0,2
14,2025-11-19,0,300,0
15,2025-11-19,54,100,0
16,2025-11-19,161,0,0
17,2025-11-19,127,100,0
18,2025-11-19,362,0,0
19,2025-11-19,75,500,0
20,2025-11-19,226,200,2
21,2025-11-19,127,200,1
22,2025-11-19,213,0,0
23,2025-11-19,21,300,1
24,2025-11-19,63,300,3
25,2025-11-19,187,100,0
26,2025-11-19,316,0,5
27,2025-11-19,516,0,1
28,2025-11-19,283,0,1
29,2025-11-19,136,0,0
30,2025-11-19,0,500,0
31,2025-11-19,41,100,0
32,2025-11-19,348,0,0
33,2025-11-19,236,0,0
34,2025-11-19,513,0,1
35,2025-11-19,362,0,0
36,2025-11-19,525,0,0
37,2025-11-19,108,0,0
38,2025-11-19,137,0,0
39,2025-11-19,186,0,0
40,2025-11-19,124,100,2
41,2025-11-19,179,100,1
42,2025-11-19,65,50,0
43,2025-11-19,0,200,0
44,2025-11-19,456,0,0
45,2025-11-19,224,200,1
46,2025-11-19,341,0,0
47,2025-11-19,240,0,0
48,2025-11-19,461,0,1
49,2025-11-19,51,50,0
50,2025-11-19,536,0,0
51,2025-11-19,109,200,0
52,2025-11-19,215,200,0
53,2025-11-19,82,50,0
54,2025-11-19,103,200,1
55,2025-11-19,187,100,1
56,2025-11-19,274,0,0
57,2025-11-19,127,150,0
58,2025-11-19,62,150,1
59,2025-11-19,100,0,0
60,2025-11-19,93,100,1
61,2025-11-19,186,100,0
62,2025-11-19,108,200,1
63,2025-11-19,67,100,0
64,2025-11-19,286,200,1
65,2025-11-19,91,200,0
66,2025-11-19,146,50,1
67,2025-11-19,302,0,0
68,2025-11-19,148,200,1
69,2025-11-19,192,500,0
70,2025-11-19,244,0,0
71,2025-11-19,117,100,1
72,2025-11-19,102,0,0
73,2025-11-19,204,0,0
74,2025-11-19,320,0,0
75,2025-11-19,0,500,0
76,2025-11-19,237,500,0
77,2025-11-19,288,0,0
78,2025-11-19,146,200,2
79,2025-11-19,0,300,0
80,2025-11-19,108,0,0
81,2025-11-19,119,150,0
82,2025-11-19,96,100,0
83,2025-11-19,306,0,1
84,2025-11-19,162,100,0
85,2025-11-19,211,0,0
86,2025-11-19,160,200,0
87,2025-11-19,319,0,1
88,2025-11-19,483,0,0
89,2025-11-19,352,0,0
90,2025-11-19,0,400,0
91,2025-11-19,163,200,0
92,2025-11-19,247,0,0
93,2025-11-19,444,0,1
94,2025-11-19,189,200,0
95,2025-11-19,62,100,1
96,2025-11-19,191,100,2
97,2025-11-19,48,100,0
98,2025-11-19,93,100,1
99,2025-11-19,639,0,0
100,2025-11-19,149,100,1
101,2025-11-19,191,50,0
102,2025-11-19,167,100,1
103,2025-11-19,584,0,0
104,2025-11-19,0,400,0
105,2025-11-19,468,0,0
106,2025-11-19,792,0,0
107,2025-11-19,75,50,0
108,2025-11-19,186,0,1
109,2025-11-19,378,0,0
110,2025-11-19,132,100,1
111,2025-11-19,284,0,1
112,2025-11-19,264,0,0
113,2025-11-19,48,100,0
114,2025-11-19,154,200,0
115,2025-11-19,153,0,0
116,2025-11-19,113,200,0
117,2025-11-19,419,0,1
118,2025-11-19,248,0,2
119,2025-11-19,233,100,0
120,2025-11-19,205,0,0
1,2025-11-20,126,200,1
2,2025-11-20,174,200,2
3,2025-11-20,9,250,2
4,2025-11-20,141,0,0
5,2025-11-20,58,50,0
6,2025-11-20,262,0,1
7,2025-11-20,673,0,0
8,2025-11-20,175,100,0
9,2025-11-20,197,0,0
10,2025-11-20,64,200,0
11,2025-11-20,366,0,0
12,2025-11-20,155,50,0
13,2025-11-20,464,0,1
14,2025-11-20,0,300,0
15,2025-11-20,51,100,0
16,2025-11-20,156,0,0
17,2025-11-20,119,100,1
18,2025-11-20,347,0,0
19,2025-11-20,68,500,0
20,2025-11-20,216,200,1
21,2025-11-20,111,200,2
22,2025-11-20,209,0,0
23,2025-11-20,0,300,0
24,2025-11-20,49,300,1
25,2025-11-20,166,200,3
26,2025-11-20,316,0,3
27,2025-11-20,494,0,2
28,2025-11-20,271,0,1
29,2025-11-20,133,0,0
30,2025-11-20,0,500,0
31,2025-11-20,39,100,0
32,2025-11-20,344,0,0
33,2025-11-20,222,0,1
34,2025-11-20,504,0,0
35,2025-11-20,360,0,0
36,2025-11-20,518,0,0
37,2025-11-20,104,0,0
38,2025-11-20,134,0,0
39,2025-11-20,184,0,0
40,2025-11-20,116,100,0
41,2025-11-20,177,100,0
42,2025-11-20,58,50,0
43,2025-11-20,0,200,0
44,2025-11-20,455,0,0
45,2025-11-20,403,0,1
46,2025-11-20,323,0,2
47,2025-11-20,229,0,1
48,2025-11-20,453,0,1
49,2025-11-20,50,50,0
50,2025-11-20,532,0,0
51,2025-11-20,98,200,0
52,2025-11-20,202,200,1
53,2025-11-20,79,50,0
54,2025-11-20,98,200,0
55,2025-11-20,172,100,1
56,2025-11-20,271,0,0
57,2025-11-20,112,150,1
58,2025-11-20,61,150,0
59,2025-11-20,96,0,0
60,2025-11-20,84,150,0
61,2025-11-20,172,100,0
62,2025-11-20,99,200,0
63,2025-11-20,64,100,0
64,2025-11-20,270,200,0
65,2025-11-20,83,200,0
66,2025-11-20,136,100,1
67,2025-11-20,289,0,1
68,2025-11-20,138,200,0
69,2025-11-20,182,500,0
70,2025-11-20,242,0,0
71,2025-11-20,106,100,0
72,2025-11-20,93,200,0
73,2025-11-20,202,0,0
74,2025-11-20,310,0,1
75,2025-11-20,0,500,0
76,2025-11-20,231,500,0
77,2025-11-20,286,0,0
78,2025-11-20,130,200,1
79,2025-11-20,0,300,0
80,2025-11-20,103,0,0
81,2025-11-20,102,150,1
82,2025-11-20,90,100,0
83,2025-11-20,291,0,1
84,2025-11-20,152,100,0
85,2025-11-20,208,0,0
86,2025-11-20,341,0,1
87,2025-11-20,309,0,1
88,2025-11-20,477,0,0
89,2025-11-20,349,0,0
90,2025-11-20,0,400,0
91,2025-11-20,248,100,1
92,2025-11-20,229,0,1
93,2025-11-20,430,0,1
94,2025-11-20,178,200,1
95,2025-11-20,152,100,1
96,2025-11-20,185,150,0
97,2025-11-20,40,100,0
98,2025-11-20,83,100,0
99,2025-11-20,638,0,0
100,2025-11-20,138,100,0
101,2025-11-20,185,50,0
102,2025-11-20,153,100,1
103,2025-11-20,580,0,0
104,2025-11-20,100,200,0
105,2025-11-20,463,0,0
106,2025-11-20,787,0,0
107,2025-11-20,67,50,0
108,2025-11-20,178,0,0
109,2025-11-20,368,0,1
110,2025-11-20,117,100,1
111,2025-11-20,267,500,1
112,2025-11-20,245,0,0
113,2025-11-20,44,100,0
114,2025-11-20,150,200,0
115,2025-11-20,149,0,0
116,2025-11-20,110,200,0
117,2025-11-20,412,0,0
118,2025-11-20,248,0,2
119,2025-11-20,226,100,0
120,2025-11-20,200,0,0
1,2025-11-21,204,100,2
2,2025-11-21,156,200,1
3,2025-11-21,0,300,0
4,2025-11-21,139,0,0
5,2025-11-21,57,50,0
6,2025-11-21,261,0,0
7,2025-11-21,669,0,0
8,2025-11-21,162,100,1
9,2025-11-21,195,0,0
10,2025-11-21,150,100,1
11,2025-11-21,357,0,0
12,2025-11-21,146,100,0
13,2025-11-21,434,0,2
14,2025-11-21,37,250,1
15,2025-11-21,46,100,0
16,2025-11-21,147,0,1
17,2025-11-21,95,100,2
18,2025-11-21,334,0,1
19,2025-11-21,65,500,0
20,2025-11-21,205,200,0
21,2025-11-21,95,200,1
22,2025-11-21,204,0,0
23,2025-11-21,35,250,1
24,2025-11-21,131,200,2
25,2025-11-21,140,200,2
26,2025-11-21,306,0,1
27,2025-11-21,477,0,2
28,2025-11-21,252,0,2
29,2025-11-21,126,0,0
30,2025-11-21,0,500,0
31,2025-11-21,36,100,0
32,2025-11-21,342,0,0
33,2025-11-21,217,0,0
34,2025-11-21,499,0,0
35,2025-11-21,356,0,0
36,2025-11-21,516,0,0
37,2025-11-21,100,0,0
38,2025-11-21,129,0,0
39,2025-11-21,175,0,1
40,2025-11-21,106,100,0
41,2025-11-21,166,100,0
42,2025-11-21,104,50,0
43,2025-11-21,0,200,0
44,2025-11-21,455,0,13
45,2025-11-21,390,0,1
46,2025-11-21,314,0,0
47,2025-11-21,216,0,1
48,2025-11-21,439,0,2
49,2025-11-21,47,50,0
50,2025-11-21,527,0,0
51,2025-11-21,82,200,2
52,2025-11-21,188,200,1
53,2025-11-21,74,50,0
54,2025-11-21,92,200,0
55,2025-11-21,156,100,1
56,2025-11-21,265,0,0
57,2025-11-21,102,150,0
58,2025-11-21,52,150,0
59,2025-11-21,90,0,0
60,2025-11-21,124,100,1
61,2025-11-21,146,100,2
62,2025-11-21,86,200,1
63,2025-11-21,57,100,0
64,2025-11-21,250,200,2
65,2025-11-21,69,200,1
66,2025-11-21,136,100,2
67,2025-11-21,287,0,0
68,2025-11-21,121,200,1
69,2025-11-21,169,500,1
70,2025-11-21,238,0,0
71,2025-11-21,102,100,0
72,2025-11-21,79,200,1
73,2025-11-21,199,0,0
74,2025-11-21,299,0,0
75,2025-11-21,0,500,0
76,2025-11-21,208,500,2
77,2025-11-21,284,0,0
78,2025-11-21,103,200,3
79,2025-11-21,0,300,0
80,2025-11-21,99,0,0
81,2025-11-21,89,150,1
82,2025-11-21,130,50,1
83,2025-11-21,280,0,1
84,2025-11-21,144,100,0
85,2025-11-21,205,0,0
86,2025-11-21,328,0,1
87,2025-11-21,301,0,1
88,2025-11-21,465,0,0
89,2025-11-21,343,0,0
90,2025-11-21,0,400,0
91,2025-11-21,300,0,0
92,2025-11-21,214,0,1
93,2025-11-21,416,0,1
94,2025-11-21,356,0,3
95,2025-11-21,138,100,1
96,2025-11-21,171,150,1
97,2025-11-21,36,100,0
98,2025-11-21,179,0,0
99,2025-11-21,635,0,0
100,2025-11-21,137,100,0
101,2025-11-21,221,50,1
102,2025-11-21,140,100,1
103,2025-11-21,576,0,0
104,2025-11-21,92,200,0
105,2025-11-21,457,0,0
106,2025-11-21,782,0,0
107,2025-11-21,62,50,0
108,2025-11-21,166,0,1
109,2025-11-21,355,0,1
110,2025-11-21,113,100,0
111,2025-11-21,251,500,0
112,2025-11-21,234,0,1
113,2025-11-21,142,0,0
114,2025-11-21,133,200,0
115,2025-11-21,144,0,0
116,2025-11-21,98,200,1
117,2025-11-21,403,0,0
118,2025-11-21,232,0,1
119,2025-11-21,214,100,0
120,2025-11-21,186,0,1
1,2025-11-22,178,100,1
2,2025-11-22,135,200,2
3,2025-11-22,0,300,0
4,2025-11-22,134,0,0
5,2025-11-22,53,50,0
6,2025-11-22,258,200,0
7,2025-11-22,668,0,0
8,2025-11-22,140,100,3
9,2025-11-22,190,0,0
10,2025-11-22,132,100,0
11,2025-11-22,342,0,1
12,2025-11-22,129,100,1
13,2025-11-22,420,0,0
14,2025-11-22,17,300,0
15,2025-11-22,41,100,0
16,2025-11-22,142,0,0
17,2025-11-22,77,200,2
18,2025-11-22,333,0,0
19,2025-11-22,60,500,0
20,2025-11-22,200,200,0
21,2025-11-22,86,200,0
22,2025-11-22,197,0,0
23,2025-11-22,69,200,0
24,2025-11-22,221,100,1
25,2025-11-22,119,200,2
26,2025-11-22,301,0,0
27,2025-11-22,452,0,1
28,2025-11-22,235,0,0
29,2025-11-22,117,0,1
30,2025-11-22,0,500,0
31,2025-11-22,136,0,3
32,2025-11-22,337,0,0
33,2025-11-22,212,0,0
34,2025-11-22,492,0,0
35,2025-11-22,353,0,0
36,2025-11-22,505,0,0
37,2025-11-22,98,0,0
38,2025-11-22,125,0,0
39,2025-11-22,166,50,1
40,2025-11-22,101,100,0
41,2025-11-22,157,100,0
42,2025-11-22,97,50,0
43,2025-11-22,0,200,0
44,2025-11-22,448,0,0
45,2025-11-22,374,0,2
46,2025-11-22,297,500,2
47,2025-11-22,200,0,1
48,2025-11-22,427,0,1
49,2025-11-22,96,0,0
50,2025-11-22,519,0,0
51,2025-11-22,72,200,1
52,2025-11-22,168,200,2
53,2025-11-22,70,50,0
54,2025-11-22,87,200,0
55,2025-11-22,151,150,0
56,2025-11-22,255,0,0
57,2025-11-22,102,150,2
58,2025-11-22,37,150,2
59,2025-11-22,84,0,0
60,2025-11-22,117,100,0
61,2025-11-22,124,150,2
62,2025-11-22,66,200,2
63,2025-11-22,100,50,0
64,2025-11-22,428,0,1
65,2025-11-22,54,200,0
66,2025-11-22,220,0,2
67,2025-11-22,286,0,0
68,2025-11-22,108,200,1
69,2025-11-22,152,500,1
70,2025-11-22,233,0,0
71,2025-11-22,92,100,1
72,2025-11-22,70,200,1
73,2025-11-22,196,0,0
74,2025-11-22,290,0,1
75,2025-11-22,0,500,0
76,2025-11-22,694,0,1
77,2025-11-22,282,0,0
78,2025-11-22,92,200,1
79,2025-11-22,0,300,0
80,2025-11-22,72,0,3
81,2025-11-22,69,200,2
82,2025-11-22,114,50,1
83,2025-11-22,276,0,0
84,2025-11-22,132,100,1
85,2025-11-22,202,0,0
86,2025-11-22,312,0,1
87,2025-11-22,296,0,0
88,2025-11-22,460,0,0
89,2025-11-22,334,0,0
90,2025-11-22,0,400,0
91,2025-11-22,288,0,1
92,2025-11-22,187,100,1
93,2025-11-22,398,0,1
94,2025-11-22,345,0,0
95,2025-11-22,131,100,0
96,2025-11-22,150,150,1
97,2025-11-22,27,150,0
98,2025-11-22,172,0,0
99,2025-11-22,635,0,16
100,2025-11-22,127,100,0
101,2025-11-22,258,0,1
102,2025-11-22,130,100,1
103,2025-11-22,571,0,0
104,2025-11-22,72,200,1
105,2025-11-22,452,0,0
106,2025-11-22,778,0,0
107,2025-11-22,50,100,1
108,2025-11-22,161,200,0
109,2025-11-22,346,0,0
110,2025-11-22,103,100,0
111,2025-11-22,232,500,2
112,2025-11-22,218,0,2
113,2025-11-22,141,0,0
114,2025-11-22,121,200,0
115,2025-11-22,136,0,0
116,2025-11-22,91,200,0
117,2025-11-22,389,0,1
118,2025-11-22,217,200,1
119,2025-11-22,202,100,0
120,2025-11-22,178,0,0
1,2025-11-23,150,200,1
2,2025-11-23,111,200,2
3,2025-11-23,0,300,0
4,2025-11-23,128,0,0
5,2025-11-23,52,50,0
6,2025-11-23,236,200,1
7,2025-11-23,666,0,0
8,2025-11-23,132,200,1
9,2025-11-23,183,0,0
10,2025-11-23,224,0,0
11,2025-11-23,325,0,1
12,2025-11-23,176,50,0
13,2025-11-23,403,0,2
14,2025-11-23,11,300,0
15,2025-11-23,37,100,0
16,2025-11-23,128,0,1
17,2025-11-23,53,200,1
18,2025-11-23,315,0,0
19,2025-11-23,58,500,0
20,2025-11-23,190,200,0
21,2025-11-23,71,200,1
22,2025-11-23,194,0,0
23,2025-11-23,98,200,2
24,2025-11-23,194,100,2
25,2025-11-23,107,200,1
26,2025-11-23,296,0,0
27,2025-11-23,440,0,1
28,2025-11-23,222,0,1
29,2025-11-23,108,0,0
30,2025-11-23,0,500,0
31,2025-11-23,130,0,0
32,2025-11-23,331,0,0
33,2025-11-23,201,0,0
34,2025-11-23,483,0,0
35,2025-11-23,349,0,0
36,2025-11-23,498,0,0
37,2025-11-23,96,0,0
38,2025-11-23,123,0,0
39,2025-11-23,155,50,1
40,2025-11-23,93,100,0
41,2025-11-23,244,0,1
42,2025-11-23,90,50,0
43,2025-11-23,0,200,0
44,2025-11-23,442,0,0
45,2025-11-23,367,0,0
46,2025-11-23,273,500,3
47,2025-11-23,196,0,0
48,2025-11-23,408,0,1
49,2025-11-23,93,0,0
50,2025-11-23,515,0,0
51,2025-11-23,62,200,0
52,2025-11-23,156,200,0
53,2025-11-23,65,50,0
54,2025-11-23,75,200,1
55,2025-11-23,173,100,2
56,2025-11-23,246,0,0
57,2025-11-23,83,150,0
58,2025-11-23,124,50,1
59,2025-11-23,81,0,0
60,2025-11-23,107,100,1
61,2025-11-23,210,50,1
62,2025-11-23,53,200,1
63,2025-11-23,95,50,0
64,2025-11-23,415,0,1
65,2025-11-23,38,200,2
66,2025-11-23,213,0,0
67,2025-11-23,276,0,0
68,2025-11-23,98,200,0
69,2025-11-23,138,500,1
70,2025-11-23,226,0,0
71,2025-11-23,135,50,0
72,2025-11-23,62,200,1
73,2025-11-23,193,0,0
74,2025-11-23,281,0,1
75,2025-11-23,387,0,2
76,2025-11-23,673,0,1
77,2025-11-23,280,0,0
78,2025-11-23,69,200,1
79,2025-11-23,0,400,0
80,2025-11-23,70,0,0
81,2025-11-23,56,200,1
82,2025-11-23,112,100,0
83,2025-11-23,266,0,1
84,2025-11-23,123,100,0
85,2025-11-23,195,0,1
86,2025-11-23,294,0,1
87,2025-11-23,289,0,1
88,2025-11-23,445,0,1
89,2025-11-23,329,0,0
90,2025-11-23,0,400,0
91,2025-11-23,269,100,0
92,2025-11-23,172,100,1
93,2025-11-23,388,0,1
94,2025-11-23,332,0,0
95,2025-11-23,116,100,0
96,2025-11-23,147,200,0
97,2025-11-23,19,150,0
98,2025-11-23,163,0,0
99,2025-11-23,630,0,0
100,2025-11-23,113,100,1
101,2025-11-23,249,0,0
102,2025-11-23,125,100,0
103,2025-11-23,566,0,0
104,2025-11-23,58,400,1
105,2025-11-23,446,0,0
106,2025-11-23,772,0,0
107,2025-11-23,47,100,0
108,2025-11-23,150,200,1
109,2025-11-23,332,0,1
110,2025-11-23,86,100,1
111,2025-11-23,207,500,1
112,2025-11-23,204,500,1
113,2025-11-23,138,0,0
114,2025-11-23,108,200,1
115,2025-11-23,129,0,0
116,2025-11-23,86,200,0
117,2025-11-23,376,0,1
118,2025-11-23,210,200,0
119,2025-11-23,187,200,0
120,2025-11-23,168,0,1
1,2025-11-24,131,200,2
2,2025-11-24,85,200,1
3,2025-11-24,0,300,0
4,2025-11-24,123,0,0
5,2025-11-24,97,0,0
6,2025-11-24,409,0,2
7,2025-11-24,663,0,0
8,2025-11-24,115,200,1
9,2025-11-24,179,0,0
10,2025-11-24,218,0,0
11,2025-11-24,322,0,0
12,2025-11-24,168,50,0
13,2025-11-24,390,0,1
14,2025-11-24,46,250,1
15,2025-11-24,35,100,0
16,2025-11-24,123,500,0
17,2025-11-24,53,200,1
18,2025-11-24,305,0,0
19,2025-11-24,54,500,0
20,2025-11-24,175,200,1
21,2025-11-24,59,200,1
22,2025-11-24,190,0,0
23,2025-11-24,82,250,0
24,2025-11-24,171,100,1
25,2025-11-24,94,200,1
26,2025-11-24,290,0,0
27,2025-11-24,437,0,0
28,2025-11-24,208,200,0
29,2025-11-24,105,0,0
30,2025-11-24,0,500,0
31,2025-11-24,129,0,0
32,2025-11-24,324,0,0
33,2025-11-24,194,0,0
34,2025-11-24,472,0,1
35,2025-11-24,342,0,1
36,2025-11-24,488,0,0
37,2025-11-24,93,0,0
38,2025-11-24,118,0,0
39,2025-11-24,199,0,0
40,2025-11-24,89,200,0
41,2025-11-24,233,0,1
42,2025-11-24,136,0,0
43,2025-11-24,0,200,0
44,2025-11-24,441,0,0
45,2025-11-24,353,0,1
46,2025-11-24,750,0,0
47,2025-11-24,186,0,0
48,2025-11-24,396,0,1
49,2025-11-24,91,0,0
50,2025-11-24,512,0,0
51,2025-11-24,52,200,0
52,2025-11-24,129,200,3
53,2025-11-24,56,50,0
54,2025-11-24,59,200,1
55,2025-11-24,154,150,1
56,2025-11-24,235,0,0
57,2025-11-24,111,153,0
58,2025-11-24,101,100,0
59,2025-11-24,81,0,0
60,2025-11-24,98,100,1
61,2025-11-24,210,50,2
62,2025-11-24,41,200,0
63,2025-11-24,93,50,0
64,2025-11-24,405,0,1
65,2025-11-24,17,200,2
66,2025-11-24,204,0,0
67,2025-11-24,265,0,1
68,2025-11-24,88,200,0
69,2025-11-24,131,500,0
70,2025-11-24,221,0,0
71,2025-11-24,125,50,1
72,2025-11-24,256,0,0
73,2025-11-24,191,0,0
74,2025-11-24,274,0,0
75,2025-11-24,376,0,1
76,2025-11-24,657,0,1
77,2025-11-24,278,0,0
78,2025-11-24,49,400,1
79,2025-11-24,86,300,1
80,2025-11-24,65,0,0
81,2025-11-24,45,200,1
82,2025-11-24,102,100,0
83,2025-11-24,253,0,1
84,2025-11-24,117,100,0
85,2025-11-24,192,0,0
86,2025-11-24,282,0,1
87,2025-11-24,287,0,0
88,2025-11-24,435,0,0
89,2025-11-24,327,0,0
90,2025-11-24,0,400,0
91,2025-11-24,262,100,0
92,2025-11-24,153,100,2
93,2025-11-24,357,0,2
94,2025-11-24,320,0,1
95,2025-11-24,106,100,1
96,2025-11-24,127,200,2
97,2025-11-24,11,150,0
98,2025-11-24,156,0,0
99,2025-11-24,625,0,0
100,2025-11-24,177,0,0
101,2025-11-24,237,0,1
102,2025-11-24,118,200,0
103,2025-11-24,561,0,0
104,2025-11-24,43,400,1
105,2025-11-24,442,0,0
106,2025-11-24,767,0,0
107,2025-11-24,66,50,0
108,2025-11-24,140,200,0
109,2025-11-24,320,0,1
110,2025-11-24,75,200,0
111,2025-11-24,199,500,0
112,2025-11-24,202,500,0
113,2025-11-24,134,0,0
114,2025-11-24,97,200,0
115,2025-11-24,118,0,1
116,2025-11-24,84,200,0
117,2025-11-24,368,0,0
118,2025-11-24,198,200,1
119,2025-11-24,170,200,2
120,2025-11-24,159,0,1
1,2025-11-25,95,200,5
2,2025-11-25,63,400,1
3,2025-11-25,0,300,0
4,2025-11-25,110,0,1
5,2025-11-25,95,0,0
6,2025-11-25,390,0,2
7,2025-11-25,660,0,0
8,2025-11-25,94,200,2
9,2025-11-25,169,0,1
10,2025-11-25,209,100,1
11,2025-11-25,310,0,1
12,2025-11-25,152,50,2
13,2025-11-25,367,0,1
14,2025-11-25,27,250,1
15,2025-11-25,103,0,0
16,2025-11-25,114,500,1
17,2025-11-25,101,200,0
18,2025-11-25,297,0,0
19,2025-11-25,50,500,0
20,2025-11-25,147,200,3
21,2025-11-25,47,300,1
22,2025-11-25,185,0,0
23,2025-11-25,77,250,0
24,2025-11-25,164,100,0
25,2025-11-25,176,200,2
26,2025-11-25,283,0,0
27,2025-11-25,414,0,2
28,2025-11-25,203,200,0
29,2025-11-25,103,0,0
30,2025-11-25,0,500,0
31,2025-11-25,125,0,0
32,2025-11-25,321,0,0
33,2025-11-25,194,0,3
34,2025-11-25,461,0,1
35,2025-11-25,340,0,0
36,2025-11-25,482,0,0
37,2025-11-25,87,0,0
38,2025-11-25,108,0,0
39,2025-11-25,199,0,5
40,2025-11-25,80,200,0
41,2025-11-25,214,0,1
42,2025-11-25,108,50,2
43,2025-11-25,0,200,0
44,2025-11-25,434,0,0
45,2025-11-25,297,0,6
46,2025-11-25,701,0,7
47,2025-11-25,158,500,3
48,2025-11-25,363,0,3
49,2025-11-25,91,0,2
50,2025-11-25,511,0,0
51,2025-11-25,46,200,0
52,2025-11-25,117,200,1
53,2025-11-25,42,50,1
54,2025-11-25,41,200,0
55,2025-11-25,132,150,2
56,2025-11-25,222,0,1
57,2025-11-25,69,203,6
58,2025-11-25,75,150,2
59,2025-11-25,72,0,0
60,2025-11-25,131,50,1
61,2025-11-25,206,50,0
62,2025-11-25,29,200,1
63,2025-11-25,85,50,0
64,2025-11-25,384,0,1
65,2025-11-25,4,300,1
66,2025-11-25,186,0,1
67,2025-11-25,259,0,0
68,2025-11-25,282,0,0
69,2025-11-25,621,0,1
70,2025-11-25,218,0,0
71,2025-11-25,116,50,0
72,2025-11-25,250,0,0
73,2025-11-25,186,0,0
74,2025-11-25,260,0,1
75,2025-11-25,362,0,0
76,2025-11-25,616,0,4
77,2025-11-25,275,0,0
78,2025-11-25,13,400,3
79,2025-11-25,67,300,0
80,2025-11-25,60,0,0
81,2025-11-25,31,200,2
82,2025-11-25,89,100,1
83,2025-11-25,243,0,1
84,2025-11-25,108,100,0
85,2025-11-25,189,0,0
86,2025-11-25,265,0,2
87,2025-11-25,275,0,1
88,2025-11-25,431,0,0
89,2025-11-25,321,0,0
90,2025-11-25,0,400,0
91,2025-11-25,236,100,2
92,2025-11-25,148,100,0
93,2025-11-25,333,0,2
94,2025-11-25,304,0,0
95,2025-11-25,106,100,2
96,2025-11-25,92,250,2
97,2025-11-25,60,100,0
98,2025-11-25,146,100,1
99,2025-11-25,623,0,0
100,2025-11-25,147,100,3
101,2025-11-25,227,0,0
102,2025-11-25,114,200,0
103,2025-11-25,557,0,0
104,2025-11-25,37,400,0
105,2025-11-25,437,0,0
106,2025-11-25,762,0,0
107,2025-11-25,59,100,0
108,2025-11-25,136,200,0
109,2025-11-25,306,0,0
110,2025-11-25,60,200,0
111,2025-11-25,178,500,1
112,2025-11-25,188,500,1
113,2025-11-25,132,0,0
114,2025-11-25,75,200,1
115,2025-11-25,115,0,0
116,2025-11-25,84,200,2
117,2025-11-25,348,0,2
118,2025-11-25,194,200,0
119,2025-11-25,150,200,1
120,2025-11-25,155,0,0
1,2025-11-26,77,200,2
2,2025-11-26,54,400,1
3,2025-11-26,0,300,0
4,2025-11-26,108,0,0
5,2025-11-26,94,0,0
6,2025-11-26,374,0,0
7,2025-11-26,659,0,0
8,2025-11-26,94,200,1
9,2025-11-26,165,0,0
10,2025-11-26,202,100,0
11,2025-11-26,299,0,0
12,2025-11-26,193,50,0
13,2025-11-26,346,0,1
14,2025-11-26,9,300,1
15,2025-11-26,103,0,1
16,2025-11-26,102,500,1
17,2025-11-26,86,200,0
18,2025-11-26,287,0,1
19,2025-11-26,46,500,0
20,2025-11-26,127,200,2
21,2025-11-26,36,300,0
22,2025-11-26,179,0,0
23,2025-11-26,59,250,2
24,2025-11-26,143,200,2
25,2025-11-26,158,200,0
26,2025-11-26,279,0,0
27,2025-11-26,397,0,1
28,2025-11-26,186,200,0
29,2025-11-26,95,0,0
30,2025-11-26,0,500,0
31,2025-11-26,117,0,0
32,2025-11-26,289,0,3
33,2025-11-26,175,100,1
34,2025-11-26,429,0,4
35,2025-11-26,337,0,0
36,2025-11-26,470,0,1
37,2025-11-26,84,0,0
38,2025-11-26,102,0,0
39,2025-11-26,193,0,0
40,2025-11-26,73,200,0
41,2025-11-26,188,0,2
42,2025-11-26,94,50,1
43,2025-11-26,0,200,0
44,2025-11-26,426,0,0
45,2025-11-26,277,0,2
46,2025-11-26,675,0,1
47,2025-11-26,142,500,2
48,2025-11-26,353,0,1
49,2025-11-26,89,0,0
50,2025-11-26,501,0,0
51,2025-11-26,9,400,2
52,2025-11-26,95,400,2
53,2025-11-26,40,100,0
54,2025-11-26,33,200,1
55,2025-11-26,117,150,1
56,2025-11-26,214,0,0
57,2025-11-26,52,203,2
58,2025-11-26,61,150,1
59,2025-11-26,64,200,0
60,2025-11-26,118,50,0
61,2025-11-26,247,0,0
62,2025-11-26,18,200,0
63,2025-11-26,79,50,0
64,2025-11-26,372,0,0
65,2025-11-26,0,300,0
66,2025-11-26,175,0,1
67,2025-11-26,250,0,1
68,2025-11-26,270,0,1
69,2025-11-26,610,0,0
70,2025-11-26,214,0,0
71,2025-11-26,99,100,0
72,2025-11-26,244,0,0
73,2025-11-26,183,0,0
74,2025-11-26,253,0,0
75,2025-11-26,305,0,5
76,2025-11-26,594,0,2
77,2025-11-26,271,0,0
78,2025-11-26,0,400,0
79,2025-11-26,49,300,1
80,2025-11-26,57,0,0
81,2025-11-26,11,200,1
82,2025-11-26,64,100,2
83,2025-11-26,230,0,1
84,2025-11-26,91,100,0
85,2025-11-26,185,0,0
86,2025-11-26,253,0,1
87,2025-11-26,269,0,0
88,2025-11-26,426,0,0
89,2025-11-26,314,0,0
90,2025-11-26,0,400,0
91,2025-11-26,218,100,2
92,2025-11-26,199,100,4
93,2025-11-26,316,0,1
94,2025-11-26,249,200,2
95,2025-11-26,85,100,2
96,2025-11-26,53,250,4
97,2025-11-26,46,100,1
98,2025-11-26,130,100,1
99,2025-11-26,611,0,1
100,2025-11-26,131,100,1
101,2025-11-26,216,50,1
102,2025-11-26,101,200,1
103,2025-11-26,555,0,0
104,2025-11-26,21,400,1
105,2025-11-26,434,0,0
106,2025-11-26,756,0,0
107,2025-11-26,51,100,0
108,2025-11-26,130,200,0
109,2025-11-26,285,0,1
110,2025-11-26,30,200,1
111,2025-11-26,106,500,3
112,2025-11-26,168,500,2
113,2025-11-26,128,0,0
114,2025-11-26,59,200,2
115,2025-11-26,107,0,0
116,2025-11-26,84,200,1
117,2025-11-26,341,0,0
118,2025-11-26,172,200,1
119,2025-11-26,140,200,1
120,2025-11-26,149,0,0
1,2025-11-27,45,300,1
2,2025-11-27,236,200,2
3,2025-11-27,29,250,2
4,2025-11-27,98,0,1
5,2025-11-27,92,0,0
6,2025-11-27,371,0,0
7,2025-11-27,659,0,14
8,2025-11-27,80,200,1
9,2025-11-27,159,0,0
10,2025-11-27,181,100,3
11,2025-11-27,269,0,3
12,2025-11-27,213,0,3
13,2025-11-27,327,0,2
14,2025-11-27,39,250,2
15,2025-11-27,96,0,0
16,2025-11-27,96,500,0
17,2025-11-27,70,200,1
18,2025-11-27,270,0,0
19,2025-11-27,45,500,0
20,2025-11-27,115,200,0
21,2025-11-27,34,300,0
22,2025-11-27,176,0,0
23,2025-11-27,39,250,1
24,2025-11-27,120,200,2
25,2025-11-27,104,200,4
26,2025-11-27,263,0,1
27,2025-11-27,367,0,4
28,2025-11-27,131,200,4
29,2025-11-27,90,0,0
30,2025-11-27,0,500,0
31,2025-11-27,113,0,0
32,2025-11-27,284,0,0
33,2025-11-27,171,100,0
34,2025-11-27,419,0,1
35,2025-11-27,333,0,0
36,2025-11-27,462,0,0
37,2025-11-27,79,0,0
38,2025-11-27,99,0,0
39,2025-11-27,182,0,0
40,2025-11-27,164,100,1
41,2025-11-27,171,100,1
42,2025-11-27,88,50,0
43,2025-11-27,0,200,0
44,2025-11-27,426,0,9
45,2025-11-27,260,0,1
46,2025-11-27,637,0,5
47,2025-11-27,130,500,1
48,2025-11-27,321,0,2
49,2025-11-27,80,0,0
50,2025-11-27,490,0,1
51,2025-11-27,181,200,3
52,2025-11-27,73,400,2
53,2025-11-27,26,100,1
54,2025-11-27,6,200,1
55,2025-11-27,150,150,1
56,2025-11-27,200,0,1
57,2025-11-27,31,253,1
58,2025-11-27,48,150,1
59,2025-11-27,61,200,0
60,2025-11-27,109,100,1
61,2025-11-27,236,0,0
62,2025-11-27,10,200,1
63,2025-11-27,75,50,0
64,2025-11-27,355,0,1
65,2025-11-27,95,200,0
66,2025-11-27,162,50,1
67,2025-11-27,242,0,0
68,2025-11-27,252,0,2
69,2025-11-27,605,0,0
70,2025-11-27,211,0,0
71,2025-11-27,139,50,1
72,2025-11-27,241,0,0
73,2025-11-27,178,0,0
74,2025-11-27,249,0,0
75,2025-11-27,267,0,4
76,2025-11-27,552,0,5
77,2025-11-27,269,0,0
78,2025-11-27,188,200,1
79,2025-11-27,27,300,3
80,2025-11-27,51,0,0
81,2025-11-27,191,50,1
82,2025-11-27,51,100,1
83,2025-11-27,211,0,1
84,2025-11-27,84,200,0
85,2025-11-27,180,0,0
86,2025-11-27,241,0,1
87,2025-11-27,264,0,0
88,2025-11-27,414,0,1
89,2025-11-27,306,0,1
90,2025-11-27,0,400,0
91,2025-11-27,203,100,1
92,2025-11-27,182,100,1
93,2025-11-27,304,200,0
94,2025-11-27,229,200,1
95,2025-11-27,80,100,0
96,2025-11-27,28,300,1
97,2025-11-27,40,100,0
98,2025-11-27,194,0,0
99,2025-11-27,606,0,0
100,2025-11-27,122,100,0
101,2025-11-27,200,50,0
102,2025-11-27,85,200,1
103,2025-11-27,552,0,0
104,2025-11-27,0,400,0
105,2025-11-27,434,0,7
106,2025-11-27,747,0,1
107,2025-11-27,41,100,0
108,2025-11-27,109,200,2
109,2025-11-27,285,0,3
110,2025-11-27,14,200,2
111,2025-11-27,99,500,0
112,2025-11-27,145,500,3
113,2025-11-27,125,0,0
114,2025-11-27,46,400,0
115,2025-11-27,99,100,0
116,2025-11-27,70,200,1
117,2025-11-27,315,0,1
118,2025-11-27,164,200,0
119,2025-11-27,211,100,3
120,2025-11-27,132,0,0
1,2025-11-28,22,300,0
2,2025-11-28,424,0,1
3,2025-11-28,18,250,1
4,2025-11-28,96,0,0
5,2025-11-28,88,0,0
6,2025-11-28,352,0,1
7,2025-11-28,656,0,0
8,2025-11-28,51,200,3
9,2025-11-28,146,0,1
10,2025-11-28,155,100,3
11,2025-11-28,230,500,3
12,2025-11-28,179,50,3
13,2025-11-28,310,0,1
14,2025-11-28,26,250,0
15,2025-11-28,90,0,0
16,2025-11-28,94,500,0
17,2025-11-28,47,200,3
18,2025-11-28,244,0,3
19,2025-11-28,39,500,0
20,2025-11-28,80,200,2
21,2025-11-28,89,200,3
22,2025-11-28,169,0,0
23,2025-11-28,4,300,1
24,2025-11-28,195,100,1
25,2025-11-28,96,200,0
26,2025-11-28,254,0,1
27,2025-11-28,353,0,1
28,2025-11-28,116,200,1
29,2025-11-28,83,0,0
30,2025-11-28,362,0,0
31,2025-11-28,104,0,0
32,2025-11-28,277,0,0
33,2025-11-28,155,100,1
34,2025-11-28,410,0,1
35,2025-11-28,330,0,0
36,2025-11-28,456,0,0
37,2025-11-28,75,0,0
38,2025-11-28,97,0,0
39,2025-11-28,177,0,0
40,2025-11-28,156,100,1
41,2025-11-28,164,100,0
42,2025-11-28,82,50,0
43,2025-11-28,92,100,0
44,2025-11-28,423,0,0
45,2025-11-28,211,200,2
46,2025-11-28,606,0,3
47,2025-11-28,114,500,1
48,2025-11-28,321,0,6
49,2025-11-28,78,0,0
50,2025-11-28,488,0,0
51,2025-11-28,173,200,0
52,2025-11-28,263,200,0
53,2025-11-28,23,100,0
54,2025-11-28,0,200,0
55,2025-11-28,182,100,2
56,2025-11-28,193,0,0
57,2025-11-28,5,253,1
58,2025-11-28,89,100,0
59,2025-11-28,54,200,0
60,2025-11-28,91,150,1
61,2025-11-28,223,0,1
62,2025-11-28,197,0,1
63,2025-11-28,117,50,1
64,2025-11-28,353,0,0
65,2025-11-28,186,100,0
66,2025-11-28,142,100,1
67,2025-11-28,235,0,1
68,2025-11-28,240,0,1
69,2025-11-28,602,0,0
70,2025-11-28,208,0,0
71,2025-11-28,131,50,0
72,2025-11-28,229,0,0
73,2025-11-28,175,0,0
74,2025-11-28,242,0,0
75,2025-11-28,253,500,1
76,2025-11-28,549,0,0
77,2025-11-28,260,0,0
78,2025-11-28,179,200,1
79,2025-11-28,0,400,0
80,2025-11-28,51,100,1
81,2025-11-28,167,50,1
82,2025-11-28,43,150,0
83,2025-11-28,196,500,2
84,2025-11-28,60,200,2
85,2025-11-28,180,0,2
86,2025-11-28,234,0,0
87,2025-11-28,256,0,0
88,2025-11-28,395,0,2
89,2025-11-28,294,0,0
90,2025-11-28,0,400,0
91,2025-11-28,156,200,5
92,2025-11-28,164,100,1
93,2025-11-28,289,200,1
94,2025-11-28,289,0,2
95,2025-11-28,128,100,1
96,2025-11-28,9,300,1
97,2025-11-28,31,100,1
98,2025-11-28,184,0,1
99,2025-11-28,603,0,0
100,2025-11-28,109,100,1
101,2025-11-28,187,50,1
102,2025-11-28,66,200,2
103,2025-11-28,550,0,0
104,2025-11-28,0,400,0
105,2025-11-28,430,0,0
106,2025-11-28,743,0,0
107,2025-11-28,38,100,0
108,2025-11-28,101,200,0
109,2025-11-28,279,0,0
110,2025-11-28,8,200,0
111,2025-11-28,79,500,2
112,2025-11-28,141,500,0
113,2025-11-28,121,0,0
114,2025-11-28,17,400,2
115,2025-11-28,83,100,2
116,2025-11-28,56,200,0
117,2025-11-28,301,0,1
118,2025-11-28,160,200,0
119,2025-11-28,200,100,1
120,2025-11-28,128,0,0
1,2025-11-29,7,300,1
2,2025-11-29,407,0,1
3,2025-11-29,44,200,0
4,2025-11-29,94,0,0
5,2025-11-29,86,0,0
6,2025-11-29,312,0,4
7,2025-11-29,655,0,0
8,2025-11-29,138,200,1
9,2025-11-29,140,0,0
10,2025-11-29,143,100,0
11,2025-11-29,205,500,2
12,2025-11-29,150,100,4
13,2025-11-29,249,0,6
14,2025-11-29,0,300,0
15,2025-11-29,75,0,2
16,2025-11-29,81,500,1
17,2025-11-29,35,200,1
18,2025-11-29,229,0,1
19,2025-11-29,31,500,0
20,2025-11-29,207,200,1
21,2025-11-29,160,100,3
22,2025-11-29,160,0,0
23,2025-11-29,0,300,0
24,2025-11-29,172,100,2
25,2025-11-29,90,200,0
26,2025-11-29,245,0,1
27,2025-11-29,334,0,2
28,2025-11-29,99,200,1
29,2025-11-29,73,0,0
30,2025-11-29,338,0,3
31,2025-11-29,99,0,0
32,2025-11-29,267,0,1
33,2025-11-29,130,100,3
34,2025-11-29,395,0,2
35,2025-11-29,324,0,0
36,2025-11-29,442,0,1
37,2025-11-29,71,0,0
38,2025-11-29,92,0,0
39,2025-11-29,174,50,0
40,2025-11-29,142,100,0
41,2025-11-29,159,100,0
42,2025-11-29,71,50,1
43,2025-11-29,87,100,0
44,2025-11-29,412,0,1
45,2025-11-29,192,200,1
46,2025-11-29,591,0,1
47,2025-11-29,107,500,0
48,2025-11-29,302,0,2
49,2025-11-29,74,0,0
50,2025-11-29,483,0,0
51,2025-11-29,349,0,1
52,2025-11-29,228,200,4
53,2025-11-29,18,100,0
54,2025-11-29,0,200,0
55,2025-11-29,168,100,0
56,2025-11-29,183,0,0
57,2025-11-29,0,253,0
58,2025-11-29,74,150,1
59,2025-11-29,46,200,0
60,2025-11-29,91,150,1
61,2025-11-29,197,50,2
62,2025-11-29,183,0,1
63,2025-11-29,103,50,1
64,2025-11-29,326,0,2
65,2025-11-29,171,100,1
66,2025-11-29,152,50,1
67,2025-11-29,221,0,0
68,2025-11-29,230,0,1
69,2025-11-29,585,0,2
70,2025-11-29,199,0,0
71,2025-11-29,121,50,0
72,2025-11-29,223,0,0
73,2025-11-29,164,0,0
74,2025-11-29,217,0,2
75,2025-11-29,224,500,2
76,2025-11-29,533,0,1
77,2025-11-29,256,0,0
78,2025-11-29,129,200,4
79,2025-11-29,0,400,0
80,2025-11-29,45,100,0
81,2025-11-29,198,50,0
82,2025-11-29,27,150,2
83,2025-11-29,187,500,1
84,2025-11-29,103,100,0
85,2025-11-29,172,0,1
86,2025-11-29,212,0,0
87,2025-11-29,236,0,2
88,2025-11-29,389,0,0
89,2025-11-29,285,0,0
90,2025-11-29,0,400,0
91,2025-11-29,141,200,0
92,2025-11-29,124,100,5
93,2025-11-29,267,200,3
94,2025-11-29,276,0,1
95,2025-11-29,114,100,2
96,2025-11-29,92,200,2
97,2025-11-29,17,100,1
98,2025-11-29,173,100,0
99,2025-11-29,593,0,1
100,2025-11-29,90,100,1
101,2025-11-29,176,50,0
102,2025-11-29,142,100,2
103,2025-11-29,545,0,0
104,2025-11-29,0,400,0
105,2025-11-29,412,0,1
106,2025-11-29,732,0,1
107,2025-11-29,12,100,1
108,2025-11-29,73,200,4
109,2025-11-29,263,0,2
110,2025-11-29,95,200,1
111,2025-11-29,560,0,1
112,2025-11-29,104,500,4
113,2025-11-29,121,0,3
114,2025-11-29,1,400,0
115,2025-11-29,79,100,0
116,2025-11-29,247,0,1
117,2025-11-29,285,0,1
118,2025-11-29,133,200,2
119,2025-11-29,182,100,1
120,2025-11-29,113,500,1
1,2025-11-30,0,300,0
2,2025-11-30,383,0,3
3,2025-11-30,35,250,1
4,2025-11-30,88,0,0
5,2025-11-30,81,0,0
6,2025-11-30,274,0,3
7,2025-11-30,654,0,0
8,2025-11-30,120,200,2
9,2025-11-30,134,0,0
10,2025-11-30,133,100,0
11,2025-11-30,182,500,2
12,2025-11-30,140,100,1
13,2025-11-30,223,500,3
14,2025-11-30,0,300,0
15,2025-11-30,73,100,0
16,2025-11-30,71,500,1
17,2025-11-30,18,200,0
18,2025-11-30,208,500,1
19,2025-11-30,529,0,0
20,2025-11-30,185,200,2
21,2025-11-30,233,100,2
22,2025-11-30,155,0,0
23,2025-11-30,0,300,0
24,2025-11-30,156,200,1
25,2025-11-30,81,200,0
26,2025-11-30,238,0,0
27,2025-11-30,319,0,2
28,2025-11-30,83,200,1
29,2025-11-30,70,0,0
30,2025-11-30,324,0,1
31,2025-11-30,96,0,0
32,2025-11-30,267,0,7
33,2025-11-30,219,0,1
34,2025-11-30,382,0,0
35,2025-11-30,320,0,0
36,2025-11-30,437,0,0
37,2025-11-30,68,0,0
38,2025-11-30,88,0,0
39,2025-11-30,162,50,1
40,2025-11-30,193,0,0
41,2025-11-30,157,100,0
42,2025-11-30,68,100,0
43,2025-11-30,81,100,0
44,2025-11-30,409,0,0
45,2025-11-30,176,200,1
46,2025-11-30,575,0,2
47,2025-11-30,97,500,0
48,2025-11-30,285,0,1
49,2025-11-30,70,0,0
50,2025-11-30,478,0,0
51,2025-11-30,329,0,2
52,2025-11-30,207,200,1
53,2025-11-30,8,100,1
54,2025-11-30,0,200,0
55,2025-11-30,138,150,3
56,2025-11-30,172,0,0
57,2025-11-30,0,253,0
58,2025-11-30,106,100,1
59,2025-11-30,41,200,0
60,2025-11-30,74,150,1
61,2025-11-30,188,100,1
62,2025-11-30,172,200,1
63,2025-11-30,93,50,0
64,2025-11-30,318,0,1
65,2025-11-30,153,100,2
66,2025-11-30,139,100,1
67,2025-11-30,212,0,0
68,2025-11-30,216,200,1
69,2025-11-30,580,0,0
70,2025-11-30,195,0,0
71,2025-11-30,109,100,0
72,2025-11-30,219,0,0
73,2025-11-30,161,0,0
74,2025-11-30,211,0,0
75,2025-11-30,210,500,0
76,2025-11-30,528,0,0
77,2025-11-30,253,0,0
78,2025-11-30,112,200,2
79,2025-11-30,0,400,0
80,2025-11-30,40,100,0
81,2025-11-30,181,50,2
82,2025-11-30,68,100,0
83,2025-11-30,168,500,2
84,2025-11-30,87,100,1
85,2025-11-30,169,0,0
86,2025-11-30,206,0,0
87,2025-11-30,236,0,5
88,2025-11-30,383,0,0
89,2025-11-30,281,0,0
90,2025-11-30,0,400,0
91,2025-11-30,129,200,0
92,2025-11-30,204,100,2
93,2025-11-30,248,200,2
94,2025-11-30,264,200,1
95,2025-11-30,96,100,2
96,2025-11-30,88,200,0
97,2025-11-30,58,100,1
98,2025-11-30,163,100,0
99,2025-11-30,589,0,0
100,2025-11-30,179,0,0
101,2025-11-30,158,100,2
102,2025-11-30,125,100,1
103,2025-11-30,539,0,0
104,2025-11-30,0,400,0
105,2025-11-30,408,0,0
106,2025-11-30,729,0,0
107,2025-11-30,9,100,0
108,2025-11-30,58,200,1
109,2025-11-30,263,0,6
110,2025-11-30,86,200,0
111,2025-11-30,546,0,1
112,2025-11-30,92,500,1
113,2025-11-30,120,0,0
114,2025-11-30,190,200,0
115,2025-11-30,67,100,1
116,2025-11-30,237,0,1
117,2025-11-30,273,0,1
118,2025-11-30,119,200,0
119,2025-11-30,165,100,1
120,2025-11-30,99,500,1
1,2025-12-01,0,300,0
2,2025-12-01,357,0,3
3,2025-12-01,24,250,1
4,2025-12-01,84,0,0
5,2025-12-01,78,0,0
6,2025-12-01,266,200,0
7,2025-12-01,651,0,0
8,2025-12-01,105,200,0
9,2025-12-01,129,0,0
10,2025-12-01,113,100,1
11,2025-12-01,171,500,1
12,2025-12-01,132,100,0
13,2025-12-01,204,500,0
14,2025-12-01,0,300,0
15,2025-12-01,68,100,0
16,2025-12-01,562,0,0
17,2025-12-01,106,100,1
18,2025-12-01,195,500,0
19,2025-12-01,526,0,0
20,2025-12-01,161,200,2
21,2025-12-01,213,100,1
22,2025-12-01,144,0,1
23,2025-12-01,27,300,1
24,2025-12-01,122,200,2
25,2025-12-01,70,200,1
26,2025-12-01,234,0,0
27,2025-12-01,308,0,1
28,2025-12-01,70,200,1
29,2025-12-01,68,0,0
30,2025-12-01,305,0,2
31,2025-12-01,93,0,0
32,2025-12-01,264,0,0
33,2025-12-01,207,0,1
34,2025-12-01,371,0,1
35,2025-12-01,316,0,0
36,2025-12-01,428,0,1
37,2025-12-01,64,100,0
38,2025-12-01,80,0,1
39,2025-12-01,158,50,0
40,2025-12-01,184,0,1
41,2025-12-01,140,100,2
42,2025-12-01,62,100,0
43,2025-12-01,72,100,1
44,2025-12-01,407,0,0
45,2025-12-01,166,200,1
46,2025-12-01,566,0,1
47,2025-12-01,89,500,0
48,2025-12-01,274,0,1
49,2025-12-01,68,0,0
50,2025-12-01,470,0,1
51,2025-12-01,313,0,0
52,2025-12-01,187,200,1
53,2025-12-01,1,100,0
54,2025-12-01,0,200,0
55,2025-12-01,124,200,1
56,2025-12-01,166,0,0
57,2025-12-01,0,303,0
58,2025-12-01,99,100,0
59,2025-12-01,37,200,0
60,2025-12-01,63,150,1
61,2025-12-01,171,100,0
62,2025-12-01,157,200,2
63,2025-12-01,83,50,0
64,2025-12-01,273,200,6
65,2025-12-01,144,100,0
66,2025-12-01,129,100,1
67,2025-12-01,204,0,0
68,2025-12-01,204,200,1
69,2025-12-01,577,0,0
70,2025-12-01,193,0,0
71,2025-12-01,98,100,1
72,2025-12-01,210,0,0
73,2025-12-01,159,0,0
74,2025-12-01,205,0,0
75,2025-12-01,202,500,0
76,2025-12-01,511,0,0
77,2025-12-01,248,0,0
78,2025-12-01,307,0,0
79,2025-12-01,0,400,0
80,2025-12-01,38,100,0
81,2025-12-01,168,50,0
82,2025-12-01,57,100,0
83,2025-12-01,152,500,1
84,2025-12-01,72,100,2
85,2025-12-01,166,0,0
86,2025-12-01,199,0,1
87,2025-12-01,229,0,0
88,2025-12-01,380,0,0
89,2025-12-01,269,0,1
90,2025-12-01,0,400,0
91,2025-12-01,111,200,0
92,2025-12-01,188,100,1
93,2025-12-01,229,200,1
94,2025-12-01,256,200,1
95,2025-12-01,88,100,0
96,2025-12-01,65,250,3
97,2025-12-01,46,100,1
98,2025-12-01,150,100,0
99,2025-12-01,587,0,0
100,2025-12-01,161,0,1
101,2025-12-01,141,100,1
102,2025-12-01,111,100,0
103,2025-12-01,535,0,0
104,2025-12-01,0,400,0
105,2025-12-01,405,0,0
106,2025-12-01,724,0,0
107,2025-12-01,5,150,0
108,2025-12-01,51,200,0
109,2025-12-01,254,0,0
110,2025-12-01,84,200,0
111,2025-12-01,527,0,1
112,2025-12-01,74,500,1
113,2025-12-01,117,0,0
114,2025-12-01,184,200,0
115,2025-12-01,160,0,0
116,2025-12-01,222,0,1
117,2025-12-01,262,0,1
118,2025-12-01,106,200,1
119,2025-12-01,146,100,2
120,2025-12-01,94,500,0
1,2025-12-02,0,300,0
2,2025-12-02,327,0,2
3,2025-12-02,2,300,0
4,2025-12-02,80,0,0
5,2025-12-02,75,0,0
6,2025-12-02,250,200,1
7,2025-12-02,649,0,0
8,2025-12-02,88,200,1
9,2025-12-02,118,0,1
10,2025-12-02,100,100,1
11,2025-12-02,158,500,1
12,2025-12-02,113,100,1
13,2025-12-02,174,500,2
14,2025-12-02,0,300,0
15,2025-12-02,63,100,0
16,2025-12-02,551,0,0
17,2025-12-02,94,200,1
18,2025-12-02,180,500,0
19,2025-12-02,522,0,0
20,2025-12-02,147,200,1
21,2025-12-02,203,100,1
22,2025-12-02,139,0,0
23,2025-12-02,56,250,2
24,2025-12-02,106,200,1
25,2025-12-02,62,300,0
26,2025-12-02,228,0,0
27,2025-12-02,294,500,1
28,2025-12-02,63,200,0
29,2025-12-02,65,0,0
30,2025-12-02,288,0,1
31,2025-12-02,89,0,0
32,2025-12-02,262,0,0
33,2025-12-02,191,0,1
34,2025-12-02,362,0,0
35,2025-12-02,313,0,0
36,2025-12-02,421,0,0
37,2025-12-02,62,100,0
38,2025-12-02,76,100,0
39,2025-12-02,144,50,1
40,2025-12-02,181,0,0
41,2025-12-02,127,100,1
42,2025-12-02,55,100,0
43,2025-12-02,64,100,0
44,2025-12-02,402,0,0
45,2025-12-02,150,200,1
46,2025-12-02,562,0,0
47,2025-12-02,80,500,0
48,2025-12-02,260,0,0
49,2025-12-02,64,0,0
50,2025-12-02,465,0,0
51,2025-12-02,308,0,0
52,2025-12-02,170,200,2
53,2025-12-02,0,100,0
54,2025-12-02,0,200,0
55,2025-12-02,109,200,1
56,2025-12-02,148,0,1
57,2025-12-02,0,303,0
58,2025-12-02,87,100,1
59,2025-12-02,33,200,0
60,2025-12-02,48,150,2
61,2025-12-02,152,100,2
62,2025-12-02,147,200,0
63,2025-12-02,76,100,0
64,2025-12-02,253,200,1
65,2025-12-02,120,200,2
66,2025-12-02,117,100,1
67,2025-12-02,195,0,0
68,2025-12-02,190,200,1
69,2025-12-02,565,0,1
70,2025-12-02,188,0,0
71,2025-12-02,88,100,0
72,2025-12-02,205,0,0
73,2025-12-02,156,0,0
74,2025-12-02,203,0,0
75,2025-12-02,184,500,1
76,2025-12-02,497,0,1
77,2025-12-02,247,0,0
78,2025-12-02,294,0,1
79,2025-12-02,81,300,2
80,2025-12-02,34,100,0
81,2025-12-02,152,100,2
82,2025-12-02,47,150,1
83,2025-12-02,143,500,0
84,2025-12-02,50,200,1
85,2025-12-02,163,0,0
86,2025-12-02,189,0,0
87,2025-12-02,222,0,0
88,2025-12-02,368,0,1
89,2025-12-02,263,0,0
90,2025-12-02,186,200,2
91,2025-12-02,99,200,1
92,2025-12-02,174,100,0
93,2025-12-02,217,200,1
94,2025-12-02,244,200,1
95,2025-12-02,75,100,1
96,2025-12-02,50,250,2
97,2025-12-02,40,100,0
98,2025-12-02,213,0,2
99,2025-12-02,584,0,0
100,2025-12-02,145,100,0
101,2025-12-02,126,100,1
102,2025-12-02,82,200,2
103,2025-12-02,533,0,0
104,2025-12-02,0,400,0
105,2025-12-02,400,0,0
106,2025-12-02,718,0,0
107,2025-12-02,0,150,0
108,2025-12-02,40,200,0
109,2025-12-02,240,0,1
110,2025-12-02,74,200,1
111,2025-12-02,522,0,0
112,2025-12-02,57,500,2
113,2025-12-02,115,0,0
114,2025-12-02,173,200,1
115,2025-12-02,155,0,0
116,2025-12-02,211,0,1
117,2025-12-02,249,500,1
118,2025-12-02,94,200,1
119,2025-12-02,230,100,1
120,2025-12-02,89,500,0
1,2025-12-03,0,300,0
2,2025-12-03,313,0,0
3,2025-12-03,0,300,0
4,2025-12-03,80,0,1
5,2025-12-03,75,0,1
6,2025-12-03,237,200,1
7,2025-12-03,643,0,0
8,2025-12-03,74,200,1
9,2025-12-03,112,0,0
10,2025-12-03,100,200,2
11,2025-12-03,143,500,1
12,2025-12-03,99,150,0
13,2025-12-03,154,500,0
14,2025-12-03,35,250,1
15,2025-12-03,62,100,0
16,2025-12-03,548,0,0
17,2025-12-03,87,200,0
18,2025-12-03,163,500,2
19,2025-12-03,518,0,0
20,2025-12-03,123,200,2
21,2025-12-03,185,100,2
22,2025-12-03,133,0,0
23,2025-12-03,88,200,0
24,2025-12-03,91,200,1
25,2025-12-03,47,300,0
26,2025-12-03,228,0,3
27,2025-12-03,282,500,0
28,2025-12-03,46,200,1
29,2025-12-03,63,0,0
30,2025-12-03,277,0,1
31,2025-12-03,86,0,0
32,2025-12-03,255,0,0
33,2025-12-03,180,0,1
34,2025-12-03,354,0,0
35,2025-12-03,304,0,1
36,2025-12-03,417,0,0
37,2025-12-03,60,100,0
38,2025-12-03,73,100,0
39,2025-12-03,136,50,0
40,2025-12-03,162,100,1
41,2025-12-03,122,100,0
42,2025-12-03,49,100,0
43,2025-12-03,58,100,0
44,2025-12-03,396,0,0
45,2025-12-03,140,200,0
46,2025-12-03,541,0,2
47,2025-12-03,72,500,1
48,2025-12-03,248,0,1
49,2025-12-03,63,0,0
50,2025-12-03,463,0,0
51,2025-12-03,293,0,1
52,2025-12-03,141,200,3
53,2025-12-03,0,100,0
54,2025-12-03,0,200,0
55,2025-12-03,91,200,1
56,2025-12-03,138,0,1
57,2025-12-03,8,253,2
58,2025-12-03,74,100,1
59,2025-12-03,30,200,0
60,2025-12-03,134,50,0
61,2025-12-03,137,150,1
62,2025-12-03,139,200,0
63,2025-12-03,65,100,0
64,2025-12-03,233,200,1
65,2025-12-03,109,200,0
66,2025-12-03,159,50,1
67,2025-12-03,195,0,2
68,2025-12-03,183,200,0
69,2025-12-03,554,0,1
70,2025-12-03,181,0,0
71,2025-12-03,79,150,1
72,2025-12-03,199,0,0
73,2025-12-03,153,0,0
74,2025-12-03,201,0,0
75,2025-12-03,173,500,1
76,2025-12-03,493,0,0
77,2025-12-03,246,0,0
78,2025-12-03,277,200,2
79,2025-12-03,64,300,1
80,2025-12-03,32,100,0
81,2025-12-03,136,100,0
82,2025-12-03,38,150,0
83,2025-12-03,131,500,1
84,2025-12-03,40,200,1
85,2025-12-03,161,0,0
86,2025-12-03,185,0,0
87,2025-12-03,214,0,0
88,2025-12-03,357,0,1
89,2025-12-03,258,0,0
90,2025-12-03,165,200,0
91,2025-12-03,86,200,1
92,2025-12-03,160,100,1
93,2025-12-03,200,200,2
94,2025-12-03,228,200,1
95,2025-12-03,72,100,0
96,2025-12-03,86,250,1
97,2025-12-03,31,100,0
98,2025-12-03,200,0,1
99,2025-12-03,579,0,0
100,2025-12-03,138,100,0
101,2025-12-03,108,150,0
102,2025-12-03,77,200,0
103,2025-12-03,527,0,0
104,2025-12-03,0,400,0
105,2025-12-03,394,0,0
106,2025-12-03,714,0,0
107,2025-12-03,0,150,0
108,2025-12-03,225,0,1
109,2025-12-03,226,0,1
110,2025-12-03,66,200,0
111,2025-12-03,507,0,1
112,2025-12-03,48,500,1
113,2025-12-03,113,0,0
114,2025-12-03,160,200,1
115,2025-12-03,152,0,0
116,2025-12-03,208,0,0
117,2025-12-03,241,500,1
118,2025-12-03,79,200,1
119,2025-12-03,217,100,1
120,2025-12-03,86,500,0
1,2025-12-04,0,300,0
2,2025-12-04,295,0,1
3,2025-12-04,0,300,0
4,2025-12-04,75,0,0
5,2025-12-04,68,0,0
6,2025-12-04,226,200,0
7,2025-12-04,639,0,0
8,2025-12-04,68,300,0
9,2025-12-04,108,0,0
10,2025-12-04,88,200,0
11,2025-12-04,627,0,0
12,2025-12-04,95,150,0
13,2025-12-04,139,500,1
14,2025-12-04,19,250,2
15,2025-12-04,60,100,0
16,2025-12-04,540,0,0
17,2025-12-04,175,100,1
18,2025-12-04,147,500,2
19,2025-12-04,515,0,0
20,2025-12-04,111,200,1
21,2025-12-04,157,200,3
22,2025-12-04,130,0,0
23,2025-12-04,124,200,1
24,2025-12-04,79,200,1
25,2025-12-04,31,300,2
26,2025-12-04,221,0,0
27,2025-12-04,256,500,1
28,2025-12-04,37,200,1
29,2025-12-04,61,0,0
30,2025-12-04,264,0,1
31,2025-12-04,85,0,0
32,2025-12-04,249,0,0
33,2025-12-04,180,100,4
34,2025-12-04,344,0,1
35,2025-12-04,293,0,0
36,2025-12-04,409,0,0
37,2025-12-04,56,100,0
38,2025-12-04,69,100,0
39,2025-12-04,131,50,0
40,2025-12-04,147,100,1
41,2025-12-04,119,100,0
42,2025-12-04,45,100,0
43,2025-12-04,53,100,0
44,2025-12-04,389,0,0
45,2025-12-04,331,0,0
46,2025-12-04,521,0,1
47,2025-12-04,561,0,0
48,2025-12-04,235,0,0
49,2025-12-04,62,0,0
50,2025-12-04,457,0,0
51,2025-12-04,281,0,1
52,2025-12-04,125,200,2
53,2025-12-04,0,100,0
54,2025-12-04,0,200,0
55,2025-12-04,84,200,0
56,2025-12-04,129,500,1
57,2025-12-04,0,253,0
58,2025-12-04,61,150,1
59,2025-12-04,25,200,0
60,2025-12-04,107,100,3
61,2025-12-04,113,150,1
62,2025-12-04,128,200,1
63,2025-12-04,109,50,0
64,2025-12-04,223,200,0
65,2025-12-04,96,200,1
66,2025-12-04,147,50,1
67,2025-12-04,181,0,1
68,2025-12-04,165,200,1
69,2025-12-04,542,0,1
70,2025-12-04,178,0,0
71,2025-12-04,70,150,0
72,2025-12-04,191,0,0
73,2025-12-04,151,0,0
74,2025-12-04,197,0,0
75,2025-12-04,165,500,1
76,2025-12-04,487,0,0
77,2025-12-04,245,0,0
78,2025-12-04,269,200,0
79,2025-12-04,144,200,2
80,2025-12-04,129,0,0
81,2025-12-04,113,150,2
82,2025-12-04,30,150,0
83,2025-12-04,121,500,1
84,2025-12-04,129,100,1
85,2025-12-04,158,0,0
86,2025-12-04,179,0,0
87,2025-12-04,208,0,0
88,2025-12-04,346,0,1
89,2025-12-04,250,0,0
90,2025-12-04,146,200,2
91,2025-12-04,80,300,0
92,2025-12-04,155,100,0
93,2025-12-04,193,200,0
94,2025-12-04,210,200,2
95,2025-12-04,61,100,0
96,2025-12-04,75,250,0
97,2025-12-04,78,100,0
98,2025-12-04,185,100,1
99,2025-12-04,575,0,0
100,2025-12-04,135,100,0
101,2025-12-04,97,150,0
102,2025-12-04,56,200,2
103,2025-12-04,522,0,0
104,2025-12-04,188,200,1
105,2025-12-04,391,0,0
106,2025-12-04,708,0,0
107,2025-12-04,0,150,0
108,2025-12-04,214,0,1
109,2025-12-04,213,0,1
110,2025-12-04,49,200,2
111,2025-12-04,486,0,2
112,2025-12-04,32,500,0
113,2025-12-04,110,0,0
114,2025-12-04,144,200,1
115,2025-12-04,143,0,1
116,2025-12-04,199,0,1
117,2025-12-04,222,500,2
118,2025-12-04,69,200,0
119,2025-12-04,205,100,1
120,2025-12-04,81,500,0
1,2025-12-05,0,300,0
2,2025-12-05,273,0,3
3,2025-12-05,0,300,0
4,2025-12-05,72,0,0
5,2025-12-05,65,0,0
6,2025-12-05,218,200,1
7,2025-12-05,631,0,0
8,2025-12-05,52,300,1
9,2025-12-05,100,200,1
10,2025-12-05,80,200,0
11,2025-12-05,607,0,2
12,2025-12-05,85,150,0
13,2025-12-05,115,500,1
14,2025-12-05,7,250,1
15,2025-12-05,55,100,0
16,2025-12-05,538,0,0
17,2025-12-05,158,100,1
18,2025-12-05,633,0,1
19,2025-12-05,513,0,0
20,2025-12-05,106,200,0
21,2025-12-05,150,200,0
22,2025-12-05,125,0,0
23,2025-12-05,120,200,0
24,2025-12-05,51,300,4
25,2025-12-05,20,300,0
26,2025-12-05,210,0,1
27,2025-12-05,240,500,1
28,2025-12-05,36,200,0
29,2025-12-05,61,0,0
30,2025-12-05,252,0,1
31,2025-12-05,84,0,0
32,2025-12-05,246,0,0
33,2025-12-05,180,100,1
34,2025-12-05,338,0,0
35,2025-12-05,288,0,0
36,2025-12-05,405,0,0
37,2025-12-05,52,100,0
38,2025-12-05,66,100,0
39,2025-12-05,120,50,1
40,2025-12-05,137,100,0
41,2025-12-05,107,100,1
42,2025-12-05,41,100,0
43,2025-12-05,48,100,0
44,2025-12-05,386,0,0
45,2025-12-05,301,0,4
46,2025-12-05,505,0,1
47,2025-12-05,555,0,0
48,2025-12-05,225,0,0
49,2025-12-05,59,0,0
50,2025-12-05,451,0,0
51,2025-12-05,270,0,1
52,2025-12-05,106,200,0
53,2025-12-05,0,100,0
54,2025-12-05,0,200,0
55,2025-12-05,72,250,1
56,2025-12-05,120,500,1
57,2025-12-05,0,253,0
58,2025-12-05,87,100,3
59,2025-12-05,124,0,0
60,2025-12-05,93,100,1
61,2025-12-05,99,150,1
62,2025-12-05,117,200,1
63,2025-12-05,101,50,1
64,2025-12-05,208,200,2
65,2025-12-05,85,200,1
66,2025-12-05,138,50,1
67,2025-12-05,171,0,0
68,2025-12-05,160,200,0
69,2025-12-05,536,0,0
70,2025-12-05,172,0,0
71,2025-12-05,56,150,2
72,2025-12-05,181,0,0
73,2025-12-05,149,0,0
74,2025-12-05,193,0,0
75,2025-12-05,660,0,0
76,2025-12-05,464,0,3
77,2025-12-05,243,0,0
78,2025-12-05,252,200,1
79,2025-12-05,123,200,2
80,2025-12-05,126,0,0
81,2025-12-05,89,200,2
82,2025-12-05,26,150,0
83,2025-12-05,115,500,0
84,2025-12-05,116,100,1
85,2025-12-05,154,0,0
86,2025-12-05,173,0,0
87,2025-12-05,197,0,1
88,2025-12-05,340,0,0
89,2025-12-05,244,0,0
90,2025-12-05,141,200,0
91,2025-12-05,143,200,4
92,2025-12-05,140,100,1
93,2025-12-05,162,200,2
94,2025-12-05,193,200,0
95,2025-12-05,47,200,1
96,2025-12-05,72,250,0
97,2025-12-05,75,100,0
98,2025-12-05,174,100,1
99,2025-12-05,571,0,0
100,2025-12-05,127,100,1
101,2025-12-05,133,150,0
102,2025-12-05,47,200,0
103,2025-12-05,519,0,0
104,2025-12-05,172,200,0
105,2025-12-05,384,0,0
106,2025-12-05,706,0,0
107,2025-12-05,0,150,0
108,2025-12-05,204,0,1
109,2025-12-05,191,0,2
110,2025-12-05,133,100,2
111,2025-12-05,469,0,0
112,2025-12-05,532,0,10
113,2025-12-05,107,0,0
114,2025-12-05,122,200,2
115,2025-12-05,139,0,0
116,2025-12-05,193,0,0
117,2025-12-05,198,500,1
118,2025-12-05,252,0,1
119,2025-12-05,199,100,0
120,2025-12-05,74,500,0
1,2025-12-06,0,300,0
2,2025-12-06,256,200,2
3,2025-12-06,31,250,2
4,2025-12-06,68,200,0
5,2025-12-06,63,0,0
6,2025-12-06,189,200,1
7,2025-12-06,629,0,0
8,2025-12-06,42,300,1
9,2025-12-06,98,200,0
10,2025-12-06,68,200,0
11,2025-12-06,589,0,0
12,2025-12-06,70,150,1
13,2025-12-06,87,500,4
14,2025-12-06,0,250,0
15,2025-12-06,48,100,0
16,2025-12-06,529,0,0
17,2025-12-06,148,100,1
18,2025-12-06,624,0,1
19,2025-12-06,511,0,0
20,2025-12-06,84,200,2
21,2025-12-06,134,200,1
22,2025-12-06,122,0,0
23,2025-12-06,155,150,0
24,2025-12-06,38,300,0
25,2025-12-06,0,300,0
26,2025-12-06,203,0,0
27,2025-12-06,226,500,1
28,2025-12-06,28,200,0
29,2025-12-06,58,0,0
30,2025-12-06,243,0,1
31,2025-12-06,83,0,0
32,2025-12-06,242,0,0
33,2025-12-06,169,100,1
34,2025-12-06,329,0,0
35,2025-12-06,285,0,0
36,2025-12-06,395,0,0
37,2025-12-06,50,100,0
38,2025-12-06,64,100,0
39,2025-12-06,103,100,1
40,2025-12-06,118,100,2
41,2025-12-06,91,100,0
42,2025-12-06,32,100,0
43,2025-12-06,39,100,0
44,2025-12-06,380,0,0
45,2025-12-06,297,0,0
46,2025-12-06,481,0,3
47,2025-12-06,544,0,1
48,2025-12-06,225,500,4
49,2025-12-06,55,0,0
50,2025-12-06,442,0,1
51,2025-12-06,262,0,0
52,2025-12-06,248,200,1
53,2025-12-06,0,100,0
54,2025-12-06,0,200,0
55,2025-12-06,92,200,1
56,2025-12-06,111,500,1
57,2025-12-06,0,253,0
58,2025-12-06,76,150,0
59,2025-12-06,119,0,0
60,2025-12-06,83,100,1
61,2025-12-06,134,100,0
62,2025-12-06,106,200,0
63,2025-12-06,101,50,1
64,2025-12-06,197,200,1
65,2025-12-06,67,200,1
66,2025-12-06,134,50,0
67,2025-12-06,160,0,1
68,2025-12-06,138,200,0
69,2025-12-06,518,0,0
70,2025-12-06,166,0,0
71,2025-12-06,40,150,2
72,2025-12-06,172,0,0
73,2025-12-06,147,0,0
74,2025-12-06,181,0,0
75,2025-12-06,653,0,0
76,2025-12-06,444,0,1
77,2025-12-06,241,0,0
78,2025-12-06,231,200,2
79,2025-12-06,103,300,1
80,2025-12-06,122,0,0
81,2025-12-06,75,200,0
82,2025-12-06,68,100,1
83,2025-12-06,101,500,0
84,2025-12-06,111,100,0
85,2025-12-06,151,0,0
86,2025-12-06,165,200,0
87,2025-12-06,195,0,0
88,2025-12-06,333,0,0
89,2025-12-06,243,0,0
90,2025-12-06,138,200,0
91,2025-12-06,130,200,0
92,2025-12-06,124,200,1
93,2025-12-06,157,200,0
94,2025-12-06,175,200,2
95,2025-12-06,36,200,0
96,2025-12-06,56,250,2
97,2025-12-06,65,100,1
98,2025-12-06,149,100,1
99,2025-12-06,564,0,0
100,2025-12-06,120,100,0
101,2025-12-06,123,150,1
102,2025-12-06,39,200,0
103,2025-12-06,515,0,0
104,2025-12-06,156,200,1
105,2025-12-06,378,0,0
106,2025-12-06,701,0,0
107,2025-12-06,43,100,0
108,2025-12-06,194,0,0
109,2025-12-06,173,500,1
110,2025-12-06,120,100,0
111,2025-12-06,457,0,1
112,2025-12-06,514,0,1
113,2025-12-06,103,0,0
114,2025-12-06,109,200,1
115,2025-12-06,131,0,1
116,2025-12-06,185,0,1
117,2025-12-06,188,500,1
118,2025-12-06,242,0,0
119,2025-12-06,287,0,1
120,2025-12-06,63,500,1
1,2025-12-07,0,300,0
2,2025-12-07,239,200,2
3,2025-12-07,9,300,2
4,2025-12-07,63,200,0
5,2025-12-07,62,0,0
6,2025-12-07,172,200,2
7,2025-12-07,625,0,0
8,2025-12-07,36,300,0
9,2025-12-07,96,200,0
10,2025-12-07,155,100,0
11,2025-12-07,578,0,0
12,2025-12-07,70,150,1
13,2025-12-07,80,500,0
14,2025-12-07,0,250,0
15,2025-12-07,42,100,0
16,2025-12-07,523,0,0
17,2025-12-07,127,100,1
18,2025-12-07,614,0,1
19,2025-12-07,507,0,0
20,2025-12-07,57,400,3
21,2025-12-07,114,200,2
22,2025-12-07,116,0,0
23,2025-12-07,146,150,1
24,2025-12-07,23,300,1
25,2025-12-07,0,300,0
26,2025-12-07,192,0,1
27,2025-12-07,208,500,2
28,2025-12-07,212,200,2
29,2025-12-07,55,0,0
30,2025-12-07,232,0,1
31,2025-12-07,77,0,0
32,2025-12-07,239,0,0
33,2025-12-07,160,100,0
34,2025-12-07,327,0,0
35,2025-12-07,282,0,0
36,2025-12-07,388,0,0
37,2025-12-07,47,100,0
38,2025-12-07,57,100,0
39,2025-12-07,90,100,1
40,2025-12-07,100,200,2
41,2025-12-07,83,100,0
42,2025-12-07,28,100,0
43,2025-12-07,36,100,0
44,2025-12-07,372,0,0
45,2025-12-07,277,200,2
46,2025-12-07,459,0,2
47,2025-12-07,538,0,0
48,2025-12-07,211,500,1
49,2025-12-07,52,0,0
50,2025-12-07,439,0,0
51,2025-12-07,250,200,1
52,2025-12-07,228,200,1
53,2025-12-07,50,50,1
54,2025-12-07,0,200,0
55,2025-12-07,123,200,1
56,2025-12-07,103,500,1
57,2025-12-07,0,253,0
58,2025-12-07,63,150,1
59,2025-12-07,115,0,0
60,2025-12-07,73,100,1
61,2025-12-07,120,150,1
62,2025-12-07,94,200,0
63,2025-12-07,90,50,0
64,2025-12-07,171,200,2
65,2025-12-07,49,200,1
66,2025-12-07,118,100,0
67,2025-12-07,148,500,1
68,2025-12-07,116,200,2
69,2025-12-07,506,0,1
70,2025-12-07,164,0,0
71,2025-12-07,22,150,1
72,2025-12-07,164,0,1
73,2025-12-07,144,0,0
74,2025-12-07,175,0,0
75,2025-12-07,648,0,0
76,2025-12-07,426,0,2
77,2025-12-07,239,0,0
78,2025-12-07,215,200,2
79,2025-12-07,88,300,1
80,2025-12-07,119,0,0
81,2025-12-07,115,150,1
82,2025-12-07,51,100,2
83,2025-12-07,90,500,1
84,2025-12-07,95,100,1
85,2025-12-07,146,0,0
86,2025-12-07,152,200,0
87,2025-12-07,186,0,0
88,2025-12-07,321,0,1
89,2025-12-07,237,0,0
90,2025-12-07,115,200,2
91,2025-12-07,108,200,2
92,2025-12-07,113,200,0
93,2025-12-07,139,200,0
94,2025-12-07,167,200,0
95,2025-12-07,128,100,0
96,2025-12-07,48,250,0
97,2025-12-07,56,100,1
98,2025-12-07,145,100,0
99,2025-12-07,562,0,0
100,2025-12-07,109,100,1
101,2025-12-07,104,150,2
102,2025-12-07,32,200,0
103,2025-12-07,511,0,0
104,2025-12-07,134,200,2
105,2025-12-07,376,0,0
106,2025-12-07,700,0,0
107,2025-12-07,86,50,0
108,2025-12-07,184,0,1
109,2025-12-07,164,500,0
110,2025-12-07,207,0,1
111,2025-12-07,440,0,1
112,2025-12-07,490,0,2
113,2025-12-07,102,0,0
114,2025-12-07,98,200,0
115,2025-12-07,126,0,0
116,2025-12-07,183,0,0
117,2025-12-07,170,500,2
118,2025-12-07,232,0,0
119,2025-12-07,276,0,1
120,2025-12-07,58,500,0
1,2025-12-08,0,300,0
2,2025-12-08,225,200,1
3,2025-12-08,45,250,1
4,2025-12-08,59,200,0
5,2025-12-08,56,0,0
6,2025-12-08,157,200,2
7,2025-12-08,621,0,0
8,2025-12-08,9,300,2
9,2025-12-08,91,200,0
10,2025-12-08,147,100,0
11,2025-12-08,566,0,1
12,2025-12-08,109,100,0
13,2025-12-08,560,0,1
14,2025-12-08,0,300,0
15,2025-12-08,36,100,0
16,2025-12-08,520,0,0
17,2025-12-08,116,100,0
18,2025-12-08,599,0,1
19,2025-12-08,506,0,0
20,2025-12-08,39,400,2
21,2025-12-08,102,200,0
22,2025-12-08,113,0,0
23,2025-12-08,178,150,2
24,2025-12-08,21,300,0
25,2025-12-08,0,300,0
26,2025-12-08,188,0,0
27,2025-12-08,567,0,2
28,2025-12-08,198,200,1
29,2025-12-08,51,0,0
30,2025-12-08,208,500,3
31,2025-12-08,71,0,0
32,2025-12-08,235,0,0
33,2025-12-08,150,100,1
34,2025-12-08,323,0,0
35,2025-12-08,280,0,0
36,2025-12-08,379,0,1
37,2025-12-08,44,100,0
38,2025-12-08,154,0,0
39,2025-12-08,89,100,0
40,2025-12-08,89,200,1
41,2025-12-08,174,100,0
42,2025-12-08,74,50,0
43,2025-12-08,31,100,0
44,2025-12-08,366,0,0
45,2025-12-08,262,200,0
46,2025-12-08,454,0,0
47,2025-12-08,533,0,0
48,2025-12-08,195,500,1
49,2025-12-08,50,0,0
50,2025-12-08,433,0,0
51,2025-12-08,236,200,1
52,2025-12-08,215,200,1
53,2025-12-08,46,100,0
54,2025-12-08,0,200,0
55,2025-12-08,109,200,1
56,2025-12-08,98,500,0
57,2025-12-08,0,253,0
58,2025-12-08,57,150,0
59,2025-12-08,114,0,0
60,2025-12-08,163,50,1
61,2025-12-08,156,100,1
62,2025-12-08,91,200,0
63,2025-12-08,82,100,0
64,2025-12-08,355,0,2
65,2025-12-08,31,300,1
66,2025-12-08,106,100,1
67,2025-12-08,138,500,1
68,2025-12-08,110,200,0
69,2025-12-08,497,0,1
70,2025-12-08,162,0,0
71,2025-12-08,7,200,0
72,2025-12-08,155,0,0
73,2025-12-08,141,0,0
74,2025-12-08,173,0,0
75,2025-12-08,630,0,0
76,2025-12-08,414,0,1
77,2025-12-08,239,0,4
78,2025-12-08,203,200,1
79,2025-12-08,68,300,2
80,2025-12-08,116,0,0
81,2025-12-08,153,100,1
82,2025-12-08,45,150,0
83,2025-12-08,81,500,0
84,2025-12-08,86,100,0
85,2025-12-08,145,0,0
86,2025-12-08,142,200,1
87,2025-12-08,180,0,0
88,2025-12-08,309,0,0
89,2025-12-08,233,0,0
90,2025-12-08,103,200,1
91,2025-12-08,97,200,1
92,2025-12-08,111,200,0
93,2025-12-08,113,200,2
94,2025-12-08,154,200,1
95,2025-12-08,122,100,0
96,2025-12-08,30,300,2
97,2025-12-08,49,100,1
98,2025-12-08,142,100,0
99,2025-12-08,559,0,0
100,2025-12-08,103,100,0
101,2025-12-08,93,150,1
102,2025-12-08,115,100,1
103,2025-12-08,509,0,0
104,2025-12-08,251,200,0
105,2025-12-08,371,0,0
106,2025-12-08,697,0,0
107,2025-12-08,83,50,0
108,2025-12-08,171,0,1
109,2025-12-08,158,500,0
110,2025-12-08,198,100,0
111,2025-12-08,429,0,1
112,2025-12-08,480,0,1
113,2025-12-08,99,0,0
114,2025-12-08,84,200,0
115,2025-12-08,122,0,0
116,2025-12-08,175,0,0
117,2025-12-08,149,500,2
118,2025-12-08,221,0,1
119,2025-12-08,260,0,1
120,2025-12-08,53,500,0
1,2025-12-09,0,300,0
2,2025-12-09,210,200,2
3,2025-12-09,78,200,0
4,2025-12-09,54,200,0
5,2025-12-09,54,50,0
6,2025-12-09,137,200,0
7,2025-12-09,619,0,0
8,2025-12-09,109,200,3
9,2025-12-09,84,200,0
10,2025-12-09,124,100,3
11,2025-12-09,561,0,0
12,2025-12-09,148,50,0
13,2025-12-09,530,0,3
14,2025-12-09,0,300,0
15,2025-12-09,35,100,0
16,2025-12-09,513,0,1
17,2025-12-09,95,200,0
18,2025-12-09,588,0,0
19,2025-12-09,501,0,0
20,2025-12-09,30,400,0
21,2025-12-09,88,200,1
22,2025-12-09,108,0,0
23,2025-12-09,161,150,1
24,2025-12-09,10,300,1
25,2025-12-09,0,300,0
26,2025-12-09,180,0,1
27,2025-12-09,547,0,2
28,2025-12-09,186,200,1
29,2025-12-09,49,0,0
30,2025-12-09,183,500,2
31,2025-12-09,67,100,0
32,2025-12-09,232,0,0
33,2025-12-09,147,100,0
34,2025-12-09,319,0,0
35,2025-12-09,277,0,0
36,2025-12-09,372,0,0
37,2025-12-09,141,0,0
38,2025-12-09,150,0,0
39,2025-12-09,83,100,0
40,2025-12-09,75,200,1
41,2025-12-09,167,100,0
42,2025-12-09,67,50,0
43,2025-12-09,26,100,0
44,2025-12-09,361,0,0
45,2025-12-09,252,200,1
46,2025-12-09,436,0,1
47,2025-12-09,527,0,0
48,2025-12-09,181,500,0
49,2025-12-09,48,0,0
50,2025-12-09,426,0,0
51,2025-12-09,220,200,1
52,2025-12-09,200,200,0
53,2025-12-09,40,100,0
54,2025-12-09,0,200,0
55,2025-12-09,129,150,1
56,2025-12-09,589,0,1
57,2025-12-09,0,253,0
58,2025-12-09,49,150,0
59,2025-12-09,112,0,0
60,2025-12-09,142,50,2
61,2025-12-09,140,100,2
62,2025-12-09,82,200,0
63,2025-12-09,77,100,0
64,2025-12-09,331,0,3
65,2025-12-09,23,300,0
66,2025-12-09,94,150,0
67,2025-12-09,119,500,2
68,2025-12-09,102,200,0
69,2025-12-09,482,0,1
70,2025-12-09,157,0,0
71,2025-12-09,0,200,0
72,2025-12-09,149,0,0
73,2025-12-09,139,0,0
74,2025-12-09,164,0,1
75,2025-12-09,617,0,0
76,2025-12-09,412,0,0
77,2025-12-09,238,0,0
78,2025-12-09,190,200,0
79,2025-12-09,57,300,1
80,2025-12-09,113,0,0
81,2025-12-09,147,100,0
82,2025-12-09,36,150,1
83,2025-12-09,57,500,3
84,2025-12-09,70,200,1
85,2025-12-09,141,0,0
86,2025-12-09,122,200,2
87,2025-12-09,173,0,0
88,2025-12-09,300,0,1
89,2025-12-09,230,0,0
90,2025-12-09,87,200,2
91,2025-12-09,69,200,2
92,2025-12-09,95,200,1
93,2025-12-09,88,200,3
94,2025-12-09,352,0,0
95,2025-12-09,99,100,1
96,2025-12-09,66,250,1
97,2025-12-09,73,100,1
98,2025-12-09,128,100,1
99,2025-12-09,555,0,0
100,2025-12-09,96,100,0
101,2025-12-09,81,150,1
102,2025-12-09,109,200,0
103,2025-12-09,504,0,0
104,2025-12-09,251,200,4
105,2025-12-09,367,0,0
106,2025-12-09,689,0,0
107,2025-12-09,74,50,0
108,2025-12-09,169,0,0
109,2025-12-09,152,500,0
110,2025-12-09,189,100,1
111,2025-12-09,412,0,2
112,2025-12-09,463,0,1
113,2025-12-09,96,0,0
114,2025-12-09,77,200,0
115,2025-12-09,114,0,0
116,2025-12-09,164,200,1
117,2025-12-09,132,500,1
118,2025-12-09,197,200,2
119,2025-12-09,241,100,2
120,2025-12-09,42,500,1
1,2025-12-10,0,300,0
2,2025-12-10,184,200,2
3,2025-12-10,109,200,2
4,2025-12-10,52,200,0
5,2025-12-10,49,50,0
6,2025-12-10,124,200,1
7,2025-12-10,616,0,0
8,2025-12-10,95,200,1
9,2025-12-10,78,200,0
10,2025-12-10,113,100,1
11,2025-12-10,545,0,1
12,2025-12-10,140,100,0
13,2025-12-10,522,0,1
14,2025-12-10,0,300,0
15,2025-12-10,30,100,0
16,2025-12-10,511,0,0
17,2025-12-10,81,200,1
18,2025-12-10,569,0,2
19,2025-12-10,494,0,0
20,2025-12-10,17,400,1
21,2025-12-10,67,200,2
22,2025-12-10,102,0,0
23,2025-12-10,148,150,0
24,2025-12-10,98,200,0
25,2025-12-10,0,300,0
26,2025-12-10,173,0,0
27,2025-12-10,536,0,1
28,2025-12-10,174,200,1
29,2025-12-10,47,0,0
30,2025-12-10,178,500,0
31,2025-12-10,62,100,0
32,2025-12-10,227,0,0
33,2025-12-10,141,100,0
34,2025-12-10,310,0,1
35,2025-12-10,276,0,0
36,2025-12-10,365,0,0
37,2025-12-10,136,0,0
38,2025-12-10,147,0,0
39,2025-12-10,75,100,1
40,2025-12-10,59,200,1
41,2025-12-10,162,100,0
42,2025-12-10,63,100,0
43,2025-12-10,20,100,0
44,2025-12-10,348,0,1
45,2025-12-10,236,200,1
46,2025-12-10,422,0,1
47,2025-12-10,514,0,0
48,2025-12-10,665,0,1
49,2025-12-10,45,50,0
50,2025-12-10,420,0,0
51,2025-12-10,203,200,1
52,2025-12-10,185,200,1
53,2025-12-10,29,100,0
54,2025-12-10,0,200,0
55,2025-12-10,129,150,2
56,2025-12-10,589,0,13
57,2025-12-10,0,253,0
58,2025-12-10,87,150,1
59,2025-12-10,107,0,0
60,2025-12-10,133,50,0
61,2025-12-10,119,100,1
62,2025-12-10,73,200,0
63,2025-12-10,73,100,0
64,2025-12-10,309,0,1
65,2025-12-10,10,300,0
66,2025-12-10,91,150,0
67,2025-12-10,106,500,1
68,2025-12-10,85,200,2
69,2025-12-10,477,0,0
70,2025-12-10,153,0,0
71,2025-12-10,38,150,1
72,2025-12-10,148,0,0
73,2025-12-10,135,0,0
74,2025-12-10,158,0,0
75,2025-12-10,608,0,0
76,2025-12-10,400,0,0
77,2025-12-10,235,0,0
78,2025-12-10,169,200,2
79,2025-12-10,124,200,2
80,2025-12-10,112,0,0
81,2025-12-10,183,50,1
82,2025-12-10,26,150,1
83,2025-12-10,44,500,1
84,2025-12-10,64,200,0
85,2025-12-10,137,0,0
86,2025-12-10,112,200,1
87,2025-12-10,169,0,0
88,2025-12-10,290,0,0
89,2025-12-10,225,0,0
90,2025-12-10,80,200,0
91,2025-12-10,50,200,1
92,2025-12-10,82,200,0
93,2025-12-10,85,200,0
94,2025-12-10,337,0,1
95,2025-12-10,90,100,0
96,2025-12-10,54,250,1
97,2025-12-10,115,50,0
98,2025-12-10,120,100,0
99,2025-12-10,550,0,0
100,2025-12-10,86,100,0
101,2025-12-10,57,150,2
102,2025-12-10,107,200,0
103,2025-12-10,500,0,0
104,2025-12-10,237,200,0
105,2025-12-10,362,0,0
106,2025-12-10,683,0,0
107,2025-12-10,73,50,0
108,2025-12-10,159,0,1
109,2025-12-10,139,500,0
110,2025-12-10,185,100,0
111,2025-12-10,392,0,2
112,2025-12-10,451,0,1
113,2025-12-10,94,0,0
114,2025-12-10,62,200,1
115,2025-12-10,106,100,0
116,2025-12-10,154,200,0
117,2025-12-10,121,500,1
118,2025-12-10,187,200,1
119,2025-12-10,233,100,0
120,2025-12-10,34,500,0
1,2025-12-11,0,300,0
2,2025-12-11,171,200,1
3,2025-12-11,95,200,1
4,2025-12-11,44,200,1
5,2025-12-11,46,50,0
6,2025-12-11,119,200,0
7,2025-12-11,614,0,0
8,2025-12-11,81,200,1
9,2025-12-11,67,200,1
10,2025-12-11,102,100,0
11,2025-12-11,531,0,1
12,2025-12-11,134,100,0
13,2025-12-11,510,0,1
14,2025-12-11,38,250,1
15,2025-12-11,127,0,0
16,2025-12-11,502,0,0
17,2025-12-11,71,200,1
18,2025-12-11,553,0,1
19,2025-12-11,492,0,0
20,2025-12-11,4,400,0
21,2025-12-11,67,200,0
22,2025-12-11,98,0,0
23,2025-12-11,133,200,1
24,2025-12-11,83,200,0
25,2025-12-11,0,300,0
26,2025-12-11,167,0,0
27,2025-12-11,536,0,9
28,2025-12-11,167,200,0
29,2025-12-11,45,200,0
30,2025-12-11,166,500,1
31,2025-12-11,59,100,0
32,2025-12-11,225,0,0
33,2025-12-11,126,100,1
34,2025-12-11,296,0,1
35,2025-12-11,270,0,0
36,2025-12-11,361,0,0
37,2025-12-11,132,0,0
38,2025-12-11,146,0,0
39,2025-12-11,68,150,0
40,2025-12-11,52,200,0
41,2025-12-11,153,100,0
42,2025-12-11,56,100,0
43,2025-12-11,14,100,0
44,2025-12-11,345,0,0
45,2025-12-11,224,200,0
46,2025-12-11,402,0,2
47,2025-12-11,502,0,1
48,2025-12-11,643,0,1
49,2025-12-11,42,50,0
50,2025-12-11,414,0,0
51,2025-12-11,196,200,0
52,2025-12-11,165,200,2
53,2025-12-11,22,100,0
54,2025-12-11,0,200,0
55,2025-12-11,118,150,1
56,2025-12-11,581,0,0
57,2025-12-11,0,253,0
58,2025-12-11,68,150,2
59,2025-12-11,104,0,0
60,2025-12-11,125,50,0
61,2025-12-11,99,150,2
62,2025-12-11,65,200,1
63,2025-12-11,115,50,0
64,2025-12-11,288,0,2
65,2025-12-11,0,300,0
66,2025-12-11,76,150,1
67,2025-12-11,93,500,0
68,2025-12-11,84,200,0
69,2025-12-11,465,0,1
70,2025-12-11,145,0,1
71,2025-12-11,32,150,0
72,2025-12-11,147,0,0
73,2025-12-11,133,0,0
74,2025-12-11,150,0,0
75,2025-12-11,592,0,1
76,2025-12-11,382,0,2
77,2025-12-11,234,0,0
78,2025-12-11,149,200,1
79,2025-12-11,103,300,2
80,2025-12-11,109,0,0
81,2025-12-11,175,50,0
82,2025-12-11,71,100,0
83,2025-12-11,42,500,0
84,2025-12-11,58,200,0
85,2025-12-11,137,0,2
86,2025-12-11,99,200,1
87,2025-12-11,162,0,0
88,2025-12-11,276,0,1
89,2025-12-11,219,0,0
90,2025-12-11,76,200,0
91,2025-12-11,95,200,1
92,2025-12-11,165,100,2
93,2025-12-11,67,200,1
94,2025-12-11,324,0,0
95,2025-12-11,79,200,1
96,2025-12-11,44,250,1
97,2025-12-11,108,50,0
98,2025-12-11,106,100,0
99,2025-12-11,547,0,0
100,2025-12-11,75,100,1
101,2025-12-11,46,200,1
102,2025-12-11,95,200,1
103,2025-12-11,496,0,0
104,2025-12-11,225,200,1
105,2025-12-11,356,0,0
106,2025-12-11,678,0,0
107,2025-12-11,65,50,0
108,2025-12-11,146,0,0
109,2025-12-11,126,500,1
110,2025-12-11,181,100,0
111,2025-12-11,372,0,2
112,2025-12-11,439,0,1
113,2025-12-11,92,0,0
114,2025-12-11,42,400,2
115,2025-12-11,103,100,0
116,2025-12-11,148,200,0
117,2025-12-11,608,0,1
118,2025-12-11,183,200,0
119,2025-12-11,217,100,1
120,2025-12-11,30,500,0
1,2025-12-12,0,300,0
2,2025-12-12,151,200,1
3,2025-12-12,77,200,1
4,2025-12-12,34,200,1
5,2025-12-12,45,50,0
6,2025-12-12,97,400,0
7,2025-12-12,612,0,0
8,2025-12-12,76,300,0
9,2025-12-12,59,200,0
10,2025-12-12,91,100,0
11,2025-12-12,516,0,2
12,2025-12-12,173,50,1
13,2025-12-12,494,0,1
14,2025-12-12,12,300,0
15,2025-12-12,123,0,0
16,2025-12-12,497,0,0
17,2025-12-12,60,200,1
18,2025-12-12,538,0,1
19,2025-12-12,492,0,9
20,2025-12-12,0,400,0
21,2025-12-12,43,300,1
22,2025-12-12,94,0,0
23,2025-12-12,120,200,0
24,2025-12-12,65,300,1
25,2025-12-12,0,300,0
26,2025-12-12,159,0,0
27,2025-12-12,500,0,3
28,2025-12-12,154,200,1
29,2025-12-12,44,200,0
30,2025-12-12,153,500,0
31,2025-12-12,55,100,0
32,2025-12-12,224,0,0
33,2025-12-12,119,100,0
34,2025-12-12,281,0,0
35,2025-12-12,267,0,0
36,2025-12-12,361,0,7
37,2025-12-12,127,0,0
38,2025-12-12,143,0,0
39,2025-12-12,60,150,0
40,2025-12-12,34,200,1
41,2025-12-12,146,100,0
42,2025-12-12,54,100,0
43,2025-12-12,8,100,0
44,2025-12-12,338,0,0
45,2025-12-12,209,200,0
46,2025-12-12,386,0,1
47,2025-12-12,499,0,0
48,2025-12-12,636,0,0
49,2025-12-12,40,50,0
50,2025-12-12,408,0,0
51,2025-12-12,183,200,1
52,2025-12-12,138,200,2
53,2025-12-12,13,100,0
54,2025-12-12,0,200,0
55,2025-12-12,109,150,0
56,2025-12-12,567,0,1
57,2025-12-12,0,253,0
58,2025-12-12,59,150,1
59,2025-12-12,96,0,0
60,2025-12-12,117,100,1
61,2025-12-12,94,200,0
62,2025-12-12,57,200,1
63,2025-12-12,111,50,0
64,2025-12-12,276,200,1
65,2025-12-12,0,300,0
66,2025-12-12,121,100,0
67,2025-12-12,88,500,0
68,2025-12-12,78,200,0
69,2025-12-12,447,0,2
70,2025-12-12,140,0,0
71,2025-12-12,21,150,1
72,2025-12-12,141,0,0
73,2025-12-12,132,0,0
74,2025-12-12,141,0,0
75,2025-12-12,583,0,0
76,2025-12-12,369,0,1
77,2025-12-12,233,0,0
78,2025-12-12,136,200,1
79,2025-12-12,87,300,1
80,2025-12-12,106,0,0
81,2025-12-12,201,50,2
82,2025-12-12,110,50,1
83,2025-12-12,27,500,0
84,2025-12-12,48,200,1
85,2025-12-12,132,0,0
86,2025-12-12,288,0,1
87,2025-12-12,155,0,0
88,2025-12-12,268,0,0
89,2025-12-12,213,0,0
90,2025-12-12,61,200,1
91,2025-12-12,86,200,0
92,2025-12-12,148,100,1
93,2025-12-12,63,400,0
94,2025-12-12,303,0,2
95,2025-12-12,67,200,0
96,2025-12-12,73,250,2
97,2025-12-12,104,50,0
98,2025-12-12,99,100,0
99,2025-12-12,542,0,0
100,2025-12-12,72,100,0
101,2025-12-12,87,150,0
102,2025-12-12,82,200,1
103,2025-12-12,493,0,0
104,2025-12-12,211,200,1
105,2025-12-12,351,0,0
106,2025-12-12,673,0,0
107,2025-12-12,59,100,0
108,2025-12-12,137,0,1
109,2025-12-12,116,500,0
110,2025-12-12,171,100,1
111,2025-12-12,368,0,0
112,2025-12-12,422,0,0
113,2025-12-12,88,0,0
114,2025-12-12,27,400,1
115,2025-12-12,95,100,0
116,2025-12-12,142,200,0
117,2025-12-12,601,0,0
118,2025-12-12,168,200,0
119,2025-12-12,202,100,2
120,2025-12-12,523,0,0
1,2025-12-13,75,200,1
2,2025-12-13,135,200,1
3,2025-12-13,49,250,2
4,2025-12-13,34,200,0
5,2025-12-13,43,50,0
6,2025-12-13,52,400,4
7,2025-12-13,606,0,0
8,2025-12-13,159,200,0
9,2025-12-13,53,200,0
10,2025-12-13,84,100,0
11,2025-12-13,502,0,1
12,2025-12-13,166,50,0
13,2025-12-13,474,0,2
14,2025-12-13,0,300,0
15,2025-12-13,118,0,0
16,2025-12-13,491,0,0
17,2025-12-13,51,200,0
18,2025-12-13,519,0,2
19,2025-12-13,488,0,0
20,2025-12-13,0,400,0
21,2025-12-13,17,300,3
22,2025-12-13,85,0,0
23,2025-12-13,95,200,2
24,2025-12-13,48,300,2
25,2025-12-13,0,300,0
26,2025-12-13,149,0,1
27,2025-12-13,489,0,1
28,2025-12-13,134,200,2
29,2025-12-13,42,200,0
30,2025-12-13,138,500,0
31,2025-12-13,51,100,0
32,2025-12-13,221,0,0
33,2025-12-13,105,100,1
34,2025-12-13,274,0,0
35,2025-12-13,264,0,0
36,2025-12-13,351,0,0
37,2025-12-13,124,0,0
38,2025-12-13,139,0,0
39,2025-12-13,51,150,0
40,2025-12-13,23,200,0
41,2025-12-13,130,100,2
42,2025-12-13,44,100,1
43,2025-12-13,4,200,0
44,2025-12-13,334,0,0
45,2025-12-13,200,200,0
46,2025-12-13,371,0,0
47,2025-12-13,482,0,2
48,2025-12-13,629,0,0
49,2025-12-13,37,50,0
50,2025-12-13,399,0,1
51,2025-12-13,178,200,0
52,2025-12-13,325,0,1
53,2025-12-13,13,100,0
54,2025-12-13,0,200,0
55,2025-12-13,91,150,1
56,2025-12-13,567,0,14
57,2025-12-13,0,253,0
58,2025-12-13,52,150,0
59,2025-12-13,95,0,0
60,2025-12-13,91,100,3
61,2025-12-13,78,200,1
62,2025-12-13,54,200,0
63,2025-12-13,103,50,0
64,2025-12-13,260,200,0
65,2025-12-13,0,300,0
66,2025-12-13,98,100,1
67,2025-12-13,69,500,1
68,2025-12-13,64,200,0
69,2025-12-13,423,0,2
70,2025-12-13,137,0,0
71,2025-12-13,61,100,1
72,2025-12-13,137,0,0
73,2025-12-13,130,0,0
74,2025-12-13,132,500,0
75,2025-12-13,563,0,2
76,2025-12-13,352,0,1
77,2025-12-13,230,0,0
78,2025-12-13,113,200,2
79,2025-12-13,65,300,1
80,2025-12-13,103,0,0
81,2025-12-13,191,50,1
82,2025-12-13,103,100,0
83,2025-12-13,10,500,0
84,2025-12-13,38,200,0
85,2025-12-13,127,0,0
86,2025-12-13,269,0,1
87,2025-12-13,146,0,0
88,2025-12-13,258,0,1
89,2025-12-13,205,0,0
90,2025-12-13,48,200,1
91,2025-12-13,74,200,1
92,2025-12-13,121,100,3
93,2025-12-13,49,400,0
94,2025-12-13,285,0,1
95,2025-12-13,59,200,0
96,2025-12-13,73,250,1
97,2025-12-13,100,50,0
98,2025-12-13,91,100,0
99,2025-12-13,538,0,0
100,2025-12-13,62,200,0
101,2025-12-13,71,150,2
102,2025-12-13,73,200,0
103,2025-12-13,491,0,0
104,2025-12-13,183,200,3
105,2025-12-13,348,0,0
106,2025-12-13,667,0,0
107,2025-12-13,49,100,0
108,2025-12-13,126,200,0
109,2025-12-13,105,500,0
110,2025-12-13,267,0,0
111,2025-12-13,359,0,0
112,2025-12-13,411,0,1
113,2025-12-13,85,0,0
114,2025-12-13,12,400,2
115,2025-12-13,90,100,0
116,2025-12-13,135,200,0
117,2025-12-13,577,0,1
118,2025-12-13,158,200,1
119,2025-12-13,188,100,2
120,2025-12-13,519,0,0
1,2025-12-14,62,300,1
2,2025-12-14,125,200,0
3,2025-12-14,31,300,2
4,2025-12-14,29,200,0
5,2025-12-14,43,50,0
6,2025-12-14,27,400,3
7,2025-12-14,601,0,0
8,2025-12-14,142,200,1
9,2025-12-14,49,200,0
10,2025-12-14,69,200,1
11,2025-12-14,492,0,1
12,2025-12-14,151,100,2
13,2025-12-14,449,0,1
14,2025-12-14,0,300,0
15,2025-12-14,115,0,0
16,2025-12-14,481,0,0
17,2025-12-14,33,200,1
18,2025-12-14,506,0,0
19,2025-12-14,483,0,0
20,2025-12-14,0,400,0
21,2025-12-14,10,300,0
22,2025-12-14,85,200,2
23,2025-12-14,76,200,2
24,2025-12-14,21,300,1
25,2025-12-14,0,300,0
26,2025-12-14,144,0,0
27,2025-12-14,469,0,2
28,2025-12-14,121,200,1
29,2025-12-14,39,200,0
30,2025-12-14,622,0,1
31,2025-12-14,47,100,0
32,2025-12-14,217,0,0
33,2025-12-14,98,100,0
34,2025-12-14,266,0,1
35,2025-12-14,258,0,0
36,2025-12-14,343,0,0
37,2025-12-14,120,0,0
38,2025-12-14,137,0,0
39,2025-12-14,96,100,0
40,2025-12-14,117,100,0
41,2025-12-14,130,100,2
42,2025-12-14,38,100,0
43,2025-12-14,0,200,0
44,2025-12-14,328,0,0
45,2025-12-14,175,200,2
46,2025-12-14,360,0,1
47,2025-12-14,466,0,0
48,2025-12-14,613,0,0
49,2025-12-14,33,50,0
50,2025-12-14,397,0,0
51,2025-12-14,159,200,1
52,2025-12-14,310,0,1
53,2025-12-14,9,100,0
54,2025-12-14,0,200,0
55,2025-12-14,130,100,1
56,2025-12-14,557,0,0
57,2025-12-14,27,253,2
58,2025-12-14,39,200,0
59,2025-12-14,91,0,0
60,2025-12-14,74,150,2
61,2025-12-14,109,150,2
62,2025-12-14,45,200,0
63,2025-12-14,95,50,0
64,2025-12-14,246,200,1
65,2025-12-14,0,300,0
66,2025-12-14,87,150,1
67,2025-12-14,64,500,0
68,2025-12-14,56,200,0
69,2025-12-14,413,0,1
70,2025-12-14,130,0,0
71,2025-12-14,54,150,0
72,2025-12-14,128,0,0
73,2025-12-14,128,0,0
74,2025-12-14,122,500,1
75,2025-12-14,552,0,1
76,2025-12-14,336,0,1
77,2025-12-14,225,0,0
78,2025-12-14,102,200,0
79,2025-12-14,47,300,1
80,2025-12-14,102,0,0
81,2025-12-14,174,50,0
82,2025-12-14,86,100,1
83,2025-12-14,2,500,0
84,2025-12-14,27,200,1
85,2025-12-14,123,0,0
86,2025-12-14,259,0,0
87,2025-12-14,140,0,0
88,2025-12-14,251,0,0
89,2025-12-14,201,0,0
90,2025-12-14,30,200,2
91,2025-12-14,253,100,2
92,2025-12-14,102,200,1
93,2025-12-14,38,400,0
94,2025-12-14,265,0,1
95,2025-12-14,49,200,0
96,2025-12-14,102,200,3
97,2025-12-14,91,50,0
98,2025-12-14,64,200,2
99,2025-12-14,527,0,1
100,2025-12-14,51,200,0
101,2025-12-14,95,150,2
102,2025-12-14,63,200,0
103,2025-12-14,487,0,0
104,2025-12-14,172,200,0
105,2025-12-14,343,0,0
106,2025-12-14,662,0,0
107,2025-12-14,35,100,1
108,2025-12-14,120,200,0
109,2025-12-14,589,0,1
110,2025-12-14,257,0,1
111,2025-12-14,345,0,1
112,2025-12-14,399,0,1
113,2025-12-14,81,0,0
114,2025-12-14,6,400,0
115,2025-12-14,81,100,0
116,2025-12-14,121,200,2
117,2025-12-14,567,0,0
118,2025-12-14,341,0,1
119,2025-12-14,175,100,1
120,2025-12-14,508,0,0
1,2025-12-15,38,300,2
2,2025-12-15,112,200,1
3,2025-12-15,15,300,0
4,2025-12-15,26,200,0
5,2025-12-15,40,50,0
6,2025-12-15,11,400,1
7,2025-12-15,601,0,12
8,2025-12-15,230,100,0
9,2025-12-15,38,200,1
10,2025-12-15,55,200,1
11,2025-12-15,489,0,0
12,2025-12-15,138,100,1
13,2025-12-15,437,0,0
14,2025-12-15,0,300,0
15,2025-12-15,101,0,1
16,2025-12-15,473,0,0
17,2025-12-15,26,200,1
18,2025-12-15,493,0,1
19,2025-12-15,477,0,0
20,2025-12-15,0,400,0
21,2025-12-15,0,300,0
22,2025-12-15,79,200,0
23,2025-12-15,66,250,0
24,2025-12-15,0,300,0
25,2025-12-15,0,300,0
26,2025-12-15,144,0,1
27,2025-12-15,452,0,2
28,2025-12-15,277,0,1
29,2025-12-15,235,0,0
30,2025-12-15,612,0,0
31,2025-12-15,44,100,0
32,2025-12-15,213,0,0
33,2025-12-15,80,100,2
34,2025-12-15,257,0,0
35,2025-12-15,256,0,0
36,2025-12-15,329,0,1
37,2025-12-15,117,0,0
38,2025-12-15,136,0,0
39,2025-12-15,90,100,0
40,2025-12-15,102,100,1
41,2025-12-15,130,100,3
42,2025-12-15,30,100,0
43,2025-12-15,0,200,0
44,2025-12-15,319,0,1
45,2025-12-15,359,0,2
46,2025-12-15,352,0,1
47,2025-12-15,452,0,1
48,2025-12-15,596,0,2
49,2025-12-15,33,50,0
50,2025-12-15,395,0,0
51,2025-12-15,142,200,0
52,2025-12-15,288,0,2
53,2025-12-15,0,100,0
54,2025-12-15,0,200,0
55,2025-12-15,97,150,3
56,2025-12-15,550,0,0
57,2025-12-15,11,253,0
58,2025-12-15,31,200,0
59,2025-12-15,88,0,0
60,2025-12-15,64,150,1
61,2025-12-15,98,150,0
62,2025-12-15,45,200,0
63,2025-12-15,90,50,0
64,2025-12-15,225,200,2
65,2025-12-15,87,200,1
66,2025-12-15,76,150,1
67,2025-12-15,58,500,0
68,2025-12-15,41,200,1
69,2025-12-15,394,0,1
70,2025-12-15,123,0,0
71,2025-12-15,93,100,0
72,2025-12-15,125,0,0
73,2025-12-15,122,0,0
74,2025-12-15,110,500,0
75,2025-12-15,547,0,0
76,2025-12-15,336,0,5
77,2025-12-15,224,0,0
78,2025-12-15,292,0,1
79,2025-12-15,28,300,0
80,2025-12-15,97,0,0
81,2025-12-15,161,100,1
82,2025-12-15,79,100,0
83,2025-12-15,0,500,0
84,2025-12-15,17,200,0
85,2025-12-15,120,0,0
86,2025-12-15,250,0,1
87,2025-12-15,123,0,0
88,2025-12-15,238,0,1
89,2025-12-15,198,0,0
90,2025-12-15,26,200,0
91,2025-12-15,252,100,0
92,2025-12-15,89,200,1
93,2025-12-15,37,400,0
94,2025-12-15,254,200,0
95,2025-12-15,37,200,1
96,2025-12-15,77,200,3
97,2025-12-15,80,50,1
98,2025-12-15,61,200,0
99,2025-12-15,525,0,0
100,2025-12-15,45,200,0
101,2025-12-15,129,100,1
102,2025-12-15,51,200,0
103,2025-12-15,480,0,0
104,2025-12-15,356,0,1
105,2025-12-15,339,0,0
106,2025-12-15,657,0,0
107,2025-12-15,33,100,0
108,2025-12-15,118,200,0
109,2025-12-15,578,0,0
110,2025-12-15,246,0,1
111,2025-12-15,313,0,1
112,2025-12-15,394,0,0
113,2025-12-15,78,0,0
114,2025-12-15,0,400,0
115,2025-12-15,74,100,0
116,2025-12-15,103,200,1
117,2025-12-15,558,0,1
118,2025-12-15,326,0,1
119,2025-12-15,157,200,1
120,2025-12-15,497,0,0
1,2025-12-16,10,300,1
2,2025-12-16,95,200,1
3,2025-12-16,43,250,2
4,2025-12-16,23,200,0
5,2025-12-16,88,0,0
6,2025-12-16,0,400,0
7,2025-12-16,600,0,0
8,2025-12-16,217,100,0
9,2025-12-16,36,200,0
10,2025-12-16,34,200,1
11,2025-12-16,479,0,1
12,2025-12-16,129,100,1
13,2025-12-16,420,0,1
14,2025-12-16,0,300,0
15,2025-12-16,98,0,0
16,2025-12-16,462,0,1
17,2025-12-16,9,200,2
18,2025-12-16,482,0,1
19,2025-12-16,464,0,1
20,2025-12-16,0,400,0
21,2025-12-16,0,300,0
22,2025-12-16,75,200,0
23,2025-12-16,98,200,1
24,2025-12-16,184,100,1
25,2025-12-16,0,300,0
26,2025-12-16,137,0,0
27,2025-12-16,436,0,1
28,2025-12-16,258,0,1
29,2025-12-16,234,0,0
30,2025-12-16,606,0,0
31,2025-12-16,42,100,0
32,2025-12-16,207,0,0
33,2025-12-16,176,100,0
34,2025-12-16,247,0,0
35,2025-12-16,254,0,0
36,2025-12-16,321,0,0
37,2025-12-16,111,0,0
38,2025-12-16,131,0,0
39,2025-12-16,77,100,1
40,2025-12-16,94,200,1
41,2025-12-16,122,100,0
42,2025-12-16,72,50,0
43,2025-12-16,87,100,0
44,2025-12-16,312,0,1
45,2025-12-16,350,0,1
46,2025-12-16,346,0,0
47,2025-12-16,444,0,0
48,2025-12-16,582,0,1
49,2025-12-16,31,50,0
50,2025-12-16,389,0,0
51,2025-12-16,136,200,0
52,2025-12-16,268,200,2
53,2025-12-16,0,150,0
54,2025-12-16,0,200,0
55,2025-12-16,147,100,2
56,2025-12-16,538,0,0
57,2025-12-16,1,253,0
58,2025-12-16,21,200,0
59,2025-12-16,85,0,0
60,2025-12-16,58,150,0
61,2025-12-16,85,200,1
62,2025-12-16,34,200,1
63,2025-12-16,78,50,1
64,2025-12-16,211,200,0
65,2025-12-16,67,200,1
66,2025-12-16,57,200,2
67,2025-12-16,553,0,0
68,2025-12-16,25,400,0
69,2025-12-16,379,0,0
70,2025-12-16,120,0,0
71,2025-12-16,84,100,1
72,2025-12-16,118,0,0
73,2025-12-16,120,0,0
74,2025-12-16,103,500,0
75,2025-12-16,535,0,1
76,2025-12-16,324,0,1
77,2025-12-16,223,0,0
78,2025-12-16,280,0,1
79,2025-12-16,111,200,0
80,2025-12-16,95,0,0
81,2025-12-16,155,100,0
82,2025-12-16,125,50,0
83,2025-12-16,0,500,0
84,2025-12-16,12,200,0
85,2025-12-16,116,0,0
86,2025-12-16,238,0,1
87,2025-12-16,112,500,0
88,2025-12-16,230,0,1
89,2025-12-16,194,0,0
90,2025-12-16,17,200,0
91,2025-12-16,243,100,0
92,2025-12-16,72,200,0
93,2025-12-16,33,400,0
94,2025-12-16,242,200,1
95,2025-12-16,30,200,0
96,2025-12-16,64,250,1
97,2025-12-16,75,50,0
98,2025-12-16,50,200,0
99,2025-12-16,521,0,0
100,2025-12-16,34,200,0
101,2025-12-16,120,100,0
102,2025-12-16,45,200,0
103,2025-12-16,474,0,0
104,2025-12-16,333,0,2
105,2025-12-16,331,0,0
106,2025-12-16,653,0,0
107,2025-12-16,22,100,1
108,2025-12-16,116,200,0
109,2025-12-16,575,0,0
110,2025-12-16,239,0,0
111,2025-12-16,297,0,1
112,2025-12-16,383,0,1
113,2025-12-16,75,0,0
114,2025-12-16,0,400,0
115,2025-12-16,64,100,0
116,2025-12-16,92,200,1
117,2025-12-16,542,0,0
118,2025-12-16,302,0,0
119,2025-12-16,130,200,2
120,2025-12-16,491,0,0
1,2025-12-17,0,300,0
2,2025-12-17,77,200,2
3,2025-12-17,28,300,1
4,2025-12-17,19,200,0
5,2025-12-17,88,0,2
6,2025-12-17,0,400,0
7,2025-12-17,598,0,0
8,2025-12-17,184,100,2
9,2025-12-17,34,200,0
10,2025-12-17,128,100,0
11,2025-12-17,466,0,1
12,2025-12-17,125,100,0
13,2025-12-17,413,0,0
14,2025-12-17,0,300,0
15,2025-12-17,95,0,0
16,2025-12-17,451,0,1
17,2025-12-17,3,300,0
18,2025-12-17,462,0,2
19,2025-12-17,461,0,0
20,2025-12-17,0,400,0
21,2025-12-17,0,300,0
22,2025-12-17,66,200,1
23,2025-12-17,129,150,1
24,2025-12-17,169,100,2
25,2025-12-17,0,300,0
26,2025-12-17,124,0,1
27,2025-12-17,419,0,1
28,2025-12-17,243,0,1
29,2025-12-17,231,0,0
30,2025-12-17,595,0,0
31,2025-12-17,139,0,0
32,2025-12-17,203,0,0
33,2025-12-17,169,100,0
34,2025-12-17,237,0,1
35,2025-12-17,251,0,0
36,2025-12-17,309,0,1
37,2025-12-17,109,0,0
38,2025-12-17,126,0,0
39,2025-12-17,66,100,0
40,2025-12-17,84,200,0
41,2025-12-17,109,100,0
42,2025-12-17,65,50,0
43,2025-12-17,79,100,0
44,2025-12-17,305,0,0
45,2025-12-17,334,0,1
46,2025-12-17,333,0,1
47,2025-12-17,436,0,1
48,2025-12-17,571,0,1
49,2025-12-17,77,0,0
50,2025-12-17,384,0,0
51,2025-12-17,117,200,0
52,2025-12-17,240,200,3
53,2025-12-17,0,150,0
54,2025-12-17,0,200,0
55,2025-12-17,133,100,1
56,2025-12-17,532,0,0
57,2025-12-17,0,253,0
58,2025-12-17,1,200,0
59,2025-12-17,83,0,0
60,2025-12-17,49,150,0
61,2025-12-17,125,150,1
62,2025-12-17,24,200,1
63,2025-12-17,69,100,0
64,2025-12-17,197,200,2
65,2025-12-17,53,200,1
66,2025-12-17,51,200,0
67,2025-12-17,542,0,0
68,2025-12-17,13,400,1
69,2025-12-17,371,0,0
70,2025-12-17,116,0,0
71,2025-12-17,123,100,1
72,2025-12-17,112,0,0
73,2025-12-17,118,0,0
74,2025-12-17,596,0,0
75,2025-12-17,520,0,2
76,2025-12-17,308,0,1
77,2025-12-17,222,0,0
78,2025-12-17,270,0,1
79,2025-12-17,94,300,2
80,2025-12-17,92,0,0
81,2025-12-17,193,50,1
82,2025-12-17,120,50,0
83,2025-12-17,0,500,0
84,2025-12-17,98,100,0
85,2025-12-17,114,0,0
86,2025-12-17,226,0,0
87,2025-12-17,108,500,0
88,2025-12-17,227,0,0
89,2025-12-17,188,0,0
90,2025-12-17,6,200,1
91,2025-12-17,229,100,1
92,2025-12-17,156,100,1
93,2025-12-17,19,400,1
94,2025-12-17,230,200,0
95,2025-12-17,24,200,0
96,2025-12-17,54,250,0
97,2025-12-17,67,100,0
98,2025-12-17,42,200,1
99,2025-12-17,516,0,0
100,2025-12-17,34,200,0
101,2025-12-17,105,150,2
102,2025-12-17,132,100,0
103,2025-12-17,471,0,0
104,2025-12-17,322,0,1
105,2025-12-17,330,0,0
106,2025-12-17,648,0,0
107,2025-12-17,16,100,0
108,2025-12-17,107,200,1
109,2025-12-17,566,0,1
110,2025-12-17,224,0,0
111,2025-12-17,285,0,0
112,2025-12-17,373,0,1
113,2025-12-17,73,0,0
114,2025-12-17,0,400,0
115,2025-12-17,154,0,0
116,2025-12-17,88,200,0
117,2025-12-17,540,0,0
118,2025-12-17,297,0,0
119,2025-12-17,108,200,2
120,2025-12-17,485,0,0
1,2025-12-18,32,300,1
2,2025-12-18,67,200,0
3,2025-12-18,13,300,1
4,2025-12-18,18,200,0
5,2025-12-18,85,0,0
6,2025-12-18,0,400,0
7,2025-12-18,593,0,0
8,2025-12-18,171,100,1
9,2025-12-18,27,200,0
10,2025-12-18,120,100,0
11,2025-12-18,453,0,0
12,2025-12-18,108,100,2
13,2025-12-18,383,0,1
14,2025-12-18,27,250,2
15,2025-12-18,90,0,0
16,2025-12-18,445,0,0
17,2025-12-18,0,300,0
18,2025-12-18,441,0,2
19,2025-12-18,456,0,0
20,2025-12-18,191,200,0
21,2025-12-18,91,200,1
22,2025-12-18,63,200,0
23,2025-12-18,106,150,2
24,2025-12-18,146,200,1
25,2025-12-18,0,300,0
26,2025-12-18,117,0,0
27,2025-12-18,408,0,1
28,2025-12-18,233,200,1
29,2025-12-18,229,0,0
30,2025-12-18,577,0,1
31,2025-12-18,134,0,0
32,2025-12-18,201,0,0
33,2025-12-18,158,100,0
34,2025-12-18,234,0,0
35,2025-12-18,247,0,0
36,2025-12-18,304,0,0
37,2025-12-18,106,0,0
38,2025-12-18,125,0,0
39,2025-12-18,105,100,1
40,2025-12-18,169,100,1
41,2025-12-18,103,100,0
42,2025-12-18,59,100,0
43,2025-12-18,75,100,0
44,2025-12-18,300,0,0
45,2025-12-18,321,0,1
46,2025-12-18,328,0,0
47,2025-12-18,422,0,1
48,2025-12-18,567,0,0
49,2025-12-18,74,0,0
50,2025-12-18,379,0,0
51,2025-12-18,93,200,2
52,2025-12-18,226,200,1
53,2025-12-18,0,150,0
54,2025-12-18,0,200,0
55,2025-12-18,117,150,0
56,2025-12-18,527,0,0
57,2025-12-18,45,203,0
58,2025-12-18,0,200,0
59,2025-12-18,80,0,0
60,2025-12-18,43,150,0
61,2025-12-18,112,150,1
62,2025-12-18,16,200,0
63,2025-12-18,60,100,0
64,2025-12-18,179,200,1
65,2025-12-18,45,300,0
66,2025-12-18,51,200,1
67,2025-12-18,536,0,0
68,2025-12-18,0,400,0
69,2025-12-18,358,0,0
70,2025-12-18,111,0,0
71,2025-12-18,111,100,0
72,2025-12-18,103,0,0
73,2025-12-18,115,0,0
74,2025-12-18,579,0,2
75,2025-12-18,503,0,2
76,2025-12-18,287,0,0
77,2025-12-18,221,0,0
78,2025-12-18,260,200,0
79,2025-12-18,79,300,1
80,2025-12-18,89,0,0
81,2025-12-18,182,50,1
82,2025-12-18,105,100,1
83,2025-12-18,0,500,0
84,2025-12-18,90,200,0
85,2025-12-18,111,0,0
86,2025-12-18,212,0,1
87,2025-12-18,100,500,0
88,2025-12-18,223,0,0
89,2025-12-18,180,0,0
90,2025-12-18,0,200,0
91,2025-12-18,210,100,1
92,2025-12-18,136,100,2
93,2025-12-18,0,400,0
94,2025-12-18,214,200,0
95,2025-12-18,119,100,0
96,2025-12-18,29,250,2
97,2025-12-18,113,50,0
98,2025-12-18,230,0,1
99,2025-12-18,509,0,0
100,2025-12-18,26,200,0
101,2025-12-18,95,150,0
102,2025-12-18,215,0,2
103,2025-12-18,467,0,0
104,2025-12-18,307,0,1
105,2025-12-18,325,0,0
106,2025-12-18,644,0,0
107,2025-12-18,10,150,0
108,2025-12-18,93,200,1
109,2025-12-18,556,0,0
110,2025-12-18,212,0,1
111,2025-12-18,276,0,0
112,2025-12-18,353,0,1
113,2025-12-18,70,0,0
114,2025-12-18,0,400,0
115,2025-12-18,145,0,1
116,2025-12-18,81,200,0
117,2025-12-18,519,0,3
118,2025-12-18,296,0,0
119,2025-12-18,198,100,1
120,2025-12-18,482,0,0
1,2025-12-19,20,300,1
2,2025-12-19,43,400,1
3,2025-12-19,0,300,0
4,2025-12-19,14,200,0
5,2025-12-19,82,0,0
6,2025-12-19,0,400,0
7,2025-12-19,591,0,0
8,2025-12-19,160,200,0
9,2025-12-19,22,200,0
10,2025-12-19,113,100,0
11,2025-12-19,447,0,0
12,2025-12-19,99,100,0
13,2025-12-19,366,0,0
14,2025-12-19,7,250,1
15,2025-12-19,86,0,0
16,2025-12-19,438,0,0
17,2025-12-19,0,300,0
18,2025-12-19,422,0,2
19,2025-12-19,452,0,0
20,2025-12-19,171,200,1
21,2025-12-19,72,200,1
22,2025-12-19,63,200,0
23,2025-12-19,83,200,2
24,2025-12-19,133,200,1
25,2025-12-19,84,200,1
26,2025-12-19,110,500,0
27,2025-12-19,394,0,1
28,2025-12-19,216,200,2
29,2025-12-19,226,0,0
30,2025-12-19,565,0,1
31,2025-12-19,130,0,0
32,2025-12-19,199,0,0
33,2025-12-19,148,100,1
34,2025-12-19,234,0,6
35,2025-12-19,244,0,0
36,2025-12-19,296,0,0
37,2025-12-19,104,0,0
38,2025-12-19,122,0,0
39,2025-12-19,91,100,1
40,2025-12-19,151,100,1
41,2025-12-19,94,100,0
42,2025-12-19,52,100,0
43,2025-12-19,69,100,0
44,2025-12-19,295,0,0
45,2025-12-19,300,0,1
46,2025-12-19,313,0,1
47,2025-12-19,420,0,0
48,2025-12-19,553,0,1
49,2025-12-19,72,0,0
50,2025-12-19,376,0,0
51,2025-12-19,85,200,1
52,2025-12-19,211,200,0
53,2025-12-19,44,100,0
54,2025-12-19,189,0,1
55,2025-12-19,97,150,2
56,2025-12-19,520,0,0
57,2025-12-19,34,253,1
58,2025-12-19,36,200,1
59,2025-12-19,76,0,0
60,2025-12-19,36,150,0
61,2025-12-19,103,150,0
62,2025-12-19,4,200,0
63,2025-12-19,50,100,1
64,2025-12-19,164,200,1
65,2025-12-19,31,300,1
66,2025-12-19,91,150,0
67,2025-12-19,530,0,0
68,2025-12-19,0,400,0
69,2025-12-19,348,0,0
70,2025-12-19,109,0,0
71,2025-12-19,105,100,0
72,2025-12-19,103,200,2
73,2025-12-19,108,0,0
74,2025-12-19,566,0,1
75,2025-12-19,496,0,0
76,2025-12-19,277,0,1
77,2025-12-19,219,0,0
78,2025-12-19,235,200,2
79,2025-12-19,54,300,2
80,2025-12-19,86,0,0
81,2025-12-19,172,50,1
82,2025-12-19,96,100,0
83,2025-12-19,0,500,0
84,2025-12-19,80,200,1
85,2025-12-19,108,0,0
86,2025-12-19,205,0,0
87,2025-12-19,89,500,1
88,2025-12-19,222,0,0
89,2025-12-19,174,0,0
90,2025-12-19,0,400,0
91,2025-12-19,208,100,0
92,2025-12-19,125,100,0
93,2025-12-19,0,400,0
94,2025-12-19,206,200,0
95,2025-12-19,110,100,0
96,2025-12-19,52,258,2
97,2025-12-19,106,50,0
98,2025-12-19,216,0,1
99,2025-12-19,507,0,0
100,2025-12-19,20,200,0
101,2025-12-19,135,100,0
102,2025-12-19,204,100,0
103,2025-12-19,463,0,0
104,2025-12-19,292,0,2
105,2025-12-19,322,0,0
106,2025-12-19,639,0,0
107,2025-12-19,5,150,0
108,2025-12-19,284,0,0
109,2025-12-19,552,0,0
110,2025-12-19,203,0,0
111,2025-12-19,256,500,2
112,2025-12-19,340,0,1
113,2025-12-19,68,0,0
114,2025-12-19,0,400,0
115,2025-12-19,140,0,0
116,2025-12-19,77,200,0
117,2025-12-19,500,0,2
118,2025-12-19,291,0,0
119,2025-12-19,278,0,0
120,2025-12-19,476,0,0
1,2025-12-20,8,300,1
2,2025-12-20,14,400,3
3,2025-12-20,0,300,0
4,2025-12-20,11,200,0
5,2025-12-20,80,0,0
6,2025-12-20,0,400,0
7,2025-12-20,588,0,0
8,2025-12-20,142,200,2
9,2025-12-20,14,200,0
10,2025-12-20,100,100,1
11,2025-12-20,447,0,9
12,2025-12-20,136,50,1
13,2025-12-20,346,0,1
14,2025-12-20,0,250,0
15,2025-12-20,83,0,0
16,2025-12-20,434,0,0
17,2025-12-20,87,200,0
18,2025-12-20,408,0,2
19,2025-12-20,446,0,0
20,2025-12-20,152,200,2
21,2025-12-20,50,300,1
22,2025-12-20,56,200,0
23,2025-12-20,67,250,1
24,2025-12-20,122,200,1
25,2025-12-20,62,200,0
26,2025-12-20,102,500,0
27,2025-12-20,386,0,1
28,2025-12-20,204,200,1
29,2025-12-20,225,0,0
30,2025-12-20,564,0,0
31,2025-12-20,128,0,0
32,2025-12-20,198,0,0
33,2025-12-20,135,100,1
34,2025-12-20,224,0,1
35,2025-12-20,241,0,0
36,2025-12-20,285,0,0
37,2025-12-20,102,0,0
38,2025-12-20,116,0,0
39,2025-12-20,82,100,1
40,2025-12-20,137,100,1
41,2025-12-20,86,200,0
42,2025-12-20,45,100,0
43,2025-12-20,62,100,0
44,2025-12-20,290,0,0
45,2025-12-20,288,200,1
46,2025-12-20,291,0,1
47,2025-12-20,412,0,1
48,2025-12-20,550,0,0
49,2025-12-20,70,0,0
50,2025-12-20,369,0,0
51,2025-12-20,83,200,0
52,2025-12-20,192,200,2
53,2025-12-20,39,100,0
54,2025-12-20,178,0,1
55,2025-12-20,132,150,1
56,2025-12-20,513,0,0
57,2025-12-20,33,253,0
58,2025-12-20,26,200,1
59,2025-12-20,73,0,0
60,2025-12-20,30,200,0
61,2025-12-20,87,150,1
62,2025-12-20,0,200,0
63,2025-12-20,42,100,0
64,2025-12-20,142,200,3
65,2025-12-20,22,300,1
66,2025-12-20,125,100,1
67,2025-12-20,520,0,0
68,2025-12-20,0,400,0
69,2025-12-20,337,0,0
70,2025-12-20,99,0,0
71,2025-12-20,89,100,1
72,2025-12-20,97,200,0
73,2025-12-20,105,0,0
74,2025-12-20,566,0,12
75,2025-12-20,482,0,1
76,2025-12-20,260,0,1
77,2025-12-20,217,0,0
78,2025-12-20,217,200,1
79,2025-12-20,32,300,2
80,2025-12-20,83,0,0
81,2025-12-20,207,50,1
82,2025-12-20,90,100,0
83,2025-12-20,0,500,0
84,2025-12-20,63,200,1
85,2025-12-20,107,0,0
86,2025-12-20,196,0,1
87,2025-12-20,78,500,0
88,2025-12-20,214,0,0
89,2025-12-20,168,0,0
90,2025-12-20,89,200,2
91,2025-12-20,192,100,1
92,2025-12-20,108,100,2
93,2025-12-20,0,400,0
94,2025-12-20,194,200,0
95,2025-12-20,107,100,0
96,2025-12-20,69,258,2
97,2025-12-20,97,50,1
98,2025-12-20,208,0,0
99,2025-12-20,498,0,1
100,2025-12-20,16,200,0
101,2025-12-20,129,100,0
102,2025-12-20,194,100,0
103,2025-12-20,458,0,0
104,2025-12-20,279,0,1
105,2025-12-20,317,0,0
106,2025-12-20,637,0,0
107,2025-12-20,0,150,0
108,2025-12-20,276,0,0
109,2025-12-20,544,0,0
110,2025-12-20,192,0,0
111,2025-12-20,244,500,1
112,2025-12-20,320,0,0
113,2025-12-20,65,0,0
114,2025-12-20,0,400,0
115,2025-12-20,138,0,0
116,2025-12-20,73,200,0
117,2025-12-20,490,0,1
118,2025-12-20,284,0,0
119,2025-12-20,258,0,1
120,2025-12-20,469,0,0
1,2025-12-21,0,300,0
2,2025-12-21,0,400,0
3,2025-12-21,76,200,2
4,2025-12-21,7,200,0
5,2025-12-21,77,0,0
6,2025-12-21,0,400,0
7,2025-12-21,585,0,0
8,2025-12-21,115,200,3
9,2025-12-21,8,200,0
10,2025-12-21,93,100,0
11,2025-12-21,445,0,0
12,2025-12-21,168,0,1
13,2025-12-21,326,0,1
14,2025-12-21,0,250,0
15,2025-12-21,75,100,1
16,2025-12-21,422,0,0
17,2025-12-21,80,200,0
18,2025-12-21,399,0,0
19,2025-12-21,442,0,0
20,2025-12-21,128,200,3
21,2025-12-21,108,200,0
22,2025-12-21,251,0,0
23,2025-12-21,54,250,1
24,2025-12-21,109,200,1
25,2025-12-21,47,300,1
26,2025-12-21,96,500,0
27,2025-12-21,371,0,1
28,2025-12-21,185,200,2
29,2025-12-21,222,0,0
30,2025-12-21,548,0,1
31,2025-12-21,124,0,0
32,2025-12-21,193,0,0
33,2025-12-21,205,0,0
34,2025-12-21,219,0,0
35,2025-12-21,238,0,0
36,2025-12-21,277,0,0
37,2025-12-21,99,0,0
38,2025-12-21,107,0,0
39,2025-12-21,78,100,0
40,2025-12-21,125,100,0
41,2025-12-21,84,200,0
42,2025-12-21,36,100,0
43,2025-12-21,56,100,0
44,2025-12-21,288,0,0
45,2025-12-21,272,200,0
46,2025-12-21,290,0,0
47,2025-12-21,396,0,1
48,2025-12-21,541,0,1
49,2025-12-21,67,0,0
50,2025-12-21,366,0,0
51,2025-12-21,70,200,1
52,2025-12-21,168,200,2
53,2025-12-21,34,100,0
54,2025-12-21,167,0,1
55,2025-12-21,182,100,3
56,2025-12-21,509,0,0
57,2025-12-21,17,253,2
58,2025-12-21,19,200,0
59,2025-12-21,66,200,0
60,2025-12-21,15,200,1
61,2025-12-21,119,100,1
62,2025-12-21,0,200,0
63,2025-12-21,38,100,0
64,2025-12-21,119,200,3
65,2025-12-21,17,300,0
66,2025-12-21,115,100,1
67,2025-12-21,503,0,2
68,2025-12-21,0,400,0
69,2025-12-21,317,0,2
70,2025-12-21,93,0,0
71,2025-12-21,83,150,0
72,2025-12-21,88,200,1
73,2025-12-21,101,0,0
74,2025-12-21,562,0,0
75,2025-12-21,453,0,3
76,2025-12-21,249,0,1
77,2025-12-21,215,0,0
78,2025-12-21,200,200,1
79,2025-12-21,20,300,0
80,2025-12-21,81,0,0
81,2025-12-21,200,50,0
82,2025-12-21,82,100,1
83,2025-12-21,0,500,0
84,2025-12-21,48,200,1
85,2025-12-21,106,0,0
86,2025-12-21,176,200,0
87,2025-12-21,571,0,1
88,2025-12-21,210,0,0
89,2025-12-21,161,0,0
90,2025-12-21,79,200,1
91,2025-12-21,185,100,0
92,2025-12-21,97,200,1
93,2025-12-21,0,400,0
94,2025-12-21,158,200,3
95,2025-12-21,101,100,0
96,2025-12-21,63,258,0
97,2025-12-21,92,50,0
98,2025-12-21,204,0,0
99,2025-12-21,492,0,0
100,2025-12-21,4,200,0
101,2025-12-21,121,100,0
102,2025-12-21,186,100,0
103,2025-12-21,455,0,0
104,2025-12-21,271,0,1
105,2025-12-21,310,0,0
106,2025-12-21,632,0,0
107,2025-12-21,0,150,0
108,2025-12-21,274,0,0
109,2025-12-21,513,0,4
110,2025-12-21,178,100,1
111,2025-12-21,233,500,0
112,2025-12-21,295,0,0
113,2025-12-21,62,0,0
114,2025-12-21,0,400,0
115,2025-12-21,130,0,0
116,2025-12-21,48,200,3
117,2025-12-21,481,0,1
118,2025-12-21,264,0,1
119,2025-12-21,240,100,1
120,2025-12-21,460,0,0
1,2025-12-22,0,300,0
2,2025-12-22,0,400,0
3,2025-12-22,171,100,0
4,2025-12-22,0,200,0
5,2025-12-22,75,0,0
6,2025-12-22,0,400,0
7,2025-12-22,585,0,11
8,2025-12-22,98,200,0
9,2025-12-22,2,200,0
10,2025-12-22,90,200,0
11,2025-12-22,424,0,2
12,2025-12-22,159,50,0
13,2025-12-22,314,0,0
14,2025-12-22,0,300,0
15,2025-12-22,70,100,0
16,2025-12-22,415,0,0
17,2025-12-22,70,200,1
18,2025-12-22,384,0,2
19,2025-12-22,438,0,0
20,2025-12-22,115,200,1
21,2025-12-22,101,200,0
22,2025-12-22,244,0,0
23,2025-12-22,25,250,3
24,2025-12-22,92,200,0
25,2025-12-22,35,300,0
26,2025-12-22,89,500,0
27,2025-12-22,349,0,1
28,2025-12-22,174,200,0
29,2025-12-22,218,0,0
30,2025-12-22,538,0,0
31,2025-12-22,122,0,0
32,2025-12-22,189,0,0
33,2025-12-22,191,0,1
34,2025-12-22,210,0,1
35,2025-12-22,236,0,0
36,2025-12-22,272,0,0
37,2025-12-22,95,0,0
38,2025-12-22,102,0,0
39,2025-12-22,69,150,0
40,2025-12-22,115,100,0
41,2025-12-22,70,200,1
42,2025-12-22,28,100,0
43,2025-12-22,52,100,0
44,2025-12-22,280,0,0
45,2025-12-22,254,200,1
46,2025-12-22,260,500,3
47,2025-12-22,386,0,0
48,2025-12-22,525,0,1
49,2025-12-22,64,0,0
50,2025-12-22,365,0,0
51,2025-12-22,52,200,2
52,2025-12-22,147,200,2
53,2025-12-22,30,100,0
54,2025-12-22,156,200,1
55,2025-12-22,156,150,1
56,2025-12-22,503,0,0
57,2025-12-22,0,253,0
58,2025-12-22,14,200,0
59,2025-12-22,63,200,0
60,2025-12-22,2,200,0
61,2025-12-22,106,150,1
62,2025-12-22,0,200,0
63,2025-12-22,25,150,0
64,2025-12-22,112,400,0
65,2025-12-22,4,300,1
66,2025-12-22,151,50,0
67,2025-12-22,498,0,0
68,2025-12-22,182,200,1
69,2025-12-22,303,0,1
70,2025-12-22,89,0,0
71,2025-12-22,126,100,0
72,2025-12-22,83,200,0
73,2025-12-22,101,0,2
74,2025-12-22,551,0,1
75,2025-12-22,436,0,1
76,2025-12-22,237,500,1
77,2025-12-22,214,0,0
78,2025-12-22,175,200,3
79,2025-12-22,9,300,1
80,2025-12-22,77,0,0
81,2025-12-22,187,100,1
82,2025-12-22,75,100,0
83,2025-12-22,0,500,0
84,2025-12-22,34,200,1
85,2025-12-22,101,0,0
86,2025-12-22,165,200,1
87,2025-12-22,569,0,0
88,2025-12-22,197,0,1
89,2025-12-22,153,0,0
90,2025-12-22,268,0,1
91,2025-12-22,169,100,1
92,2025-12-22,91,200,0
93,2025-12-22,0,400,0
94,2025-12-22,143,200,1
95,2025-12-22,83,100,2
96,2025-12-22,41,258,0
97,2025-12-22,82,50,1
98,2025-12-22,192,0,0
99,2025-12-22,490,0,0
100,2025-12-22,0,200,0
101,2025-12-22,111,150,0
102,2025-12-22,174,100,1
103,2025-12-22,452,0,0
104,2025-12-22,258,0,1
105,2025-12-22,303,0,0
106,2025-12-22,625,0,0
107,2025-12-22,0,150,0
108,2025-12-22,259,0,2
109,2025-12-22,511,0,0
110,2025-12-22,167,100,1
111,2025-12-22,225,500,0
112,2025-12-22,283,0,0
113,2025-12-22,58,0,0
114,2025-12-22,183,200,1
115,2025-12-22,126,0,0
116,2025-12-22,38,200,1
117,2025-12-22,460,0,0
118,2025-12-22,249,0,0
119,2025-12-22,222,100,2
120,2025-12-22,455,0,0
1,2025-12-23,0,300,0
2,2025-12-23,185,200,1
3,2025-12-23,190,104,3
4,2025-12-23,0,200,0
5,2025-12-23,75,0,1
6,2025-12-23,0,400,0
7,2025-12-23,579,0,0
8,2025-12-23,71,200,2
9,2025-12-23,0,200,0
10,2025-12-23,78,200,0
11,2025-12-23,417,0,0
12,2025-12-23,149,50,0
13,2025-12-23,298,0,0
14,2025-12-23,0,300,0
15,2025-12-23,66,100,0
16,2025-12-23,406,0,1
17,2025-12-23,160,100,1
18,2025-12-23,364,0,2
19,2025-12-23,432,0,0
20,2025-12-23,260,200,1
21,2025-12-23,85,200,1
22,2025-12-23,241,0,0
23,2025-12-23,57,253,2
24,2025-12-23,78,200,1
25,2025-12-23,22,300,1
26,2025-12-23,84,500,0
27,2025-12-23,333,0,2
28,2025-12-23,161,200,1
29,2025-12-23,215,0,0
30,2025-12-23,529,0,1
31,2025-12-23,118,0,0
32,2025-12-23,186,0,0
33,2025-12-23,185,0,0
34,2025-12-23,207,0,0
35,2025-12-23,232,0,0
36,2025-12-23,262,0,1
37,2025-12-23,95,0,2
38,2025-12-23,98,0,0
39,2025-12-23,62,150,0
40,2025-12-23,103,200,1
41,2025-12-23,159,100,1
42,2025-12-23,72,50,0
43,2025-12-23,50,100,0
44,2025-12-23,277,0,0
45,2025-12-23,243,200,1
46,2025-12-23,248,500,1
47,2025-12-23,371,0,1
48,2025-12-23,502,0,2
49,2025-12-23,62,0,0
50,2025-12-23,360,0,0
51,2025-12-23,50,200,0
52,2025-12-23,141,200,0
53,2025-12-23,24,100,0
54,2025-12-23,145,200,1
55,2025-12-23,138,150,2
56,2025-12-23,497,0,0
57,2025-12-23,0,253,0
58,2025-12-23,6,200,0
59,2025-12-23,60,200,0
60,2025-12-23,33,200,2
61,2025-12-23,140,100,1
62,2025-12-23,0,200,0
63,2025-12-23,22,150,0
64,2025-12-23,290,200,2
65,2025-12-23,0,300,0
66,2025-12-23,138,50,0
67,2025-12-23,494,0,0
68,2025-12-23,170,200,1
69,2025-12-23,289,0,1
70,2025-12-23,84,0,0
71,2025-12-23,119,100,0
72,2025-12-23,81,200,0
73,2025-12-23,98,0,0
74,2025-12-23,542,0,1
75,2025-12-23,418,0,1
76,2025-12-23,229,500,1
77,2025-12-23,212,0,0
78,2025-12-23,159,200,1
79,2025-12-23,0,300,0
80,2025-12-23,73,0,0
81,2025-12-23,169,100,2
82,2025-12-23,116,100,0
83,2025-12-23,0,500,0
84,2025-12-23,125,100,0
85,2025-12-23,100,0,0
86,2025-12-23,156,200,0
87,2025-12-23,564,0,0
88,2025-12-23,188,0,0
89,2025-12-23,148,0,0
90,2025-12-23,261,0,1
91,2025-12-23,150,200,1
92,2025-12-23,88,200,0
93,2025-12-23,0,400,0
94,2025-12-23,123,200,1
95,2025-12-23,77,100,0
96,2025-12-23,23,258,1
97,2025-12-23,76,50,0
98,2025-12-23,183,0,0
99,2025-12-23,487,0,0
100,2025-12-23,87,100,0
101,2025-12-23,102,150,1
102,2025-12-23,158,100,2
103,2025-12-23,446,0,0
104,2025-12-23,248,0,1
105,2025-12-23,296,0,0
106,2025-12-23,619,0,0
107,2025-12-23,0,150,0
108,2025-12-23,243,0,2
109,2025-12-23,503,0,0
110,2025-12-23,155,100,1
111,2025-12-23,197,500,3
112,2025-12-23,267,0,1
113,2025-12-23,56,0,0
114,2025-12-23,166,200,2
115,2025-12-23,117,0,0
116,2025-12-23,183,0,0
117,2025-12-23,451,0,0
118,2025-12-23,234,200,1
119,2025-12-23,214,100,0
120,2025-12-23,446,0,1
1,2025-12-24,88,200,0
2,2025-12-24,172,200,1
3,2025-12-24,171,104,1
4,2025-12-24,0,200,0
5,2025-12-24,70,0,0
6,2025-12-24,0,400,0
7,2025-12-24,576,0,0
8,2025-12-24,59,200,1
9,2025-12-24,0,200,0
10,2025-12-24,71,200,1
11,2025-12-24,406,0,1
12,2025-12-24,128,50,1
13,2025-12-24,268,0,2
14,2025-12-24,93,200,0
15,2025-12-24,61,100,0
16,2025-12-24,398,0,0
17,2025-12-24,152,100,1
18,2025-12-24,338,0,3
19,2025-12-24,428,0,0
20,2025-12-24,233,200,1
21,2025-12-24,73,200,1
22,2025-12-24,235,0,0
23,2025-12-24,32,303,1
24,2025-12-24,67,300,0
25,2025-12-24,9,300,1
26,2025-12-24,78,500,0
27,2025-12-24,307,0,3
28,2025-12-24,141,200,1
29,2025-12-24,213,0,0
30,2025-12-24,519,0,1
31,2025-12-24,114,0,0
32,2025-12-24,184,0,0
33,2025-12-24,169,0,2
34,2025-12-24,202,0,0
35,2025-12-24,229,0,0
36,2025-12-24,250,0,1
37,2025-12-24,92,0,0
38,2025-12-24,95,0,0
39,2025-12-24,58,150,0
40,2025-12-24,92,200,1
41,2025-12-24,250,0,1
42,2025-12-24,56,100,2
43,2025-12-24,46,100,0
44,2025-12-24,273,0,0
45,2025-12-24,234,200,0
46,2025-12-24,235,500,1
47,2025-12-24,357,0,2
48,2025-12-24,495,0,0
49,2025-12-24,59,0,0
50,2025-12-24,359,0,0
51,2025-12-24,32,400,1
52,2025-12-24,127,200,0
53,2025-12-24,20,100,0
54,2025-12-24,133,200,1
55,2025-12-24,126,150,0
56,2025-12-24,488,0,0
57,2025-12-24,34,203,1
58,2025-12-24,39,150,2
59,2025-12-24,56,200,0
60,2025-12-24,25,200,0
61,2025-12-24,130,100,0
62,2025-12-24,0,200,0
63,2025-12-24,68,100,0
64,2025-12-24,271,200,2
65,2025-12-24,56,200,0
66,2025-12-24,131,100,0
67,2025-12-24,491,0,0
68,2025-12-24,157,200,1
69,2025-12-24,280,0,0
70,2025-12-24,79,0,0
71,2025-12-24,114,100,0
72,2025-12-24,73,200,0
73,2025-12-24,94,0,0
74,2025-12-24,537,0,0
75,2025-12-24,404,0,1
76,2025-12-24,208,500,2
77,2025-12-24,210,0,0
78,2025-12-24,145,200,1
79,2025-12-24,0,400,0
80,2025-12-24,71,0,0
81,2025-12-24,159,100,1
82,2025-12-24,107,100,1
83,2025-12-24,0,500,0
84,2025-12-24,121,100,0
85,2025-12-24,97,0,0
86,2025-12-24,148,200,0
87,2025-12-24,553,0,0
88,2025-12-24,176,0,0
89,2025-12-24,143,0,0
90,2025-12-24,248,0,1
91,2025-12-24,141,200,0
92,2025-12-24,80,200,1
93,2025-12-24,0,400,0
94,2025-12-24,109,200,1
95,2025-12-24,67,200,1
96,2025-12-24,9,308,1
97,2025-12-24,74,50,0
98,2025-12-24,178,0,0
99,2025-12-24,483,0,0
100,2025-12-24,86,100,0
101,2025-12-24,91,150,0
102,2025-12-24,142,100,1
103,2025-12-24,442,0,0
104,2025-12-24,238,0,1
105,2025-12-24,292,0,0
106,2025-12-24,617,0,0
107,2025-12-24,39,100,0
108,2025-12-24,238,0,0
109,2025-12-24,487,0,2
110,2025-12-24,155,100,3
111,2025-12-24,175,500,1
112,2025-12-24,252,0,0
113,2025-12-24,55,0,0
114,2025-12-24,158,200,0
115,2025-12-24,107,100,1
116,2025-12-24,177,0,0
117,2025-12-24,434,0,1
118,2025-12-24,227,200,0
119,2025-12-24,192,100,2
120,2025-12-24,435,0,1
1,2025-12-25,77,200,1
2,2025-12-25,155,200,2
3,2025-12-25,150,154,1
4,2025-12-25,0,200,0
5,2025-12-25,67,0,0
6,2025-12-25,0,400,0
7,2025-12-25,572,0,0
8,2025-12-25,48,300,1
9,2025-12-25,0,200,0
10,2025-12-25,63,200,0
11,2025-12-25,394,0,1
12,2025-12-25,109,100,2
13,2025-12-25,248,0,1
14,2025-12-25,78,200,1
15,2025-12-25,161,0,2
16,2025-12-25,391,0,0
17,2025-12-25,142,100,1
18,2025-12-25,326,0,0
19,2025-12-25,421,0,0
20,2025-12-25,226,200,0
21,2025-12-25,60,200,1
22,2025-12-25,231,0,0
23,2025-12-25,16,303,1
24,2025-12-25,159,200,1
25,2025-12-25,0,300,0
26,2025-12-25,573,0,0
27,2025-12-25,290,500,2
28,2025-12-25,132,200,0
29,2025-12-25,211,0,0
30,2025-12-25,509,0,0
31,2025-12-25,111,0,0
32,2025-12-25,183,0,0
33,2025-12-25,153,100,1
34,2025-12-25,193,0,0
35,2025-12-25,226,0,0
36,2025-12-25,240,0,1
37,2025-12-25,88,0,0
38,2025-12-25,90,0,0
39,2025-12-25,48,150,0
40,2025-12-25,74,200,2
41,2025-12-25,233,0,2
42,2025-12-25,43,100,0
43,2025-12-25,46,100,1
44,2025-12-25,269,0,0
45,2025-12-25,221,200,1
46,2025-12-25,208,500,3
47,2025-12-25,349,0,1
48,2025-12-25,484,0,1
49,2025-12-25,57,0,0
50,2025-12-25,355,0,0
51,2025-12-25,219,200,1
52,2025-12-25,305,0,2
53,2025-12-25,16,100,0
54,2025-12-25,124,200,0
55,2025-12-25,114,200,1
56,2025-12-25,480,0,0
57,2025-12-25,27,253,0
58,2025-12-25,35,150,0
59,2025-12-25,54,200,0
60,2025-12-25,12,200,1
61,2025-12-25,127,150,0
62,2025-12-25,0,200,0
63,2025-12-25,60,100,1
64,2025-12-25,263,200,0
65,2025-12-25,40,200,1
66,2025-12-25,123,100,1
67,2025-12-25,482,0,0
68,2025-12-25,145,200,1
69,2025-12-25,266,0,1
70,2025-12-25,74,0,0
71,2025-12-25,102,100,1
72,2025-12-25,63,200,0
73,2025-12-25,90,0,0
74,2025-12-25,528,0,0
75,2025-12-25,404,0,7
76,2025-12-25,195,500,0
77,2025-12-25,210,0,5
78,2025-12-25,140,200,0
79,2025-12-25,0,400,0
80,2025-12-25,70,0,0
81,2025-12-25,193,50,0
82,2025-12-25,96,100,1
83,2025-12-25,0,500,0
84,2025-12-25,112,100,0
85,2025-12-25,93,0,0
86,2025-12-25,139,200,1
87,2025-12-25,547,0,0
88,2025-12-25,166,500,1
89,2025-12-25,138,0,0
90,2025-12-25,244,0,0
91,2025-12-25,227,100,1
92,2025-12-25,72,200,0
93,2025-12-25,137,200,1
94,2025-12-25,81,200,4
95,2025-12-25,59,200,0
96,2025-12-25,0,308,0
97,2025-12-25,66,50,0
98,2025-12-25,172,100,0
99,2025-12-25,479,0,0
100,2025-12-25,71,100,1
101,2025-12-25,81,150,1
102,2025-12-25,134,100,0
103,2025-12-25,440,0,0
104,2025-12-25,222,200,1
105,2025-12-25,292,0,5
106,2025-12-25,615,0,0
107,2025-12-25,36,100,0
108,2025-12-25,236,0,0
109,2025-12-25,486,0,0
110,2025-12-25,149,100,0
111,2025-12-25,161,500,1
112,2025-12-25,233,0,1
113,2025-12-25,51,100,0
114,2025-12-25,143,200,2
115,2025-12-25,93,100,2
116,2025-12-25,169,0,1
117,2025-12-25,415,0,0
118,2025-12-25,216,200,0
119,2025-12-25,173,100,2
120,2025-12-25,429,0,0
1,2025-12-26,61,200,2
2,2025-12-26,138,200,1
3,2025-12-26,133,154,1
4,2025-12-26,0,200,0
5,2025-12-26,57,0,0
6,2025-12-26,0,400,0
7,2025-12-26,568,0,0
8,2025-12-26,42,300,0
9,2025-12-26,0,200,0
10,2025-12-26,58,200,0
11,2025-12-26,388,0,0
12,2025-12-26,93,100,1
13,2025-12-26,239,500,0
14,2025-12-26,72,200,0
15,2025-12-26,152,0,0
16,2025-12-26,386,0,0
17,2025-12-26,127,100,1
18,2025-12-26,309,0,2
19,2025-12-26,415,0,0
20,2025-12-26,410,0,1
21,2025-12-26,122,200,1
22,2025-12-26,226,0,0
23,2025-12-26,1,303,0
24,2025-12-26,138,200,0
25,2025-12-26,0,300,0
26,2025-12-26,568,0,0
27,2025-12-26,269,500,1
28,2025-12-26,116,200,1
29,2025-12-26,208,0,0
30,2025-12-26,495,0,0
31,2025-12-26,106,0,0
32,2025-12-26,179,0,0
33,2025-12-26,148,100,0
34,2025-12-26,183,0,1
35,2025-12-26,223,0,0
36,2025-12-26,229,0,0
37,2025-12-26,83,0,0
38,2025-12-26,84,0,0
39,2025-12-26,142,50,0
40,2025-12-26,66,200,0
41,2025-12-26,221,0,1
42,2025-12-26,83,50,1
43,2025-12-26,40,100,0
44,2025-12-26,266,0,0
45,2025-12-26,219,200,0
46,2025-12-26,190,500,2
47,2025-12-26,340,0,1
48,2025-12-26,474,0,1
49,2025-12-26,54,0,0
50,2025-12-26,351,0,0
51,2025-12-26,206,200,1
52,2025-12-26,279,200,2
53,2025-12-26,8,100,0
54,2025-12-26,117,200,0
55,2025-12-26,105,200,0
56,2025-12-26,475,0,0
57,2025-12-26,11,253,1
58,2025-12-26,131,100,0
59,2025-12-26,51,200,0
60,2025-12-26,103,100,0
61,2025-12-26,150,100,3
62,2025-12-26,0,200,0
63,2025-12-26,59,100,0
64,2025-12-26,232,200,4
65,2025-12-26,33,200,1
66,2025-12-26,111,100,1
67,2025-12-26,476,0,0
68,2025-12-26,134,200,1
69,2025-12-26,262,0,0
70,2025-12-26,66,500,0
71,2025-12-26,93,100,0
72,2025-12-26,188,0,0
73,2025-12-26,88,0,0
74,2025-12-26,526,0,0
75,2025-12-26,391,0,1
76,2025-12-26,179,500,1
77,2025-12-26,208,0,0
78,2025-12-26,116,200,1
79,2025-12-26,0,400,0
80,2025-12-26,59,100,1
81,2025-12-26,179,50,0
82,2025-12-26,87,100,0
83,2025-12-26,0,500,0
84,2025-12-26,101,100,1
85,2025-12-26,88,0,0
86,2025-12-26,127,200,1
87,2025-12-26,538,0,0
88,2025-12-26,155,500,0
89,2025-12-26,130,0,0
90,2025-12-26,235,0,0
91,2025-12-26,205,100,1
92,2025-12-26,65,200,0
93,2025-12-26,117,200,2
94,2025-12-26,65,400,0
95,2025-12-26,48,200,1
96,2025-12-26,0,308,0
97,2025-12-26,57,100,0
98,2025-12-26,164,100,0
99,2025-12-26,478,0,0
100,2025-12-26,58,200,1
101,2025-12-26,120,150,1
102,2025-12-26,119,100,0
103,2025-12-26,438,0,0
104,2025-12-26,213,200,1
105,2025-12-26,288,0,0
106,2025-12-26,610,0,0
107,2025-12-26,29,100,1
108,2025-12-26,231,0,0
109,2025-12-26,469,0,1
110,2025-12-26,139,100,0
111,2025-12-26,161,500,1
112,2025-12-26,216,500,2
113,2025-12-26,48,100,0
114,2025-12-26,332,0,1
115,2025-12-26,87,100,0
116,2025-12-26,161,0,0
117,2025-12-26,391,0,1
118,2025-12-26,203,200,1
119,2025-12-26,157,200,1
120,2025-12-26,423,0,0
1,2025-12-27,42,300,2
2,2025-12-27,118,200,2
3,2025-12-27,120,204,0
4,2025-12-27,0,200,0
5,2025-12-27,54,50,0
6,2025-12-27,0,400,0
7,2025-12-27,565,0,0
8,2025-12-27,108,200,3
9,2025-12-27,0,200,0
10,2025-12-27,47,200,1
11,2025-12-27,371,0,1
12,2025-12-27,81,100,0
13,2025-12-27,217,500,2
14,2025-12-27,69,200,0
15,2025-12-27,150,0,0
16,2025-12-27,379,0,0
17,2025-12-27,113,100,1
18,2025-12-27,283,0,1
19,2025-12-27,413,0,0
20,2025-12-27,399,0,0
21,2025-12-27,113,200,1
22,2025-12-27,221,0,0
23,2025-12-27,0,353,0
24,2025-12-27,124,200,1
25,2025-12-27,82,200,2
26,2025-12-27,565,0,0
27,2025-12-27,261,500,0
28,2025-12-27,105,200,1
29,2025-12-27,204,0,0
30,2025-12-27,484,0,0
31,2025-12-27,102,0,0
32,2025-12-27,177,0,0
33,2025-12-27,142,100,0
34,2025-12-27,171,0,1
35,2025-12-27,221,0,0
36,2025-12-27,228,0,0
37,2025-12-27,82,0,0
38,2025-12-27,78,0,0
39,2025-12-27,138,50,0
40,2025-12-27,49,200,0
41,2025-12-27,206,0,1
42,2025-12-27,78,50,0
43,2025-12-27,30,100,1
44,2025-12-27,261,0,0
45,2025-12-27,199,200,2
46,2025-12-27,190,500,5
47,2025-12-27,329,0,0
48,2025-12-27,463,0,0
49,2025-12-27,52,0,0
50,2025-12-27,344,0,0
51,2025-12-27,170,200,3
52,2025-12-27,257,200,1
53,2025-12-27,1,100,0
54,2025-12-27,112,200,0
55,2025-12-27,83,200,2
56,2025-12-27,468,0,0
57,2025-12-27,49,203,0
58,2025-12-27,107,100,2
59,2025-12-27,50,200,0
60,2025-12-27,89,100,1
61,2025-12-27,183,100,1
62,2025-12-27,186,0,1
63,2025-12-27,47,100,0
64,2025-12-27,212,200,1
65,2025-12-27,17,300,1
66,2025-12-27,103,100,0
67,2025-12-27,467,0,1
68,2025-12-27,114,200,2
69,2025-12-27,253,0,0
70,2025-12-27,60,500,0
71,2025-12-27,80,150,1
72,2025-12-27,182,0,0
73,2025-12-27,83,0,0
74,2025-12-27,516,0,1
75,2025-12-27,381,0,1
76,2025-12-27,163,500,0
77,2025-12-27,207,0,0
78,2025-12-27,104,200,1
79,2025-12-27,0,400,0
80,2025-12-27,53,100,0
81,2025-12-27,171,100,0
82,2025-12-27,129,50,0
83,2025-12-27,0,500,0
84,2025-12-27,84,100,1
85,2025-12-27,86,0,0
86,2025-12-27,119,200,1
87,2025-12-27,532,0,0
88,2025-12-27,143,500,0
89,2025-12-27,126,0,0
90,2025-12-27,217,0,2
91,2025-12-27,190,100,0
92,2025-12-27,42,300,2
93,2025-12-27,100,400,1
94,2025-12-27,46,400,2
95,2025-12-27,40,200,0
96,2025-12-27,0,358,0
97,2025-12-27,104,50,0
98,2025-12-27,155,100,0
99,2025-12-27,474,0,0
100,2025-12-27,47,200,1
101,2025-12-27,105,150,1
102,2025-12-27,106,100,1
103,2025-12-27,436,0,0
104,2025-12-27,197,200,2
105,2025-12-27,283,0,0
106,2025-12-27,605,0,0
107,2025-12-27,24,100,0
108,2025-12-27,221,0,0
109,2025-12-27,453,0,1
110,2025-12-27,121,100,1
111,2025-12-27,138,500,2
112,2025-12-27,203,500,1
113,2025-12-27,45,100,0
114,2025-12-27,317,0,2
115,2025-12-27,79,100,1
116,2025-12-27,158,200,0
117,2025-12-27,383,0,0
118,2025-12-27,198,200,0
119,2025-12-27,137,200,0
120,2025-12-27,413,0,1
1,2025-12-28,128,200,1
2,2025-12-28,97,200,2
3,2025-12-28,109,204,0
4,2025-12-28,0,200,0
5,2025-12-28,51,50,0
6,2025-12-28,0,400,0
7,2025-12-28,561,0,0
8,2025-12-28,91,200,1
9,2025-12-28,0,200,0
10,2025-12-28,43,200,0
11,2025-12-28,353,0,1
12,2025-12-28,72,100,0
13,2025-12-28,198,500,1
14,2025-12-28,105,200,1
15,2025-12-28,143,0,0
16,2025-12-28,375,0,0
17,2025-12-28,92,200,0
18,2025-12-28,266,0,1
19,2025-12-28,409,0,0
20,2025-12-28,390,0,0
21,2025-12-28,104,200,1
22,2025-12-28,217,0,0
23,2025-12-28,0,353,0
24,2025-12-28,106,200,2
25,2025-12-28,163,200,2
26,2025-12-28,563,0,0
27,2025-12-28,245,500,0
28,2025-12-28,284,0,2
29,2025-12-28,200,0,0
30,2025-12-28,477,0,0
31,2025-12-28,99,0,0
32,2025-12-28,173,0,0
33,2025-12-28,134,100,0
34,2025-12-28,158,0,1
35,2025-12-28,213,0,0
36,2025-12-28,224,0,0
37,2025-12-28,78,0,0
38,2025-12-28,73,100,0
39,2025-12-28,126,100,1
40,2025-12-28,128,100,2
41,2025-12-28,194,100,0
42,2025-12-28,76,50,0
43,2025-12-28,26,100,0
44,2025-12-28,259,0,0
45,2025-12-28,385,0,1
46,2025-12-28,672,0,2
47,2025-12-28,319,0,0
48,2025-12-28,459,0,0
49,2025-12-28,52,0,1
50,2025-12-28,341,0,0
51,2025-12-28,163,200,0
52,2025-12-28,229,200,3
53,2025-12-28,0,100,0
54,2025-12-28,107,200,0
55,2025-12-28,127,150,0
56,2025-12-28,460,0,1
57,2025-12-28,82,150,1
58,2025-12-28,94,150,1
59,2025-12-28,47,200,0
60,2025-12-28,79,100,0
61,2025-12-28,178,100,0
62,2025-12-28,179,0,0
63,2025-12-28,38,150,0
64,2025-12-28,198,200,1
65,2025-12-28,0,300,0
66,2025-12-28,82,150,3
67,2025-12-28,459,0,0
68,2025-12-28,302,0,1
69,2025-12-28,226,0,2
70,2025-12-28,55,500,0
71,2025-12-28,120,100,1
72,2025-12-28,175,0,0
73,2025-12-28,80,0,0
74,2025-12-28,507,0,1
75,2025-12-28,371,0,0
76,2025-12-28,151,500,1
77,2025-12-28,207,0,2
78,2025-12-28,82,200,1
79,2025-12-28,0,400,0
80,2025-12-28,48,100,0
81,2025-12-28,168,100,0
82,2025-12-28,102,50,4
83,2025-12-28,0,500,0
84,2025-12-28,80,200,0
85,2025-12-28,84,0,0
86,2025-12-28,110,200,0
87,2025-12-28,527,0,0
88,2025-12-28,134,500,0
89,2025-12-28,119,0,0
90,2025-12-28,207,0,1
91,2025-12-28,182,100,0
92,2025-12-28,25,300,2
93,2025-12-28,89,400,1
94,2025-12-28,231,200,0
95,2025-12-28,25,200,1
96,2025-12-28,38,300,0
97,2025-12-28,100,50,0
98,2025-12-28,152,100,0
99,2025-12-28,468,0,0
100,2025-12-28,34,200,0
101,2025-12-28,93,150,1
102,2025-12-28,102,200,0
103,2025-12-28,431,0,0
104,2025-12-28,180,200,2
105,2025-12-28,279,0,0
106,2025-12-28,602,0,0
107,2025-12-28,17,100,0
108,2025-12-28,209,0,0
109,2025-12-28,443,0,1
110,2025-12-28,207,0,0
111,2025-12-28,117,500,2
112,2025-12-28,187,500,2
113,2025-12-28,43,100,0
114,2025-12-28,308,0,1
115,2025-12-28,72,100,0
116,2025-12-28,138,200,2
117,2025-12-28,378,0,0
118,2025-12-28,198,200,3
119,2025-12-28,221,100,1
120,2025-12-28,407,0,0
1,2025-12-29,104,200,1
2,2025-12-29,97,200,2
3,2025-12-29,93,204,1
4,2025-12-29,0,200,0
5,2025-12-29,36,50,2
6,2025-12-29,0,400,0
7,2025-12-29,557,0,0
8,2025-12-29,83,200,0
9,2025-12-29,0,200,0
10,2025-12-29,26,200,1
11,2025-12-29,342,0,1
12,2025-12-29,65,150,0
13,2025-12-29,187,500,0
14,2025-12-29,89,200,2
15,2025-12-29,136,0,0
16,2025-12-29,364,0,0
17,2025-12-29,72,200,2
18,2025-12-29,254,0,1
19,2025-12-29,407,0,0
20,2025-12-29,384,0,0
21,2025-12-29,87,200,0
22,2025-12-29,206,0,1
23,2025-12-29,32,303,2
24,2025-12-29,89,200,2
25,2025-12-29,148,200,1
26,2025-12-29,556,0,0
27,2025-12-29,233,500,0
28,2025-12-29,270,0,1
29,2025-12-29,198,0,0
30,2025-12-29,462,0,0
31,2025-12-29,95,0,0
32,2025-12-29,168,0,0
33,2025-12-29,128,100,0
34,2025-12-29,144,500,1
35,2025-12-29,208,0,0
36,2025-12-29,218,0,0
37,2025-12-29,75,0,0
38,2025-12-29,70,100,0
39,2025-12-29,121,100,0
40,2025-12-29,118,100,1
41,2025-12-29,184,100,0
42,2025-12-29,69,50,0
43,2025-12-29,14,100,1
44,2025-12-29,255,0,0
45,2025-12-29,374,0,1
46,2025-12-29,656,0,1
47,2025-12-29,311,0,0
48,2025-12-29,439,0,0
49,2025-12-29,48,0,0
50,2025-12-29,335,0,0
51,2025-12-29,145,200,0
52,2025-12-29,214,200,2
53,2025-12-29,0,100,0
54,2025-12-29,94,200,1
55,2025-12-29,114,200,1
56,2025-12-29,447,0,1
57,2025-12-29,107,150,1
58,2025-12-29,84,150,1
59,2025-12-29,45,200,0
60,2025-12-29,168,0,1
61,2025-12-29,160,100,2
62,2025-12-29,175,0,0
63,2025-12-29,30,150,1
64,2025-12-29,377,0,2
65,2025-12-29,0,300,0
66,2025-12-29,79,150,0
67,2025-12-29,455,0,0
68,2025-12-29,289,0,1
69,2025-12-29,223,0,0
70,2025-12-29,48,500,0
71,2025-12-29,107,100,1
72,2025-12-29,171,0,0
73,2025-12-29,76,0,0
74,2025-12-29,498,0,0
75,2025-12-29,360,0,1
76,2025-12-29,134,500,0
77,2025-12-29,207,0,4
78,2025-12-29,63,400,2
79,2025-12-29,0,400,0
80,2025-12-29,44,100,0
81,2025-12-29,212,50,0
82,2025-12-29,139,50,1
83,2025-12-29,0,500,0
84,2025-12-29,65,200,1
85,2025-12-29,81,0,0
86,2025-12-29,107,200,0
87,2025-12-29,520,0,0
88,2025-12-29,624,0,0
89,2025-12-29,112,0,0
90,2025-12-29,201,200,0
91,2025-12-29,174,100,1
92,2025-12-29,116,200,0
93,2025-12-29,277,200,1
94,2025-12-29,220,200,0
95,2025-12-29,18,200,0
96,2025-12-29,67,250,1
97,2025-12-29,94,50,0
98,2025-12-29,148,100,0
99,2025-12-29,466,0,0
100,2025-12-29,24,200,0
101,2025-12-29,82,150,0
102,2025-12-29,93,200,0
103,2025-12-29,427,0,0
104,2025-12-29,159,200,3
105,2025-12-29,272,0,0
106,2025-12-29,598,0,0
107,2025-12-29,63,100,0
108,2025-12-29,202,0,0
109,2025-12-29,435,0,0
110,2025-12-29,207,0,4
111,2025-12-29,103,500,1
112,2025-12-29,184,500,0
113,2025-12-29,41,100,0
114,2025-12-29,298,0,0
115,2025-12-29,61,100,1
116,2025-12-29,131,200,0
117,2025-12-29,363,0,1
118,2025-12-29,188,200,0
119,2025-12-29,200,100,2
120,2025-12-29,401,0,0
1,2025-12-30,79,200,2
2,2025-12-30,291,0,0
3,2025-12-30,74,204,2
4,2025-12-30,0,200,0
5,2025-12-30,32,50,0
6,2025-12-30,0,400,0
7,2025-12-30,554,0,0
8,2025-12-30,74,300,0
9,2025-12-30,0,200,0
10,2025-12-30,104,200,0
11,2025-12-30,331,0,0
12,2025-12-30,50,150,2
13,2025-12-30,179,500,1
14,2025-12-30,70,200,2
15,2025-12-30,130,0,0
16,2025-12-30,363,0,0
17,2025-12-30,60,200,0
18,2025-12-30,240,500,1
19,2025-12-30,402,0,0
20,2025-12-30,377,0,0
21,2025-12-30,64,200,3
22,2025-12-30,201,0,0
23,2025-12-30,73,250,0
24,2025-12-30,75,300,1
25,2025-12-30,125,200,1
26,2025-12-30,548,0,0
27,2025-12-30,223,500,0
28,2025-12-30,255,0,1
29,2025-12-30,196,0,0
30,2025-12-30,455,0,0
31,2025-12-30,92,0,0
32,2025-12-30,163,0,0
33,2025-12-30,121,100,0
34,2025-12-30,134,500,1
35,2025-12-30,204,0,0
36,2025-12-30,208,0,1
37,2025-12-30,71,0,0
38,2025-12-30,68,100,0
39,2025-12-30,114,100,0
40,2025-12-30,106,200,1
41,2025-12-30,173,100,0
42,2025-12-30,60,100,0
43,2025-12-30,8,200,0
44,2025-12-30,248,0,0
45,2025-12-30,354,0,2
46,2025-12-30,644,0,1
47,2025-12-30,307,0,0
48,2025-12-30,422,0,0
49,2025-12-30,44,50,0
50,2025-12-30,331,0,0
51,2025-12-30,131,200,0
52,2025-12-30,191,200,2
53,2025-12-30,0,100,0
54,2025-12-30,80,200,1
55,2025-12-30,150,150,1
56,2025-12-30,433,0,1
57,2025-12-30,89,200,0
58,2025-12-30,72,150,0
59,2025-12-30,38,200,0
60,2025-12-30,157,50,1
61,2025-12-30,193,100,0
62,2025-12-30,164,0,1
63,2025-12-30,24,150,0
64,2025-12-30,368,0,0
65,2025-12-30,0,300,0
66,2025-12-30,111,100,1
67,2025-12-30,442,0,1
68,2025-12-30,272,0,2
69,2025-12-30,210,0,1
70,2025-12-30,43,500,0
71,2025-12-30,98,100,0
72,2025-12-30,162,0,0
73,2025-12-30,72,0,0
74,2025-12-30,492,0,0
75,2025-12-30,348,0,0
76,2025-12-30,125,500,0
77,2025-12-30,193,0,1
78,2025-12-30,49,400,1
79,2025-12-30,0,400,0
80,2025-12-30,42,100,0
81,2025-12-30,199,50,1
82,2025-12-30,127,50,1
83,2025-12-30,0,500,0
84,2025-12-30,53,200,1
85,2025-12-30,79,0,0
86,2025-12-30,94,200,1
87,2025-12-30,508,0,1
88,2025-12-30,617,0,0
89,2025-12-30,104,0,1
90,2025-12-30,193,200,1
91,2025-12-30,155,100,1
92,2025-12-30,104,200,0
93,2025-12-30,268,200,0
94,2025-12-30,207,200,0
95,2025-12-30,6,200,1
96,2025-12-30,48,300,1
97,2025-12-30,87,50,0
98,2025-12-30,136,100,0
99,2025-12-30,465,0,0
100,2025-12-30,16,200,0
101,2025-12-30,125,150,0
102,2025-12-30,91,200,0
103,2025-12-30,423,0,0
104,2025-12-30,143,200,2
105,2025-12-30,268,0,0
106,2025-12-30,595,0,0
107,2025-12-30,62,100,0
108,2025-12-30,194,0,0
109,2025-12-30,422,0,1
110,2025-12-30,199,0,0
111,2025-12-30,81,500,1
112,2025-12-30,183,500,0
113,2025-12-30,41,100,0
114,2025-12-30,285,0,1
115,2025-12-30,52,100,1
116,2025-12-30,120,200,1
117,2025-12-30,354,0,0
118,2025-12-30,177,200,1
119,2025-12-30,182,200,1
120,2025-12-30,392,0,0
1,2025-12-31,57,300,0
2,2025-12-31,283,200,0
3,2025-12-31,63,204,1
4,2025-12-31,0,200,0
5,2025-12-31,31,50,0
6,2025-12-31,0,400,0
7,2025-12-31,552,0,0
8,2025-12-31,164,200,1
9,2025-12-31,0,200,0
10,2025-12-31,195,100,1
11,2025-12-31,316,0,1
12,2025-12-31,34,200,1
13,2025-12-31,515,0,0
14,2025-12-31,60,200,1
15,2025-12-31,125,0,0
16,2025-12-31,351,0,1
17,2025-12-31,53,200,0
18,2025-12-31,225,500,1
19,2025-12-31,397,0,0
20,2025-12-31,362,0,1
21,2025-12-31,56,200,0
22,2025-12-31,192,0,1
23,2025-12-31,73,250,0
24,2025-12-31,71,300,0
25,2025-12-31,108,200,1
26,2025-12-31,543,0,0
27,2025-12-31,203,500,1
28,2025-12-31,252,0,0
29,2025-12-31,193,0,0
30,2025-12-31,431,0,2
31,2025-12-31,89,0,0
32,2025-12-31,158,0,0
33,2025-12-31,208,0,1
34,2025-12-31,126,500,0
35,2025-12-31,198,0,0
36,2025-12-31,201,0,0
37,2025-12-31,69,0,0
38,2025-12-31,64,100,0
39,2025-12-31,114,100,2
40,2025-12-31,203,100,0
41,2025-12-31,163,100,0
42,2025-12-31,53,100,1
43,2025-12-31,6,200,0
44,2025-12-31,248,0,6
45,2025-12-31,342,0,1
46,2025-12-31,629,0,1
47,2025-12-31,293,0,1
48,2025-12-31,408,0,2
49,2025-12-31,41,50,0
50,2025-12-31,324,0,0
51,2025-12-31,112,200,2
52,2025-12-31,169,200,1
53,2025-12-31,0,100,0
54,2025-12-31,69,200,0
55,2025-12-31,136,150,1
56,2025-12-31,428,0,0
57,2025-12-31,71,200,0
58,2025-12-31,60,150,0
59,2025-12-31,33,200,0
60,2025-12-31,145,50,1
61,2025-12-31,182,100,0
62,2025-12-31,153,0,1
63,2025-12-31,58,100,1
64,2025-12-31,353,0,1
65,2025-12-31,0,300,0
66,2025-12-31,101,100,0
67,2025-12-31,432,0,0
68,2025-12-31,257,0,1
69,2025-12-31,194,500,2
70,2025-12-31,40,500,0
71,2025-12-31,137,50,1
72,2025-12-31,160,0,0
73,2025-12-31,70,0,0
74,2025-12-31,479,0,0
75,2025-12-31,346,0,0
76,2025-12-31,108,500,1
77,2025-12-31,192,0,0
78,2025-12-31,42,400,0
79,2025-12-31,81,300,1
80,2025-12-31,37,100,0
81,2025-12-31,184,50,1
82,2025-12-31,119,50,0
83,2025-12-31,492,0,0
84,2025-12-31,46,200,0
85,2025-12-31,76,0,0
86,2025-12-31,79,200,1
87,2025-12-31,501,0,0
88,2025-12-31,609,0,1
89,2025-12-31,103,0,0
90,2025-12-31,188,200,0
91,2025-12-31,147,200,1
92,2025-12-31,194,100,0
93,2025-12-31,252,200,1
94,2025-12-31,180,200,3
95,2025-12-31,0,200,0
96,2025-12-31,84,250,1
97,2025-12-31,78,100,0
98,2025-12-31,121,100,1
99,2025-12-31,461,0,0
100,2025-12-31,7,200,1
101,2025-12-31,153,100,1
102,2025-12-31,79,200,1
103,2025-12-31,422,0,0
104,2025-12-31,131,200,0
105,2025-12-31,263,0,0
106,2025-12-31,592,0,0
107,2025-12-31,105,50,0
108,2025-12-31,189,0,0
109,2025-12-31,405,0,1
110,2025-12-31,191,0,0
111,2025-12-31,570,0,0
112,2025-12-31,167,500,2
113,2025-12-31,38,100,0
114,2025-12-31,276,0,1
115,2025-12-31,47,100,0
116,2025-12-31,112,200,0
117,2025-12-31,341,0,1
118,2025-12-31,163,200,1
119,2025-12-31,167,200,1
120,2025-12-31,383,0,0
