po_line_id,product_id,supplier_id,route_id,order_date,receipt_date,qty_ordered,qty_received,unit_cost,purch_currency
8,13,5,12,2024-12-17,2025-01-03,1000,1000,89.93,USD
23,50,3,7,2024-12-17,2025-01-03,1000,1000,198.9,USD
25,52,7,16,2024-12-17,2025-01-03,400,400,284.19,USD
26,55,8,17,2024-12-17,2025-01-03,100,100,88.08,USD
27,56,3,8,2024-12-17,2025-01-03,1000,1000,242.81,USD
38,76,2,4,2024-12-17,2025-01-03,1000,1000,172.84,USD
45,91,11,24,2024-12-17,2025-01-03,200,200,105.06,USD
46,92,9,19,2024-12-17,2025-01-03,200,200,200.95,USD
47,93,6,14,2024-12-17,2025-01-03,400,400,300.04,USD
63,12,7,15,2025-01-01,2025-01-03,88,88,432.51,USD
3,7,1,2,2024-12-17,2025-01-04,1000,1000,233.63,USD
10,16,6,13,2024-12-17,2025-01-04,1000,563,226.18,USD
17,41,8,17,2024-12-17,2025-01-04,200,149,237.69,USD
29,62,1,2,2024-12-17,2025-01-04,400,400,242.29,USD
44,90,10,22,2024-12-17,2025-01-04,400,400,179.08,USD
75,81,11,24,2025-01-01,2025-01-04,104,104,288.82,USD
4,8,2,5,2024-12-17,2025-01-05,200,200,218.15,USD
11,17,7,16,2024-12-17,2025-01-05,200,200,170.0,USD
14,26,8,17,2024-12-17,2025-01-05,1000,1000,86.54,USD
31,65,12,26,2024-12-17,2025-01-05,200,200,160.41,USD
37,74,10,23,2024-12-17,2025-01-05,1000,1000,272.57,USD
51,103,5,12,2024-12-17,2025-01-05,1000,1000,371.24,USD
53,107,10,23,2024-12-17,2025-01-05,100,100,184.06,USD
60,118,11,24,2024-12-17,2025-01-05,400,400,38.49,USD
70,58,2,5,2025-01-01,2025-01-05,108,108,356.25,USD
5,9,8,18,2024-12-17,2025-01-06,400,400,51.33,USD
13,25,4,9,2024-12-17,2025-01-06,200,200,109.0,USD
21,47,7,15,2024-12-17,2025-01-06,1000,763,342.19,USD
42,83,4,10,2024-12-17,2025-01-06,1000,1000,37.43,USD
48,94,5,11,2024-12-17,2025-01-06,400,400,271.65,USD
59,117,12,27,2024-12-17,2025-01-06,1000,1000,319.51,USD
66,24,12,27,2025-01-01,2025-01-06,100,68,284.57,USD
79,101,7,15,2025-01-01,2025-01-06,74,46,247.92,USD
85,55,8,18,2025-01-02,2025-01-06,54,54,96.93,USD
100,66,5,11,2025-01-03,2025-01-06,50,50,57.15,USD
1,1,12,26,2024-12-17,2025-01-07,200,200,66.08,USD
7,11,5,12,2024-12-17,2025-01-07,1000,1000,103.47,USD
30,64,6,14,2024-12-17,2025-01-07,400,400,323.58,USD
49,98,11,24,2024-12-17,2025-01-07,200,200,160.18,USD
52,106,8,17,2024-12-17,2025-01-07,1000,1000,311.49,USD
57,115,3,8,2024-12-17,2025-01-07,200,200,310.67,USD
9,14,4,10,2024-12-17,2025-01-08,100,100,169.52,USD
20,45,9,19,2024-12-17,2025-01-08,400,400,192.38,USD
28,59,7,16,2024-12-17,2025-01-08,400,400,176.41,USD
35,72,9,19,2024-12-17,2025-01-08,400,400,119.17,USD
41,82,9,20,2024-12-17,2025-01-08,100,100,185.34,USD
50,99,2,4,2024-12-17,2025-01-08,1000,1000,306.63,USD
55,110,1,1,2024-12-17,2025-01-08,200,200,145.27,USD
61,3,10,23,2025-01-01,2025-01-08,187,187,174.68,USD
72,61,9,20,2025-01-01,2025-01-08,104,104,335.83,USD
95,3,10,23,2025-01-03,2025-01-08,50,50,198.36,USD
97,39,6,14,2025-01-03,2025-01-08,50,50,282.65,USD
103,81,11,24,2025-01-04,2025-01-08,50,50,317.43,USD
123,101,7,15,2025-01-07,2025-01-08,50,41,262.39,USD
2,4,4,10,2024-12-17,2025-01-09,400,400,67.07,USD
6,10,1,3,2024-12-17,2025-01-09,200,200,112.34,USD
32,69,5,11,2024-12-17,2025-01-09,1000,1000,236.73,USD
33,70,6,13,2024-12-17,2025-01-09,1000,1000,117.36,USD
40,80,8,18,2024-12-17,2025-01-09,200,200,88.77,USD
43,86,5,12,2024-12-17,2025-01-09,400,400,112.05,USD
56,114,1,1,2024-12-17,2025-01-09,400,400,227.85,USD
76,84,8,17,2025-01-01,2025-01-09,100,100,318.42,USD
121,39,11,24,2025-01-07,2025-01-09,50,50,272.88,USD
15,27,8,18,2024-12-17,2025-01-10,1000,1000,270.72,USD
54,109,3,7,2024-12-17,2025-01-10,1000,1000,90.24,USD
92,96,10,23,2025-01-02,2025-01-10,60,60,180.32,USD
109,40,6,13,2025-01-05,2025-01-10,100,61,231.14,USD
122,97,10,23,2025-01-07,2025-01-10,50,50,118.03,USD
12,18,7,15,2024-12-17,2025-01-11,1000,1000,38.33,USD
16,30,10,23,2024-12-17,2025-01-11,1000,1000,319.38,USD
18,42,2,4,2024-12-17,2025-01-11,100,100,289.96,USD
19,44,6,13,2024-12-17,2025-01-11,1000,1000,50.7,USD
22,49,12,27,2024-12-17,2025-01-11,100,100,82.87,USD
24,51,2,4,2024-12-17,2025-01-11,400,400,91.76,USD
34,71,12,26,2024-12-17,2025-01-11,100,100,216.59,USD
36,73,6,14,2024-12-17,2025-01-11,400,400,273.04,USD
39,79,10,22,2024-12-17,2025-01-11,200,200,347.9,USD
58,116,7,15,2024-12-17,2025-01-11,400,400,302.74,USD
65,23,3,7,2025-01-01,2025-01-11,161,161,281.2,USD
83,33,11,25,2025-01-02,2025-01-11,100,100,316.9,USD
84,53,2,5,2025-01-02,2025-01-11,50,50,346.7,USD
96,23,3,7,2025-01-03,2025-01-11,55,55,301.75,USD
102,55,8,17,2025-01-04,2025-01-11,50,50,94.84,USD
112,2,11,24,2025-01-06,2025-01-11,200,200,313.19,USD
113,12,7,15,2025-01-06,2025-01-11,50,50,460.67,USD
120,96,10,23,2025-01-06,2025-01-11,50,50,183.79,USD
87,61,9,19,2025-01-02,2025-01-12,50,50,307.39,USD
108,23,3,7,2025-01-05,2025-01-12,50,50,282.19,USD
114,24,12,27,2025-01-06,2025-01-12,100,100,283.0,USD
116,57,4,9,2025-01-06,2025-01-12,50,50,76.07,USD
78,97,10,22,2025-01-01,2025-01-13,54,54,122.83,USD
101,96,10,22,2025-01-03,2025-01-13,50,50,174.61,USD
115,55,8,17,2025-01-06,2025-01-13,50,50,102.92,USD
126,23,3,7,2025-01-08,2025-01-13,50,50,265.05,USD
132,55,8,18,2025-01-09,2025-01-13,50,50,94.6,USD
67,39,11,25,2025-01-01,2025-01-14,58,58,255.27,USD
86,60,11,25,2025-01-02,2025-01-14,50,50,327.94,USD
90,71,12,28,2025-01-02,2025-01-14,50,50,236.48,USD
99,58,2,5,2025-01-03,2025-01-14,50,50,321.86,USD
62,5,7,16,2025-01-01,2025-01-15,50,50,87.24,USD
82,12,7,16,2025-01-02,2025-01-15,50,50,393.3,USD
104,82,9,20,2025-01-04,2025-01-15,50,50,210.41,USD
105,101,7,16,2025-01-04,2025-01-15,50,50,263.54,USD
69,57,4,9,2025-01-01,2025-01-16,178,178,73.41,USD
80,102,2,4,2025-01-01,2025-01-16,100,100,273.89,USD
88,63,2,6,2025-01-02,2025-01-16,50,34,158.96,USD
127,33,9,19,2025-01-08,2025-01-16,100,100,276.12,USD
141,71,12,27,2025-01-10,2025-01-16,50,50,212.35,USD
147,3,5,11,2025-01-12,2025-01-16,50,31,215.71,USD
149,39,11,24,2025-01-12,2025-01-16,50,50,279.45,USD
119,81,11,24,2025-01-06,2025-01-17,50,50,303.0,USD
125,14,4,9,2025-01-08,2025-01-17,50,50,168.89,USD
129,66,5,12,2025-01-08,2025-01-17,50,50,60.02,USD
73,63,2,4,2025-01-01,2025-01-18,86,86,155.05,USD
77,96,1,2,2025-01-01,2025-01-18,192,192,175.39,USD
91,95,10,22,2025-01-02,2025-01-18,100,100,121.1,USD
107,21,2,4,2025-01-05,2025-01-18,100,100,324.98,USD
118,61,9,19,2025-01-06,2025-01-18,50,50,316.4,USD
144,81,11,24,2025-01-11,2025-01-18,50,50,341.5,USD
154,119,12,28,2025-01-12,2025-01-18,100,100,322.27,USD
93,97,7,16,2025-01-02,2025-01-19,50,50,109.31,USD
155,6,3,7,2025-01-13,2025-01-19,200,200,138.29,USD
81,119,11,25,2025-01-01,2025-01-20,100,100,310.39,USD
152,82,9,20,2025-01-12,2025-01-20,50,50,238.9,USD
156,43,3,7,2025-01-13,2025-01-20,100,100,251.51,USD
139,40,6,14,2025-01-10,2025-01-21,100,100,220.06,USD
175,55,8,18,2025-01-16,2025-01-21,50,39,109.21,USD
110,54,1,3,2025-01-05,2025-01-22,200,200,103.45,USD
133,101,7,16,2025-01-09,2025-01-22,50,50,251.29,USD
140,61,12,27,2025-01-10,2025-01-22,50,50,311.91,USD
145,100,4,9,2025-01-11,2025-01-22,100,100,272.4,USD
146,104,6,13,2025-01-11,2025-01-22,200,200,200.81,USD
153,91,11,24,2025-01-12,2025-01-22,100,100,122.79,USD
178,108,8,17,2025-01-16,2025-01-22,200,200,182.99,USD
189,39,11,24,2025-01-18,2025-01-22,50,50,262.39,USD
199,66,5,11,2025-01-19,2025-01-22,50,50,61.3,USD
89,68,1,2,2025-01-02,2025-01-23,200,200,69.09,USD
136,5,7,15,2025-01-10,2025-01-23,50,28,88.1,USD
157,79,10,22,2025-01-13,2025-01-23,100,100,423.47,USD
158,96,10,22,2025-01-13,2025-01-23,50,50,191.02,USD
169,58,2,5,2025-01-15,2025-01-23,50,50,341.67,USD
188,23,3,7,2025-01-18,2025-01-23,50,50,266.33,USD
193,81,11,24,2025-01-18,2025-01-23,50,26,319.29,USD
194,82,9,19,2025-01-18,2025-01-23,50,50,214.15,USD
124,3,10,22,2025-01-08,2025-01-24,50,50,180.4,USD
142,107,10,22,2025-01-10,2025-01-24,50,50,200.08,USD
143,55,8,17,2025-01-11,2025-01-24,50,44,108.03,USD
187,17,9,20,2025-01-18,2025-01-24,100,83,167.23,USD
190,46,6,13,2025-01-18,2025-01-24,500,500,49.49,USD
196,40,6,13,2025-01-19,2025-01-24,100,80,227.75,USD
111,91,11,25,2025-01-05,2025-01-25,100,100,119.0,USD
137,8,2,6,2025-01-10,2025-01-25,100,71,243.0,USD
160,23,3,7,2025-01-14,2025-01-25,50,50,300.63,USD
201,79,1,1,2025-01-19,2025-01-25,100,100,391.3,USD
207,42,2,5,2025-01-20,2025-01-25,50,50,305.27,USD
209,101,7,15,2025-01-20,2025-01-25,50,50,216.26,USD
128,58,2,6,2025-01-08,2025-01-26,50,50,328.17,USD
159,21,2,4,2025-01-14,2025-01-26,100,82,323.22,USD
162,57,5,12,2025-01-14,2025-01-26,50,50,69.8,USD
164,61,9,19,2025-01-14,2025-01-26,50,50,324.49,USD
165,65,12,28,2025-01-14,2025-01-26,100,100,192.25,USD
181,57,4,9,2025-01-17,2025-01-26,50,50,71.22,USD
183,3,10,23,2025-01-18,2025-01-26,50,39,195.43,USD
191,60,12,28,2025-01-18,2025-01-26,50,50,340.05,USD
195,107,6,14,2025-01-18,2025-01-26,50,50,230.21,USD
213,61,9,20,2025-01-21,2025-01-26,50,50,301.18,USD
134,102,2,4,2025-01-09,2025-01-27,100,100,320.78,USD
168,12,7,16,2025-01-15,2025-01-27,50,30,444.98,USD
180,14,7,15,2025-01-17,2025-01-27,50,50,197.8,USD
224,12,5,11,2025-01-23,2025-01-27,50,50,394.0,USD
150,53,2,6,2025-01-12,2025-01-28,50,50,314.15,USD
171,95,10,22,2025-01-15,2025-01-28,100,100,127.55,USD
176,85,11,24,2025-01-16,2025-01-28,200,200,104.71,USD
186,14,7,16,2025-01-18,2025-01-28,50,50,197.53,USD
197,55,8,18,2025-01-19,2025-01-28,50,26,113.1,USD
198,58,8,18,2025-01-19,2025-01-28,50,50,394.01,USD
206,33,9,20,2025-01-20,2025-01-28,100,100,306.87,USD
172,101,6,14,2025-01-15,2025-01-29,50,50,260.11,USD
216,120,9,19,2025-01-21,2025-01-29,500,311,89.06,USD
222,91,6,13,2025-01-22,2025-01-29,100,74,114.97,USD
229,82,9,20,2025-01-23,2025-01-29,50,50,194.9,USD
241,39,11,24,2025-01-25,2025-01-29,50,50,297.7,USD
248,17,7,15,2025-01-26,2025-01-29,100,100,189.33,USD
138,20,2,6,2025-01-10,2025-01-30,200,200,188.21,USD
151,63,2,6,2025-01-12,2025-01-30,50,50,165.89,USD
167,3,10,22,2025-01-15,2025-01-30,50,50,186.26,USD
184,8,2,4,2025-01-18,2025-01-30,100,100,247.91,USD
219,55,8,18,2025-01-22,2025-01-30,50,50,93.16,USD
249,21,2,5,2025-01-26,2025-01-30,100,100,500.02,USD
163,60,11,25,2025-01-14,2025-01-31,50,36,373.58,USD
170,68,1,2,2025-01-15,2025-01-31,200,200,79.15,USD
177,97,10,22,2025-01-16,2025-01-31,50,50,122.03,USD
182,71,7,16,2025-01-17,2025-01-31,50,31,235.75,USD
225,38,11,24,2025-01-23,2025-01-31,100,100,252.31,USD
227,66,5,12,2025-01-23,2025-01-31,50,50,60.26,USD
256,3,5,11,2025-01-27,2025-01-31,50,50,195.15,USD
161,25,4,9,2025-01-14,2025-02-01,100,100,127.66,USD
166,84,2,6,2025-01-14,2025-02-01,100,100,369.82,USD
203,110,10,22,2025-01-19,2025-02-01,100,100,170.46,USD
204,119,11,25,2025-01-19,2025-02-01,100,100,324.47,USD
242,40,6,13,2025-01-25,2025-02-01,100,100,219.38,USD
255,101,7,15,2025-01-26,2025-02-01,50,50,245.64,USD
257,12,5,11,2025-01-27,2025-02-01,50,50,442.34,USD
279,119,11,24,2025-01-30,2025-02-01,100,100,317.74,USD
192,63,2,4,2025-01-18,2025-02-02,50,50,158.01,USD
205,25,4,9,2025-01-20,2025-02-02,100,100,122.76,USD
215,81,11,25,2025-01-21,2025-02-02,50,50,317.22,USD
238,104,6,14,2025-01-24,2025-02-02,200,200,222.02,USD
251,41,8,18,2025-01-26,2025-02-02,100,100,265.57,USD
258,20,2,5,2025-01-27,2025-02-02,200,200,293.32,USD
74,66,4,10,2025-01-01,2025-02-03,180,180,65.58,USD
212,23,3,7,2025-01-21,2025-02-03,50,50,305.41,USD
220,57,4,9,2025-01-22,2025-02-03,50,50,70.28,USD
243,55,10,22,2025-01-25,2025-02-03,50,50,152.53,USD
265,95,10,23,2025-01-28,2025-02-03,100,100,205.73,USD
268,55,8,18,2025-01-29,2025-02-03,50,50,102.35,USD
71,60,12,26,2025-01-01,2025-02-04,87,87,383.53,USD
185,10,1,2,2025-01-18,2025-02-04,100,100,126.93,USD
245,92,9,20,2025-01-25,2025-02-04,100,100,267.91,USD
264,57,4,9,2025-01-28,2025-02-04,50,50,62.84,USD
267,28,5,11,2025-01-29,2025-02-04,200,200,326.97,USD
68,55,10,21,2025-01-01,2025-02-05,55,55,88.88,USD
94,101,3,8,2025-01-02,2025-02-05,50,50,261.98,USD
117,60,12,26,2025-01-06,2025-02-05,50,50,392.4,USD
232,113,6,14,2025-01-23,2025-02-05,100,100,201.56,USD
239,119,11,25,2025-01-24,2025-02-05,100,100,297.49,USD
260,107,10,23,2025-01-27,2025-02-05,50,50,309.64,USD
230,84,2,4,2025-01-23,2025-02-06,100,100,316.04,USD
236,37,6,13,2025-01-24,2025-02-06,100,52,39.7,USD
254,97,10,22,2025-01-26,2025-02-06,50,50,174.36,USD
266,10,1,1,2025-01-29,2025-02-06,100,100,178.97,USD
276,71,12,28,2025-01-30,2025-02-06,50,50,231.97,USD
226,58,2,6,2025-01-23,2025-02-07,50,50,353.07,USD
277,81,11,24,2025-01-30,2025-02-07,50,50,310.43,USD
283,65,12,28,2025-01-31,2025-02-07,100,100,183.94,USD
64,14,4,10,2025-01-01,2025-02-08,57,57,192.66,USD
210,102,2,6,2025-01-20,2025-02-08,100,100,284.03,USD
244,57,4,9,2025-01-25,2025-02-08,50,50,73.93,USD
263,52,9,20,2025-01-28,2025-02-08,200,200,299.41,USD
270,61,9,19,2025-01-29,2025-02-08,50,50,316.73,USD
271,79,10,22,2025-01-29,2025-02-08,100,100,693.6,USD
290,58,8,17,2025-02-01,2025-02-08,50,50,406.53,USD
301,55,8,18,2025-02-02,2025-02-08,50,50,97.41,USD
302,102,2,5,2025-02-02,2025-02-08,100,100,448.27,USD
231,98,11,25,2025-01-23,2025-02-09,100,100,158.28,USD
250,23,3,7,2025-01-26,2025-02-09,50,50,403.27,USD
282,57,4,9,2025-01-31,2025-02-09,50,34,64.51,USD
289,55,8,17,2025-02-01,2025-02-09,50,50,97.17,USD
299,14,4,9,2025-02-02,2025-02-09,50,28,198.74,USD
313,84,2,5,2025-02-04,2025-02-09,100,100,504.26,USD
315,98,11,24,2025-02-04,2025-02-09,100,59,179.78,USD
323,17,7,15,2025-02-06,2025-02-09,100,100,178.52,USD
106,14,4,10,2025-01-05,2025-02-10,50,50,170.62,USD
130,24,12,26,2025-01-09,2025-02-10,100,100,306.58,USD
218,21,2,4,2025-01-22,2025-02-10,100,100,343.43,USD
246,5,7,16,2025-01-26,2025-02-10,50,50,97.84,USD
253,96,10,22,2025-01-26,2025-02-10,50,50,317.42,USD
262,42,2,5,2025-01-28,2025-02-10,50,50,498.39,USD
288,54,3,7,2025-02-01,2025-02-10,200,200,188.45,USD
292,61,9,20,2025-02-01,2025-02-10,50,50,342.18,USD
294,91,6,13,2025-02-01,2025-02-10,100,58,111.05,USD
300,25,4,9,2025-02-02,2025-02-10,100,72,134.94,USD
304,41,8,17,2025-02-03,2025-02-10,100,100,257.77,USD
317,31,8,17,2025-02-05,2025-02-10,100,100,407.36,USD
135,1,12,26,2025-01-10,2025-02-11,100,100,73.33,USD
237,53,2,6,2025-01-24,2025-02-11,50,50,330.37,USD
281,39,11,25,2025-01-31,2025-02-11,50,50,276.37,USD
309,40,6,14,2025-02-04,2025-02-11,100,100,214.94,USD
345,97,7,15,2025-02-08,2025-02-11,50,50,113.9,USD
98,57,4,10,2025-01-03,2025-02-12,50,34,70.32,USD
131,25,3,8,2025-01-09,2025-02-12,100,100,115.18,USD
272,96,11,25,2025-01-29,2025-02-12,50,50,196.54,USD
278,82,12,28,2025-01-30,2025-02-12,50,50,185.14,USD
287,33,9,19,2025-02-01,2025-02-12,100,100,329.4,USD
269,58,2,6,2025-01-29,2025-02-13,50,50,580.26,USD
274,110,1,3,2025-01-29,2025-02-13,100,100,242.32,USD
285,96,10,22,2025-01-31,2025-02-13,50,50,299.85,USD
291,60,11,25,2025-02-01,2025-02-13,50,50,343.11,USD
298,12,7,15,2025-02-02,2025-02-13,50,50,365.02,USD
306,3,10,23,2025-02-04,2025-02-13,50,50,342.08,USD
325,61,9,20,2025-02-06,2025-02-13,50,50,355.51,USD
332,12,7,15,2025-02-07,2025-02-13,50,50,476.88,USD
337,23,9,20,2025-02-08,2025-02-13,50,50,312.02,USD
284,78,2,6,2025-01-31,2025-02-14,200,200,262.56,USD
307,15,4,9,2025-02-04,2025-02-14,100,100,305.0,USD
312,81,11,25,2025-02-04,2025-02-14,50,50,287.06,USD
329,118,11,24,2025-02-06,2025-02-14,200,200,43.7,USD
334,119,11,24,2025-02-07,2025-02-14,100,100,289.41,USD
340,55,8,18,2025-02-08,2025-02-14,50,50,105.32,USD
174,24,12,26,2025-01-16,2025-02-15,100,100,303.99,USD
273,101,7,16,2025-01-29,2025-02-15,50,50,250.09,USD
295,92,9,20,2025-02-01,2025-02-15,100,100,229.11,USD
314,96,10,22,2025-02-04,2025-02-15,50,50,292.38,USD
322,101,7,15,2025-02-05,2025-02-15,50,50,245.82,USD
348,51,2,5,2025-02-09,2025-02-15,200,200,156.41,USD
349,60,11,24,2025-02-09,2025-02-15,50,33,378.54,USD
351,104,6,14,2025-02-09,2025-02-15,200,200,215.89,USD
173,23,3,8,2025-01-16,2025-02-16,50,44,303.76,USD
280,8,2,6,2025-01-31,2025-02-16,100,100,405.06,USD
331,6,3,7,2025-02-07,2025-02-16,200,200,144.39,USD
341,57,4,9,2025-02-08,2025-02-16,50,50,70.41,USD
355,79,10,23,2025-02-10,2025-02-16,100,100,631.31,USD
293,66,5,12,2025-02-01,2025-02-17,50,50,69.56,USD
318,39,11,24,2025-02-05,2025-02-17,50,50,257.98,USD
344,93,6,14,2025-02-08,2025-02-17,200,200,367.24,USD
350,95,9,20,2025-02-09,2025-02-17,100,67,146.69,USD
362,81,11,24,2025-02-11,2025-02-17,50,50,299.62,USD
377,55,8,18,2025-02-13,2025-02-17,50,50,96.31,USD
179,1,12,26,2025-01-17,2025-02-18,100,100,71.1,USD
305,53,2,6,2025-02-03,2025-02-18,50,50,459.32,USD
320,60,11,25,2025-02-05,2025-02-18,50,50,371.07,USD
330,2,11,24,2025-02-07,2025-02-18,200,200,339.6,USD
365,20,7,15,2025-02-12,2025-02-18,200,200,212.72,USD
371,92,9,19,2025-02-12,2025-02-18,100,100,264.33,USD
373,102,5,11,2025-02-12,2025-02-18,100,100,292.76,USD
316,14,7,16,2025-02-05,2025-02-19,50,50,198.93,USD
326,63,2,4,2025-02-06,2025-02-19,50,27,261.08,USD
353,65,12,27,2025-02-10,2025-02-19,100,100,185.22,USD
361,57,4,9,2025-02-11,2025-02-19,50,50,68.99,USD
376,33,9,19,2025-02-13,2025-02-19,100,100,319.75,USD
379,81,4,9,2025-02-13,2025-02-19,50,50,348.41,USD
148,14,4,10,2025-01-12,2025-02-20,50,50,200.29,USD
214,65,12,26,2025-01-21,2025-02-20,100,100,177.88,USD
308,21,2,4,2025-02-04,2025-02-20,100,57,466.48,USD
310,71,7,16,2025-02-04,2025-02-20,50,50,237.25,USD
352,14,4,9,2025-02-10,2025-02-20,50,50,185.27,USD
358,98,11,24,2025-02-10,2025-02-20,100,100,177.56,USD
369,61,9,19,2025-02-12,2025-02-20,50,50,334.09,USD
374,1,12,27,2025-02-13,2025-02-20,100,100,75.59,USD
386,107,10,23,2025-02-14,2025-02-20,50,50,340.68,USD
388,28,5,11,2025-02-15,2025-02-20,200,200,321.73,USD
407,40,6,13,2025-02-17,2025-02-20,100,100,208.15,USD
233,2,11,25,2025-01-24,2025-02-21,200,200,300.74,USD
240,8,2,6,2025-01-25,2025-02-21,100,77,416.49,USD
321,68,1,2,2025-02-05,2025-02-21,200,200,117.59,USD
328,91,11,25,2025-02-06,2025-02-21,100,100,117.91,USD
356,91,11,24,2025-02-10,2025-02-21,100,100,116.19,USD
357,96,11,24,2025-02-10,2025-02-21,50,40,187.13,USD
346,110,1,2,2025-02-08,2025-02-22,100,100,287.01,USD
394,55,8,18,2025-02-15,2025-02-22,50,50,101.88,USD
395,60,11,24,2025-02-15,2025-02-22,50,50,342.1,USD
402,101,7,15,2025-02-16,2025-02-22,50,50,251.83,USD
208,100,4,10,2025-01-20,2025-02-23,100,100,283.87,USD
221,71,12,26,2025-01-22,2025-02-23,50,50,245.55,USD
343,64,6,13,2025-02-08,2025-02-23,200,200,384.39,USD
396,63,4,9,2025-02-15,2025-02-23,50,50,161.29,USD
406,17,7,15,2025-02-17,2025-02-23,100,100,214.11,USD
410,61,9,19,2025-02-17,2025-02-23,50,50,335.18,USD
424,12,7,15,2025-02-19,2025-02-23,50,50,423.92,USD
223,1,12,26,2025-01-23,2025-02-24,100,100,73.06,USD
354,66,5,12,2025-02-10,2025-02-24,50,50,56.6,USD
364,12,7,16,2025-02-12,2025-02-24,50,50,406.41,USD
370,71,12,28,2025-02-12,2025-02-24,50,50,277.79,USD
372,101,7,16,2025-02-12,2025-02-24,50,50,224.14,USD
387,25,4,9,2025-02-15,2025-02-24,100,100,125.74,USD
417,24,11,24,2025-02-18,2025-02-24,100,100,293.38,USD
429,66,5,11,2025-02-19,2025-02-24,50,50,64.34,USD
202,96,10,21,2025-01-19,2025-02-25,50,50,200.06,USD
390,41,8,18,2025-02-15,2025-02-25,100,100,264.34,USD
401,94,5,11,2025-02-16,2025-02-25,200,200,340.5,USD
409,60,12,27,2025-02-17,2025-02-25,50,50,349.14,USD
427,61,9,19,2025-02-19,2025-02-25,50,50,338.01,USD
434,22,7,15,2025-02-21,2025-02-25,200,200,457.22,USD
437,84,2,5,2025-02-21,2025-02-25,100,100,351.01,USD
445,71,12,27,2025-02-22,2025-02-25,50,50,262.44,USD
200,78,4,10,2025-01-19,2025-02-26,200,200,149.74,USD
211,3,10,21,2025-01-21,2025-02-26,50,50,310.62,USD
217,14,4,10,2025-01-22,2025-02-26,50,50,169.54,USD
235,24,12,26,2025-01-24,2025-02-26,100,100,277.3,USD
339,42,2,6,2025-02-08,2025-02-26,50,50,451.74,USD
380,82,7,16,2025-02-13,2025-02-26,50,50,234.61,USD
404,8,9,19,2025-02-17,2025-02-26,100,100,243.69,USD
414,108,10,23,2025-02-17,2025-02-26,200,200,181.31,USD
419,55,10,23,2025-02-18,2025-02-26,50,50,102.23,USD
436,82,7,15,2025-02-21,2025-02-26,50,31,222.36,USD
228,81,4,10,2025-01-23,2025-02-27,50,50,319.53,USD
363,5,7,16,2025-02-12,2025-02-27,50,50,104.86,USD
411,79,10,23,2025-02-17,2025-02-27,100,100,379.95,USD
428,65,12,28,2025-02-19,2025-02-27,100,100,187.15,USD
430,75,12,27,2025-02-20,2025-02-27,500,500,120.91,USD
433,102,2,5,2025-02-20,2025-02-27,100,100,280.23,USD
444,64,6,13,2025-02-22,2025-02-27,200,167,405.12,USD
247,6,3,8,2025-01-26,2025-02-28,200,200,196.79,USD
252,63,4,10,2025-01-26,2025-02-28,50,50,134.89,USD
400,66,5,12,2025-02-16,2025-02-28,50,50,63.83,USD
412,81,11,25,2025-02-17,2025-02-28,50,50,336.2,USD
451,8,2,5,2025-02-23,2025-02-28,100,100,258.65,USD
234,3,10,21,2025-01-24,2025-03-01,50,50,311.73,USD
359,10,1,2,2025-02-11,2025-03-01,100,100,222.42,USD
367,39,11,24,2025-02-12,2025-03-01,50,50,268.08,USD
384,52,7,16,2025-02-14,2025-03-01,200,200,288.84,USD
467,61,9,19,2025-02-24,2025-03-01,50,28,321.22,USD
381,12,7,16,2025-02-14,2025-03-02,50,50,382.11,USD
397,96,10,22,2025-02-15,2025-03-02,50,50,326.13,USD
398,3,10,22,2025-02-16,2025-03-02,50,50,197.69,USD
423,119,11,25,2025-02-18,2025-03-02,100,100,329.72,USD
426,21,2,5,2025-02-19,2025-03-02,100,100,330.89,USD
440,14,7,15,2025-02-22,2025-03-02,50,50,220.48,USD
461,33,9,19,2025-02-24,2025-03-02,100,100,301.29,USD
464,46,6,14,2025-02-24,2025-03-02,500,500,53.67,USD
472,41,8,18,2025-02-25,2025-03-02,100,63,232.82,USD
476,53,2,5,2025-02-26,2025-03-02,50,50,335.96,USD
336,8,2,6,2025-02-08,2025-03-03,100,100,356.46,USD
441,54,3,7,2025-02-22,2025-03-03,200,200,134.5,USD
446,92,9,19,2025-02-22,2025-03-03,100,57,248.53,USD
462,38,11,24,2025-02-24,2025-03-03,100,100,246.55,USD
468,68,1,1,2025-02-24,2025-03-03,200,200,70.03,USD
478,91,11,24,2025-02-26,2025-03-03,100,100,124.57,USD
482,81,11,24,2025-02-27,2025-03-03,50,50,287.01,USD
486,52,7,15,2025-02-28,2025-03-03,200,200,317.91,USD
449,104,6,14,2025-02-22,2025-03-04,200,200,209.27,USD
459,12,7,15,2025-02-24,2025-03-04,50,50,422.21,USD
471,17,7,15,2025-02-25,2025-03-04,100,100,193.7,USD
474,79,10,23,2025-02-25,2025-03-04,100,53,373.36,USD
477,82,9,20,2025-02-26,2025-03-04,50,50,228.71,USD
261,23,3,8,2025-01-28,2025-03-05,50,50,440.27,USD
416,23,3,7,2025-02-18,2025-03-05,50,43,276.54,USD
420,91,11,25,2025-02-18,2025-03-05,100,100,124.27,USD
431,81,11,25,2025-02-20,2025-03-05,50,50,313.49,USD
432,101,7,16,2025-02-20,2025-03-05,50,39,249.74,USD
442,60,11,25,2025-02-22,2025-03-05,50,50,347.46,USD
470,1,6,13,2025-02-25,2025-03-05,100,100,64.76,USD
487,61,9,19,2025-02-28,2025-03-05,50,50,322.64,USD
342,58,2,6,2025-02-08,2025-03-06,50,50,594.55,USD
368,58,2,6,2025-02-12,2025-03-06,50,50,400.61,USD
483,100,4,9,2025-02-27,2025-03-06,100,100,286.82,USD
498,55,8,17,2025-03-01,2025-03-06,50,50,98.65,USD
259,43,3,8,2025-01-27,2025-03-07,100,100,351.3,USD
327,82,12,26,2025-02-06,2025-03-07,50,50,214.34,USD
393,53,2,6,2025-02-15,2025-03-07,50,50,323.25,USD
439,98,11,25,2025-02-21,2025-03-07,100,100,219.88,USD
453,42,2,4,2025-02-23,2025-03-07,50,50,328.3,USD
457,101,7,16,2025-02-23,2025-03-07,50,50,225.7,USD
458,107,10,22,2025-02-23,2025-03-07,50,50,198.39,USD
463,45,9,20,2025-02-24,2025-03-07,200,200,223.67,USD
275,3,10,21,2025-01-30,2025-03-08,50,50,288.11,USD
389,37,2,6,2025-02-15,2025-03-08,100,68,38.1,USD
405,10,1,2,2025-02-17,2025-03-08,100,100,134.91,USD
456,78,2,4,2025-02-23,2025-03-08,200,200,177.42,USD
460,21,2,4,2025-02-24,2025-03-08,100,100,315.42,USD
473,66,5,12,2025-02-25,2025-03-08,50,50,61.63,USD
475,24,12,27,2025-02-26,2025-03-08,100,100,293.97,USD
480,55,8,17,2025-02-27,2025-03-08,50,50,101.01,USD
496,39,3,7,2025-03-01,2025-03-08,50,50,289.08,USD
497,40,5,11,2025-03-01,2025-03-08,100,100,213.73,USD
515,55,8,18,2025-03-03,2025-03-08,50,27,104.31,USD
521,79,10,23,2025-03-04,2025-03-08,100,100,374.14,USD
522,81,11,24,2025-03-04,2025-03-08,50,50,318.05,USD
324,23,3,8,2025-02-06,2025-03-09,50,50,300.84,USD
421,95,10,22,2025-02-18,2025-03-09,100,54,128.89,USD
443,63,2,4,2025-02-22,2025-03-09,50,50,168.11,USD
297,100,10,21,2025-02-01,2025-03-10,100,100,448.53,USD
391,42,2,6,2025-02-15,2025-03-10,50,50,327.24,USD
479,14,4,9,2025-02-27,2025-03-10,50,50,177.12,USD
485,3,10,22,2025-02-28,2025-03-10,50,50,174.03,USD
525,23,3,7,2025-03-05,2025-03-10,50,50,263.76,USD
532,71,12,27,2025-03-05,2025-03-10,50,50,250.78,USD
539,119,11,24,2025-03-06,2025-03-10,100,100,298.49,USD
422,110,1,3,2025-02-18,2025-03-11,100,100,167.67,USD
465,57,2,4,2025-02-24,2025-03-11,50,50,68.63,USD
516,91,11,24,2025-03-03,2025-03-11,100,100,134.26,USD
520,39,6,14,2025-03-04,2025-03-11,50,25,243.31,USD
311,79,10,21,2025-02-04,2025-03-12,100,70,652.36,USD
489,97,10,22,2025-02-28,2025-03-12,50,50,119.29,USD
492,118,11,25,2025-02-28,2025-03-12,200,200,45.3,USD
499,60,11,25,2025-03-01,2025-03-12,50,50,378.25,USD
514,41,4,9,2025-03-03,2025-03-12,100,100,256.24,USD
518,94,5,11,2025-03-03,2025-03-12,200,200,320.8,USD
524,14,4,9,2025-03-05,2025-03-12,50,44,174.96,USD
526,24,12,28,2025-03-05,2025-03-12,100,100,312.54,USD
531,66,4,9,2025-03-05,2025-03-12,50,50,59.08,USD
533,82,9,20,2025-03-05,2025-03-12,50,50,200.67,USD
535,110,1,1,2025-03-05,2025-03-12,100,100,160.21,USD
537,5,7,15,2025-03-06,2025-03-12,50,50,86.25,USD
543,86,5,11,2025-03-07,2025-03-12,200,200,117.67,USD
385,96,1,3,2025-02-14,2025-03-13,50,36,297.43,USD
466,58,2,6,2025-02-24,2025-03-13,50,50,337.27,USD
494,8,2,5,2025-03-01,2025-03-13,100,100,239.26,USD
511,3,10,22,2025-03-03,2025-03-13,50,50,208.17,USD
530,64,6,14,2025-03-05,2025-03-13,200,200,358.96,USD
558,82,9,19,2025-03-09,2025-03-13,50,50,214.95,USD
575,3,6,13,2025-03-11,2025-03-13,50,50,213.75,USD
579,92,1,1,2025-03-11,2025-03-13,100,100,241.42,USD
286,3,10,21,2025-02-01,2025-03-14,50,50,286.19,USD
296,97,10,21,2025-02-01,2025-03-14,50,50,194.09,USD
303,23,3,8,2025-02-03,2025-03-14,50,50,400.89,USD
452,20,2,4,2025-02-23,2025-03-14,200,200,215.02,USD
490,101,7,16,2025-02-28,2025-03-14,50,50,264.91,USD
501,119,11,25,2025-03-01,2025-03-14,100,100,320.39,USD
503,15,4,9,2025-03-02,2025-03-14,100,100,282.29,USD
506,66,5,12,2025-03-02,2025-03-14,50,50,58.94,USD
519,10,3,7,2025-03-04,2025-03-14,100,100,111.14,USD
546,20,2,5,2025-03-08,2025-03-14,200,200,191.77,USD
550,58,2,5,2025-03-08,2025-03-14,50,50,328.43,USD
556,65,12,28,2025-03-09,2025-03-14,100,72,168.42,USD
565,39,11,24,2025-03-10,2025-03-14,50,50,273.33,USD
567,49,12,27,2025-03-10,2025-03-14,50,50,88.19,USD
319,57,4,10,2025-02-05,2025-03-15,50,50,71.16,USD
403,114,1,2,2025-02-16,2025-03-15,200,200,279.47,USD
504,57,4,9,2025-03-02,2025-03-15,51,51,76.24,USD
528,60,11,25,2025-03-05,2025-03-15,50,50,342.82,USD
529,61,9,19,2025-03-05,2025-03-15,50,50,327.93,USD
559,96,10,23,2025-03-09,2025-03-15,50,50,181.65,USD
564,33,9,20,2025-03-10,2025-03-15,100,100,274.88,USD
570,79,10,23,2025-03-10,2025-03-15,100,100,398.07,USD
571,93,6,13,2025-03-10,2025-03-15,200,200,360.39,USD
577,61,9,20,2025-03-11,2025-03-15,50,50,309.2,USD
603,101,7,15,2025-03-14,2025-03-15,50,50,222.82,USD
500,71,7,16,2025-03-01,2025-03-16,50,50,231.86,USD
538,31,8,17,2025-03-06,2025-03-16,100,100,445.9,USD
555,61,12,27,2025-03-09,2025-03-16,50,43,287.06,USD
566,40,6,13,2025-03-10,2025-03-16,100,100,214.71,USD
569,78,2,5,2025-03-10,2025-03-16,200,200,164.38,USD
580,100,4,9,2025-03-11,2025-03-16,100,100,261.94,USD
582,6,3,7,2025-03-12,2025-03-16,200,200,119.51,USD
587,42,9,19,2025-03-13,2025-03-16,50,50,276.74,USD
590,58,2,5,2025-03-13,2025-03-16,50,50,327.12,USD
591,120,9,19,2025-03-13,2025-03-16,500,500,80.02,USD
592,2,11,24,2025-03-14,2025-03-16,200,200,268.73,USD
597,39,6,13,2025-03-14,2025-03-16,50,50,253.09,USD
598,60,11,24,2025-03-14,2025-03-16,50,50,285.88,USD
599,62,1,1,2025-03-14,2025-03-16,200,200,248.81,USD
602,91,11,24,2025-03-14,2025-03-16,100,100,104.2,USD
335,3,10,21,2025-02-08,2025-03-17,50,50,296.2,USD
493,2,11,25,2025-03-01,2025-03-17,200,160,317.47,USD
509,96,10,23,2025-03-02,2025-03-17,50,50,201.81,USD
512,12,7,16,2025-03-03,2025-03-17,50,50,464.17,USD
513,28,5,12,2025-03-03,2025-03-17,200,200,382.77,USD
536,3,10,23,2025-03-06,2025-03-17,50,50,194.1,USD
540,17,7,16,2025-03-07,2025-03-17,100,100,193.83,USD
545,1,12,27,2025-03-08,2025-03-17,100,100,67.26,USD
547,21,12,28,2025-03-08,2025-03-17,100,80,343.24,USD
553,37,6,14,2025-03-09,2025-03-17,100,100,42.64,USD
585,71,12,28,2025-03-12,2025-03-17,50,39,268.08,USD
588,45,9,20,2025-03-13,2025-03-17,200,200,182.95,USD
593,3,10,23,2025-03-14,2025-03-17,50,50,158.5,USD
601,84,2,5,2025-03-14,2025-03-17,100,100,286.4,USD
611,66,5,11,2025-03-15,2025-03-17,50,50,58.71,USD
613,81,11,24,2025-03-15,2025-03-17,50,38,272.67,USD
333,107,10,21,2025-02-07,2025-03-18,50,43,319.23,USD
360,23,3,8,2025-02-11,2025-03-18,50,50,309.61,USD
505,63,2,4,2025-03-02,2025-03-18,50,50,146.42,USD
507,84,2,6,2025-03-02,2025-03-18,100,100,326.16,USD
542,81,11,25,2025-03-07,2025-03-18,50,50,313.64,USD
551,60,11,25,2025-03-08,2025-03-18,50,50,331.27,USD
607,21,2,5,2025-03-15,2025-03-18,100,100,257.11,USD
610,61,9,19,2025-03-15,2025-03-18,50,50,283.95,USD
615,96,10,23,2025-03-15,2025-03-18,50,32,179.56,USD
347,45,4,10,2025-02-09,2025-03-19,200,105,236.35,USD
366,21,12,26,2025-02-12,2025-03-19,100,100,309.77,USD
517,92,9,20,2025-03-03,2025-03-19,100,100,238.51,USD
527,57,4,9,2025-03-05,2025-03-19,50,50,71.53,USD
544,98,11,25,2025-03-07,2025-03-19,100,100,190.48,USD
549,55,8,17,2025-03-08,2025-03-19,50,50,99.46,USD
617,33,9,19,2025-03-16,2025-03-19,100,100,257.55,USD
375,24,3,8,2025-02-13,2025-03-20,100,100,310.8,USD
563,23,3,7,2025-03-10,2025-03-20,50,50,270.97,USD
573,104,6,14,2025-03-10,2025-03-20,200,200,183.92,USD
392,43,3,8,2025-02-15,2025-03-21,100,100,234.16,USD
399,23,3,8,2025-02-16,2025-03-21,50,50,315.35,USD
557,66,5,12,2025-03-09,2025-03-21,50,50,61.46,USD
338,25,4,10,2025-02-08,2025-03-22,100,100,121.52,USD
382,14,4,10,2025-02-14,2025-03-22,50,41,180.48,USD
383,49,12,26,2025-02-14,2025-03-22,50,50,85.86,USD
510,102,2,4,2025-03-02,2025-03-22,100,100,275.59,USD
534,101,7,16,2025-03-05,2025-03-22,50,50,257.36,USD
548,42,2,4,2025-03-08,2025-03-22,50,50,294.76,USD
568,55,8,17,2025-03-10,2025-03-22,50,50,99.07,USD
572,95,10,22,2025-03-10,2025-03-22,100,100,123.75,USD
589,55,8,17,2025-03-13,2025-03-22,50,50,104.35,USD
614,94,5,12,2025-03-15,2025-03-22,200,200,261.16,USD
620,12,7,15,2025-03-17,2025-03-22,50,50,359.59,USD
508,95,10,22,2025-03-02,2025-03-23,100,100,130.78,USD
554,51,2,4,2025-03-09,2025-03-23,200,200,102.77,USD
560,101,7,16,2025-03-09,2025-03-23,50,50,232.44,USD
574,113,9,19,2025-03-10,2025-03-23,100,100,223.28,USD
581,114,1,3,2025-03-11,2025-03-23,200,200,274.9,USD
604,108,8,17,2025-03-14,2025-03-23,200,200,171.89,USD
612,79,10,22,2025-03-15,2025-03-23,100,52,337.07,USD
616,97,10,22,2025-03-15,2025-03-23,50,50,98.49,USD
378,57,4,10,2025-02-13,2025-03-24,50,50,67.69,USD
418,39,3,8,2025-02-18,2025-03-24,50,50,270.27,USD
552,8,2,4,2025-03-09,2025-03-24,100,84,227.69,USD
561,102,2,6,2025-03-09,2025-03-24,100,100,263.51,USD
578,68,1,2,2025-03-11,2025-03-24,200,200,73.1,USD
608,52,7,16,2025-03-15,2025-03-24,200,200,304.87,USD
618,41,8,17,2025-03-16,2025-03-24,100,100,278.81,USD
621,17,9,19,2025-03-17,2025-03-24,100,100,169.71,USD
623,82,9,19,2025-03-17,2025-03-24,50,50,188.18,USD
637,24,12,28,2025-03-19,2025-03-24,100,78,289.35,USD
643,40,6,13,2025-03-20,2025-03-24,100,83,230.3,USD
408,57,4,10,2025-02-17,2025-03-25,50,50,75.74,USD
541,63,2,6,2025-03-07,2025-03-25,50,50,153.07,USD
625,115,9,20,2025-03-17,2025-03-25,100,100,300.97,USD
627,55,8,17,2025-03-18,2025-03-25,50,50,99.55,USD
634,3,10,23,2025-03-19,2025-03-25,50,50,209.46,USD
651,64,9,19,2025-03-21,2025-03-25,200,200,328.64,USD
668,38,11,24,2025-03-23,2025-03-25,100,100,278.07,USD
676,2,7,15,2025-03-24,2025-03-25,200,200,267.3,USD
450,6,3,8,2025-02-23,2025-03-26,200,200,140.55,USD
455,58,12,26,2025-02-23,2025-03-26,50,28,310.29,USD
469,115,3,8,2025-02-24,2025-03-26,100,100,332.49,USD
584,53,2,6,2025-03-12,2025-03-26,50,50,291.22,USD
605,110,1,3,2025-03-14,2025-03-26,100,100,137.99,USD
619,119,12,28,2025-03-16,2025-03-26,100,100,336.34,USD
631,81,11,24,2025-03-18,2025-03-26,50,50,342.5,USD
640,92,9,19,2025-03-19,2025-03-26,100,100,217.98,USD
660,66,5,11,2025-03-22,2025-03-26,50,50,57.97,USD
662,82,12,27,2025-03-22,2025-03-26,50,50,220.01,USD
664,102,2,5,2025-03-22,2025-03-26,100,100,287.3,USD
675,1,12,27,2025-03-24,2025-03-26,100,100,80.78,USD
415,1,12,26,2025-02-18,2025-03-27,100,100,67.57,USD
594,10,1,2,2025-03-14,2025-03-27,100,100,112.08,USD
600,63,2,6,2025-03-14,2025-03-27,50,31,127.33,USD
624,96,10,22,2025-03-17,2025-03-27,50,50,177.85,USD
669,61,9,20,2025-03-23,2025-03-27,50,50,340.0,USD
677,3,10,23,2025-03-24,2025-03-27,50,50,174.7,USD
680,42,2,5,2025-03-24,2025-03-27,50,40,298.4,USD
685,92,9,19,2025-03-24,2025-03-27,100,100,198.55,USD
690,53,6,13,2025-03-25,2025-03-27,50,41,281.57,USD
413,97,10,21,2025-02-17,2025-03-28,50,50,128.51,USD
628,58,2,5,2025-03-18,2025-03-28,50,33,331.81,USD
629,61,9,19,2025-03-18,2025-03-28,50,50,310.6,USD
635,12,7,16,2025-03-19,2025-03-28,50,50,469.59,USD
648,55,8,18,2025-03-21,2025-03-28,50,50,106.33,USD
670,63,4,9,2025-03-23,2025-03-28,50,50,149.93,USD
673,93,6,14,2025-03-23,2025-03-28,200,200,356.03,USD
681,45,9,20,2025-03-24,2025-03-28,200,200,204.32,USD
687,3,10,23,2025-03-25,2025-03-28,50,50,174.17,USD
696,110,9,19,2025-03-25,2025-03-28,100,81,141.1,USD
700,81,11,24,2025-03-26,2025-03-28,50,50,271.54,USD
448,96,10,21,2025-02-22,2025-03-29,50,50,188.77,USD
454,51,4,10,2025-02-23,2025-03-29,200,200,100.92,USD
633,101,7,16,2025-03-18,2025-03-29,50,50,263.75,USD
636,14,7,15,2025-03-19,2025-03-29,50,50,201.63,USD
641,96,10,23,2025-03-19,2025-03-29,50,50,178.77,USD
653,81,11,24,2025-03-21,2025-03-29,50,50,295.04,USD
654,118,11,24,2025-03-21,2025-03-29,200,200,47.44,USD
683,55,8,18,2025-03-24,2025-03-29,50,50,104.88,USD
692,61,9,20,2025-03-25,2025-03-29,50,50,274.6,USD
702,95,10,23,2025-03-26,2025-03-29,100,100,116.41,USD
438,96,10,21,2025-02-21,2025-03-30,50,50,189.94,USD
622,71,12,28,2025-03-17,2025-03-30,50,50,270.77,USD
644,116,7,16,2025-03-20,2025-03-30,200,200,339.29,USD
663,98,11,24,2025-03-22,2025-03-30,100,63,173.17,USD
425,14,4,10,2025-02-19,2025-03-31,50,50,186.52,USD
562,12,7,16,2025-03-10,2025-03-31,50,50,380.15,USD
650,60,11,24,2025-03-21,2025-03-31,50,50,333.59,USD
658,39,6,14,2025-03-22,2025-03-31,50,50,239.8,USD
672,79,10,22,2025-03-23,2025-03-31,100,100,401.18,USD
481,65,12,26,2025-02-27,2025-04-01,100,100,197.48,USD
652,66,5,12,2025-03-21,2025-04-01,50,50,54.82,USD
655,119,11,25,2025-03-21,2025-04-01,100,100,303.79,USD
661,79,10,22,2025-03-22,2025-04-01,100,100,383.07,USD
671,71,7,16,2025-03-23,2025-04-01,50,50,263.02,USD
679,41,8,18,2025-03-24,2025-04-01,100,100,259.16,USD
709,104,6,13,2025-03-27,2025-04-01,200,200,189.52,USD
720,111,7,15,2025-03-29,2025-04-01,500,500,463.76,USD
729,101,7,15,2025-03-30,2025-04-01,50,50,338.4,USD
638,39,11,25,2025-03-19,2025-04-02,50,50,273.64,USD
656,6,3,7,2025-03-22,2025-04-02,200,200,137.1,USD
684,91,11,25,2025-03-24,2025-04-02,100,100,100.54,USD
686,101,7,16,2025-03-24,2025-04-02,50,50,212.06,USD
701,94,5,12,2025-03-26,2025-04-02,200,200,289.01,USD
704,5,7,15,2025-03-27,2025-04-02,50,50,77.45,USD
447,93,4,10,2025-02-22,2025-04-03,200,200,367.33,USD
666,21,2,4,2025-03-23,2025-04-03,100,83,324.7,USD
691,58,12,28,2025-03-25,2025-04-03,50,50,388.31,USD
698,55,8,17,2025-03-26,2025-04-03,50,50,94.22,USD
703,107,10,22,2025-03-26,2025-04-03,50,50,178.81,USD
727,91,11,24,2025-03-30,2025-04-03,100,100,169.48,USD
484,112,3,8,2025-02-27,2025-04-04,500,500,235.34,USD
495,25,4,10,2025-03-01,2025-04-04,100,100,128.85,USD
699,60,11,25,2025-03-26,2025-04-04,50,50,282.75,USD
707,52,9,20,2025-03-27,2025-04-04,200,200,292.25,USD
712,33,9,19,2025-03-28,2025-04-04,100,100,310.41,USD
734,55,8,18,2025-03-31,2025-04-04,50,50,154.61,USD
435,25,4,10,2025-02-21,2025-04-05,100,100,129.9,USD
667,28,1,2,2025-03-23,2025-04-05,200,200,369.61,USD
682,54,1,3,2025-03-24,2025-04-05,200,200,99.62,USD
694,84,2,4,2025-03-25,2025-04-05,100,100,288.81,USD
718,81,11,24,2025-03-29,2025-04-05,50,50,314.42,USD
725,75,12,27,2025-03-30,2025-04-05,500,500,167.46,USD
726,82,9,20,2025-03-30,2025-04-05,50,28,319.02,USD
744,102,2,5,2025-04-01,2025-04-05,100,100,395.26,USD
678,8,2,6,2025-03-24,2025-04-06,100,100,210.01,USD
710,12,5,12,2025-03-28,2025-04-06,50,50,379.83,USD
711,17,7,15,2025-03-28,2025-04-06,100,63,178.99,USD
715,21,2,5,2025-03-29,2025-04-06,100,100,305.42,USD
502,14,4,10,2025-03-02,2025-04-07,50,50,197.02,USD
688,10,1,2,2025-03-25,2025-04-07,100,100,105.56,USD
693,78,2,6,2025-03-25,2025-04-07,200,200,139.31,USD
706,40,5,12,2025-03-27,2025-04-07,100,100,189.7,USD
717,66,5,11,2025-03-29,2025-04-07,50,50,73.2,USD
730,119,11,24,2025-03-30,2025-04-07,100,100,486.59,USD
732,12,7,15,2025-03-31,2025-04-07,50,50,610.09,USD
739,8,2,5,2025-04-01,2025-04-07,100,100,397.01,USD
751,86,5,11,2025-04-02,2025-04-07,200,200,192.2,USD
488,96,10,21,2025-02-28,2025-04-08,50,50,185.05,USD
659,48,5,12,2025-03-22,2025-04-08,500,500,186.17,USD
697,20,2,6,2025-03-26,2025-04-08,200,200,185.58,USD
708,63,2,4,2025-03-27,2025-04-08,50,50,126.11,USD
742,61,9,19,2025-04-01,2025-04-08,50,50,505.81,USD
759,84,8,17,2025-04-03,2025-04-08,100,100,318.92,USD
793,52,7,15,2025-04-07,2025-04-08,200,200,375.61,USD
576,23,3,8,2025-03-11,2025-04-09,50,50,295.0,USD
714,71,12,28,2025-03-28,2025-04-09,50,50,278.76,USD
737,1,6,13,2025-04-01,2025-04-09,100,100,110.04,USD
762,58,2,5,2025-04-04,2025-04-09,50,50,344.51,USD
770,29,8,18,2025-04-05,2025-04-09,200,200,320.92,USD
491,107,10,21,2025-02-28,2025-04-10,50,50,214.72,USD
642,8,2,4,2025-03-20,2025-04-10,100,100,239.81,USD
728,98,11,25,2025-03-30,2025-04-10,100,100,255.31,USD
735,64,6,14,2025-03-31,2025-04-10,200,200,581.15,USD
736,96,10,22,2025-03-31,2025-04-10,50,50,296.73,USD
745,114,3,7,2025-04-01,2025-04-10,200,200,393.14,USD
763,85,11,24,2025-04-04,2025-04-10,200,200,96.77,USD
774,92,9,19,2025-04-05,2025-04-10,100,100,238.51,USD
804,22,7,15,2025-04-08,2025-04-10,200,200,424.28,USD
523,96,10,21,2025-03-04,2025-04-11,50,50,195.41,USD
768,14,4,9,2025-04-05,2025-04-11,50,50,205.0,USD
779,17,7,15,2025-04-06,2025-04-11,100,100,202.8,USD
583,24,12,26,2025-03-12,2025-04-12,100,100,287.62,USD
596,23,3,8,2025-03-14,2025-04-12,50,50,267.0,USD
649,57,2,6,2025-03-21,2025-04-12,50,50,70.95,USD
716,58,2,4,2025-03-29,2025-04-12,50,50,380.65,USD
719,96,1,2,2025-03-29,2025-04-12,50,25,187.61,USD
741,60,11,24,2025-04-01,2025-04-12,50,50,566.85,USD
748,42,11,25,2025-04-02,2025-04-12,50,50,513.29,USD
760,96,10,23,2025-04-03,2025-04-12,50,50,174.81,USD
769,25,4,9,2025-04-05,2025-04-12,100,100,121.58,USD
775,95,2,5,2025-04-05,2025-04-12,100,69,110.46,USD
780,21,2,5,2025-04-06,2025-04-12,100,100,314.41,USD
787,119,11,24,2025-04-06,2025-04-12,100,100,302.38,USD
797,81,11,24,2025-04-07,2025-04-12,50,50,294.79,USD
809,98,11,24,2025-04-08,2025-04-12,100,100,173.74,USD
722,46,11,25,2025-03-30,2025-04-13,500,500,76.44,USD
758,71,12,27,2025-04-03,2025-04-13,50,50,241.57,USD
771,41,8,18,2025-04-05,2025-04-13,100,100,248.75,USD
790,45,4,9,2025-04-07,2025-04-13,200,200,208.28,USD
800,94,5,11,2025-04-07,2025-04-13,200,200,355.07,USD
814,101,7,15,2025-04-09,2025-04-13,50,50,254.82,USD
750,81,11,25,2025-04-02,2025-04-14,50,34,435.11,USD
752,97,10,22,2025-04-02,2025-04-14,50,50,171.82,USD
767,12,7,15,2025-04-05,2025-04-14,50,50,382.98,USD
772,61,9,20,2025-04-05,2025-04-14,50,50,309.14,USD
778,10,1,1,2025-04-06,2025-04-14,100,100,119.6,USD
782,57,4,9,2025-04-06,2025-04-14,50,50,67.88,USD
788,40,5,11,2025-04-07,2025-04-14,100,100,238.32,USD
789,43,3,7,2025-04-07,2025-04-14,100,100,237.61,USD
826,81,11,24,2025-04-11,2025-04-14,50,27,335.31,USD
586,107,10,21,2025-03-12,2025-04-15,50,50,183.93,USD
595,14,4,10,2025-03-14,2025-04-15,50,50,172.12,USD
606,1,12,26,2025-03-15,2025-04-15,100,100,78.94,USD
764,90,10,23,2025-04-04,2025-04-15,200,200,206.53,USD
773,82,9,19,2025-04-05,2025-04-15,50,50,205.57,USD
794,61,9,19,2025-04-07,2025-04-15,50,50,308.73,USD
798,82,9,20,2025-04-07,2025-04-15,50,50,212.9,USD
805,33,9,20,2025-04-08,2025-04-15,100,100,310.17,USD
810,1,12,28,2025-04-09,2025-04-15,100,100,72.76,USD
811,39,11,24,2025-04-09,2025-04-15,50,50,268.25,USD
609,57,4,10,2025-03-15,2025-04-16,50,28,59.77,USD
738,3,10,22,2025-04-01,2025-04-16,50,50,282.98,USD
749,57,4,9,2025-04-02,2025-04-16,50,50,96.8,USD
761,101,7,16,2025-04-03,2025-04-16,50,50,224.79,USD
781,31,8,17,2025-04-06,2025-04-16,100,100,400.67,USD
816,55,8,18,2025-04-10,2025-04-16,50,50,97.87,USD
818,108,8,17,2025-04-10,2025-04-16,200,200,193.76,USD
843,101,7,15,2025-04-13,2025-04-16,50,50,230.29,USD
733,39,11,25,2025-03-31,2025-04-17,50,50,425.96,USD
791,49,9,19,2025-04-07,2025-04-17,50,50,93.17,USD
863,119,11,24,2025-04-15,2025-04-17,100,52,367.54,USD
754,15,5,11,2025-04-03,2025-04-18,100,100,311.11,USD
783,60,12,27,2025-04-06,2025-04-18,50,44,320.43,USD
806,66,5,12,2025-04-08,2025-04-18,50,50,59.25,USD
821,12,7,15,2025-04-11,2025-04-18,50,50,382.85,USD
831,63,2,5,2025-04-12,2025-04-18,50,50,151.05,USD
852,61,9,19,2025-04-14,2025-04-18,50,50,309.6,USD
626,23,3,8,2025-03-18,2025-04-19,50,50,295.99,USD
757,63,2,6,2025-04-03,2025-04-19,50,50,157.12,USD
799,93,6,13,2025-04-07,2025-04-19,200,200,361.36,USD
825,79,10,23,2025-04-11,2025-04-19,100,100,376.83,USD
842,72,9,20,2025-04-13,2025-04-19,200,200,128.78,USD
784,65,12,28,2025-04-06,2025-04-20,100,100,206.69,USD
786,100,4,9,2025-04-06,2025-04-20,100,100,254.05,USD
792,51,2,4,2025-04-07,2025-04-20,200,200,100.17,USD
801,118,11,25,2025-04-07,2025-04-20,200,200,49.87,USD
820,115,3,7,2025-04-10,2025-04-20,100,100,365.26,USD
829,28,5,12,2025-04-12,2025-04-20,200,200,334.41,USD
841,71,12,28,2025-04-13,2025-04-20,50,50,248.29,USD
875,5,7,15,2025-04-17,2025-04-20,50,34,102.37,USD
646,23,3,8,2025-03-21,2025-04-21,50,50,309.54,USD
731,9,8,18,2025-03-31,2025-04-21,200,200,90.44,USD
808,91,11,25,2025-04-08,2025-04-21,100,77,122.96,USD
815,107,10,22,2025-04-09,2025-04-21,50,50,193.09,USD
855,32,9,20,2025-04-15,2025-04-21,500,500,129.05,USD
864,3,10,23,2025-04-16,2025-04-21,50,50,170.14,USD
865,6,3,7,2025-04-16,2025-04-21,200,200,135.0,USD
883,39,11,24,2025-04-18,2025-04-21,50,50,323.0,USD
893,71,7,15,2025-04-19,2025-04-21,50,50,217.55,USD
872,88,9,19,2025-04-16,2025-04-22,500,500,367.03,USD
899,40,6,13,2025-04-20,2025-04-22,100,100,214.63,USD
647,43,3,8,2025-03-21,2025-04-23,100,100,238.56,USD
802,2,11,25,2025-04-08,2025-04-23,200,200,312.19,USD
837,23,3,7,2025-04-13,2025-04-23,50,50,293.96,USD
839,64,6,13,2025-04-13,2025-04-23,200,118,357.21,USD
854,96,10,22,2025-04-14,2025-04-23,50,50,182.46,USD
866,8,2,5,2025-04-16,2025-04-23,100,100,252.41,USD
868,57,5,11,2025-04-16,2025-04-23,50,27,84.39,USD
871,82,9,20,2025-04-16,2025-04-23,50,50,208.51,USD
900,55,10,23,2025-04-20,2025-04-23,50,50,100.63,USD
901,58,8,18,2025-04-20,2025-04-23,50,50,359.41,USD
903,97,10,23,2025-04-20,2025-04-23,50,50,126.43,USD
639,57,4,10,2025-03-19,2025-04-24,50,50,72.24,USD
665,14,4,10,2025-03-23,2025-04-24,50,50,184.21,USD
713,68,1,2,2025-03-28,2025-04-24,200,200,70.71,USD
755,53,2,6,2025-04-03,2025-04-24,50,50,330.31,USD
836,3,5,11,2025-04-13,2025-04-24,50,50,201.65,USD
856,37,6,14,2025-04-15,2025-04-24,100,100,42.47,USD
898,33,9,20,2025-04-20,2025-04-24,100,100,305.58,USD
916,101,7,15,2025-04-22,2025-04-24,50,50,211.08,USD
795,62,1,2,2025-04-07,2025-04-25,200,147,280.67,USD
796,67,5,12,2025-04-07,2025-04-25,500,500,203.67,USD
845,3,10,22,2025-04-14,2025-04-25,50,50,190.79,USD
867,12,7,15,2025-04-16,2025-04-25,50,50,412.42,USD
876,23,3,7,2025-04-17,2025-04-25,50,50,261.68,USD
891,45,9,20,2025-04-19,2025-04-25,200,200,217.39,USD
897,25,4,9,2025-04-20,2025-04-25,100,76,125.47,USD
912,52,7,15,2025-04-22,2025-04-25,200,200,317.22,USD
674,97,10,21,2025-03-23,2025-04-26,50,38,120.28,USD
695,100,4,10,2025-03-25,2025-04-26,100,100,245.14,USD
785,66,5,12,2025-04-06,2025-04-26,50,32,61.24,USD
803,8,2,6,2025-04-08,2025-04-26,100,100,234.5,USD
823,20,2,4,2025-04-11,2025-04-26,200,200,232.44,USD
827,84,2,4,2025-04-11,2025-04-26,100,100,325.93,USD
828,21,2,4,2025-04-12,2025-04-26,100,100,307.33,USD
834,102,2,4,2025-04-12,2025-04-26,100,100,276.5,USD
858,80,8,18,2025-04-15,2025-04-26,100,100,102.93,USD
862,114,1,1,2025-04-15,2025-04-26,200,200,240.37,USD
878,55,8,18,2025-04-17,2025-04-26,50,29,93.14,USD
884,41,8,18,2025-04-18,2025-04-26,100,100,257.94,USD
812,42,2,6,2025-04-09,2025-04-27,50,50,346.22,USD
851,60,11,25,2025-04-14,2025-04-27,50,44,340.04,USD
890,17,7,15,2025-04-19,2025-04-27,100,100,211.65,USD
892,54,3,7,2025-04-19,2025-04-27,200,200,119.91,USD
913,58,2,5,2025-04-22,2025-04-27,50,50,349.44,USD
941,81,11,24,2025-04-25,2025-04-27,50,50,333.62,USD
943,119,11,24,2025-04-25,2025-04-27,100,100,302.74,USD
689,24,12,26,2025-03-25,2025-04-28,100,100,280.38,USD
756,55,1,3,2025-04-03,2025-04-28,50,39,91.55,USD
824,60,11,25,2025-04-11,2025-04-28,50,50,364.47,USD
833,97,10,22,2025-04-12,2025-04-28,50,50,130.05,USD
847,14,4,9,2025-04-14,2025-04-28,50,50,188.72,USD
848,17,7,16,2025-04-14,2025-04-28,100,53,196.49,USD
859,91,11,25,2025-04-15,2025-04-28,100,100,138.03,USD
869,66,5,12,2025-04-16,2025-04-28,50,50,87.48,USD
870,81,11,25,2025-04-16,2025-04-28,50,50,346.74,USD
906,3,10,23,2025-04-21,2025-04-28,50,50,182.78,USD
910,66,5,11,2025-04-21,2025-04-28,50,50,56.55,USD
919,55,10,23,2025-04-23,2025-04-28,50,50,90.51,USD
922,91,11,24,2025-04-23,2025-04-28,100,100,113.04,USD
942,113,9,19,2025-04-25,2025-04-28,100,100,243.03,USD
952,101,7,15,2025-04-26,2025-04-28,50,50,207.36,USD
632,90,10,21,2025-03-18,2025-04-29,200,112,213.0,USD
645,14,4,10,2025-03-21,2025-04-29,50,50,187.31,USD
657,25,4,10,2025-03-22,2025-04-29,100,100,113.55,USD
705,23,3,8,2025-03-27,2025-04-29,50,50,258.54,USD
860,92,2,4,2025-04-15,2025-04-29,100,100,230.53,USD
861,95,10,22,2025-04-15,2025-04-29,100,100,121.1,USD
886,60,11,25,2025-04-18,2025-04-29,50,50,394.48,USD
887,61,9,20,2025-04-18,2025-04-29,50,50,301.94,USD
894,93,4,9,2025-04-19,2025-04-29,200,200,320.78,USD
915,82,9,20,2025-04-22,2025-04-29,50,50,208.91,USD
927,57,4,9,2025-04-24,2025-04-29,50,50,65.88,USD
949,71,12,27,2025-04-26,2025-04-29,50,50,210.8,USD
721,23,3,8,2025-03-30,2025-04-30,50,50,417.36,USD
753,110,1,2,2025-04-02,2025-04-30,100,100,239.14,USD
817,58,2,6,2025-04-10,2025-04-30,50,50,364.93,USD
857,53,2,4,2025-04-15,2025-04-30,50,50,292.88,USD
874,116,7,16,2025-04-16,2025-04-30,200,200,358.33,USD
909,21,2,5,2025-04-21,2025-04-30,100,100,281.52,USD
917,14,4,9,2025-04-23,2025-04-30,50,50,179.86,USD
918,23,2,5,2025-04-23,2025-04-30,50,50,303.53,USD
920,61,9,19,2025-04-23,2025-04-30,50,50,333.01,USD
924,100,4,9,2025-04-23,2025-04-30,100,100,246.06,USD
928,63,2,5,2025-04-24,2025-04-30,50,50,139.49,USD
930,79,12,28,2025-04-24,2025-04-30,100,100,396.23,USD
931,86,5,11,2025-04-24,2025-04-30,200,200,116.27,USD
904,102,2,4,2025-04-20,2025-05-01,100,71,275.82,USD
923,92,9,20,2025-04-23,2025-05-01,100,100,239.2,USD
956,55,8,18,2025-04-27,2025-05-01,53,53,95.33,USD
630,65,12,26,2025-03-18,2025-05-02,100,100,173.74,USD
747,24,12,26,2025-04-02,2025-05-02,100,100,416.7,USD
880,96,10,22,2025-04-17,2025-05-02,50,50,168.97,USD
882,38,11,25,2025-04-18,2025-05-02,100,100,299.21,USD
911,39,6,13,2025-04-22,2025-05-02,50,50,267.4,USD
914,81,11,25,2025-04-22,2025-05-02,50,50,306.09,USD
939,66,5,12,2025-04-25,2025-05-02,50,50,57.47,USD
746,23,3,8,2025-04-02,2025-05-03,50,50,422.26,USD
895,94,5,11,2025-04-19,2025-05-03,200,200,344.38,USD
938,62,1,1,2025-04-25,2025-05-03,200,200,294.67,USD
962,15,5,11,2025-04-28,2025-05-03,100,100,324.07,USD
740,14,4,10,2025-04-01,2025-05-04,50,50,292.27,USD
807,78,2,6,2025-04-08,2025-05-04,200,200,163.96,USD
846,10,1,3,2025-04-14,2025-05-04,100,88,120.4,USD
850,58,2,6,2025-04-14,2025-05-04,50,50,378.13,USD
925,2,11,25,2025-04-24,2025-05-04,200,163,351.53,USD
954,41,8,17,2025-04-27,2025-05-04,100,100,303.53,USD
959,1,12,27,2025-04-28,2025-05-04,100,100,70.34,USD
971,90,10,23,2025-04-29,2025-05-04,200,200,208.81,USD
976,28,5,11,2025-04-30,2025-05-04,200,200,305.91,USD
1000,5,7,15,2025-05-03,2025-05-04,50,50,89.89,USD
885,42,2,6,2025-04-18,2025-05-05,50,41,313.26,USD
907,8,2,4,2025-04-21,2025-05-05,100,100,206.23,USD
970,17,7,15,2025-04-29,2025-05-05,100,100,187.48,USD
979,82,7,15,2025-04-30,2025-05-05,50,50,191.1,USD
1010,119,11,24,2025-05-03,2025-05-05,100,100,267.85,USD
1014,52,7,15,2025-05-04,2025-05-05,200,200,280.98,USD
1017,71,7,15,2025-05-04,2025-05-05,50,50,228.66,USD
724,65,12,26,2025-03-30,2025-05-06,100,100,264.31,USD
743,79,12,26,2025-04-01,2025-05-06,100,100,591.38,USD
840,68,1,3,2025-04-13,2025-05-06,200,103,73.44,USD
888,63,2,6,2025-04-18,2025-05-06,50,50,149.58,USD
921,64,6,14,2025-04-23,2025-05-06,200,200,394.44,USD
936,51,2,4,2025-04-25,2025-05-06,200,177,96.56,USD
937,53,2,4,2025-04-25,2025-05-06,50,50,304.42,USD
940,78,2,4,2025-04-25,2025-05-06,200,200,173.18,USD
944,13,5,12,2025-04-26,2025-05-06,500,500,84.28,USD
953,3,10,23,2025-04-27,2025-05-06,50,50,186.13,USD
985,55,8,18,2025-05-01,2025-05-06,50,50,97.17,USD
993,58,8,18,2025-05-02,2025-05-06,50,28,312.45,USD
999,3,10,23,2025-05-03,2025-05-06,50,50,244.25,USD
1003,33,9,19,2025-05-03,2025-05-06,100,100,278.45,USD
1016,64,6,13,2025-05-04,2025-05-06,200,200,334.49,USD
1018,81,11,24,2025-05-04,2025-05-06,50,50,272.34,USD
819,110,1,3,2025-04-10,2025-05-07,100,83,169.95,USD
830,55,1,2,2025-04-12,2025-05-07,50,50,111.32,USD
986,60,12,28,2025-05-01,2025-05-07,50,41,353.81,USD
1004,43,3,7,2025-05-03,2025-05-07,100,100,226.12,USD
1007,101,3,7,2025-05-03,2025-05-07,50,50,224.0,USD
1026,60,11,24,2025-05-05,2025-05-07,50,50,287.44,USD
881,101,7,16,2025-04-17,2025-05-08,50,50,249.79,USD
934,20,2,6,2025-04-25,2025-05-08,200,200,189.05,USD
948,60,11,25,2025-04-26,2025-05-08,50,50,308.89,USD
961,14,4,9,2025-04-28,2025-05-08,50,50,189.59,USD
978,40,5,12,2025-04-30,2025-05-08,100,100,230.96,USD
997,93,6,13,2025-05-02,2025-05-08,200,200,365.76,USD
1002,14,4,9,2025-05-03,2025-05-08,50,50,301.85,USD
1008,107,6,14,2025-05-03,2025-05-08,50,50,192.36,USD
1015,61,9,20,2025-05-04,2025-05-08,50,50,266.05,USD
1021,42,2,5,2025-05-05,2025-05-08,50,50,286.31,USD
1024,55,8,18,2025-05-05,2025-05-08,50,50,107.37,USD
1029,97,10,23,2025-05-05,2025-05-08,50,50,127.0,USD
1035,66,5,11,2025-05-06,2025-05-08,50,42,59.4,USD
723,57,4,10,2025-03-30,2025-05-09,50,50,101.29,USD
832,96,1,3,2025-04-12,2025-05-09,50,50,175.2,USD
960,12,7,15,2025-04-28,2025-05-09,50,50,441.1,USD
984,14,4,9,2025-05-01,2025-05-09,50,50,267.39,USD
987,61,9,20,2025-05-01,2025-05-09,50,50,335.19,USD
1032,31,8,18,2025-05-06,2025-05-09,100,100,365.73,USD
1036,82,9,19,2025-05-06,2025-05-09,50,50,171.93,USD
1037,84,2,5,2025-05-06,2025-05-09,100,100,289.62,USD
1043,102,5,11,2025-05-07,2025-05-09,100,100,268.33,USD
1045,12,7,15,2025-05-08,2025-05-09,50,50,354.64,USD
1046,17,7,15,2025-05-08,2025-05-09,100,100,173.65,USD
766,6,3,8,2025-04-05,2025-05-10,200,200,147.57,USD
932,95,10,22,2025-04-24,2025-05-10,100,100,122.88,USD
933,98,11,25,2025-04-24,2025-05-10,100,100,177.52,USD
947,57,4,9,2025-04-26,2025-05-10,50,50,65.62,USD
1020,98,8,17,2025-05-04,2025-05-10,100,100,198.89,USD
1022,46,6,14,2025-05-05,2025-05-10,500,500,47.66,USD
1025,57,4,9,2025-05-05,2025-05-10,50,50,84.18,USD
1034,45,9,20,2025-05-06,2025-05-10,200,106,203.81,USD
1040,21,2,5,2025-05-07,2025-05-10,100,100,274.57,USD
1049,81,11,24,2025-05-08,2025-05-10,50,50,272.33,USD
908,10,1,3,2025-04-21,2025-05-11,100,100,104.98,USD
957,58,2,6,2025-04-27,2025-05-11,50,50,390.27,USD
963,23,9,20,2025-04-28,2025-05-11,50,50,296.3,USD
965,66,5,12,2025-04-28,2025-05-11,50,50,62.31,USD
981,92,9,20,2025-04-30,2025-05-11,100,100,243.63,USD
998,104,6,14,2025-05-02,2025-05-11,200,200,205.0,USD
1048,61,9,19,2025-05-08,2025-05-11,50,50,282.15,USD
946,42,2,4,2025-04-26,2025-05-12,50,50,295.79,USD
967,118,11,25,2025-04-28,2025-05-12,200,200,44.1,USD
977,39,11,24,2025-04-30,2025-05-12,50,50,273.66,USD
980,91,11,25,2025-04-30,2025-05-12,100,100,115.24,USD
1001,12,7,16,2025-05-03,2025-05-12,50,50,391.59,USD
1027,83,5,12,2025-05-05,2025-05-12,500,500,38.88,USD
1028,94,5,12,2025-05-05,2025-05-12,200,200,286.64,USD
1070,116,7,15,2025-05-11,2025-05-12,200,200,362.97,USD
777,3,10,21,2025-04-06,2025-05-13,50,50,201.88,USD
926,12,4,9,2025-04-24,2025-05-13,50,50,447.63,USD
1011,2,11,25,2025-05-04,2025-05-13,200,200,272.95,USD
1065,24,12,27,2025-05-11,2025-05-13,100,100,303.99,USD
776,96,10,21,2025-04-05,2025-05-14,50,50,203.17,USD
974,21,2,4,2025-04-30,2025-05-14,100,100,393.52,USD
1066,55,8,18,2025-05-11,2025-05-14,51,51,109.75,USD
1079,119,11,24,2025-05-12,2025-05-14,100,100,282.78,USD
966,97,10,22,2025-04-28,2025-05-15,50,50,123.29,USD
988,81,5,12,2025-05-01,2025-05-15,50,50,278.05,USD
989,102,2,4,2025-05-01,2025-05-15,100,70,369.65,USD
1019,95,2,4,2025-05-04,2025-05-15,100,100,103.1,USD
1033,39,11,25,2025-05-06,2025-05-15,50,50,230.0,USD
1042,65,12,27,2025-05-07,2025-05-15,100,100,163.81,USD
1063,108,8,18,2025-05-10,2025-05-15,200,200,185.18,USD
1071,3,10,23,2025-05-12,2025-05-15,50,50,168.8,USD
1073,21,2,5,2025-05-12,2025-05-15,100,100,272.88,USD
1076,82,9,19,2025-05-12,2025-05-15,50,50,178.3,USD
1077,92,9,19,2025-05-12,2025-05-15,100,100,215.52,USD
1094,52,7,15,2025-05-14,2025-05-15,200,200,292.61,USD
822,14,4,10,2025-04-11,2025-05-16,50,50,223.25,USD
835,1,12,26,2025-04-13,2025-05-16,100,100,66.82,USD
877,34,12,26,2025-04-17,2025-05-16,500,500,116.21,USD
972,101,7,15,2025-04-29,2025-05-16,50,31,216.43,USD
973,8,2,4,2025-04-30,2025-05-16,100,100,288.47,USD
1023,53,2,4,2025-05-05,2025-05-16,50,50,280.64,USD
1044,111,7,16,2025-05-07,2025-05-16,500,500,382.48,USD
1062,91,11,24,2025-05-10,2025-05-16,100,100,116.03,USD
1067,61,9,20,2025-05-11,2025-05-16,50,50,319.24,USD
1095,60,11,24,2025-05-14,2025-05-16,50,50,347.12,USD
765,3,10,21,2025-04-05,2025-05-17,50,50,204.8,USD
950,84,2,4,2025-04-26,2025-05-17,100,72,280.72,USD
1054,60,11,24,2025-05-09,2025-05-17,50,29,278.26,USD
1072,14,4,9,2025-05-12,2025-05-17,50,50,167.58,USD
1096,79,10,23,2025-05-14,2025-05-17,100,100,381.91,USD
1097,93,6,13,2025-05-14,2025-05-17,200,200,359.02,USD
1098,107,10,23,2025-05-14,2025-05-17,50,50,197.62,USD
1102,118,11,24,2025-05-15,2025-05-17,200,200,39.04,USD
838,24,12,26,2025-04-13,2025-05-18,100,100,316.3,USD
1053,57,2,5,2025-05-09,2025-05-18,50,39,57.93,USD
1068,66,5,12,2025-05-11,2025-05-18,50,36,69.11,USD
1091,23,3,7,2025-05-14,2025-05-18,50,50,293.73,USD
813,96,10,21,2025-04-09,2025-05-19,50,50,194.03,USD
1052,48,5,12,2025-05-09,2025-05-19,500,500,179.85,USD
844,104,10,21,2025-04-13,2025-05-20,200,200,193.75,USD
1038,8,2,6,2025-05-07,2025-05-20,100,100,222.58,USD
1061,79,10,23,2025-05-10,2025-05-20,100,100,381.77,USD
1080,23,3,7,2025-05-13,2025-05-20,50,50,231.95,USD
1081,33,9,20,2025-05-13,2025-05-20,100,100,263.95,USD
1082,45,9,20,2025-05-13,2025-05-20,200,200,184.96,USD
1083,55,8,17,2025-05-13,2025-05-20,50,50,96.71,USD
1099,6,3,7,2025-05-15,2025-05-20,200,200,134.25,USD
1100,75,12,27,2025-05-15,2025-05-20,500,500,103.96,USD
1114,65,12,27,2025-05-17,2025-05-20,100,100,175.14,USD
1122,28,5,11,2025-05-18,2025-05-20,200,200,397.87,USD
1126,66,5,11,2025-05-18,2025-05-20,50,50,69.26,USD
1128,72,5,11,2025-05-18,2025-05-20,200,149,132.58,USD
1129,81,5,11,2025-05-18,2025-05-20,50,50,326.17,USD
853,81,4,10,2025-04-14,2025-05-21,50,50,293.67,USD
879,57,4,10,2025-04-17,2025-05-21,50,50,63.49,USD
896,119,12,26,2025-04-19,2025-05-21,100,100,313.0,USD
1047,58,2,6,2025-05-08,2025-05-21,50,50,292.68,USD
1106,81,11,24,2025-05-16,2025-05-21,50,50,257.67,USD
1136,91,6,13,2025-05-19,2025-05-21,100,72,98.96,USD
1139,101,7,15,2025-05-19,2025-05-21,50,50,198.43,USD
873,107,10,21,2025-04-16,2025-05-22,50,50,191.41,USD
994,63,2,6,2025-05-02,2025-05-22,50,50,151.91,USD
1121,27,8,17,2025-05-18,2025-05-22,500,254,309.29,USD
1134,82,9,19,2025-05-19,2025-05-22,50,50,173.77,USD
1142,40,6,13,2025-05-20,2025-05-22,100,63,194.63,USD
849,25,4,10,2025-04-14,2025-05-23,100,70,117.76,USD
929,65,12,26,2025-04-24,2025-05-23,100,100,169.92,USD
1056,101,7,16,2025-05-09,2025-05-23,50,30,228.62,USD
1060,40,6,14,2025-05-10,2025-05-23,100,100,199.75,USD
1092,39,11,25,2025-05-14,2025-05-23,50,50,258.34,USD
1104,57,4,9,2025-05-16,2025-05-23,50,50,64.61,USD
1120,14,4,9,2025-05-18,2025-05-23,50,37,206.65,USD
1133,23,3,7,2025-05-19,2025-05-23,50,50,242.98,USD
1143,53,2,5,2025-05-20,2025-05-23,50,50,272.41,USD
1145,90,10,23,2025-05-20,2025-05-23,200,200,168.48,USD
1157,71,7,15,2025-05-22,2025-05-23,50,50,205.0,USD
902,96,10,21,2025-04-20,2025-05-24,50,50,197.03,USD
905,1,12,26,2025-04-21,2025-05-24,100,100,70.43,USD
935,23,3,8,2025-04-25,2025-05-24,50,50,309.94,USD
1057,110,1,1,2025-05-09,2025-05-24,100,100,139.05,USD
1058,12,7,15,2025-05-10,2025-05-24,50,50,395.85,USD
1110,17,7,15,2025-05-17,2025-05-24,100,100,231.1,USD
1132,14,4,9,2025-05-19,2025-05-24,50,50,182.34,USD
1146,3,10,23,2025-05-21,2025-05-24,50,50,175.98,USD
1150,92,9,19,2025-05-21,2025-05-24,100,81,198.66,USD
1151,119,10,23,2025-05-21,2025-05-24,100,100,252.66,USD
1163,14,7,15,2025-05-23,2025-05-24,50,50,158.03,USD
1075,63,2,6,2025-05-12,2025-05-25,50,50,137.31,USD
1089,101,7,16,2025-05-13,2025-05-25,50,50,220.35,USD
1090,8,2,4,2025-05-14,2025-05-25,100,100,240.25,USD
1103,24,12,28,2025-05-16,2025-05-25,100,100,324.5,USD
1105,64,6,14,2025-05-16,2025-05-25,200,200,311.66,USD
1152,33,9,19,2025-05-22,2025-05-25,100,59,274.88,USD
1153,41,8,18,2025-05-22,2025-05-25,100,100,264.06,USD
1154,55,8,18,2025-05-22,2025-05-25,50,50,103.96,USD
1155,57,2,5,2025-05-22,2025-05-25,50,50,75.49,USD
1050,20,2,6,2025-05-09,2025-05-26,200,200,175.17,USD
1059,36,2,6,2025-05-10,2025-05-26,500,500,218.79,USD
1137,94,5,12,2025-05-19,2025-05-26,200,200,262.72,USD
1140,114,1,1,2025-05-19,2025-05-26,200,200,233.18,USD
1172,39,11,24,2025-05-24,2025-05-26,50,50,250.99,USD
964,55,1,2,2025-04-28,2025-05-27,50,50,99.06,USD
1064,10,1,2,2025-05-11,2025-05-27,100,100,121.94,USD
1085,58,2,4,2025-05-13,2025-05-27,50,50,296.43,USD
1093,42,2,6,2025-05-14,2025-05-27,50,50,324.91,USD
1119,12,7,16,2025-05-18,2025-05-27,50,50,466.77,USD
1123,38,11,25,2025-05-18,2025-05-27,100,100,279.8,USD
1130,98,11,25,2025-05-18,2025-05-27,100,100,184.97,USD
1165,23,9,20,2025-05-23,2025-05-27,50,50,239.58,USD
1166,43,3,7,2025-05-23,2025-05-27,100,100,206.07,USD
1173,58,2,5,2025-05-24,2025-05-27,50,50,310.74,USD
1174,79,10,23,2025-05-24,2025-05-27,100,100,350.94,USD
1101,102,2,6,2025-05-15,2025-05-28,100,100,257.78,USD
1135,86,11,25,2025-05-19,2025-05-28,200,200,103.52,USD
1170,23,3,7,2025-05-24,2025-05-28,50,50,231.23,USD
1186,24,12,27,2025-05-26,2025-05-28,100,100,310.06,USD
1189,65,12,27,2025-05-26,2025-05-28,100,100,198.96,USD
1194,22,7,15,2025-05-27,2025-05-28,200,200,384.49,USD
955,49,12,26,2025-04-27,2025-05-29,50,50,100.81,USD
975,24,12,26,2025-04-30,2025-05-29,100,77,281.4,USD
983,10,1,2,2025-05-01,2025-05-29,100,100,158.64,USD
1108,1,12,28,2025-05-17,2025-05-29,100,100,79.45,USD
1113,61,9,20,2025-05-17,2025-05-29,50,44,336.4,USD
1115,84,2,5,2025-05-17,2025-05-29,100,100,343.84,USD
1144,60,11,25,2025-05-20,2025-05-29,50,50,290.38,USD
1156,66,5,12,2025-05-22,2025-05-29,50,50,53.16,USD
1171,25,4,9,2025-05-24,2025-05-29,100,100,101.33,USD
1177,12,7,15,2025-05-25,2025-05-29,50,50,389.42,USD
1187,42,2,5,2025-05-26,2025-05-29,50,50,369.91,USD
1188,61,9,19,2025-05-26,2025-05-29,50,50,333.33,USD
1208,101,7,15,2025-05-28,2025-05-29,50,50,203.01,USD
889,79,10,21,2025-04-18,2025-05-30,100,71,381.8,USD
982,115,3,8,2025-04-30,2025-05-30,100,100,351.01,USD
1087,78,2,6,2025-05-13,2025-05-30,200,200,150.8,USD
1109,2,11,25,2025-05-17,2025-05-30,200,200,318.3,USD
1191,102,8,17,2025-05-26,2025-05-30,100,100,316.78,USD
1192,3,10,23,2025-05-27,2025-05-30,50,50,181.52,USD
1196,58,2,5,2025-05-27,2025-05-30,50,50,299.11,USD
1202,39,11,24,2025-05-28,2025-05-30,50,50,258.98,USD
1204,64,6,13,2025-05-28,2025-05-30,200,200,322.81,USD
1210,119,11,24,2025-05-28,2025-05-30,100,100,276.83,USD
990,110,1,3,2025-05-01,2025-05-31,100,68,223.56,USD
991,114,1,1,2025-05-01,2025-05-31,200,109,333.82,USD
1111,18,7,16,2025-05-17,2025-05-31,500,500,42.39,USD
1159,101,7,16,2025-05-22,2025-05-31,50,35,205.84,USD
1167,96,10,22,2025-05-23,2025-05-31,50,50,177.05,USD
1203,51,2,5,2025-05-28,2025-05-31,200,200,93.65,USD
1217,93,6,13,2025-05-29,2025-05-31,200,200,302.27,USD
945,25,4,10,2025-04-26,2025-06-01,100,100,113.43,USD
1009,112,3,8,2025-05-03,2025-06-01,500,500,258.54,USD
1141,9,8,17,2025-05-20,2025-06-01,200,200,50.39,USD
1158,81,11,25,2025-05-22,2025-06-01,50,50,268.36,USD
1183,115,9,20,2025-05-25,2025-06-01,100,100,304.61,USD
1193,14,4,9,2025-05-27,2025-06-01,50,50,170.99,USD
1224,60,11,24,2025-05-30,2025-06-01,50,50,316.71,USD
1226,71,12,27,2025-05-30,2025-06-01,50,50,238.95,USD
1230,94,5,11,2025-05-30,2025-06-01,200,200,268.45,USD
958,107,10,21,2025-04-27,2025-06-02,50,50,197.78,USD
969,6,3,8,2025-04-29,2025-06-02,200,200,154.75,USD
1012,23,3,8,2025-05-04,2025-06-02,50,50,234.7,USD
1175,91,11,25,2025-05-24,2025-06-02,100,100,110.15,USD
1182,95,10,23,2025-05-25,2025-06-02,100,100,114.69,USD
1212,33,9,20,2025-05-29,2025-06-02,100,100,286.27,USD
1228,80,8,18,2025-05-30,2025-06-02,100,100,93.48,USD
1229,92,9,19,2025-05-30,2025-06-02,100,100,206.78,USD
1236,12,7,15,2025-06-01,2025-06-02,50,50,383.1,USD
1030,1,12,26,2025-05-06,2025-06-03,100,59,60.85,USD
1149,63,2,5,2025-05-21,2025-06-03,50,50,131.32,USD
1164,21,2,4,2025-05-23,2025-06-03,100,100,284.53,USD
1178,40,5,11,2025-05-25,2025-06-03,100,75,186.66,USD
1181,60,11,24,2025-05-25,2025-06-03,50,50,284.55,USD
1225,61,9,20,2025-05-30,2025-06-03,50,50,291.61,USD
1238,37,6,13,2025-06-01,2025-06-03,100,100,34.34,USD
1252,101,7,15,2025-06-02,2025-06-03,50,50,205.73,USD
951,96,10,21,2025-04-26,2025-06-04,50,39,171.15,USD
1005,68,4,10,2025-05-03,2025-06-04,200,200,112.18,USD
1179,45,9,20,2025-05-25,2025-06-04,200,160,183.55,USD
1184,5,7,16,2025-05-26,2025-06-04,50,50,88.0,USD
1185,17,7,16,2025-05-26,2025-06-04,100,100,202.0,USD
1190,101,7,16,2025-05-26,2025-06-04,50,33,259.59,USD
1205,66,5,12,2025-05-28,2025-06-04,50,50,51.43,USD
1223,57,4,9,2025-05-30,2025-06-04,50,50,56.42,USD
1243,11,5,11,2025-06-02,2025-06-04,500,500,100.49,USD
1249,71,12,27,2025-06-02,2025-06-04,50,50,200.71,USD
992,57,4,10,2025-05-02,2025-06-05,50,50,111.02,USD
1013,25,4,10,2025-05-04,2025-06-05,100,100,172.75,USD
1041,23,3,8,2025-05-07,2025-06-05,50,50,257.83,USD
1086,68,1,3,2025-05-13,2025-06-05,200,116,62.58,USD
1180,57,4,9,2025-05-25,2025-06-05,50,50,59.39,USD
1195,55,8,17,2025-05-27,2025-06-05,50,50,86.71,USD
1197,82,7,16,2025-05-27,2025-06-05,50,50,179.79,USD
1211,15,5,12,2025-05-29,2025-06-05,100,86,253.76,USD
1254,2,11,24,2025-06-03,2025-06-05,200,101,305.8,USD
1260,118,11,24,2025-06-03,2025-06-05,200,200,37.99,USD
1262,17,7,15,2025-06-04,2025-06-05,100,100,164.29,USD
995,66,4,10,2025-05-02,2025-06-06,50,50,107.26,USD
1006,96,10,21,2025-05-03,2025-06-06,50,50,236.61,USD
1112,58,2,6,2025-05-17,2025-06-06,50,41,368.23,USD
1207,81,11,25,2025-05-28,2025-06-06,50,50,251.29,USD
1218,96,10,22,2025-05-29,2025-06-06,50,50,166.49,USD
1246,41,8,17,2025-06-02,2025-06-06,100,100,228.37,USD
1247,61,9,20,2025-06-02,2025-06-06,50,50,288.42,USD
1250,82,9,20,2025-06-02,2025-06-06,50,50,185.2,USD
1251,91,9,20,2025-06-02,2025-06-06,100,100,101.16,USD
1259,97,10,23,2025-06-03,2025-06-06,50,50,100.81,USD
1261,13,5,11,2025-06-04,2025-06-06,500,500,85.67,USD
1263,24,12,27,2025-06-04,2025-06-06,100,100,249.49,USD
1131,110,1,2,2025-05-18,2025-06-07,100,100,166.69,USD
1198,84,2,4,2025-05-27,2025-06-07,100,100,294.78,USD
1213,52,7,16,2025-05-29,2025-06-07,200,200,306.18,USD
1245,25,4,9,2025-06-02,2025-06-07,100,100,110.2,USD
1264,45,9,19,2025-06-04,2025-06-07,200,200,189.74,USD
1265,58,2,5,2025-06-04,2025-06-07,50,50,311.92,USD
1267,102,2,5,2025-06-04,2025-06-07,100,100,257.94,USD
1274,12,7,15,2025-06-06,2025-06-07,50,50,545.57,USD
1039,14,4,10,2025-05-07,2025-06-08,50,50,181.65,USD
1069,71,12,26,2025-05-11,2025-06-08,50,50,258.65,USD
1147,8,2,6,2025-05-21,2025-06-08,100,100,226.97,USD
1200,8,2,4,2025-05-28,2025-06-08,100,100,213.63,USD
1214,55,8,17,2025-05-29,2025-06-08,50,50,91.26,USD
1231,98,11,25,2025-05-30,2025-06-08,100,100,172.75,USD
1258,67,6,14,2025-06-03,2025-06-08,500,500,154.78,USD
1272,1,12,27,2025-06-06,2025-06-08,100,100,108.44,USD
1278,81,11,24,2025-06-06,2025-06-08,50,50,423.46,USD
1280,104,6,13,2025-06-06,2025-06-08,200,200,268.66,USD
1031,3,10,21,2025-05-06,2025-06-09,50,50,176.13,USD
1248,66,5,12,2025-06-02,2025-06-09,50,50,53.89,USD
1268,107,6,14,2025-06-04,2025-06-09,50,50,174.93,USD
1117,101,7,16,2025-05-17,2025-06-10,50,50,243.27,USD
1206,78,2,6,2025-05-28,2025-06-10,200,200,152.23,USD
1222,53,2,4,2025-05-30,2025-06-10,50,50,273.22,USD
1240,81,11,25,2025-06-01,2025-06-10,50,50,281.57,USD
1242,3,10,22,2025-06-02,2025-06-10,50,50,174.31,USD
1256,40,5,12,2025-06-03,2025-06-10,100,100,197.16,USD
1269,14,4,9,2025-06-05,2025-06-10,50,50,289.46,USD
1271,57,4,9,2025-06-05,2025-06-10,50,50,92.09,USD
1276,55,8,17,2025-06-06,2025-06-10,50,50,132.27,USD
1293,66,5,11,2025-06-08,2025-06-10,50,50,88.12,USD
968,3,10,21,2025-04-29,2025-06-11,50,50,187.18,USD
1107,96,10,22,2025-05-16,2025-06-11,50,50,182.0,USD
1148,62,1,2,2025-05-21,2025-06-11,200,177,244.45,USD
1216,63,2,6,2025-05-29,2025-06-11,50,50,134.73,USD
1275,14,4,9,2025-06-06,2025-06-11,50,50,278.43,USD
1286,92,9,20,2025-06-07,2025-06-11,100,100,301.21,USD
1292,58,8,18,2025-06-08,2025-06-11,50,50,589.47,USD
1296,108,8,18,2025-06-08,2025-06-11,200,200,310.75,USD
1302,81,11,24,2025-06-09,2025-06-11,50,50,448.14,USD
1303,89,5,11,2025-06-09,2025-06-11,500,500,247.29,USD
1055,100,4,10,2025-05-09,2025-06-12,100,100,232.47,USD
1237,21,2,4,2025-06-01,2025-06-12,100,100,281.73,USD
1297,119,12,28,2025-06-08,2025-06-12,100,100,513.97,USD
1300,31,8,18,2025-06-09,2025-06-12,100,71,561.09,USD
1309,65,12,27,2025-06-10,2025-06-12,100,100,147.97,USD
1074,51,4,10,2025-05-12,2025-06-13,200,200,86.53,USD
1235,114,1,1,2025-05-31,2025-06-13,200,168,226.2,USD
1266,101,7,16,2025-06-04,2025-06-13,50,50,221.62,USD
1289,25,4,9,2025-06-08,2025-06-13,100,100,161.12,USD
1291,57,4,9,2025-06-08,2025-06-13,50,50,104.33,USD
1305,20,2,5,2025-06-10,2025-06-13,200,200,191.46,USD
1306,23,9,19,2025-06-10,2025-06-13,50,50,244.79,USD
1310,78,2,5,2025-06-10,2025-06-13,200,200,154.35,USD
1312,90,10,23,2025-06-10,2025-06-13,200,200,181.6,USD
1315,120,9,19,2025-06-10,2025-06-13,500,500,79.0,USD
1316,2,11,24,2025-06-11,2025-06-13,200,200,278.14,USD
1320,41,11,24,2025-06-11,2025-06-13,100,100,246.02,USD
1324,60,11,24,2025-06-11,2025-06-13,50,50,290.85,USD
1255,8,2,4,2025-06-03,2025-06-14,100,100,220.88,USD
1257,42,2,4,2025-06-03,2025-06-14,50,50,296.41,USD
1270,39,11,25,2025-06-05,2025-06-14,50,50,412.48,USD
1277,79,10,22,2025-06-06,2025-06-14,100,100,530.16,USD
1307,27,8,17,2025-06-10,2025-06-14,500,500,281.47,USD
1311,82,9,20,2025-06-10,2025-06-14,50,50,190.84,USD
1323,57,2,5,2025-06-11,2025-06-14,50,50,60.1,USD
1329,97,10,23,2025-06-11,2025-06-14,50,37,99.37,USD
1331,111,9,19,2025-06-11,2025-06-14,500,500,408.06,USD
1332,113,9,19,2025-06-11,2025-06-14,100,100,222.45,USD
1337,91,11,24,2025-06-12,2025-06-14,100,100,101.06,USD
996,79,10,21,2025-05-02,2025-06-15,100,100,562.04,USD
1078,96,10,21,2025-05-12,2025-06-15,50,50,156.53,USD
1127,71,12,26,2025-05-18,2025-06-15,50,50,259.46,USD
1290,28,5,12,2025-06-08,2025-06-15,200,200,458.03,USD
1313,93,6,14,2025-06-10,2025-06-15,200,200,298.97,USD
1322,55,8,17,2025-06-11,2025-06-15,50,50,93.78,USD
1336,64,9,19,2025-06-12,2025-06-15,200,200,325.2,USD
1348,86,5,11,2025-06-13,2025-06-15,200,200,103.71,USD
1350,119,11,24,2025-06-13,2025-06-15,100,100,286.03,USD
1124,54,3,8,2025-05-18,2025-06-16,200,200,130.52,USD
1201,20,1,2,2025-05-28,2025-06-16,200,170,191.39,USD
1281,46,11,25,2025-06-07,2025-06-16,500,500,73.79,USD
1283,60,11,25,2025-06-07,2025-06-16,50,36,446.88,USD
1287,116,7,16,2025-06-07,2025-06-16,200,200,474.81,USD
1319,40,6,14,2025-06-11,2025-06-16,100,100,193.72,USD
1330,110,1,1,2025-06-11,2025-06-16,100,58,150.32,USD
1335,61,9,20,2025-06-12,2025-06-16,51,35,279.64,USD
1358,17,7,15,2025-06-15,2025-06-16,100,100,165.48,USD
1282,55,8,17,2025-06-07,2025-06-17,50,50,135.24,USD
1366,12,7,15,2025-06-16,2025-06-17,50,50,376.4,USD
1051,41,4,10,2025-05-09,2025-06-18,100,100,240.7,USD
1088,97,10,21,2025-05-13,2025-06-18,50,50,96.5,USD
1284,63,2,4,2025-06-07,2025-06-18,50,50,233.23,USD
1314,107,10,22,2025-06-10,2025-06-18,50,50,187.12,USD
1326,72,5,12,2025-06-11,2025-06-18,200,200,121.83,USD
1340,14,4,9,2025-06-13,2025-06-18,50,50,163.2,USD
1357,3,10,23,2025-06-15,2025-06-18,50,50,162.46,USD
1363,92,9,19,2025-06-15,2025-06-18,100,100,190.84,USD
1295,84,2,4,2025-06-08,2025-06-19,100,53,429.79,USD
1328,96,10,22,2025-06-11,2025-06-19,50,50,158.72,USD
1352,14,4,9,2025-06-14,2025-06-19,50,50,180.97,USD
1359,33,9,20,2025-06-15,2025-06-19,100,100,268.2,USD
1362,75,12,28,2025-06-15,2025-06-19,500,500,95.79,USD
1367,23,2,5,2025-06-16,2025-06-19,50,50,241.4,USD
1372,61,9,19,2025-06-16,2025-06-19,50,50,284.63,USD
1374,102,2,5,2025-06-16,2025-06-19,100,100,268.23,USD
1385,117,12,27,2025-06-17,2025-06-19,500,500,321.49,USD
1299,8,2,4,2025-06-09,2025-06-20,100,100,349.85,USD
1318,39,11,25,2025-06-11,2025-06-20,50,50,255.25,USD
1327,85,11,25,2025-06-11,2025-06-20,200,200,93.24,USD
1346,66,5,12,2025-06-13,2025-06-20,50,50,58.7,USD
1364,100,4,9,2025-06-15,2025-06-20,100,100,257.37,USD
1365,6,3,7,2025-06-16,2025-06-20,200,200,136.07,USD
1371,55,8,17,2025-06-16,2025-06-20,50,50,89.3,USD
1373,82,9,20,2025-06-16,2025-06-20,50,38,193.71,USD
1375,105,8,17,2025-06-16,2025-06-20,500,500,137.66,USD
1376,3,10,23,2025-06-17,2025-06-20,50,50,171.79,USD
1379,45,9,19,2025-06-17,2025-06-20,200,200,193.18,USD
1383,96,10,23,2025-06-17,2025-06-20,50,39,180.32,USD
1384,97,10,23,2025-06-17,2025-06-20,50,50,101.55,USD
1388,91,11,24,2025-06-18,2025-06-20,100,100,98.7,USD
1084,57,4,10,2025-05-13,2025-06-21,50,50,64.43,USD
1118,3,10,21,2025-05-18,2025-06-21,50,50,192.52,USD
1125,55,10,21,2025-05-18,2025-06-21,50,41,109.35,USD
1162,10,3,8,2025-05-23,2025-06-21,100,100,117.55,USD
1308,53,2,4,2025-06-10,2025-06-21,50,50,305.65,USD
1333,12,7,16,2025-06-12,2025-06-21,50,50,346.03,USD
1334,52,7,16,2025-06-12,2025-06-21,200,200,299.96,USD
1369,25,4,9,2025-06-16,2025-06-21,100,100,105.27,USD
1377,10,3,7,2025-06-17,2025-06-21,100,100,113.54,USD
1378,23,3,7,2025-06-17,2025-06-21,50,50,237.73,USD
1389,96,10,23,2025-06-18,2025-06-21,50,50,180.27,USD
1390,39,6,13,2025-06-19,2025-06-21,50,38,232.24,USD
1404,71,7,15,2025-06-20,2025-06-21,50,50,231.46,USD
1138,96,10,21,2025-05-19,2025-06-22,50,50,170.47,USD
1301,51,2,6,2025-06-09,2025-06-22,200,200,138.76,USD
1349,101,7,16,2025-06-13,2025-06-22,50,50,207.94,USD
1391,55,8,18,2025-06-19,2025-06-22,50,50,103.54,USD
1393,79,10,23,2025-06-19,2025-06-22,100,100,351.96,USD
1394,84,2,5,2025-06-19,2025-06-22,100,100,293.9,USD
1399,40,5,11,2025-06-20,2025-06-22,100,100,192.12,USD
1403,66,5,11,2025-06-20,2025-06-22,50,50,56.11,USD
1407,12,7,15,2025-06-21,2025-06-22,50,50,375.69,USD
1116,95,10,21,2025-05-17,2025-06-23,100,100,135.79,USD
1338,98,8,17,2025-06-12,2025-06-23,100,100,147.76,USD
1351,5,7,16,2025-06-14,2025-06-23,50,50,81.01,USD
1354,81,11,25,2025-06-14,2025-06-23,50,50,270.66,USD
1412,69,5,11,2025-06-21,2025-06-23,500,500,226.92,USD
1169,100,4,10,2025-05-23,2025-06-24,100,100,240.43,USD
1360,60,11,25,2025-06-15,2025-06-24,50,50,290.9,USD
1382,94,5,12,2025-06-17,2025-06-24,200,200,283.41,USD
1405,82,9,20,2025-06-20,2025-06-24,50,50,174.61,USD
1406,109,3,7,2025-06-20,2025-06-24,500,500,91.44,USD
1411,61,9,19,2025-06-21,2025-06-24,50,27,285.68,USD
1418,119,11,24,2025-06-22,2025-06-24,100,100,268.56,USD
1160,104,10,21,2025-05-22,2025-06-25,200,200,192.79,USD
1273,10,1,2,2025-06-06,2025-06-25,100,81,192.94,USD
1370,38,11,25,2025-06-16,2025-06-25,100,100,231.93,USD
1427,66,5,11,2025-06-23,2025-06-25,50,50,56.36,USD
1431,118,11,24,2025-06-23,2025-06-25,200,200,39.36,USD
1161,3,10,21,2025-05-23,2025-06-26,50,50,157.74,USD
1168,97,10,21,2025-05-23,2025-06-26,50,42,102.75,USD
1199,6,3,8,2025-05-28,2025-06-26,200,200,126.69,USD
1227,79,1,2,2025-05-30,2025-06-26,100,100,357.75,USD
1341,21,2,6,2025-06-13,2025-06-26,100,73,257.19,USD
1342,42,2,6,2025-06-13,2025-06-26,50,50,274.65,USD
1343,58,2,6,2025-06-13,2025-06-26,50,50,313.68,USD
1381,81,11,25,2025-06-17,2025-06-26,50,50,286.16,USD
1409,25,4,9,2025-06-21,2025-06-26,100,100,107.65,USD
1417,92,9,20,2025-06-22,2025-06-26,100,100,211.83,USD
1421,20,2,5,2025-06-23,2025-06-26,200,200,188.91,USD
1424,33,9,19,2025-06-23,2025-06-26,100,63,261.09,USD
1425,53,2,5,2025-06-23,2025-06-26,50,50,298.7,USD
1439,12,7,15,2025-06-25,2025-06-26,50,50,384.18,USD
1221,49,12,26,2025-05-30,2025-06-27,50,50,88.89,USD
1387,55,8,18,2025-06-18,2025-06-27,50,50,89.47,USD
1396,107,10,22,2025-06-19,2025-06-27,50,50,179.86,USD
1429,88,9,20,2025-06-23,2025-06-27,500,500,338.07,USD
1432,55,8,18,2025-06-24,2025-06-27,50,33,84.72,USD
1448,18,7,15,2025-06-26,2025-06-27,500,500,40.38,USD
1220,23,3,8,2025-05-30,2025-06-28,50,50,261.9,USD
1325,68,1,2,2025-06-11,2025-06-28,200,200,60.26,USD
1395,101,7,16,2025-06-19,2025-06-28,50,50,220.86,USD
1420,14,4,9,2025-06-23,2025-06-28,50,50,159.71,USD
1430,104,6,14,2025-06-23,2025-06-28,200,200,167.45,USD
1433,61,9,20,2025-06-24,2025-06-28,50,50,273.41,USD
1437,3,10,23,2025-06-25,2025-06-28,50,50,182.16,USD
1438,8,2,5,2025-06-25,2025-06-28,100,100,232.44,USD
1443,63,2,5,2025-06-25,2025-06-28,50,41,126.74,USD
1447,15,5,11,2025-06-26,2025-06-28,100,100,263.25,USD
1449,28,5,11,2025-06-26,2025-06-28,200,200,287.15,USD
1451,41,11,24,2025-06-26,2025-06-28,100,51,220.11,USD
1453,60,11,24,2025-06-26,2025-06-28,50,50,304.96,USD
1456,98,11,24,2025-06-26,2025-06-28,100,100,147.63,USD
1233,23,3,8,2025-05-31,2025-06-29,50,50,239.09,USD
1234,110,1,2,2025-05-31,2025-06-29,100,67,140.93,USD
1239,65,12,26,2025-06-01,2025-06-29,100,100,171.99,USD
1402,60,11,25,2025-06-20,2025-06-29,50,50,320.2,USD
1459,64,6,13,2025-06-27,2025-06-29,200,200,314.87,USD
1215,57,4,10,2025-05-29,2025-06-30,50,50,63.89,USD
1355,114,1,3,2025-06-14,2025-06-30,200,200,210.92,USD
1467,102,2,5,2025-06-27,2025-06-30,100,100,248.03,USD
1209,107,10,21,2025-05-28,2025-07-01,50,50,170.98,USD
1244,23,3,8,2025-06-02,2025-07-01,50,50,236.1,USD
1253,1,12,26,2025-06-03,2025-07-01,100,100,69.38,USD
1345,62,1,2,2025-06-13,2025-07-01,200,200,238.88,USD
1397,8,2,4,2025-06-20,2025-07-01,100,100,232.98,USD
1413,110,1,1,2025-06-21,2025-07-01,100,100,144.91,USD
1415,39,11,25,2025-06-22,2025-07-01,50,50,225.29,USD
1452,57,4,9,2025-06-26,2025-07-01,50,50,60.75,USD
1461,82,9,20,2025-06-27,2025-07-01,50,50,199.51,USD
1463,91,9,20,2025-06-27,2025-07-01,100,76,110.19,USD
1472,51,2,5,2025-06-28,2025-07-01,200,200,92.26,USD
1474,61,9,19,2025-06-28,2025-07-01,50,50,301.86,USD
1479,34,12,27,2025-06-29,2025-07-01,500,500,103.3,USD
1176,1,12,26,2025-05-25,2025-07-02,100,100,67.34,USD
1232,14,4,10,2025-05-31,2025-07-02,50,50,171.81,USD
1458,14,4,9,2025-06-27,2025-07-02,50,50,182.62,USD
1462,83,4,9,2025-06-27,2025-07-02,500,500,39.12,USD
1470,23,3,7,2025-06-28,2025-07-02,50,50,234.14,USD
1471,49,12,28,2025-06-28,2025-07-02,50,50,81.93,USD
1473,55,8,17,2025-06-28,2025-07-02,50,31,86.69,USD
1482,79,10,23,2025-06-29,2025-07-02,100,89,326.84,USD
1219,3,10,21,2025-05-30,2025-07-03,50,50,177.65,USD
1428,81,11,25,2025-06-23,2025-07-03,50,50,286.33,USD
1445,96,10,22,2025-06-25,2025-07-03,50,32,181.4,USD
1480,55,8,17,2025-06-29,2025-07-03,50,50,85.32,USD
1440,17,7,16,2025-06-25,2025-07-04,100,100,183.55,USD
1441,52,7,16,2025-06-25,2025-07-04,200,200,284.35,USD
1444,81,11,25,2025-06-25,2025-07-04,50,37,274.95,USD
1446,9,8,18,2025-06-26,2025-07-04,200,200,51.1,USD
1493,112,3,7,2025-06-30,2025-07-04,500,500,220.17,USD
1497,33,9,19,2025-07-01,2025-07-04,100,100,255.13,USD
1500,42,9,19,2025-07-01,2025-07-04,50,50,276.62,USD
1504,96,10,23,2025-07-01,2025-07-04,50,28,158.95,USD
1511,66,5,11,2025-07-02,2025-07-04,50,50,57.36,USD
1241,96,10,21,2025-06-01,2025-07-05,50,50,209.46,USD
1400,48,1,2,2025-06-20,2025-07-05,500,408,153.77,USD
1416,42,2,6,2025-06-22,2025-07-05,50,50,289.12,USD
1450,39,11,25,2025-06-26,2025-07-05,50,50,251.02,USD
1464,95,10,22,2025-06-27,2025-07-05,100,100,113.57,USD
1465,96,10,22,2025-06-27,2025-07-05,50,50,161.75,USD
1488,57,4,9,2025-06-30,2025-07-05,50,50,60.55,USD
1489,71,12,27,2025-06-30,2025-07-05,50,50,232.36,USD
1495,23,3,7,2025-07-01,2025-07-05,50,50,232.55,USD
1507,31,8,18,2025-07-02,2025-07-05,100,100,535.7,USD
1509,45,9,19,2025-07-02,2025-07-05,200,200,196.67,USD
1513,110,9,19,2025-07-02,2025-07-05,100,100,142.57,USD
1422,21,2,6,2025-06-23,2025-07-06,100,100,276.54,USD
1454,65,8,18,2025-06-26,2025-07-06,100,100,148.99,USD
1481,66,5,12,2025-06-29,2025-07-06,50,50,56.95,USD
1496,25,4,9,2025-07-01,2025-07-06,100,100,105.78,USD
1518,82,9,19,2025-07-03,2025-07-06,50,50,170.7,USD
1521,12,5,11,2025-07-04,2025-07-06,50,50,381.95,USD
1288,23,3,8,2025-06-08,2025-07-07,50,50,418.7,USD
1476,101,7,16,2025-06-28,2025-07-07,50,29,220.85,USD
1508,40,6,14,2025-07-02,2025-07-07,100,86,182.36,USD
1516,23,3,7,2025-07-03,2025-07-07,50,50,235.69,USD
1523,55,8,18,2025-07-04,2025-07-07,50,50,101.45,USD
1526,61,9,19,2025-07-04,2025-07-07,50,50,268.92,USD
1532,30,12,27,2025-07-05,2025-07-07,500,500,310.62,USD
1442,58,2,6,2025-06-25,2025-07-08,50,30,298.47,USD
1477,2,11,25,2025-06-29,2025-07-08,200,200,285.68,USD
1484,101,7,16,2025-06-29,2025-07-08,50,50,220.46,USD
1485,119,11,25,2025-06-29,2025-07-08,100,100,253.44,USD
1486,3,10,22,2025-06-30,2025-07-08,50,41,164.75,USD
1499,41,8,17,2025-07-01,2025-07-08,100,100,319.01,USD
1510,53,2,4,2025-07-02,2025-07-08,50,50,264.59,USD
1527,92,9,20,2025-07-04,2025-07-08,100,100,211.16,USD
1317,24,12,26,2025-06-11,2025-07-09,100,100,254.19,USD
1455,78,2,6,2025-06-26,2025-07-09,200,200,152.39,USD
1502,63,2,6,2025-07-01,2025-07-09,50,50,137.94,USD
1515,19,2,4,2025-07-03,2025-07-09,500,500,177.12,USD
1522,14,4,9,2025-07-04,2025-07-09,50,50,171.65,USD
1535,108,8,17,2025-07-05,2025-07-09,200,200,158.78,USD
1279,96,10,21,2025-06-06,2025-07-10,50,42,264.43,USD
1321,43,3,8,2025-06-11,2025-07-10,100,100,195.94,USD
1460,68,1,1,2025-06-27,2025-07-10,200,200,62.71,USD
1478,21,2,4,2025-06-29,2025-07-10,100,100,275.75,USD
1490,77,1,1,2025-06-30,2025-07-10,500,500,207.39,USD
1503,91,11,25,2025-07-01,2025-07-10,100,100,107.67,USD
1512,79,10,22,2025-07-02,2025-07-10,100,100,323.73,USD
1514,116,10,22,2025-07-02,2025-07-10,200,200,312.84,USD
1520,8,2,4,2025-07-04,2025-07-10,100,100,235.49,USD
1524,58,2,4,2025-07-04,2025-07-10,50,30,309.25,USD
1540,65,12,28,2025-07-06,2025-07-10,100,100,149.43,USD
1555,37,6,13,2025-07-08,2025-07-10,100,100,37.95,USD
1567,101,7,15,2025-07-09,2025-07-10,50,50,198.76,USD
1498,39,11,25,2025-07-01,2025-07-11,50,50,237.66,USD
1505,3,10,22,2025-07-02,2025-07-11,50,50,177.67,USD
1506,5,7,16,2025-07-02,2025-07-11,50,50,85.9,USD
1539,57,4,9,2025-07-06,2025-07-11,50,50,56.69,USD
1550,115,9,20,2025-07-07,2025-07-11,100,100,326.88,USD
1558,95,10,23,2025-07-08,2025-07-11,100,100,117.31,USD
1563,64,6,13,2025-07-09,2025-07-11,200,200,313.16,USD
1565,86,5,11,2025-07-09,2025-07-11,200,200,119.93,USD
1574,78,2,5,2025-07-10,2025-07-11,200,200,155.07,USD
1577,84,2,5,2025-07-10,2025-07-11,100,100,282.88,USD
1294,79,10,21,2025-06-08,2025-07-12,100,100,537.88,USD
1339,101,3,8,2025-06-12,2025-07-12,50,50,225.57,USD
1483,84,2,6,2025-06-29,2025-07-12,100,100,307.03,USD
1517,81,11,25,2025-07-03,2025-07-12,50,50,277.05,USD
1553,23,9,20,2025-07-08,2025-07-12,50,28,244.57,USD
1575,81,11,24,2025-07-10,2025-07-12,50,50,249.87,USD
1580,12,7,15,2025-07-11,2025-07-12,50,50,366.92,USD
1298,3,10,21,2025-06-09,2025-07-13,50,50,261.01,USD
1304,95,10,21,2025-06-09,2025-07-13,100,100,187.51,USD
1356,115,3,8,2025-06-14,2025-07-13,100,87,331.2,USD
1491,90,2,6,2025-06-30,2025-07-13,200,200,189.68,USD
1525,60,11,25,2025-07-04,2025-07-13,50,50,294.29,USD
1529,101,7,16,2025-07-04,2025-07-13,50,50,223.82,USD
1531,21,2,6,2025-07-05,2025-07-13,100,100,268.41,USD
1534,97,10,22,2025-07-05,2025-07-13,50,50,101.86,USD
1545,60,12,27,2025-07-07,2025-07-13,50,27,291.15,USD
1559,104,6,14,2025-07-08,2025-07-13,200,200,193.84,USD
1585,62,1,1,2025-07-11,2025-07-13,200,200,247.64,USD
1596,51,2,5,2025-07-12,2025-07-13,200,200,97.59,USD
1285,71,12,26,2025-06-07,2025-07-14,50,50,364.2,USD
1368,24,12,26,2025-06-16,2025-07-14,100,100,273.64,USD
1530,17,7,16,2025-07-05,2025-07-14,100,100,170.14,USD
1533,81,11,25,2025-07-05,2025-07-14,50,50,272.5,USD
1547,98,5,12,2025-07-07,2025-07-14,100,72,164.81,USD
1568,110,9,20,2025-07-09,2025-07-14,100,100,142.61,USD
1576,82,9,20,2025-07-10,2025-07-14,50,50,180.28,USD
1589,1,12,27,2025-07-12,2025-07-14,100,100,64.56,USD
1590,2,11,24,2025-07-12,2025-07-14,200,169,279.31,USD
1594,42,11,24,2025-07-12,2025-07-14,50,50,296.42,USD
1595,46,11,24,2025-07-12,2025-07-14,500,500,46.02,USD
1606,111,7,15,2025-07-13,2025-07-14,500,500,389.79,USD
1494,1,12,28,2025-07-01,2025-07-15,100,100,91.53,USD
1544,20,2,6,2025-07-07,2025-07-15,200,200,184.43,USD
1549,107,10,22,2025-07-07,2025-07-15,50,41,195.97,USD
1552,3,5,12,2025-07-08,2025-07-15,50,50,169.71,USD
1561,55,8,17,2025-07-09,2025-07-15,50,50,103.41,USD
1572,40,6,14,2025-07-10,2025-07-15,100,100,183.91,USD
1578,93,6,14,2025-07-10,2025-07-15,200,107,285.13,USD
1579,100,4,9,2025-07-10,2025-07-15,100,100,234.16,USD
1581,24,12,28,2025-07-11,2025-07-15,100,100,259.19,USD
1603,13,11,24,2025-07-13,2025-07-15,500,500,93.63,USD
1607,17,7,15,2025-07-14,2025-07-15,100,100,160.05,USD
1353,57,4,10,2025-06-14,2025-07-16,50,50,63.3,USD
1380,65,12,26,2025-06-17,2025-07-16,100,100,158.53,USD
1542,12,7,16,2025-07-07,2025-07-16,50,50,376.2,USD
1543,14,7,16,2025-07-07,2025-07-16,50,50,172.47,USD
1546,71,7,16,2025-07-07,2025-07-16,50,50,209.75,USD
1548,101,7,16,2025-07-07,2025-07-16,50,50,207.91,USD
1551,119,11,25,2025-07-07,2025-07-16,100,100,265.08,USD
1592,23,9,20,2025-07-12,2025-07-16,50,42,239.56,USD
1593,41,8,18,2025-07-12,2025-07-16,100,100,252.33,USD
1602,92,9,20,2025-07-12,2025-07-16,100,100,192.49,USD
1608,22,5,11,2025-07-14,2025-07-16,200,200,358.96,USD
1610,39,11,24,2025-07-14,2025-07-16,50,50,235.96,USD
1612,60,11,24,2025-07-14,2025-07-16,50,50,319.56,USD
1614,118,11,24,2025-07-14,2025-07-16,200,200,39.33,USD
1361,63,4,10,2025-06-15,2025-07-17,50,50,144.76,USD
1457,10,1,3,2025-06-27,2025-07-17,100,62,104.46,USD
1554,29,8,17,2025-07-08,2025-07-17,200,200,329.25,USD
1556,52,7,16,2025-07-08,2025-07-17,200,200,265.6,USD
1562,58,12,27,2025-07-09,2025-07-17,50,50,397.09,USD
1583,53,2,4,2025-07-11,2025-07-17,50,30,291.1,USD
1586,91,6,14,2025-07-11,2025-07-17,100,100,100.21,USD
1588,102,2,4,2025-07-11,2025-07-17,100,100,258.28,USD
1597,57,4,9,2025-07-12,2025-07-17,50,50,59.59,USD
1604,60,12,27,2025-07-13,2025-07-17,50,50,307.27,USD
1616,3,5,11,2025-07-15,2025-07-17,50,50,165.7,USD
1621,81,11,24,2025-07-15,2025-07-17,50,50,273.16,USD
1622,91,11,24,2025-07-15,2025-07-17,100,100,111.56,USD
1623,93,6,13,2025-07-15,2025-07-17,200,200,277.37,USD
1624,94,5,11,2025-07-15,2025-07-17,200,125,274.39,USD
1629,21,2,5,2025-07-16,2025-07-17,100,100,265.23,USD
1401,58,12,26,2025-06-20,2025-07-18,50,50,294.46,USD
1536,114,1,2,2025-07-05,2025-07-18,200,200,228.47,USD
1566,96,11,25,2025-07-09,2025-07-18,50,50,182.39,USD
1569,8,2,6,2025-07-10,2025-07-18,100,87,224.5,USD
1619,55,8,18,2025-07-15,2025-07-18,50,50,90.97,USD
1633,76,11,24,2025-07-16,2025-07-18,500,500,183.22,USD
1643,82,7,15,2025-07-17,2025-07-18,50,50,186.38,USD
1347,71,12,26,2025-06-13,2025-07-19,50,50,285.14,USD
1386,1,12,26,2025-06-18,2025-07-19,100,86,63.17,USD
1571,39,11,25,2025-07-10,2025-07-19,50,42,255.53,USD
1587,96,10,22,2025-07-11,2025-07-19,50,50,157.42,USD
1617,6,3,7,2025-07-15,2025-07-19,200,200,133.18,USD
1620,61,9,19,2025-07-15,2025-07-19,50,50,279.64,USD
1630,28,10,23,2025-07-16,2025-07-19,200,200,300.14,USD
1631,33,9,19,2025-07-16,2025-07-19,100,83,267.98,USD
1640,60,11,24,2025-07-17,2025-07-19,50,50,319.87,USD
1641,65,12,27,2025-07-17,2025-07-19,100,100,169.6,USD
1646,23,2,5,2025-07-18,2025-07-19,50,50,247.64,USD
1408,23,3,8,2025-06-21,2025-07-20,50,50,253.68,USD
1410,54,3,8,2025-06-21,2025-07-20,200,200,113.02,USD
1582,38,11,25,2025-07-11,2025-07-20,100,100,238.16,USD
1598,58,2,6,2025-07-12,2025-07-20,50,50,301.54,USD
1599,63,2,6,2025-07-12,2025-07-20,50,50,137.27,USD
1601,79,10,22,2025-07-12,2025-07-20,100,100,347.91,USD
1618,27,8,17,2025-07-15,2025-07-20,500,500,287.84,USD
1652,42,2,5,2025-07-19,2025-07-20,50,50,278.84,USD
1392,57,4,10,2025-06-19,2025-07-21,50,50,65.6,USD
1414,24,3,8,2025-06-22,2025-07-21,100,100,267.67,USD
1560,10,1,3,2025-07-09,2025-07-21,100,100,109.36,USD
1639,24,3,7,2025-07-17,2025-07-21,100,100,275.72,USD
1642,71,12,28,2025-07-17,2025-07-21,50,50,220.85,USD
1648,61,9,19,2025-07-18,2025-07-21,50,31,263.55,USD
1650,1,12,27,2025-07-19,2025-07-21,100,100,76.9,USD
1656,12,7,15,2025-07-20,2025-07-21,50,50,341.57,USD
1660,84,2,5,2025-07-20,2025-07-21,100,100,274.97,USD
1423,23,3,8,2025-06-23,2025-07-22,50,38,238.8,USD
1434,71,12,26,2025-06-24,2025-07-22,50,50,202.03,USD
1573,68,1,3,2025-07-10,2025-07-22,200,200,64.64,USD
1605,101,7,16,2025-07-13,2025-07-22,50,50,211.61,USD
1613,107,10,22,2025-07-14,2025-07-22,50,50,182.31,USD
1662,114,1,1,2025-07-20,2025-07-22,200,200,238.5,USD
1344,61,12,26,2025-06-13,2025-07-23,50,50,354.02,USD
1398,14,4,10,2025-06-20,2025-07-23,50,50,165.66,USD
1615,119,11,25,2025-07-14,2025-07-23,100,100,269.66,USD
1625,96,10,22,2025-07-15,2025-07-23,50,50,157.14,USD
1626,97,10,22,2025-07-15,2025-07-23,50,50,101.36,USD
1627,11,5,12,2025-07-16,2025-07-23,500,500,100.89,USD
1636,8,2,4,2025-07-17,2025-07-23,100,100,218.02,USD
1653,45,9,20,2025-07-19,2025-07-23,200,200,194.49,USD
1659,79,10,23,2025-07-20,2025-07-23,100,100,340.05,USD
1667,17,7,15,2025-07-22,2025-07-23,100,100,162.66,USD
1632,58,2,6,2025-07-16,2025-07-24,50,50,296.03,USD
1634,96,10,22,2025-07-16,2025-07-24,50,50,183.21,USD
1647,57,2,4,2025-07-18,2025-07-24,50,50,62.42,USD
1649,63,2,4,2025-07-18,2025-07-24,50,50,140.44,USD
1651,25,4,9,2025-07-19,2025-07-24,100,54,109.14,USD
1658,72,9,20,2025-07-20,2025-07-24,200,200,118.99,USD
1670,61,12,27,2025-07-22,2025-07-24,50,50,305.77,USD
1674,94,5,11,2025-07-22,2025-07-24,200,200,286.56,USD
1676,110,1,1,2025-07-22,2025-07-24,100,100,138.44,USD
1677,119,11,24,2025-07-22,2025-07-24,100,100,255.4,USD
1426,57,4,10,2025-06-23,2025-07-25,50,50,62.46,USD
1628,12,7,16,2025-07-16,2025-07-25,50,50,382.71,USD
1635,98,11,25,2025-07-16,2025-07-25,100,100,151.13,USD
1671,82,9,19,2025-07-22,2025-07-25,50,41,171.31,USD
1679,39,11,24,2025-07-23,2025-07-25,50,50,259.0,USD
1682,65,12,27,2025-07-23,2025-07-25,100,100,170.74,USD
1688,20,2,5,2025-07-24,2025-07-25,200,200,178.21,USD
1435,93,4,10,2025-06-24,2025-07-26,200,166,320.32,USD
1644,101,7,16,2025-07-17,2025-07-26,50,50,204.78,USD
1645,3,10,22,2025-07-18,2025-07-26,50,50,182.74,USD
1654,66,5,12,2025-07-19,2025-07-26,50,50,57.13,USD
1657,53,2,4,2025-07-20,2025-07-26,50,50,300.91,USD
1663,4,4,9,2025-07-21,2025-07-26,200,200,69.32,USD
1669,55,8,17,2025-07-22,2025-07-26,50,50,90.13,USD
1419,3,10,21,2025-06-23,2025-07-27,50,50,173.59,USD
1557,61,12,28,2025-07-08,2025-07-27,50,50,348.64,USD
1680,54,3,7,2025-07-23,2025-07-27,200,200,100.49,USD
1684,115,3,7,2025-07-23,2025-07-27,100,100,301.23,USD
1692,41,8,18,2025-07-24,2025-07-27,100,72,229.05,USD
1694,55,8,18,2025-07-24,2025-07-27,50,50,86.44,USD
1696,96,10,23,2025-07-24,2025-07-27,50,50,157.16,USD
1697,97,10,23,2025-07-24,2025-07-27,50,50,105.33,USD
1709,81,11,24,2025-07-25,2025-07-27,50,50,288.67,USD
1710,91,11,24,2025-07-25,2025-07-27,100,100,103.33,USD
1436,96,10,21,2025-06-24,2025-07-28,50,50,157.98,USD
1655,81,11,25,2025-07-19,2025-07-28,50,50,247.16,USD
1661,102,2,6,2025-07-20,2025-07-28,100,100,244.87,USD
1690,24,12,28,2025-07-24,2025-07-28,100,100,240.64,USD
1728,101,7,15,2025-07-27,2025-07-28,50,50,199.12,USD
1729,116,7,15,2025-07-27,2025-07-28,200,200,302.68,USD
1487,6,3,8,2025-06-30,2025-07-29,200,200,135.69,USD
1698,23,3,7,2025-07-25,2025-07-29,50,50,262.53,USD
1700,43,3,7,2025-07-25,2025-07-29,100,100,199.97,USD
1704,61,9,20,2025-07-25,2025-07-29,50,40,273.04,USD
1706,64,9,20,2025-07-25,2025-07-29,200,200,326.76,USD
1708,71,12,28,2025-07-25,2025-07-29,50,50,221.95,USD
1720,33,11,24,2025-07-27,2025-07-29,100,100,265.56,USD
1726,98,11,24,2025-07-27,2025-07-29,100,100,152.42,USD
1475,100,4,10,2025-06-28,2025-07-30,100,100,243.12,USD
1637,10,1,2,2025-07-17,2025-07-30,100,100,103.76,USD
1673,92,2,6,2025-07-22,2025-07-30,100,100,210.66,USD
1681,57,5,12,2025-07-23,2025-07-30,50,50,64.04,USD
1689,21,2,4,2025-07-24,2025-07-30,100,100,255.66,USD
1699,40,6,14,2025-07-25,2025-07-30,100,100,200.91,USD
1711,104,6,14,2025-07-25,2025-07-30,200,200,166.25,USD
1719,3,10,23,2025-07-27,2025-07-30,50,50,156.92,USD
1727,100,10,23,2025-07-27,2025-07-30,100,100,227.51,USD
1730,2,11,24,2025-07-28,2025-07-30,200,200,289.5,USD
1466,97,10,21,2025-06-27,2025-07-31,50,41,94.91,USD
1468,107,10,21,2025-06-27,2025-07-31,50,50,194.02,USD
1469,14,4,10,2025-06-28,2025-07-31,50,50,171.18,USD
1666,5,7,16,2025-07-22,2025-07-31,50,50,82.8,USD
1705,63,2,4,2025-07-25,2025-07-31,50,50,134.53,USD
1723,61,9,20,2025-07-27,2025-07-31,50,50,266.13,USD
1733,66,5,11,2025-07-28,2025-07-31,50,50,58.25,USD
1743,102,2,5,2025-07-29,2025-07-31,100,100,264.23,USD
1746,17,7,15,2025-07-30,2025-07-31,100,100,161.84,USD
1492,94,4,10,2025-06-30,2025-08-01,200,200,257.5,USD
1501,61,12,26,2025-07-01,2025-08-01,50,50,434.63,USD
1683,101,7,16,2025-07-23,2025-08-01,50,50,200.43,USD
1685,8,2,6,2025-07-24,2025-08-01,100,100,201.97,USD
1707,66,5,12,2025-07-25,2025-08-01,50,50,51.92,USD
1722,57,4,9,2025-07-27,2025-08-01,50,50,65.07,USD
1735,113,3,7,2025-07-28,2025-08-01,100,100,222.81,USD
1738,55,8,18,2025-07-29,2025-08-01,50,50,93.38,USD
1740,61,9,19,2025-07-29,2025-08-01,50,50,263.58,USD
1742,82,9,19,2025-07-29,2025-08-01,50,50,198.25,USD
1758,12,7,15,2025-07-31,2025-08-01,50,50,377.86,USD
1761,53,2,5,2025-07-31,2025-08-01,50,50,304.76,USD
1564,80,8,18,2025-07-09,2025-08-02,100,100,114.36,USD
1693,52,7,16,2025-07-24,2025-08-02,200,200,278.62,USD
1701,58,2,6,2025-07-25,2025-08-02,50,50,307.58,USD
1721,51,2,4,2025-07-27,2025-08-02,200,200,86.03,USD
1734,93,6,14,2025-07-28,2025-08-02,200,200,279.43,USD
1762,67,5,11,2025-07-31,2025-08-02,500,500,160.09,USD
1765,21,2,5,2025-08-01,2025-08-02,100,100,291.06,USD
1702,59,7,16,2025-07-25,2025-08-03,200,200,176.21,USD
1716,49,12,27,2025-07-26,2025-08-03,50,50,78.35,USD
1760,41,8,18,2025-07-31,2025-08-03,100,100,294.9,USD
1767,86,5,11,2025-08-01,2025-08-03,200,200,110.34,USD
1538,43,3,8,2025-07-06,2025-08-04,100,100,190.25,USD
1541,87,3,8,2025-07-06,2025-08-04,500,500,274.18,USD
1703,60,11,25,2025-07-25,2025-08-04,50,50,321.69,USD
1715,39,11,25,2025-07-26,2025-08-04,50,34,241.63,USD
1732,28,5,12,2025-07-28,2025-08-04,200,200,284.57,USD
1763,71,12,28,2025-07-31,2025-08-04,50,50,272.22,USD
1769,1,12,27,2025-08-02,2025-08-04,100,100,61.81,USD
1736,15,5,12,2025-07-29,2025-08-05,100,100,263.01,USD
1754,108,8,18,2025-07-30,2025-08-05,200,200,159.98,USD
1759,25,4,9,2025-07-31,2025-08-05,100,100,109.34,USD
1766,24,12,28,2025-08-01,2025-08-05,100,100,261.42,USD
1776,92,9,19,2025-08-02,2025-08-05,100,100,214.48,USD
1782,66,5,11,2025-08-03,2025-08-05,50,50,57.09,USD
1519,96,10,21,2025-07-03,2025-08-06,50,50,171.76,USD
1737,42,2,6,2025-07-29,2025-08-06,50,43,297.28,USD
1749,48,5,12,2025-07-30,2025-08-06,500,500,161.67,USD
1773,61,9,20,2025-08-02,2025-08-06,50,50,283.86,USD
1774,65,12,28,2025-08-02,2025-08-06,100,100,150.9,USD
1780,55,8,18,2025-08-03,2025-08-06,50,50,81.5,USD
1792,62,1,1,2025-08-04,2025-08-06,200,200,244.78,USD
1796,119,11,24,2025-08-04,2025-08-06,100,100,285.44,USD
1528,96,10,21,2025-07-04,2025-08-07,50,50,156.65,USD
1717,75,12,28,2025-07-26,2025-08-07,500,500,104.18,USD
1741,81,11,25,2025-07-29,2025-08-07,50,50,258.18,USD
1753,97,10,22,2025-07-30,2025-08-07,50,50,110.53,USD
1768,95,2,4,2025-08-01,2025-08-07,100,100,104.41,USD
1793,79,10,23,2025-08-04,2025-08-07,100,77,357.69,USD
1745,110,1,1,2025-07-29,2025-08-08,100,100,163.91,USD
1750,60,11,25,2025-07-30,2025-08-08,50,39,287.74,USD
1752,96,11,25,2025-07-30,2025-08-08,50,50,160.38,USD
1755,118,11,25,2025-07-30,2025-08-08,200,200,39.32,USD
1756,119,11,25,2025-07-30,2025-08-08,100,100,289.34,USD
1785,8,9,20,2025-08-04,2025-08-08,100,100,230.93,USD
1788,23,3,7,2025-08-04,2025-08-08,50,50,268.22,USD
1790,45,9,20,2025-08-04,2025-08-08,200,200,179.03,USD
1794,82,9,20,2025-08-04,2025-08-08,50,50,181.49,USD
1797,33,9,19,2025-08-05,2025-08-08,100,100,292.32,USD
1798,42,9,19,2025-08-05,2025-08-08,50,50,298.88,USD
1537,3,10,21,2025-07-06,2025-08-09,50,50,172.06,USD
1764,84,2,6,2025-07-31,2025-08-09,100,100,279.62,USD
1781,63,2,4,2025-08-03,2025-08-09,50,50,144.39,USD
1789,40,6,14,2025-08-04,2025-08-09,100,100,182.05,USD
1791,57,4,9,2025-08-04,2025-08-09,50,50,59.46,USD
1811,71,12,27,2025-08-07,2025-08-09,50,50,273.25,USD
1748,31,8,18,2025-07-30,2025-08-10,100,100,382.69,USD
1770,3,10,22,2025-08-02,2025-08-10,50,50,166.84,USD
1772,58,2,6,2025-08-02,2025-08-10,50,50,301.56,USD
1802,96,10,23,2025-08-06,2025-08-10,50,50,157.59,USD
1818,60,11,24,2025-08-08,2025-08-10,50,50,302.92,USD
1825,101,7,15,2025-08-09,2025-08-10,50,50,228.05,USD
1570,25,4,10,2025-07-10,2025-08-11,100,100,116.94,USD
1775,81,11,25,2025-08-02,2025-08-11,50,50,267.69,USD
1799,102,2,4,2025-08-05,2025-08-11,100,52,268.2,USD
1810,64,9,20,2025-08-07,2025-08-11,200,200,375.5,USD
1822,18,1,1,2025-08-09,2025-08-11,500,500,37.29,USD
1823,39,11,24,2025-08-09,2025-08-11,50,50,237.51,USD
1830,63,2,5,2025-08-10,2025-08-11,50,50,125.81,USD
1609,23,3,8,2025-07-14,2025-08-12,50,50,289.22,USD
1751,68,1,2,2025-07-30,2025-08-12,200,200,68.61,USD
1778,14,7,16,2025-08-03,2025-08-12,50,30,162.13,USD
1779,39,11,25,2025-08-03,2025-08-12,50,50,247.56,USD
1783,101,7,16,2025-08-03,2025-08-12,50,50,215.32,USD
1805,117,12,28,2025-08-06,2025-08-12,500,442,359.56,USD
1813,100,4,9,2025-08-07,2025-08-12,100,100,319.96,USD
1814,1,12,28,2025-08-08,2025-08-12,100,84,71.25,USD
1816,55,10,23,2025-08-08,2025-08-12,50,50,83.2,USD
1833,119,11,24,2025-08-10,2025-08-12,100,100,284.83,USD
1591,14,4,10,2025-07-12,2025-08-13,50,50,169.47,USD
1600,66,4,10,2025-07-12,2025-08-13,50,50,60.0,USD
1795,91,11,25,2025-08-04,2025-08-13,100,100,107.36,USD
1804,104,6,14,2025-08-06,2025-08-13,200,200,172.15,USD
1806,8,2,4,2025-08-07,2025-08-13,100,100,234.65,USD
1815,9,6,14,2025-08-08,2025-08-13,200,200,52.46,USD
1817,57,4,9,2025-08-08,2025-08-13,50,50,56.53,USD
1826,3,10,23,2025-08-10,2025-08-13,50,50,168.28,USD
1835,24,12,27,2025-08-11,2025-08-13,100,100,276.02,USD
1840,94,5,11,2025-08-11,2025-08-13,200,200,287.86,USD
1848,47,7,15,2025-08-12,2025-08-13,500,500,354.0,USD
1852,84,2,5,2025-08-12,2025-08-13,100,100,308.2,USD
1584,55,10,21,2025-07-11,2025-08-14,50,50,92.61,USD
1744,107,10,22,2025-07-29,2025-08-14,50,50,229.8,USD
1829,61,9,20,2025-08-10,2025-08-14,50,50,288.63,USD
1831,82,9,20,2025-08-10,2025-08-14,50,50,186.26,USD
1837,61,9,19,2025-08-11,2025-08-14,50,50,275.48,USD
1841,96,10,23,2025-08-11,2025-08-14,50,50,168.64,USD
1853,91,11,24,2025-08-12,2025-08-14,100,100,106.39,USD
1611,57,4,10,2025-07-14,2025-08-15,50,50,62.65,USD
1777,10,1,3,2025-08-03,2025-08-15,100,100,113.47,USD
1819,66,5,12,2025-08-08,2025-08-15,50,50,51.47,USD
1857,111,9,19,2025-08-12,2025-08-15,500,500,358.55,USD
1864,68,11,24,2025-08-13,2025-08-15,200,200,67.3,USD
1865,81,11,24,2025-08-13,2025-08-15,50,27,269.91,USD
1868,8,2,5,2025-08-14,2025-08-15,100,100,232.8,USD
1800,25,4,9,2025-08-06,2025-08-16,100,100,101.64,USD
1812,81,11,25,2025-08-07,2025-08-16,50,50,312.42,USD
1820,97,10,22,2025-08-08,2025-08-16,50,50,101.92,USD
1843,107,6,14,2025-08-11,2025-08-16,50,50,190.28,USD
1854,92,9,20,2025-08-12,2025-08-16,100,100,197.94,USD
1869,28,5,11,2025-08-14,2025-08-16,200,200,312.21,USD
1787,20,1,2,2025-08-04,2025-08-17,200,200,186.53,USD
1807,17,7,16,2025-08-07,2025-08-17,100,57,204.44,USD
1824,96,10,22,2025-08-09,2025-08-17,73,73,164.44,USD
1860,23,3,7,2025-08-13,2025-08-17,50,50,241.44,USD
1871,96,10,23,2025-08-14,2025-08-17,50,50,173.74,USD
1873,10,1,1,2025-08-15,2025-08-17,100,100,104.14,USD
1875,40,5,11,2025-08-15,2025-08-17,100,64,188.78,USD
1877,102,5,11,2025-08-15,2025-08-17,100,100,268.69,USD
1638,14,4,10,2025-07-17,2025-08-18,50,50,174.81,USD
1838,66,5,12,2025-08-11,2025-08-18,50,50,56.0,USD
1847,42,2,4,2025-08-12,2025-08-18,50,50,275.51,USD
1849,55,8,18,2025-08-12,2025-08-18,50,50,90.41,USD
1851,78,2,4,2025-08-12,2025-08-18,200,200,149.36,USD
1858,3,6,14,2025-08-13,2025-08-18,50,50,168.55,USD
1866,93,6,14,2025-08-13,2025-08-18,200,200,320.89,USD
1827,12,7,16,2025-08-10,2025-08-19,50,50,383.36,USD
1828,38,11,25,2025-08-10,2025-08-19,100,100,209.19,USD
1834,21,2,6,2025-08-11,2025-08-19,100,58,269.62,USD
1839,79,10,22,2025-08-11,2025-08-19,100,100,352.07,USD
1850,69,5,12,2025-08-12,2025-08-19,500,500,251.85,USD
1862,58,2,4,2025-08-13,2025-08-19,50,50,323.73,USD
1895,60,11,24,2025-08-17,2025-08-19,50,50,317.58,USD
1896,66,5,11,2025-08-17,2025-08-19,50,50,59.79,USD
1901,17,7,15,2025-08-18,2025-08-19,100,100,275.55,USD
1904,63,2,5,2025-08-18,2025-08-19,50,50,139.13,USD
1668,23,3,8,2025-07-22,2025-08-20,50,33,241.49,USD
1836,52,7,16,2025-08-11,2025-08-20,200,200,286.1,USD
1842,101,7,16,2025-08-11,2025-08-20,50,50,210.24,USD
1874,25,4,9,2025-08-15,2025-08-20,100,100,148.46,USD
1882,33,9,20,2025-08-16,2025-08-20,100,100,283.57,USD
1884,45,9,20,2025-08-16,2025-08-20,200,145,205.12,USD
1887,61,9,20,2025-08-16,2025-08-20,50,50,270.85,USD
1889,82,9,20,2025-08-16,2025-08-20,50,50,191.11,USD
1907,98,11,24,2025-08-18,2025-08-20,100,100,155.56,USD
1845,39,11,25,2025-08-12,2025-08-21,50,50,257.42,USD
1861,53,2,6,2025-08-13,2025-08-21,50,50,287.61,USD
1867,95,10,22,2025-08-13,2025-08-21,100,100,108.0,USD
1879,3,6,14,2025-08-16,2025-08-21,50,36,182.12,USD
1894,42,9,20,2025-08-17,2025-08-21,50,50,272.82,USD
1905,96,10,23,2025-08-18,2025-08-21,50,50,156.29,USD
1909,107,10,23,2025-08-18,2025-08-21,50,50,198.05,USD
1910,40,6,13,2025-08-19,2025-08-21,100,100,202.61,USD
1664,14,4,10,2025-07-21,2025-08-22,50,50,158.14,USD
1801,60,11,25,2025-08-06,2025-08-22,50,50,290.52,USD
1803,98,11,25,2025-08-06,2025-08-22,100,100,164.82,USD
1846,41,8,18,2025-08-12,2025-08-22,100,100,230.34,USD
1859,5,7,16,2025-08-13,2025-08-22,50,50,79.06,USD
1915,92,9,19,2025-08-19,2025-08-22,100,100,212.39,USD
1920,37,6,13,2025-08-20,2025-08-22,100,100,38.1,USD
1832,114,1,2,2025-08-10,2025-08-23,200,200,217.29,USD
1876,90,2,6,2025-08-15,2025-08-23,200,139,174.42,USD
1912,49,12,28,2025-08-19,2025-08-23,50,50,92.38,USD
1914,61,9,20,2025-08-19,2025-08-23,50,50,271.2,USD
1927,64,6,13,2025-08-21,2025-08-23,200,200,338.86,USD
1934,58,2,5,2025-08-22,2025-08-23,50,50,299.48,USD
1938,102,2,5,2025-08-22,2025-08-23,100,100,269.83,USD
1665,107,10,21,2025-07-21,2025-08-24,50,50,197.93,USD
1714,10,3,8,2025-07-26,2025-08-24,100,100,115.39,USD
1856,110,1,3,2025-08-12,2025-08-24,100,100,156.2,USD
1872,2,11,25,2025-08-15,2025-08-24,200,200,264.78,USD
1886,58,2,6,2025-08-16,2025-08-24,50,50,304.06,USD
1911,46,6,14,2025-08-19,2025-08-24,500,500,45.61,USD
1913,57,4,9,2025-08-19,2025-08-24,50,50,65.15,USD
1918,23,3,7,2025-08-20,2025-08-24,50,50,265.93,USD
1939,119,11,24,2025-08-22,2025-08-24,100,100,272.7,USD
1952,116,7,15,2025-08-23,2025-08-24,200,200,467.21,USD
1672,90,10,21,2025-07-22,2025-08-25,200,200,187.93,USD
1675,96,10,21,2025-07-22,2025-08-25,50,50,162.02,USD
1686,12,4,10,2025-07-24,2025-08-25,50,50,343.69,USD
1687,14,4,10,2025-07-24,2025-08-25,50,50,178.91,USD
1691,25,4,10,2025-07-24,2025-08-25,100,100,108.46,USD
1888,81,11,25,2025-08-16,2025-08-25,50,35,275.58,USD
1890,101,7,16,2025-08-16,2025-08-25,50,50,328.41,USD
1898,79,10,22,2025-08-17,2025-08-25,100,100,348.2,USD
1916,14,4,9,2025-08-20,2025-08-25,50,50,156.35,USD
1917,20,2,5,2025-08-20,2025-08-25,200,200,177.96,USD
1924,23,3,7,2025-08-21,2025-08-25,50,50,256.84,USD
1929,80,8,18,2025-08-21,2025-08-25,100,100,93.53,USD
1935,79,10,23,2025-08-22,2025-08-25,100,100,367.63,USD
1947,65,12,27,2025-08-23,2025-08-25,100,100,161.98,USD
1951,104,6,13,2025-08-23,2025-08-25,200,200,167.6,USD
1955,21,2,5,2025-08-24,2025-08-25,100,100,258.98,USD
1678,3,10,21,2025-07-23,2025-08-26,50,29,161.93,USD
1899,118,11,25,2025-08-17,2025-08-26,200,200,37.56,USD
1900,119,11,25,2025-08-17,2025-08-26,100,100,294.34,USD
1902,21,2,6,2025-08-18,2025-08-26,100,100,256.11,USD
1906,97,10,22,2025-08-18,2025-08-26,50,50,109.22,USD
1933,55,8,17,2025-08-22,2025-08-26,50,50,82.4,USD
1949,82,9,19,2025-08-23,2025-08-26,50,50,183.75,USD
1695,95,10,21,2025-07-24,2025-08-27,100,100,116.65,USD
1903,55,8,17,2025-08-18,2025-08-27,50,50,83.98,USD
1943,27,8,17,2025-08-23,2025-08-27,500,500,252.33,USD
1958,61,9,19,2025-08-24,2025-08-27,50,50,272.69,USD
1961,88,9,19,2025-08-24,2025-08-27,500,500,308.74,USD
1963,1,6,13,2025-08-25,2025-08-27,100,100,66.78,USD
1970,94,5,11,2025-08-25,2025-08-27,200,200,273.34,USD
1712,1,12,26,2025-07-26,2025-08-28,100,100,66.59,USD
1724,78,4,10,2025-07-27,2025-08-28,200,200,155.98,USD
1747,23,3,8,2025-07-30,2025-08-28,50,50,263.81,USD
1948,81,4,9,2025-08-23,2025-08-28,50,50,268.19,USD
1950,83,4,9,2025-08-23,2025-08-28,500,500,36.08,USD
1713,3,10,21,2025-07-26,2025-08-29,50,50,183.84,USD
1718,79,10,21,2025-07-26,2025-08-29,100,100,335.18,USD
1757,6,3,8,2025-07-31,2025-08-29,200,200,134.99,USD
1922,81,11,25,2025-08-20,2025-08-29,50,50,263.03,USD
1923,3,10,22,2025-08-21,2025-08-29,50,50,171.73,USD
1957,57,4,9,2025-08-24,2025-08-29,50,50,57.13,USD
1965,17,9,20,2025-08-25,2025-08-29,100,100,170.67,USD
1973,33,9,19,2025-08-26,2025-08-29,100,100,264.98,USD
1725,96,10,21,2025-07-27,2025-08-30,50,50,170.49,USD
1731,14,4,10,2025-07-28,2025-08-30,50,50,176.04,USD
1739,57,4,10,2025-07-29,2025-08-30,50,32,63.99,USD
1930,101,7,16,2025-08-21,2025-08-30,50,50,325.23,USD
1932,8,2,6,2025-08-22,2025-08-30,100,100,214.73,USD
1937,96,10,22,2025-08-22,2025-08-30,50,50,182.59,USD
1960,84,2,4,2025-08-24,2025-08-30,100,89,269.62,USD
1974,41,8,17,2025-08-26,2025-08-30,100,100,242.03,USD
1771,23,3,8,2025-08-02,2025-08-31,50,50,248.5,USD
1936,91,11,25,2025-08-22,2025-08-31,100,100,111.32,USD
1944,53,2,6,2025-08-23,2025-08-31,50,50,277.06,USD
1954,13,5,12,2025-08-24,2025-08-31,500,500,92.78,USD
1968,63,2,4,2025-08-25,2025-08-31,50,50,134.3,USD
1980,23,3,7,2025-08-27,2025-08-31,50,50,251.86,USD
1992,92,9,19,2025-08-28,2025-08-31,100,100,201.11,USD
2001,100,6,13,2025-08-29,2025-08-31,100,100,256.08,USD
2002,8,2,5,2025-08-30,2025-08-31,100,100,232.05,USD
2006,76,2,5,2025-08-30,2025-08-31,500,500,181.52,USD
1990,45,9,20,2025-08-28,2025-09-01,200,200,188.36,USD
1996,74,10,23,2025-08-29,2025-09-01,500,500,264.23,USD
1997,79,10,23,2025-08-29,2025-09-01,100,100,372.21,USD
2000,96,10,23,2025-08-29,2025-09-01,50,50,163.84,USD
2003,24,12,27,2025-08-30,2025-09-01,100,100,242.74,USD
2005,65,12,27,2025-08-30,2025-09-01,100,100,158.54,USD
1931,110,1,3,2025-08-21,2025-09-02,100,66,152.65,USD
1946,60,11,25,2025-08-23,2025-09-02,50,50,286.59,USD
1953,12,7,16,2025-08-24,2025-09-02,50,50,598.49,USD
1956,52,7,16,2025-08-24,2025-09-02,200,200,467.38,USD
1976,66,5,12,2025-08-26,2025-09-02,50,50,57.06,USD
2012,39,11,24,2025-08-31,2025-09-02,50,50,245.06,USD
2017,98,5,11,2025-08-31,2025-09-02,100,100,152.54,USD
1964,2,7,16,2025-08-25,2025-09-03,200,200,477.81,USD
1966,39,11,25,2025-08-25,2025-09-03,50,50,240.58,USD
1969,85,11,25,2025-08-25,2025-09-03,200,200,85.64,USD
1977,96,10,22,2025-08-26,2025-09-03,50,50,165.53,USD
1979,15,5,12,2025-08-27,2025-09-03,100,100,253.71,USD
1982,78,2,4,2025-08-27,2025-09-03,200,200,144.34,USD
1994,57,4,9,2025-08-29,2025-09-03,50,50,63.88,USD
2004,61,9,20,2025-08-30,2025-09-03,50,50,289.25,USD
2013,55,8,18,2025-08-31,2025-09-03,50,50,82.8,USD
2019,1,12,27,2025-09-01,2025-09-03,100,100,71.03,USD
2022,38,11,24,2025-09-01,2025-09-03,100,100,235.41,USD
2024,60,11,24,2025-09-01,2025-09-03,50,50,282.54,USD
2033,63,2,5,2025-09-02,2025-09-03,50,50,152.59,USD
1809,36,12,26,2025-08-07,2025-09-04,500,500,217.5,USD
1921,51,2,6,2025-08-20,2025-09-04,200,200,95.7,USD
1981,42,2,6,2025-08-27,2025-09-04,50,50,278.55,USD
2007,93,6,14,2025-08-30,2025-09-04,200,200,292.94,USD
2014,61,9,20,2025-08-31,2025-09-04,50,50,265.89,USD
2016,71,12,28,2025-08-31,2025-09-04,50,50,209.45,USD
2018,108,8,17,2025-08-31,2025-09-04,200,200,168.99,USD
2034,66,5,11,2025-09-02,2025-09-04,50,50,51.95,USD
2036,84,2,5,2025-09-02,2025-09-04,100,100,377.05,USD
1786,12,4,10,2025-08-04,2025-09-05,50,50,372.12,USD
1808,23,3,8,2025-08-07,2025-09-05,50,50,286.46,USD
1983,81,11,25,2025-08-27,2025-09-05,50,50,279.24,USD
1989,25,10,22,2025-08-28,2025-09-05,100,100,108.99,USD
1998,86,5,12,2025-08-29,2025-09-05,200,200,115.88,USD
2011,14,4,9,2025-08-31,2025-09-05,50,50,159.29,USD
2025,82,9,20,2025-09-01,2025-09-05,50,33,185.3,USD
2039,28,5,11,2025-09-03,2025-09-05,200,200,292.96,USD
2043,57,5,11,2025-09-03,2025-09-05,50,50,62.85,USD
2045,75,12,27,2025-09-03,2025-09-05,500,500,97.54,USD
2048,119,11,24,2025-09-03,2025-09-05,100,100,281.49,USD
2051,20,2,5,2025-09-04,2025-09-05,200,200,182.51,USD
1991,60,11,25,2025-08-28,2025-09-06,50,50,286.97,USD
2023,40,6,14,2025-09-01,2025-09-06,100,100,190.11,USD
2035,72,9,20,2025-09-02,2025-09-06,200,200,122.24,USD
2040,34,8,18,2025-09-03,2025-09-06,500,500,110.1,USD
2041,39,6,13,2025-09-03,2025-09-06,50,50,256.63,USD
1784,3,10,21,2025-08-04,2025-09-07,50,50,163.75,USD
1821,6,3,8,2025-08-09,2025-09-07,200,200,127.59,USD
1999,91,11,25,2025-08-29,2025-09-07,100,100,100.14,USD
2026,102,2,4,2025-09-01,2025-09-07,100,100,257.89,USD
2066,17,7,15,2025-09-06,2025-09-07,100,100,198.95,USD
2069,53,2,5,2025-09-06,2025-09-07,50,44,345.86,USD
1975,55,1,2,2025-08-26,2025-09-08,50,40,81.7,USD
2009,119,11,25,2025-08-30,2025-09-08,100,100,258.61,USD
2010,3,10,22,2025-08-31,2025-09-08,50,50,176.01,USD
2044,64,6,14,2025-09-03,2025-09-08,200,200,317.2,USD
2053,55,8,17,2025-09-04,2025-09-08,50,50,85.75,USD
2070,60,11,24,2025-09-06,2025-09-08,50,50,349.11,USD
2076,107,6,13,2025-09-06,2025-09-08,50,50,226.62,USD
1985,114,1,2,2025-08-27,2025-09-09,200,200,240.75,USD
1987,10,1,3,2025-08-28,2025-09-09,100,100,117.03,USD
2020,21,2,6,2025-09-01,2025-09-09,100,100,294.47,USD
2027,107,10,22,2025-09-01,2025-09-09,50,50,196.47,USD
2073,82,9,19,2025-09-06,2025-09-09,50,50,208.53,USD
2080,81,11,24,2025-09-07,2025-09-09,50,50,272.66,USD
2086,52,7,15,2025-09-08,2025-09-09,200,157,279.19,USD
1855,109,3,8,2025-08-12,2025-09-10,500,500,107.3,USD
2029,42,2,6,2025-09-02,2025-09-10,50,50,372.46,USD
2031,58,2,6,2025-09-02,2025-09-10,50,50,374.84,USD
2037,96,10,22,2025-09-02,2025-09-10,50,50,170.63,USD
2071,61,9,20,2025-09-06,2025-09-10,50,50,359.61,USD
2091,21,2,5,2025-09-09,2025-09-10,100,83,285.47,USD
1870,71,12,26,2025-08-14,2025-09-11,50,50,265.01,USD
2047,115,10,22,2025-09-03,2025-09-11,100,100,294.15,USD
2050,12,5,12,2025-09-04,2025-09-11,50,50,389.28,USD
2056,6,3,7,2025-09-05,2025-09-11,200,200,125.65,USD
2074,91,6,14,2025-09-06,2025-09-11,100,50,134.59,USD
2078,33,9,20,2025-09-07,2025-09-11,100,100,258.63,USD
2085,45,9,19,2025-09-08,2025-09-11,200,200,179.42,USD
2087,61,9,19,2025-09-08,2025-09-11,50,50,274.33,USD
1986,5,7,16,2025-08-28,2025-09-12,50,50,167.85,USD
2015,68,1,3,2025-08-31,2025-09-12,200,128,57.61,USD
2046,81,11,25,2025-09-03,2025-09-12,50,50,269.98,USD
2072,71,12,28,2025-09-06,2025-09-12,50,31,270.71,USD
2083,1,12,28,2025-09-08,2025-09-12,100,100,65.16,USD
2089,3,10,23,2025-09-09,2025-09-12,50,50,180.96,USD
2096,92,9,19,2025-09-09,2025-09-12,100,100,209.9,USD
2108,42,2,5,2025-09-11,2025-09-12,50,50,282.68,USD
2111,101,7,15,2025-09-11,2025-09-12,50,35,222.88,USD
1844,14,4,10,2025-08-12,2025-09-13,50,50,161.54,USD
1863,65,12,26,2025-08-13,2025-09-13,100,100,186.23,USD
1878,115,3,8,2025-08-15,2025-09-13,100,100,290.15,USD
1984,101,7,15,2025-08-27,2025-09-13,50,50,325.49,USD
2101,49,9,19,2025-09-10,2025-09-13,50,50,80.32,USD
2107,35,6,13,2025-09-11,2025-09-13,500,500,193.53,USD
2112,104,6,13,2025-09-11,2025-09-13,200,200,192.52,USD
1881,23,3,8,2025-08-16,2025-09-14,50,50,243.84,USD
1883,43,3,8,2025-08-16,2025-09-14,100,100,218.02,USD
1891,112,3,8,2025-08-16,2025-09-14,500,500,190.52,USD
1892,1,12,26,2025-08-17,2025-09-14,100,100,86.06,USD
1897,71,12,26,2025-08-17,2025-09-14,50,50,288.59,USD
2032,62,1,3,2025-09-02,2025-09-14,200,200,256.86,USD
2038,110,1,3,2025-09-02,2025-09-14,100,100,136.66,USD
2064,118,2,4,2025-09-05,2025-09-14,200,200,36.94,USD
2065,3,10,22,2025-09-06,2025-09-14,50,50,220.2,USD
2067,24,12,27,2025-09-06,2025-09-14,100,100,261.53,USD
2075,95,2,6,2025-09-06,2025-09-14,100,100,146.32,USD
2084,23,2,4,2025-09-08,2025-09-14,50,50,253.3,USD
2095,82,9,20,2025-09-09,2025-09-14,50,50,181.52,USD
2105,120,9,20,2025-09-10,2025-09-14,500,500,90.62,USD
2117,68,1,1,2025-09-12,2025-09-14,200,154,63.06,USD
2118,71,12,27,2025-09-12,2025-09-14,50,50,200.54,USD
1893,39,3,8,2025-08-17,2025-09-15,50,50,236.66,USD
2061,58,2,4,2025-09-05,2025-09-15,50,50,303.15,USD
2077,8,2,6,2025-09-07,2025-09-15,100,100,211.8,USD
2079,63,2,6,2025-09-07,2025-09-15,50,50,127.07,USD
2099,14,4,9,2025-09-10,2025-09-15,50,50,174.9,USD
2100,25,4,9,2025-09-10,2025-09-15,100,100,110.62,USD
2110,65,12,28,2025-09-11,2025-09-15,100,87,202.05,USD
2115,55,8,18,2025-09-12,2025-09-15,50,50,82.99,USD
2120,113,9,19,2025-09-12,2025-09-15,100,100,209.07,USD
2124,40,6,13,2025-09-13,2025-09-15,100,100,200.48,USD
2125,48,5,11,2025-09-13,2025-09-15,500,500,160.62,USD
2130,98,11,24,2025-09-13,2025-09-15,100,100,159.14,USD
2133,12,7,15,2025-09-14,2025-09-15,50,31,386.35,USD
2135,53,2,5,2025-09-14,2025-09-15,50,50,293.2,USD
2042,55,1,2,2025-09-03,2025-09-16,50,36,84.69,USD
2057,11,5,12,2025-09-05,2025-09-16,500,500,109.13,USD
2082,101,7,16,2025-09-07,2025-09-16,50,50,199.4,USD
2094,66,5,12,2025-09-09,2025-09-16,50,50,51.43,USD
2097,8,2,4,2025-09-10,2025-09-16,100,100,209.19,USD
2126,61,9,19,2025-09-13,2025-09-16,50,50,289.08,USD
2128,79,10,23,2025-09-13,2025-09-16,100,100,343.04,USD
2138,17,7,15,2025-09-15,2025-09-16,100,100,166.52,USD
2143,111,7,15,2025-09-15,2025-09-16,500,500,369.25,USD
1880,12,4,10,2025-08-16,2025-09-17,50,41,479.88,USD
1885,57,4,10,2025-08-16,2025-09-17,50,50,74.89,USD
1988,12,7,16,2025-08-28,2025-09-17,50,50,692.39,USD
2114,16,6,14,2025-09-12,2025-09-17,500,500,222.59,USD
2139,57,5,11,2025-09-15,2025-09-17,50,50,61.63,USD
2150,58,2,5,2025-09-16,2025-09-17,50,50,332.33,USD
1925,24,12,26,2025-08-21,2025-09-18,100,100,252.97,USD
2062,96,11,25,2025-09-05,2025-09-18,50,50,173.11,USD
2090,12,7,16,2025-09-09,2025-09-18,50,50,373.48,USD
2104,102,8,17,2025-09-10,2025-09-18,100,100,237.57,USD
2129,93,6,14,2025-09-13,2025-09-18,200,200,316.28,USD
1908,100,4,10,2025-08-18,2025-09-19,100,100,237.83,USD
2060,51,8,18,2025-09-05,2025-09-19,200,200,91.56,USD
2102,81,11,25,2025-09-10,2025-09-19,50,50,272.86,USD
2168,20,2,5,2025-09-18,2025-09-19,200,200,204.03,USD
2171,42,2,5,2025-09-18,2025-09-19,50,50,339.33,USD
2174,101,7,15,2025-09-18,2025-09-19,50,50,243.12,USD
2106,22,7,16,2025-09-11,2025-09-20,200,200,375.95,USD
2109,60,11,25,2025-09-11,2025-09-20,50,28,293.24,USD
2119,96,10,22,2025-09-12,2025-09-20,50,50,169.23,USD
2132,117,5,12,2025-09-13,2025-09-20,500,500,329.75,USD
2146,23,3,7,2025-09-16,2025-09-20,50,29,322.72,USD
2166,3,5,11,2025-09-18,2025-09-20,50,50,218.82,USD
2173,60,11,24,2025-09-18,2025-09-20,50,50,382.11,USD
1942,23,3,8,2025-08-23,2025-09-21,50,50,261.12,USD
1945,54,3,8,2025-08-23,2025-09-21,200,200,107.32,USD
1959,71,12,26,2025-08-24,2025-09-21,50,50,216.28,USD
2068,41,8,17,2025-09-06,2025-09-21,100,100,295.89,USD
2092,55,1,3,2025-09-09,2025-09-21,50,50,87.3,USD
2122,119,11,25,2025-09-12,2025-09-21,100,100,290.71,USD
2127,78,2,6,2025-09-13,2025-09-21,200,200,148.76,USD
2151,64,6,14,2025-09-16,2025-09-21,200,200,319.13,USD
2157,12,7,15,2025-09-17,2025-09-21,50,50,383.71,USD
2181,86,5,11,2025-09-19,2025-09-21,200,200,103.19,USD
1926,25,4,10,2025-08-21,2025-09-22,100,100,116.7,USD
1928,66,4,10,2025-08-21,2025-09-22,50,50,56.61,USD
2123,39,11,25,2025-09-13,2025-09-22,50,50,231.09,USD
2131,101,7,16,2025-09-13,2025-09-22,50,50,213.85,USD
2140,71,12,28,2025-09-15,2025-09-22,50,50,233.12,USD
2156,5,7,15,2025-09-17,2025-09-22,50,50,86.58,USD
2170,33,9,20,2025-09-18,2025-09-22,100,64,308.87,USD
2172,55,8,17,2025-09-18,2025-09-22,50,50,94.92,USD
2189,94,5,11,2025-09-20,2025-09-22,200,200,251.85,USD
2193,23,2,5,2025-09-21,2025-09-22,50,50,258.2,USD
1919,30,10,21,2025-08-20,2025-09-23,500,500,321.21,USD
2098,10,1,2,2025-09-10,2025-09-23,100,100,114.29,USD
2136,91,11,25,2025-09-14,2025-09-23,100,100,102.78,USD
2182,92,9,20,2025-09-19,2025-09-23,100,100,199.98,USD
2186,61,9,19,2025-09-20,2025-09-23,50,50,263.59,USD
2198,91,11,24,2025-09-21,2025-09-23,100,100,103.73,USD
1941,14,4,10,2025-08-23,2025-09-24,50,50,174.5,USD
2121,114,1,3,2025-09-12,2025-09-24,200,200,226.32,USD
2178,46,6,14,2025-09-19,2025-09-24,500,500,45.64,USD
2180,66,4,9,2025-09-19,2025-09-24,50,40,58.83,USD
2145,2,11,25,2025-09-16,2025-09-25,200,200,299.55,USD
2148,41,11,25,2025-09-16,2025-09-25,100,100,248.01,USD
2149,55,8,17,2025-09-16,2025-09-25,50,50,109.53,USD
2153,81,11,25,2025-09-16,2025-09-25,50,50,286.44,USD
2190,8,9,20,2025-09-21,2025-09-25,100,100,220.29,USD
2195,55,8,17,2025-09-21,2025-09-25,50,50,90.27,USD
1940,3,10,21,2025-08-23,2025-09-26,50,50,163.33,USD
1967,57,4,10,2025-08-25,2025-09-26,50,50,61.46,USD
1995,58,12,26,2025-08-29,2025-09-26,50,50,313.55,USD
2154,84,8,18,2025-09-16,2025-09-26,100,100,329.72,USD
2161,63,2,6,2025-09-17,2025-09-26,50,27,141.83,USD
2169,21,2,6,2025-09-18,2025-09-26,100,100,304.84,USD
2192,14,4,9,2025-09-21,2025-09-26,50,50,176.56,USD
2201,9,3,7,2025-09-22,2025-09-26,200,200,50.01,USD
2205,32,9,20,2025-09-22,2025-09-26,500,500,131.43,USD
2220,8,2,5,2025-09-25,2025-09-26,100,100,222.59,USD
1962,95,10,21,2025-08-24,2025-09-27,100,100,115.62,USD
2175,119,11,25,2025-09-18,2025-09-27,100,100,307.3,USD
2188,81,5,12,2025-09-20,2025-09-27,50,50,254.08,USD
2200,102,2,4,2025-09-21,2025-09-27,100,100,236.31,USD
2206,57,4,9,2025-09-22,2025-09-27,50,50,57.57,USD
2210,100,4,9,2025-09-22,2025-09-27,100,100,252.95,USD
2212,45,9,20,2025-09-23,2025-09-27,200,145,182.42,USD
2223,39,11,24,2025-09-25,2025-09-27,50,33,249.99,USD
2232,17,7,15,2025-09-26,2025-09-27,100,84,168.95,USD
1971,96,10,21,2025-08-25,2025-09-28,50,50,171.08,USD
2008,101,3,8,2025-08-30,2025-09-28,50,50,218.96,USD
2142,110,1,2,2025-09-15,2025-09-28,100,100,136.69,USD
2159,23,3,7,2025-09-17,2025-09-28,50,50,332.92,USD
2162,66,5,12,2025-09-17,2025-09-28,50,50,55.55,USD
2185,51,2,6,2025-09-20,2025-09-28,200,200,85.23,USD
2203,18,7,15,2025-09-22,2025-09-28,500,295,42.84,USD
2207,71,7,15,2025-09-22,2025-09-28,50,50,239.59,USD
2218,56,3,7,2025-09-24,2025-09-28,500,500,236.74,USD
2225,61,9,19,2025-09-25,2025-09-28,50,50,298.06,USD
1972,3,10,21,2025-08-26,2025-09-29,50,50,177.06,USD
1978,97,10,21,2025-08-26,2025-09-29,50,50,99.35,USD
2196,58,2,6,2025-09-21,2025-09-29,50,50,305.32,USD
2202,15,5,12,2025-09-22,2025-09-29,100,100,278.15,USD
2204,28,5,12,2025-09-22,2025-09-29,200,200,293.74,USD
2213,58,2,4,2025-09-23,2025-09-29,50,50,323.94,USD
2217,40,6,14,2025-09-24,2025-09-29,100,100,231.54,USD
2222,33,9,20,2025-09-25,2025-09-29,100,100,272.89,USD
2240,38,11,24,2025-09-27,2025-09-29,100,100,217.71,USD
1993,14,4,10,2025-08-29,2025-09-30,50,50,181.14,USD
2155,1,12,28,2025-09-17,2025-09-30,100,100,74.57,USD
2163,82,9,20,2025-09-17,2025-09-30,50,50,193.25,USD
2197,60,11,25,2025-09-21,2025-09-30,50,50,281.09,USD
2199,98,11,25,2025-09-21,2025-09-30,100,100,151.15,USD
2209,96,10,22,2025-09-22,2025-09-30,50,50,169.46,USD
2236,54,3,7,2025-09-26,2025-09-30,200,200,105.35,USD
2243,79,10,23,2025-09-27,2025-09-30,100,100,330.61,USD
2247,118,11,24,2025-09-27,2025-09-30,200,200,39.05,USD
2266,12,7,15,2025-09-29,2025-09-30,50,39,428.61,USD
2272,101,7,15,2025-09-29,2025-09-30,50,50,240.48,USD
2028,23,3,8,2025-09-02,2025-10-01,50,50,243.97,USD
2030,43,3,8,2025-09-02,2025-10-01,100,76,220.18,USD
2160,39,11,25,2025-09-17,2025-10-01,50,50,227.18,USD
2271,91,11,24,2025-09-29,2025-10-01,100,100,110.68,USD
2276,47,7,15,2025-09-30,2025-10-01,500,500,331.44,USD
2176,10,1,2,2025-09-19,2025-10-02,100,100,117.81,USD
2183,96,1,2,2025-09-19,2025-10-02,50,50,162.67,USD
2191,12,7,16,2025-09-21,2025-10-02,50,50,387.09,USD
2214,68,11,25,2025-09-23,2025-10-02,200,200,66.76,USD
2219,66,5,12,2025-09-24,2025-10-02,50,50,55.35,USD
2231,1,12,27,2025-09-26,2025-10-02,100,100,70.36,USD
2233,24,12,27,2025-09-26,2025-10-02,100,100,275.89,USD
2239,37,6,14,2025-09-27,2025-10-02,100,100,46.87,USD
2241,41,8,17,2025-09-27,2025-10-02,100,100,289.61,USD
2245,104,6,14,2025-09-27,2025-10-02,200,200,218.62,USD
2221,21,2,6,2025-09-25,2025-10-03,100,55,269.22,USD
2226,63,2,6,2025-09-25,2025-10-03,50,50,141.51,USD
2237,84,8,18,2025-09-26,2025-10-03,100,100,292.86,USD
2278,95,10,23,2025-09-30,2025-10-03,100,100,110.58,USD
2279,96,10,23,2025-09-30,2025-10-03,50,50,169.91,USD
2281,39,11,24,2025-10-01,2025-10-03,50,50,227.85,USD
2285,64,6,13,2025-10-01,2025-10-03,200,200,379.87,USD
2287,94,5,11,2025-10-01,2025-10-03,200,200,292.49,USD
2224,60,11,25,2025-09-25,2025-10-04,50,50,289.99,USD
2227,81,11,25,2025-09-25,2025-10-04,50,50,270.16,USD
2254,55,8,18,2025-09-28,2025-10-04,50,50,85.32,USD
2258,63,2,5,2025-09-28,2025-10-04,50,27,141.29,USD
2263,108,8,17,2025-09-28,2025-10-04,200,159,148.34,USD
2267,14,4,9,2025-09-29,2025-10-04,50,50,189.3,USD
2277,82,9,20,2025-09-30,2025-10-04,50,26,193.94,USD
2021,31,10,21,2025-09-01,2025-10-05,100,100,344.33,USD
2165,107,10,22,2025-09-17,2025-10-05,50,50,171.48,USD
2259,71,12,28,2025-09-28,2025-10-05,50,50,228.97,USD
2260,80,10,23,2025-09-28,2025-10-05,100,100,88.6,USD
2262,93,6,14,2025-09-28,2025-10-05,200,200,352.12,USD
2270,78,2,4,2025-09-29,2025-10-05,200,200,190.33,USD
2283,55,8,17,2025-10-01,2025-10-05,50,50,89.97,USD
2290,27,8,18,2025-10-02,2025-10-05,500,500,277.01,USD
2292,81,11,24,2025-10-02,2025-10-05,50,28,284.94,USD
2303,14,7,15,2025-10-04,2025-10-05,50,50,181.68,USD
2235,26,8,17,2025-09-26,2025-10-06,500,500,80.16,USD
2251,23,3,7,2025-09-28,2025-10-06,50,50,231.04,USD
2269,66,5,12,2025-09-29,2025-10-06,50,50,66.88,USD
2316,5,7,15,2025-10-05,2025-10-06,50,50,89.41,USD
2230,110,1,3,2025-09-25,2025-10-07,100,100,145.81,USD
2249,13,5,12,2025-09-28,2025-10-07,500,500,85.15,USD
2273,102,2,6,2025-09-29,2025-10-07,100,100,280.12,USD
2291,69,6,14,2025-10-02,2025-10-07,500,500,295.42,USD
2294,17,9,20,2025-10-03,2025-10-07,100,100,157.87,USD
2298,61,9,20,2025-10-03,2025-10-07,50,50,265.76,USD
2304,23,2,5,2025-10-04,2025-10-07,50,50,253.04,USD
2315,110,9,19,2025-10-04,2025-10-07,100,100,155.22,USD
2322,66,5,11,2025-10-05,2025-10-07,50,50,53.82,USD
2323,67,5,11,2025-10-05,2025-10-07,500,500,168.95,USD
2324,89,5,11,2025-10-05,2025-10-07,500,500,161.31,USD
2049,3,10,21,2025-09-04,2025-10-08,50,50,173.79,USD
2054,79,10,21,2025-09-04,2025-10-08,100,100,326.93,USD
2055,90,10,21,2025-09-04,2025-10-08,200,200,168.28,USD
2194,52,7,15,2025-09-21,2025-10-08,200,200,301.0,USD
2264,119,11,24,2025-09-28,2025-10-08,100,100,289.34,USD
2297,57,4,9,2025-10-03,2025-10-08,50,50,56.45,USD
2306,45,9,20,2025-10-04,2025-10-08,200,200,193.59,USD
2312,82,9,20,2025-10-04,2025-10-08,50,50,177.74,USD
2313,87,3,7,2025-10-04,2025-10-08,500,500,283.54,USD
2318,20,2,5,2025-10-05,2025-10-08,200,200,177.21,USD
2320,33,9,19,2025-10-05,2025-10-08,100,100,284.97,USD
2058,14,4,10,2025-09-05,2025-10-09,50,50,207.41,USD
2081,94,4,10,2025-09-07,2025-10-09,200,200,251.82,USD
2275,42,11,25,2025-09-30,2025-10-09,50,50,304.51,USD
2319,24,12,28,2025-10-05,2025-10-09,100,100,237.8,USD
2321,61,9,20,2025-10-05,2025-10-09,50,50,304.3,USD
2088,100,4,10,2025-09-08,2025-10-10,100,100,253.76,USD
2257,59,10,22,2025-09-28,2025-10-10,200,200,180.25,USD
2261,92,9,20,2025-09-28,2025-10-10,100,100,205.77,USD
2284,60,11,25,2025-10-01,2025-10-10,50,50,306.7,USD
2286,81,11,25,2025-10-01,2025-10-10,50,50,272.49,USD
2093,57,4,10,2025-09-09,2025-10-11,50,50,65.62,USD
2268,62,1,3,2025-09-29,2025-10-11,200,200,285.99,USD
2274,114,1,3,2025-09-29,2025-10-11,200,158,281.59,USD
2299,96,10,22,2025-10-03,2025-10-11,50,50,246.73,USD
2301,107,10,22,2025-10-03,2025-10-11,50,34,270.43,USD
2305,40,5,12,2025-10-04,2025-10-11,100,100,187.85,USD
2253,53,2,6,2025-09-28,2025-10-12,50,50,291.83,USD
2311,79,10,22,2025-10-04,2025-10-12,100,100,534.67,USD
2134,23,3,8,2025-09-14,2025-10-13,50,50,241.91,USD
2302,12,7,16,2025-10-04,2025-10-13,50,50,338.54,USD
2307,52,7,16,2025-10-04,2025-10-13,200,200,286.5,USD
2350,12,7,15,2025-10-10,2025-10-13,50,50,383.6,USD
2103,96,10,21,2025-09-10,2025-10-14,50,50,158.16,USD
2113,14,4,10,2025-09-12,2025-10-14,50,50,158.92,USD
2116,57,4,10,2025-09-12,2025-10-14,50,50,61.02,USD
2256,58,2,5,2025-09-28,2025-10-14,50,50,289.25,USD
2325,119,11,25,2025-10-05,2025-10-14,100,100,280.87,USD
2331,91,11,24,2025-10-06,2025-10-14,100,100,102.84,USD
2333,28,5,12,2025-10-07,2025-10-14,200,200,329.86,USD
2372,12,5,11,2025-10-12,2025-10-14,50,50,402.2,USD
2375,81,11,24,2025-10-12,2025-10-14,50,50,301.12,USD
2379,114,1,1,2025-10-12,2025-10-14,200,200,233.33,USD
2381,17,7,15,2025-10-13,2025-10-14,100,100,179.72,USD
2248,2,2,6,2025-09-28,2025-10-15,200,200,261.05,USD
2335,96,10,22,2025-10-07,2025-10-15,50,42,329.69,USD
2345,82,9,19,2025-10-09,2025-10-15,50,50,210.26,USD
2353,58,2,5,2025-10-10,2025-10-15,50,50,374.31,USD
2374,76,2,5,2025-10-12,2025-10-15,500,500,191.26,USD
2382,29,11,24,2025-10-13,2025-10-15,200,200,273.06,USD
2385,119,11,24,2025-10-13,2025-10-15,100,100,255.69,USD
2147,24,12,26,2025-09-16,2025-10-16,100,100,308.23,USD
2295,21,2,6,2025-10-03,2025-10-16,100,100,261.12,USD
2317,8,2,4,2025-10-05,2025-10-16,100,100,202.14,USD
2338,21,2,5,2025-10-08,2025-10-16,100,100,276.57,USD
2355,83,4,9,2025-10-10,2025-10-16,500,500,46.04,USD
2152,65,12,26,2025-09-16,2025-10-17,100,100,207.6,USD
2167,6,3,8,2025-09-18,2025-10-17,200,200,147.73,USD
2308,58,2,6,2025-10-04,2025-10-17,50,50,287.71,USD
2309,63,2,6,2025-10-04,2025-10-17,50,50,134.03,USD
2340,57,4,9,2025-10-08,2025-10-17,50,50,58.87,USD
2356,93,6,14,2025-10-10,2025-10-17,200,200,382.44,USD
2388,31,8,18,2025-10-14,2025-10-17,100,100,451.1,USD
2389,52,9,19,2025-10-14,2025-10-17,200,200,294.6,USD
2391,72,9,19,2025-10-14,2025-10-17,200,200,113.86,USD
2394,39,11,24,2025-10-15,2025-10-17,50,50,233.3,USD
2063,97,10,21,2025-09-05,2025-10-18,50,50,93.9,USD
2137,97,10,21,2025-09-14,2025-10-18,50,50,104.81,USD
2326,3,10,22,2025-10-06,2025-10-18,50,50,269.59,USD
2328,55,8,18,2025-10-06,2025-10-18,50,41,83.89,USD
2342,92,9,19,2025-10-08,2025-10-18,100,100,211.74,USD
2358,102,2,5,2025-10-10,2025-10-18,100,100,320.48,USD
2380,14,4,9,2025-10-13,2025-10-18,50,50,170.97,USD
2383,57,4,9,2025-10-13,2025-10-18,50,50,57.03,USD
2387,23,3,7,2025-10-14,2025-10-18,50,50,246.02,USD
2402,40,6,13,2025-10-16,2025-10-18,100,100,204.71,USD
2405,64,6,13,2025-10-16,2025-10-18,200,122,336.67,USD
2052,25,4,10,2025-09-04,2025-10-19,100,100,113.97,USD
2059,23,3,8,2025-09-05,2025-10-19,50,50,251.41,USD
2141,96,10,21,2025-09-15,2025-10-19,50,50,168.15,USD
2144,116,10,21,2025-09-15,2025-10-19,200,200,325.35,USD
2341,81,11,25,2025-10-08,2025-10-19,50,50,288.68,USD
2343,112,2,5,2025-10-08,2025-10-19,500,500,220.67,USD
2346,84,2,5,2025-10-09,2025-10-19,100,100,383.33,USD
2368,71,12,27,2025-10-11,2025-10-19,50,50,283.84,USD
2376,86,5,12,2025-10-12,2025-10-19,200,200,127.27,USD
2377,94,5,12,2025-10-12,2025-10-19,200,200,298.24,USD
2393,109,3,7,2025-10-14,2025-10-19,500,500,88.51,USD
2395,43,3,7,2025-10-15,2025-10-19,100,100,193.06,USD
2401,33,9,19,2025-10-16,2025-10-19,100,100,265.29,USD
2403,42,2,5,2025-10-16,2025-10-19,50,50,268.17,USD
2208,82,12,26,2025-09-22,2025-10-20,50,50,194.23,USD
2348,3,10,22,2025-10-10,2025-10-20,50,31,192.8,USD
2352,42,11,24,2025-10-10,2025-10-20,50,50,353.63,USD
2357,96,10,23,2025-10-10,2025-10-20,50,33,196.14,USD
2378,107,10,22,2025-10-12,2025-10-20,50,28,190.11,USD
2397,104,6,14,2025-10-15,2025-10-20,200,200,180.66,USD
2421,101,7,15,2025-10-18,2025-10-20,50,50,273.92,USD
2425,18,7,15,2025-10-19,2025-10-20,500,500,46.92,USD
2177,25,4,10,2025-09-19,2025-10-21,100,100,112.16,USD
2179,57,4,10,2025-09-19,2025-10-21,50,50,59.54,USD
2211,101,3,8,2025-09-22,2025-10-21,50,50,207.7,USD
2360,4,4,9,2025-10-11,2025-10-21,200,200,77.07,USD
2361,14,4,9,2025-10-11,2025-10-21,50,50,216.1,USD
2363,39,11,24,2025-10-11,2025-10-21,50,50,263.55,USD
2367,66,5,11,2025-10-11,2025-10-21,50,50,62.5,USD
2400,14,4,9,2025-10-16,2025-10-21,50,50,160.34,USD
2406,66,4,9,2025-10-16,2025-10-21,50,50,53.94,USD
2434,81,11,24,2025-10-19,2025-10-21,50,50,306.05,USD
2449,111,7,15,2025-10-20,2025-10-21,500,500,358.76,USD
2329,60,11,25,2025-10-06,2025-10-22,50,50,319.33,USD
2351,24,12,27,2025-10-10,2025-10-22,100,100,336.24,USD
2370,79,10,23,2025-10-11,2025-10-22,100,100,411.79,USD
2411,45,9,19,2025-10-17,2025-10-22,200,200,188.24,USD
2424,119,11,24,2025-10-18,2025-10-22,100,100,310.25,USD
2429,55,8,18,2025-10-19,2025-10-22,50,50,113.04,USD
2438,10,1,1,2025-10-20,2025-10-22,100,100,104.49,USD
2444,57,5,11,2025-10-20,2025-10-22,50,27,61.25,USD
2447,81,11,24,2025-10-20,2025-10-22,50,50,264.74,USD
2216,23,3,8,2025-09-24,2025-10-23,50,50,249.86,USD
2339,23,2,4,2025-10-08,2025-10-23,50,50,256.09,USD
2354,61,12,28,2025-10-10,2025-10-23,50,50,347.94,USD
2364,41,8,18,2025-10-11,2025-10-23,100,100,278.14,USD
2392,91,11,25,2025-10-14,2025-10-23,100,100,107.73,USD
2427,24,12,28,2025-10-19,2025-10-23,100,56,283.2,USD
2430,58,12,28,2025-10-19,2025-10-23,50,50,348.29,USD
2442,53,2,5,2025-10-20,2025-10-23,50,50,300.02,USD
2445,61,9,19,2025-10-20,2025-10-23,50,50,284.72,USD
2455,46,6,13,2025-10-21,2025-10-23,500,500,43.83,USD
2464,116,7,15,2025-10-22,2025-10-23,200,200,324.24,USD
2184,3,10,21,2025-09-20,2025-10-24,50,50,167.17,USD
2187,79,10,21,2025-09-20,2025-10-24,100,100,334.43,USD
2366,55,8,18,2025-10-11,2025-10-24,50,50,108.68,USD
2431,66,4,9,2025-10-19,2025-10-24,50,50,65.25,USD
2443,54,3,7,2025-10-20,2025-10-24,200,200,98.66,USD
2459,28,5,11,2025-10-22,2025-10-24,200,200,301.73,USD
2242,65,12,26,2025-09-27,2025-10-25,100,100,193.19,USD
2332,98,11,25,2025-10-06,2025-10-25,100,100,172.33,USD
2371,101,7,16,2025-10-11,2025-10-25,50,25,258.1,USD
2373,68,1,2,2025-10-12,2025-10-25,200,200,71.66,USD
2399,2,11,25,2025-10-16,2025-10-25,200,200,283.62,USD
2408,82,7,16,2025-10-16,2025-10-25,50,43,188.32,USD
2441,25,4,9,2025-10-20,2025-10-25,100,52,114.79,USD
2454,41,8,17,2025-10-21,2025-10-25,100,100,229.77,USD
2164,95,10,21,2025-09-17,2025-10-26,100,100,110.2,USD
2246,115,3,8,2025-09-27,2025-10-26,100,100,300.31,USD
2334,55,8,18,2025-10-07,2025-10-26,50,42,108.65,USD
2365,53,2,4,2025-10-11,2025-10-26,50,50,339.92,USD
2419,63,2,5,2025-10-18,2025-10-26,50,50,153.02,USD
2458,23,3,7,2025-10-22,2025-10-26,50,50,253.98,USD
2462,61,9,20,2025-10-22,2025-10-26,50,38,299.85,USD
2483,12,7,15,2025-10-25,2025-10-26,50,36,422.35,USD
2386,8,2,6,2025-10-14,2025-10-27,100,100,216.94,USD
2407,78,2,4,2025-10-16,2025-10-27,200,200,137.51,USD
2413,60,11,24,2025-10-17,2025-10-27,50,36,321.72,USD
2433,79,10,22,2025-10-19,2025-10-27,100,100,393.42,USD
2486,38,11,24,2025-10-25,2025-10-27,100,70,259.13,USD
2158,14,4,10,2025-09-17,2025-10-28,50,50,165.46,USD
2215,3,10,21,2025-09-24,2025-10-28,50,50,166.02,USD
2234,25,4,10,2025-09-26,2025-10-28,100,100,108.85,USD
2265,10,3,8,2025-09-29,2025-10-28,100,100,120.45,USD
2398,110,1,2,2025-10-15,2025-10-28,100,100,155.09,USD
2414,1,12,27,2025-10-18,2025-10-28,100,100,88.95,USD
2420,98,5,11,2025-10-18,2025-10-28,100,100,189.6,USD
2428,39,11,25,2025-10-19,2025-10-28,50,50,291.99,USD
2435,96,11,25,2025-10-19,2025-10-28,50,50,201.25,USD
2436,107,10,22,2025-10-19,2025-10-28,50,50,215.95,USD
2437,3,10,22,2025-10-20,2025-10-28,50,50,163.97,USD
2451,11,5,12,2025-10-21,2025-10-28,500,500,102.55,USD
2453,15,5,12,2025-10-21,2025-10-28,100,100,242.36,USD
2487,42,9,19,2025-10-25,2025-10-28,50,34,366.81,USD
2488,51,2,5,2025-10-25,2025-10-28,200,200,112.76,USD
2229,107,10,21,2025-09-25,2025-10-29,50,50,173.52,USD
2252,39,3,8,2025-09-28,2025-10-29,50,50,243.84,USD
2327,51,2,4,2025-10-06,2025-10-29,200,200,88.69,USD
2344,63,2,6,2025-10-09,2025-10-29,50,50,169.65,USD
2349,10,1,2,2025-10-10,2025-10-29,100,100,129.56,USD
2404,58,2,6,2025-10-16,2025-10-29,50,50,319.19,USD
2412,57,4,9,2025-10-17,2025-10-29,50,37,61.63,USD
2448,96,11,25,2025-10-20,2025-10-29,50,50,180.4,USD
2450,118,11,25,2025-10-20,2025-10-29,200,200,41.04,USD
2469,101,7,15,2025-10-23,2025-10-29,50,50,217.12,USD
2492,92,9,20,2025-10-25,2025-10-29,100,100,234.58,USD
2228,96,10,21,2025-09-25,2025-10-30,50,50,165.38,USD
2282,43,3,8,2025-10-01,2025-10-30,100,52,191.42,USD
2426,21,2,4,2025-10-19,2025-10-30,100,100,320.92,USD
2440,17,7,16,2025-10-20,2025-10-30,100,100,161.04,USD
2452,12,7,16,2025-10-21,2025-10-30,50,50,377.01,USD
2470,3,10,23,2025-10-24,2025-10-30,50,50,191.35,USD
2479,93,6,13,2025-10-24,2025-10-30,200,200,365.17,USD
2485,25,4,9,2025-10-25,2025-10-30,100,100,119.09,USD
2502,94,5,11,2025-10-27,2025-10-30,200,101,344.31,USD
2509,52,7,15,2025-10-28,2025-10-30,200,111,323.13,USD
2238,3,10,21,2025-09-27,2025-10-31,50,50,174.26,USD
2244,90,10,21,2025-09-27,2025-10-31,200,200,183.26,USD
2293,1,12,26,2025-10-03,2025-10-31,100,100,69.86,USD
2296,49,12,26,2025-10-03,2025-10-31,50,50,81.56,USD
2461,60,11,25,2025-10-22,2025-10-31,50,50,277.63,USD
2467,44,6,14,2025-10-23,2025-10-31,500,500,54.25,USD
2473,24,12,28,2025-10-24,2025-10-31,100,100,288.68,USD
2477,82,9,20,2025-10-24,2025-10-31,50,50,207.07,USD
2481,119,11,24,2025-10-24,2025-10-31,100,52,359.18,USD
2510,81,11,24,2025-10-28,2025-10-31,50,50,333.12,USD
2300,101,3,8,2025-10-03,2025-11-01,50,50,261.25,USD
2310,65,12,26,2025-10-04,2025-11-01,100,100,154.43,USD
2422,102,2,4,2025-10-18,2025-11-01,100,100,296.5,USD
2446,62,1,3,2025-10-20,2025-11-01,200,200,245.65,USD
2456,84,2,4,2025-10-21,2025-11-01,100,100,282.35,USD
2457,92,2,4,2025-10-21,2025-11-01,100,100,207.71,USD
2465,117,12,28,2025-10-22,2025-11-01,500,500,330.82,USD
2475,64,6,14,2025-10-24,2025-11-01,200,200,367.56,USD
2501,60,11,24,2025-10-27,2025-11-01,50,50,326.09,USD
2506,3,6,13,2025-10-28,2025-11-01,50,50,210.94,USD
2512,96,11,24,2025-10-28,2025-11-01,50,42,202.7,USD
2518,68,1,1,2025-10-29,2025-11-01,200,200,72.22,USD
2523,2,11,24,2025-10-30,2025-11-01,200,200,287.96,USD
2534,60,11,24,2025-10-30,2025-11-01,50,50,375.17,USD
2250,14,4,10,2025-09-28,2025-11-02,50,50,163.28,USD
2255,57,4,10,2025-09-28,2025-11-02,50,50,58.99,USD
2289,23,3,8,2025-10-02,2025-11-02,50,50,232.19,USD
2418,55,8,17,2025-10-18,2025-11-02,50,50,106.57,USD
2494,61,12,27,2025-10-26,2025-11-02,50,50,285.75,USD
2503,101,7,15,2025-10-27,2025-11-02,50,50,264.95,USD
2504,113,9,19,2025-10-27,2025-11-02,100,50,247.64,USD
2508,33,9,19,2025-10-28,2025-11-02,100,100,282.96,USD
2521,98,11,24,2025-10-29,2025-11-02,100,100,183.54,USD
2525,17,9,19,2025-10-30,2025-11-02,100,71,193.25,USD
2529,42,2,5,2025-10-30,2025-11-02,50,50,334.16,USD
2532,53,2,5,2025-10-30,2025-11-02,50,50,324.6,USD
2535,78,2,5,2025-10-30,2025-11-02,200,200,170.45,USD
2537,95,10,23,2025-10-30,2025-11-02,100,100,130.86,USD
2540,3,6,13,2025-10-31,2025-11-02,50,50,174.49,USD
2541,48,5,11,2025-10-31,2025-11-02,500,500,168.01,USD
2549,114,1,1,2025-10-31,2025-11-02,200,200,211.05,USD
2415,20,2,6,2025-10-18,2025-11-03,200,200,191.96,USD
2480,105,8,18,2025-10-24,2025-11-03,500,500,169.19,USD
2482,5,7,16,2025-10-25,2025-11-03,50,36,106.86,USD
2491,71,7,16,2025-10-25,2025-11-03,50,50,252.16,USD
2495,66,5,11,2025-10-26,2025-11-03,50,50,51.87,USD
2513,102,2,5,2025-10-28,2025-11-03,100,100,319.0,USD
2522,101,6,13,2025-10-29,2025-11-03,50,50,235.57,USD
2526,23,3,7,2025-10-30,2025-11-03,50,50,250.02,USD
2531,49,9,20,2025-10-30,2025-11-03,50,50,90.53,USD
2542,61,9,19,2025-10-31,2025-11-03,50,50,301.54,USD
2546,82,9,19,2025-10-31,2025-11-03,50,50,175.78,USD
2551,10,1,1,2025-11-01,2025-11-03,100,100,115.18,USD
2556,96,11,24,2025-11-01,2025-11-03,50,50,164.29,USD
2280,97,10,21,2025-09-30,2025-11-04,50,50,98.3,USD
2460,57,2,6,2025-10-22,2025-11-04,50,50,57.69,USD
2466,6,3,7,2025-10-23,2025-11-04,200,200,118.46,USD
2497,25,4,9,2025-10-27,2025-11-04,100,100,126.21,USD
2547,88,9,20,2025-10-31,2025-11-04,500,500,326.79,USD
2288,3,10,21,2025-10-02,2025-11-05,50,50,261.21,USD
2314,100,4,10,2025-10-04,2025-11-05,100,100,263.49,USD
2468,96,10,22,2025-10-23,2025-11-05,50,50,177.61,USD
2474,63,4,9,2025-10-24,2025-11-05,50,50,171.19,USD
2478,91,11,24,2025-10-24,2025-11-05,100,100,129.93,USD
2489,55,8,17,2025-10-25,2025-11-05,50,50,107.47,USD
2533,55,8,17,2025-10-30,2025-11-05,50,50,106.96,USD
2543,65,12,27,2025-10-31,2025-11-05,100,100,172.91,USD
2562,45,9,19,2025-11-02,2025-11-05,200,200,184.35,USD
2564,63,2,5,2025-11-02,2025-11-05,50,50,130.81,USD
2565,84,2,5,2025-11-02,2025-11-05,100,100,275.8,USD
2572,81,11,24,2025-11-03,2025-11-05,50,50,254.35,USD
2578,22,7,15,2025-11-04,2025-11-05,200,200,345.86,USD
2581,52,7,15,2025-11-04,2025-11-05,200,200,283.81,USD
2555,57,4,9,2025-11-01,2025-11-06,50,50,58.39,USD
2570,57,2,5,2025-11-03,2025-11-06,50,50,61.51,USD
2575,1,12,27,2025-11-04,2025-11-06,100,100,70.41,USD
2584,119,11,24,2025-11-04,2025-11-06,100,100,272.18,USD
2498,39,11,25,2025-10-27,2025-11-07,50,50,287.88,USD
2507,14,4,9,2025-10-28,2025-11-07,50,50,188.51,USD
2516,23,3,7,2025-10-29,2025-11-07,50,50,283.17,USD
2517,40,5,12,2025-10-29,2025-11-07,100,100,220.42,USD
2519,71,12,27,2025-10-29,2025-11-07,50,50,220.76,USD
2544,66,5,12,2025-10-31,2025-11-07,50,30,59.65,USD
2560,36,6,14,2025-11-02,2025-11-07,500,500,200.67,USD
2589,40,6,13,2025-11-05,2025-11-07,100,100,201.15,USD
2595,91,11,24,2025-11-05,2025-11-07,100,100,106.77,USD
2330,71,12,27,2025-10-06,2025-11-08,50,50,201.33,USD
2471,8,2,5,2025-10-24,2025-11-08,100,100,257.06,USD
2528,41,8,18,2025-10-30,2025-11-08,100,100,255.64,USD
2536,91,11,25,2025-10-30,2025-11-08,100,100,118.38,USD
2539,119,11,25,2025-10-30,2025-11-08,100,100,284.77,USD
2576,9,8,17,2025-11-04,2025-11-08,200,200,55.52,USD
2582,55,8,17,2025-11-04,2025-11-08,50,50,88.72,USD
2586,21,2,5,2025-11-05,2025-11-08,100,100,272.26,USD
2590,42,2,5,2025-11-05,2025-11-08,50,50,282.98,USD
2596,92,9,19,2025-11-05,2025-11-08,100,100,188.34,USD
2505,1,12,27,2025-10-28,2025-11-09,100,100,73.17,USD
2524,12,7,16,2025-10-30,2025-11-09,50,50,403.36,USD
2558,13,5,12,2025-11-02,2025-11-09,500,500,94.37,USD
2567,86,5,12,2025-11-02,2025-11-09,200,142,116.47,USD
2580,37,6,14,2025-11-04,2025-11-09,100,100,36.25,USD
2599,61,9,19,2025-11-06,2025-11-09,58,58,278.39,USD
2604,102,2,5,2025-11-06,2025-11-09,100,100,237.54,USD
2611,34,12,27,2025-11-07,2025-11-09,500,500,118.15,USD
2612,39,11,24,2025-11-07,2025-11-09,50,50,256.28,USD
2617,73,6,13,2025-11-07,2025-11-09,200,200,258.85,USD
2619,93,6,13,2025-11-07,2025-11-09,200,200,284.54,USD
2623,118,11,24,2025-11-07,2025-11-09,200,200,37.91,USD
2337,14,4,10,2025-10-08,2025-11-10,50,50,170.92,USD
2496,107,10,22,2025-10-26,2025-11-10,50,50,187.97,USD
2559,27,8,17,2025-11-02,2025-11-10,500,500,278.14,USD
2571,66,5,12,2025-11-03,2025-11-10,50,50,56.36,USD
2573,94,5,12,2025-11-03,2025-11-10,200,200,273.71,USD
2588,24,12,28,2025-11-05,2025-11-10,100,100,255.09,USD
2592,64,6,14,2025-11-05,2025-11-10,200,200,329.49,USD
2606,3,10,23,2025-11-07,2025-11-10,50,50,165.89,USD
2607,8,2,5,2025-11-07,2025-11-10,100,100,206.49,USD
2610,33,9,19,2025-11-07,2025-11-10,100,100,276.21,USD
2614,53,2,5,2025-11-07,2025-11-10,50,50,290.32,USD
2618,79,10,23,2025-11-07,2025-11-10,100,100,358.27,USD
2620,96,10,23,2025-11-07,2025-11-10,50,50,181.79,USD
2621,97,10,23,2025-11-07,2025-11-10,50,50,107.16,USD
2390,61,12,26,2025-10-14,2025-11-11,50,50,292.91,USD
2515,110,1,2,2025-10-28,2025-11-11,100,100,174.65,USD
2554,55,8,17,2025-11-01,2025-11-11,50,50,97.81,USD
2561,39,11,25,2025-11-02,2025-11-11,50,50,237.01,USD
2566,85,11,25,2025-11-02,2025-11-11,200,200,84.75,USD
2598,57,4,9,2025-11-06,2025-11-11,50,50,64.04,USD
2602,82,9,20,2025-11-06,2025-11-11,50,50,185.5,USD
2613,41,8,17,2025-11-07,2025-11-11,100,100,249.9,USD
2615,61,9,20,2025-11-07,2025-11-11,50,50,274.08,USD
2359,1,12,26,2025-10-11,2025-11-12,100,100,85.87,USD
2500,58,2,6,2025-10-27,2025-11-12,50,50,414.15,USD
2569,12,7,16,2025-11-03,2025-11-12,50,50,366.21,USD
2574,101,7,16,2025-11-03,2025-11-12,50,50,197.59,USD
2594,80,8,17,2025-11-05,2025-11-12,100,100,84.08,USD
2608,14,4,9,2025-11-07,2025-11-12,50,37,156.43,USD
2622,100,4,9,2025-11-07,2025-11-12,100,100,242.22,USD
2624,6,3,7,2025-11-08,2025-11-12,200,200,133.31,USD
2628,115,3,7,2025-11-08,2025-11-12,100,100,302.54,USD
2634,84,2,5,2025-11-09,2025-11-12,100,100,282.21,USD
2563,58,2,4,2025-11-02,2025-11-13,50,50,287.2,USD
2577,17,7,16,2025-11-04,2025-11-13,100,100,176.08,USD
2583,60,11,25,2025-11-04,2025-11-13,50,37,286.21,USD
2593,71,12,28,2025-11-05,2025-11-13,50,50,214.21,USD
2627,25,4,9,2025-11-08,2025-11-13,100,100,113.82,USD
2336,6,3,8,2025-10-08,2025-11-14,200,200,134.26,USD
2347,101,3,8,2025-10-09,2025-11-14,50,50,223.89,USD
2410,115,3,8,2025-10-16,2025-11-14,100,100,321.25,USD
2550,8,2,6,2025-11-01,2025-11-14,100,100,210.99,USD
2553,20,1,2,2025-11-01,2025-11-14,200,200,193.74,USD
2600,74,10,22,2025-11-06,2025-11-14,500,292,266.26,USD
2609,28,5,12,2025-11-07,2025-11-14,200,200,319.49,USD
2616,66,5,12,2025-11-07,2025-11-14,50,50,59.5,USD
2631,55,8,18,2025-11-09,2025-11-14,50,50,98.74,USD
2493,21,2,6,2025-10-26,2025-11-15,100,100,289.75,USD
2597,5,7,16,2025-11-06,2025-11-15,50,50,80.56,USD
2601,81,11,25,2025-11-06,2025-11-15,50,50,254.91,USD
2603,101,7,16,2025-11-06,2025-11-15,50,50,222.79,USD
2643,96,10,23,2025-11-10,2025-11-15,50,50,158.99,USD
2673,107,6,13,2025-11-13,2025-11-15,50,50,226.66,USD
2384,95,10,21,2025-10-13,2025-11-16,100,100,110.33,USD
2432,71,12,26,2025-10-19,2025-11-16,50,50,274.56,USD
2520,81,11,25,2025-10-29,2025-11-16,50,50,291.41,USD
2633,71,12,27,2025-11-09,2025-11-16,50,50,236.73,USD
2645,55,8,17,2025-11-11,2025-11-16,50,50,92.05,USD
2409,100,4,10,2025-10-16,2025-11-17,100,100,232.9,USD
2626,12,7,16,2025-11-08,2025-11-17,50,50,386.86,USD
2636,107,10,22,2025-11-09,2025-11-17,50,50,183.94,USD
2640,57,4,9,2025-11-10,2025-11-17,50,50,61.75,USD
2661,96,1,1,2025-11-12,2025-11-17,50,50,192.42,USD
2679,92,9,19,2025-11-14,2025-11-17,100,100,231.47,USD
2681,101,7,15,2025-11-14,2025-11-17,50,50,236.79,USD
2701,97,7,15,2025-11-16,2025-11-17,50,50,114.36,USD
2362,23,3,8,2025-10-11,2025-11-18,50,50,265.29,USD
2396,96,10,21,2025-10-15,2025-11-18,50,50,174.48,USD
2605,110,1,3,2025-11-06,2025-11-18,100,100,152.17,USD
2635,101,7,16,2025-11-09,2025-11-18,50,50,230.08,USD
2637,119,11,25,2025-11-09,2025-11-18,100,100,257.56,USD
2648,65,12,28,2025-11-11,2025-11-18,100,100,171.52,USD
2651,12,7,15,2025-11-12,2025-11-18,50,50,421.68,USD
2688,93,6,13,2025-11-15,2025-11-18,200,200,359.71,USD
2694,39,11,24,2025-11-16,2025-11-18,50,50,251.25,USD
2699,66,5,11,2025-11-16,2025-11-18,50,50,60.74,USD
2423,108,12,26,2025-10-18,2025-11-19,200,200,190.77,USD
2591,58,2,6,2025-11-05,2025-11-19,50,50,318.1,USD
2630,38,12,27,2025-11-09,2025-11-19,100,100,256.82,USD
2676,39,11,24,2025-11-14,2025-11-19,50,50,283.37,USD
2678,61,9,19,2025-11-14,2025-11-19,50,32,296.69,USD
2693,33,9,19,2025-11-16,2025-11-19,100,100,299.6,USD
2698,61,9,19,2025-11-16,2025-11-19,50,50,289.62,USD
2642,95,10,22,2025-11-10,2025-11-20,100,100,110.71,USD
2660,91,9,19,2025-11-12,2025-11-20,100,100,125.1,USD
2672,104,6,14,2025-11-13,2025-11-20,200,117,193.19,USD
2695,45,9,20,2025-11-16,2025-11-20,200,200,201.95,USD
2723,86,5,11,2025-11-18,2025-11-20,200,200,106.34,USD
2439,14,4,10,2025-10-20,2025-11-21,50,50,179.24,USD
2625,10,1,2,2025-11-08,2025-11-21,100,100,109.57,USD
2639,23,9,19,2025-11-10,2025-11-21,50,50,239.93,USD
2647,60,11,24,2025-11-11,2025-11-21,50,50,322.42,USD
2655,42,2,5,2025-11-12,2025-11-21,50,50,371.8,USD
2666,24,12,28,2025-11-13,2025-11-21,100,100,302.14,USD
2671,98,11,24,2025-11-13,2025-11-21,100,100,160.11,USD
2680,94,5,11,2025-11-14,2025-11-21,200,200,301.51,USD
2704,1,12,27,2025-11-17,2025-11-21,100,100,77.41,USD
2712,101,3,7,2025-11-17,2025-11-21,50,50,198.66,USD
2721,82,9,19,2025-11-18,2025-11-21,50,50,183.06,USD
2724,113,9,19,2025-11-18,2025-11-21,100,100,195.45,USD
2732,91,11,24,2025-11-19,2025-11-21,100,53,107.9,USD
2416,23,3,8,2025-10-18,2025-11-22,50,44,305.78,USD
2632,63,2,6,2025-11-09,2025-11-22,50,50,125.84,USD
2670,66,5,12,2025-11-13,2025-11-22,50,50,60.49,USD
2675,31,8,17,2025-11-14,2025-11-22,100,100,428.21,USD
2711,64,6,14,2025-11-17,2025-11-22,200,200,309.61,USD
2714,24,12,27,2025-11-18,2025-11-22,100,100,303.28,USD
2728,49,9,19,2025-11-19,2025-11-22,50,50,83.17,USD
2731,76,2,5,2025-11-19,2025-11-22,500,500,186.49,USD
2737,66,5,11,2025-11-20,2025-11-22,50,50,59.57,USD
2745,101,7,15,2025-11-21,2025-11-22,50,50,224.03,USD
2369,75,12,26,2025-10-11,2025-11-23,500,404,125.66,USD
2484,23,3,8,2025-10-25,2025-11-23,50,50,304.85,USD
2646,58,2,4,2025-11-11,2025-11-23,50,50,392.9,USD
2657,61,9,19,2025-11-12,2025-11-23,50,50,326.8,USD
2677,58,2,5,2025-11-14,2025-11-23,50,50,327.47,USD
2685,55,8,17,2025-11-15,2025-11-23,50,50,103.48,USD
2715,41,8,17,2025-11-18,2025-11-23,100,100,250.31,USD
2719,71,12,27,2025-11-18,2025-11-23,50,50,236.01,USD
2726,10,3,7,2025-11-19,2025-11-23,100,100,116.12,USD
2730,61,12,27,2025-11-19,2025-11-23,50,50,309.37,USD
2743,12,5,11,2025-11-21,2025-11-23,50,50,375.19,USD
2649,79,10,22,2025-11-11,2025-11-24,100,100,585.09,USD
2652,14,4,9,2025-11-12,2025-11-24,50,50,180.47,USD
2729,57,4,9,2025-11-19,2025-11-24,50,35,62.27,USD
2733,100,4,9,2025-11-19,2025-11-24,100,71,261.29,USD
2734,5,9,20,2025-11-20,2025-11-24,50,50,77.12,USD
2738,72,9,20,2025-11-20,2025-11-24,200,200,112.01,USD
2744,42,2,5,2025-11-21,2025-11-24,50,50,279.88,USD
2746,6,5,11,2025-11-22,2025-11-24,200,200,127.6,USD
2749,39,11,24,2025-11-22,2025-11-24,50,50,251.63,USD
2750,46,6,13,2025-11-22,2025-11-24,500,500,44.28,USD
2756,107,6,13,2025-11-22,2025-11-24,50,26,192.4,USD
2463,97,10,21,2025-10-22,2025-11-25,50,50,106.76,USD
2641,68,11,25,2025-11-10,2025-11-25,200,200,63.04,USD
2664,15,5,12,2025-11-13,2025-11-25,100,71,253.59,USD
2665,17,7,16,2025-11-13,2025-11-25,100,57,203.29,USD
2697,60,11,25,2025-11-16,2025-11-25,50,50,334.78,USD
2718,69,5,12,2025-11-18,2025-11-25,500,500,238.3,USD
2735,25,4,9,2025-11-20,2025-11-25,100,100,104.38,USD
2706,12,7,16,2025-11-17,2025-11-26,50,50,341.08,USD
2752,61,9,20,2025-11-22,2025-11-26,50,50,262.49,USD
2754,92,9,20,2025-11-22,2025-11-26,100,100,191.5,USD
2472,14,4,10,2025-10-24,2025-11-27,50,50,187.72,USD
2490,65,12,26,2025-10-25,2025-11-27,100,100,170.94,USD
2650,81,11,25,2025-11-11,2025-11-27,50,50,343.57,USD
2656,51,2,4,2025-11-12,2025-11-27,200,200,103.17,USD
2658,78,2,6,2025-11-12,2025-11-27,200,200,177.59,USD
2674,3,10,22,2025-11-14,2025-11-27,50,50,190.08,USD
2687,81,11,25,2025-11-15,2025-11-27,50,50,325.88,USD
2716,55,8,17,2025-11-18,2025-11-27,50,50,107.83,USD
2720,81,11,25,2025-11-18,2025-11-27,50,50,257.88,USD
2725,119,11,25,2025-11-18,2025-11-27,100,100,290.43,USD
2753,81,4,9,2025-11-22,2025-11-27,50,50,265.86,USD
2772,40,6,13,2025-11-24,2025-11-27,100,100,220.35,USD
2779,2,11,24,2025-11-25,2025-11-27,200,200,459.23,USD
2790,98,11,24,2025-11-25,2025-11-27,100,70,253.43,USD
2793,12,7,15,2025-11-26,2025-11-27,50,50,487.93,USD
2801,71,7,15,2025-11-26,2025-11-27,50,50,291.65,USD
2417,30,10,21,2025-10-18,2025-11-28,500,370,357.05,USD
2527,24,12,26,2025-10-30,2025-11-28,100,100,321.07,USD
2530,43,3,8,2025-10-30,2025-11-28,100,100,212.84,USD
2662,2,11,25,2025-11-13,2025-11-28,200,200,337.64,USD
2669,62,1,3,2025-11-13,2025-11-28,200,200,277.86,USD
2684,52,7,16,2025-11-15,2025-11-28,200,200,294.79,USD
2710,63,2,4,2025-11-17,2025-11-28,50,50,142.38,USD
2717,65,12,28,2025-11-18,2025-11-28,100,100,180.78,USD
2739,95,10,22,2025-11-20,2025-11-28,100,60,111.91,USD
2751,55,8,18,2025-11-22,2025-11-28,50,50,106.97,USD
2782,21,2,5,2025-11-25,2025-11-28,100,100,429.35,USD
2787,58,2,5,2025-11-25,2025-11-28,50,50,478.64,USD
2803,94,5,11,2025-11-26,2025-11-28,200,107,386.4,USD
2663,8,2,6,2025-11-13,2025-11-29,100,100,235.4,USD
2682,116,7,16,2025-11-14,2025-11-29,200,200,342.55,USD
2692,20,2,6,2025-11-16,2025-11-29,200,141,203.59,USD
2702,102,2,6,2025-11-16,2025-11-29,100,100,268.09,USD
2703,110,1,2,2025-11-16,2025-11-29,100,100,185.07,USD
2713,21,2,4,2025-11-18,2025-11-29,100,100,276.98,USD
2722,84,2,4,2025-11-18,2025-11-29,100,50,272.61,USD
2740,96,11,25,2025-11-20,2025-11-29,50,50,166.82,USD
2741,111,7,16,2025-11-20,2025-11-29,500,500,369.48,USD
2742,3,10,22,2025-11-21,2025-11-29,50,50,180.43,USD
2797,51,2,5,2025-11-26,2025-11-29,200,200,137.75,USD
2810,66,5,11,2025-11-27,2025-11-29,50,26,73.69,USD
2811,81,11,24,2025-11-27,2025-11-29,50,50,353.3,USD
2814,96,11,24,2025-11-27,2025-11-29,50,50,249.46,USD
2653,21,2,4,2025-11-12,2025-11-30,100,100,282.6,USD
2683,40,6,13,2025-11-15,2025-11-30,100,64,203.82,USD
2690,114,1,3,2025-11-15,2025-11-30,200,200,261.34,USD
2709,58,2,6,2025-11-17,2025-11-30,50,50,326.86,USD
2727,19,2,4,2025-11-19,2025-11-30,500,500,165.14,USD
2755,97,10,22,2025-11-22,2025-11-30,50,50,105.12,USD
2763,82,9,19,2025-11-23,2025-11-30,50,50,189.01,USD
2791,100,4,9,2025-11-25,2025-11-30,100,100,374.23,USD
2796,33,9,20,2025-11-26,2025-11-30,100,100,394.07,USD
2802,92,9,20,2025-11-26,2025-11-30,100,100,278.78,USD
2748,17,7,16,2025-11-22,2025-12-01,100,100,160.29,USD
2761,23,2,5,2025-11-23,2025-12-01,50,50,230.47,USD
2769,16,2,5,2025-11-24,2025-12-01,500,500,270.8,USD
2776,78,2,5,2025-11-24,2025-12-01,200,200,179.21,USD
2816,115,3,7,2025-11-27,2025-12-01,100,100,425.68,USD
2476,79,10,21,2025-10-24,2025-12-02,100,100,418.4,USD
2511,90,10,21,2025-10-28,2025-12-02,200,200,210.07,USD
2768,119,11,24,2025-11-23,2025-12-02,100,100,279.84,USD
2770,23,3,7,2025-11-24,2025-12-02,50,50,289.11,USD
2839,98,5,11,2025-11-29,2025-12-02,100,80,261.53,USD
2499,57,4,10,2025-10-27,2025-12-03,50,25,67.53,USD
2538,96,10,21,2025-10-30,2025-12-03,50,50,181.71,USD
2552,14,4,10,2025-11-01,2025-12-03,50,50,157.11,USD
2579,23,3,8,2025-11-04,2025-12-03,50,50,236.37,USD
2736,60,12,28,2025-11-20,2025-12-03,50,50,339.27,USD
2757,108,8,18,2025-11-22,2025-12-03,200,200,191.97,USD
2809,60,12,28,2025-11-27,2025-12-03,50,50,692.46,USD
2823,66,5,11,2025-11-28,2025-12-03,50,50,80.91,USD
2545,79,10,21,2025-10-31,2025-12-04,100,100,359.93,USD
2548,97,10,21,2025-10-31,2025-12-04,50,50,108.31,USD
2587,23,3,8,2025-11-05,2025-12-04,50,50,253.77,USD
2766,104,6,14,2025-11-23,2025-12-04,200,200,185.42,USD
2781,17,7,16,2025-11-25,2025-12-04,100,100,296.67,USD
2785,47,7,16,2025-11-25,2025-12-04,500,500,573.82,USD
2812,84,8,17,2025-11-27,2025-12-04,100,100,683.26,USD
2817,11,5,11,2025-11-28,2025-12-04,500,500,149.78,USD
2820,45,9,19,2025-11-28,2025-12-04,200,200,253.04,USD
2822,63,2,5,2025-11-28,2025-12-04,50,50,202.74,USD
2826,80,8,17,2025-11-28,2025-12-04,100,100,209.89,USD
2758,118,2,6,2025-11-22,2025-12-05,200,200,38.36,USD
2764,91,11,25,2025-11-23,2025-12-05,100,63,101.41,USD
2767,112,3,7,2025-11-23,2025-12-05,500,500,221.99,USD
2775,58,8,17,2025-11-24,2025-12-05,50,50,350.04,USD
2800,59,7,16,2025-11-26,2025-12-05,200,104,252.41,USD
2804,101,7,16,2025-11-26,2025-12-05,50,50,308.27,USD
2824,75,12,28,2025-11-28,2025-12-05,500,500,262.39,USD
2840,110,1,1,2025-11-29,2025-12-05,100,100,252.06,USD
2845,18,7,15,2025-11-30,2025-12-05,500,500,43.92,USD
2557,3,10,21,2025-11-02,2025-12-06,50,50,179.0,USD
2568,107,10,21,2025-11-02,2025-12-06,50,50,194.52,USD
2773,55,10,22,2025-11-24,2025-12-06,50,38,94.2,USD
2798,52,7,16,2025-11-26,2025-12-06,200,158,375.81,USD
2819,23,3,7,2025-11-28,2025-12-06,50,50,334.96,USD
2827,82,9,19,2025-11-28,2025-12-06,50,50,278.86,USD
2850,61,9,19,2025-11-30,2025-12-06,50,50,324.84,USD
2880,119,11,24,2025-12-02,2025-12-06,100,100,283.36,USD
2771,28,10,22,2025-11-24,2025-12-07,200,200,360.46,USD
2778,110,1,3,2025-11-24,2025-12-07,100,100,169.67,USD
2780,10,1,3,2025-11-25,2025-12-07,100,100,186.57,USD
2799,53,2,4,2025-11-26,2025-12-07,50,50,375.59,USD
2807,55,8,17,2025-11-27,2025-12-07,50,50,198.27,USD
2830,95,10,22,2025-11-28,2025-12-07,100,100,157.0,USD
2866,107,10,23,2025-12-01,2025-12-07,50,50,197.72,USD
2903,81,11,24,2025-12-05,2025-12-07,50,50,313.31,USD
2514,104,10,21,2025-10-28,2025-12-08,200,126,213.01,USD
2777,102,2,6,2025-11-24,2025-12-08,100,100,301.69,USD
2784,42,2,6,2025-11-25,2025-12-08,50,50,449.86,USD
2806,41,8,18,2025-11-27,2025-12-08,100,100,541.64,USD
2821,60,12,28,2025-11-28,2025-12-08,50,50,620.15,USD
2843,13,5,12,2025-11-30,2025-12-08,500,500,100.14,USD
2860,23,3,7,2025-12-01,2025-12-08,50,50,288.24,USD
2864,64,6,14,2025-12-01,2025-12-08,200,200,362.27,USD
2867,3,10,23,2025-12-02,2025-12-08,50,50,189.76,USD
2870,27,8,18,2025-12-02,2025-12-08,500,376,312.86,USD
2871,38,11,24,2025-12-02,2025-12-08,100,100,248.29,USD
2882,12,7,15,2025-12-03,2025-12-08,50,50,435.06,USD
2884,61,9,20,2025-12-03,2025-12-08,50,50,291.49,USD
2895,60,11,24,2025-12-04,2025-12-08,50,50,305.46,USD
2896,81,11,24,2025-12-04,2025-12-08,50,50,293.63,USD
2585,3,10,21,2025-11-05,2025-12-09,50,50,160.37,USD
2760,8,2,6,2025-11-23,2025-12-09,100,100,212.23,USD
2765,96,1,3,2025-11-23,2025-12-09,50,50,183.1,USD
2832,12,7,15,2025-11-29,2025-12-09,50,50,613.98,USD
2856,94,5,12,2025-11-30,2025-12-09,200,200,312.65,USD
2857,97,10,23,2025-11-30,2025-12-09,50,35,116.52,USD
2861,37,6,14,2025-12-01,2025-12-09,100,100,45.15,USD
2862,55,8,18,2025-12-01,2025-12-09,50,38,109.15,USD
2893,56,9,19,2025-12-04,2025-12-09,500,500,245.43,USD
2762,79,10,23,2025-11-23,2025-12-10,100,100,350.85,USD
2795,24,12,28,2025-11-26,2025-12-10,100,100,384.62,USD
2836,58,8,18,2025-11-29,2025-12-10,50,50,532.09,USD
2838,81,4,9,2025-11-29,2025-12-10,50,50,424.45,USD
2842,3,5,12,2025-11-30,2025-12-10,50,50,186.0,USD
2885,71,12,28,2025-12-03,2025-12-10,50,50,245.93,USD
2898,97,10,23,2025-12-04,2025-12-10,50,50,119.89,USD
2909,48,5,11,2025-12-06,2025-12-10,500,500,171.29,USD
2629,14,4,10,2025-11-09,2025-12-11,50,50,158.8,USD
2829,91,11,25,2025-11-28,2025-12-11,100,59,154.93,USD
2844,15,5,11,2025-11-30,2025-12-11,100,100,311.71,USD
2872,63,2,5,2025-12-02,2025-12-11,50,50,140.54,USD
2875,82,9,20,2025-12-02,2025-12-11,50,50,189.0,USD
2879,117,12,28,2025-12-02,2025-12-11,500,500,340.14,USD
2914,92,9,20,2025-12-06,2025-12-11,100,100,201.93,USD
2659,82,12,26,2025-11-12,2025-12-12,50,50,216.37,USD
2818,12,7,16,2025-11-28,2025-12-12,50,50,540.07,USD
2841,120,9,20,2025-11-29,2025-12-12,500,500,149.66,USD
2852,66,5,12,2025-11-30,2025-12-12,50,50,63.6,USD
2858,101,6,14,2025-11-30,2025-12-12,50,50,265.93,USD
2865,96,10,22,2025-12-01,2025-12-12,50,50,218.7,USD
2874,81,5,12,2025-12-02,2025-12-12,50,50,284.32,USD
2913,86,5,11,2025-12-06,2025-12-12,200,200,109.68,USD
2644,1,12,26,2025-11-11,2025-12-13,100,100,76.17,USD
2854,71,12,28,2025-11-30,2025-12-13,50,50,253.52,USD
2889,8,2,5,2025-12-04,2025-12-13,100,100,235.51,USD
2910,52,7,15,2025-12-06,2025-12-13,200,200,268.01,USD
2938,110,9,19,2025-12-08,2025-12-13,100,100,155.98,USD
2863,57,4,9,2025-12-01,2025-12-14,50,50,70.53,USD
2883,40,6,14,2025-12-03,2025-12-14,100,100,222.28,USD
2887,96,11,25,2025-12-03,2025-12-14,50,50,187.41,USD
2897,91,11,25,2025-12-04,2025-12-14,100,100,115.36,USD
2902,55,8,17,2025-12-05,2025-12-14,50,50,94.7,USD
2905,101,7,16,2025-12-05,2025-12-14,50,50,244.74,USD
2915,109,3,7,2025-12-06,2025-12-14,500,500,86.53,USD
2923,61,9,19,2025-12-07,2025-12-14,50,50,347.04,USD
2928,30,10,23,2025-12-08,2025-12-14,500,500,378.49,USD
2947,118,11,24,2025-12-09,2025-12-14,200,200,44.64,USD
2957,39,11,24,2025-12-11,2025-12-14,50,50,244.35,USD
2960,91,11,24,2025-12-11,2025-12-14,100,100,120.37,USD
2686,71,12,26,2025-11-15,2025-12-15,50,50,242.6,USD
2831,8,2,6,2025-11-29,2025-12-15,100,100,333.81,USD
2886,78,2,4,2025-12-03,2025-12-15,200,200,166.28,USD
2918,28,5,12,2025-12-07,2025-12-15,200,171,360.54,USD
2920,45,9,20,2025-12-07,2025-12-15,200,200,206.9,USD
2933,65,12,27,2025-12-08,2025-12-15,100,100,189.46,USD
2937,104,6,13,2025-12-08,2025-12-15,200,200,220.41,USD
2956,29,8,18,2025-12-11,2025-12-15,200,200,289.54,USD
2962,101,7,15,2025-12-11,2025-12-15,50,50,219.78,USD
2638,3,10,21,2025-11-10,2025-12-16,50,50,180.4,USD
2667,43,3,8,2025-11-13,2025-12-16,100,100,254.24,USD
2848,42,11,25,2025-11-30,2025-12-16,50,50,355.26,USD
2892,33,9,19,2025-12-04,2025-12-16,100,100,339.11,USD
2901,24,12,27,2025-12-05,2025-12-16,100,100,308.98,USD
2922,55,8,17,2025-12-07,2025-12-16,50,50,103.51,USD
2925,67,5,11,2025-12-07,2025-12-16,500,500,196.1,USD
2927,23,3,7,2025-12-08,2025-12-16,50,50,329.44,USD
2935,82,9,20,2025-12-08,2025-12-16,50,50,213.09,USD
2939,5,7,15,2025-12-09,2025-12-16,50,50,103.99,USD
2959,79,10,23,2025-12-11,2025-12-16,100,100,372.38,USD
2968,24,12,27,2025-12-12,2025-12-16,100,100,302.96,USD
2654,23,3,8,2025-11-12,2025-12-17,50,50,283.99,USD
2837,61,9,19,2025-11-29,2025-12-17,50,50,431.05,USD
2855,92,2,6,2025-11-30,2025-12-17,100,100,229.14,USD
2876,84,2,6,2025-12-02,2025-12-17,100,100,355.43,USD
2881,10,1,2,2025-12-03,2025-12-17,100,100,120.31,USD
2934,71,12,28,2025-12-08,2025-12-17,50,50,274.23,USD
2941,31,8,18,2025-12-09,2025-12-17,100,100,477.56,USD
2945,102,2,5,2025-12-09,2025-12-17,100,100,316.6,USD
2952,49,12,28,2025-12-10,2025-12-17,50,50,88.47,USD
2954,115,3,7,2025-12-10,2025-12-17,100,100,361.12,USD
2972,81,11,24,2025-12-12,2025-12-17,50,50,293.22,USD
2978,74,10,23,2025-12-13,2025-12-17,500,500,308.9,USD
2691,14,4,10,2025-11-16,2025-12-18,50,50,187.88,USD
2696,57,4,10,2025-11-16,2025-12-18,50,50,63.74,USD
2834,20,2,4,2025-11-29,2025-12-18,200,200,297.32,USD
2835,39,11,25,2025-11-29,2025-12-18,50,50,403.81,USD
2878,102,2,4,2025-12-02,2025-12-18,100,100,318.47,USD
2890,21,2,4,2025-12-04,2025-12-18,100,100,291.32,USD
2899,98,11,25,2025-12-04,2025-12-18,100,100,156.2,USD
2919,40,6,14,2025-12-07,2025-12-18,100,100,217.0,USD
2944,97,10,23,2025-12-09,2025-12-18,50,50,121.35,USD
2948,119,11,24,2025-12-09,2025-12-18,100,100,331.89,USD
2961,95,10,23,2025-12-11,2025-12-18,100,100,116.57,USD
2982,1,12,27,2025-12-14,2025-12-18,100,55,78.68,USD
2994,98,11,24,2025-12-14,2025-12-18,100,100,189.9,USD
2668,54,3,8,2025-11-13,2025-12-19,200,200,116.9,USD
2707,25,4,10,2025-11-17,2025-12-19,100,100,104.95,USD
2708,53,4,10,2025-11-17,2025-12-19,50,50,274.51,USD
2888,101,7,16,2025-12-03,2025-12-19,50,50,237.15,USD
2894,58,2,4,2025-12-04,2025-12-19,50,50,310.37,USD
2936,96,10,23,2025-12-08,2025-12-19,50,50,192.3,USD
2942,66,5,12,2025-12-09,2025-12-19,50,50,67.1,USD
2981,108,8,17,2025-12-13,2025-12-19,200,200,190.49,USD
3000,119,11,24,2025-12-15,2025-12-19,100,100,320.12,USD
2689,96,10,21,2025-11-15,2025-12-20,50,50,182.88,USD
2700,90,10,21,2025-11-16,2025-12-20,200,106,179.73,USD
2868,17,7,16,2025-12-02,2025-12-20,100,100,183.79,USD
2924,66,4,9,2025-12-07,2025-12-20,50,50,72.34,USD
2985,12,7,15,2025-12-14,2025-12-20,50,50,450.92,USD
2997,55,8,17,2025-12-15,2025-12-20,50,50,105.12,USD
2998,81,11,24,2025-12-15,2025-12-20,50,50,293.52,USD
2705,3,10,21,2025-11-17,2025-12-21,50,50,167.64,USD
2846,21,2,6,2025-11-30,2025-12-21,100,74,302.12,USD
2849,55,1,3,2025-11-30,2025-12-21,50,50,100.37,USD
2916,3,10,22,2025-12-07,2025-12-21,50,50,214.44,USD
2950,12,7,16,2025-12-10,2025-12-21,50,50,377.92,USD
2970,61,9,20,2025-12-12,2025-12-21,50,50,317.45,USD
2986,22,7,15,2025-12-14,2025-12-21,200,200,379.88,USD
3001,33,9,19,2025-12-16,2025-12-21,100,78,343.87,USD
3008,87,3,7,2025-12-16,2025-12-21,500,500,331.47,USD
2853,68,1,2,2025-11-30,2025-12-22,200,200,80.58,USD
2963,114,1,1,2025-12-11,2025-12-22,200,200,263.47,USD
2976,3,10,23,2025-12-13,2025-12-22,50,50,205.95,USD
3006,66,5,11,2025-12-16,2025-12-22,50,50,64.44,USD
3010,3,10,23,2025-12-17,2025-12-22,50,50,185.16,USD
3013,71,12,27,2025-12-17,2025-12-22,50,50,240.83,USD
3035,90,10,23,2025-12-19,2025-12-22,200,200,205.56,USD
2906,2,11,25,2025-12-06,2025-12-23,200,200,288.6,USD
2917,20,2,6,2025-12-07,2025-12-23,200,163,215.53,USD
2929,41,8,17,2025-12-08,2025-12-23,100,100,263.43,USD
2931,60,11,25,2025-12-08,2025-12-23,50,50,351.98,USD
2940,17,7,16,2025-12-09,2025-12-23,100,100,192.81,USD
2943,84,2,6,2025-12-09,2025-12-23,100,100,337.51,USD
2946,116,7,16,2025-12-09,2025-12-23,200,154,391.94,USD
2951,42,2,6,2025-12-10,2025-12-23,50,50,303.8,USD
2958,61,12,28,2025-12-11,2025-12-23,50,50,315.99,USD
2971,64,6,14,2025-12-12,2025-12-23,200,200,361.63,USD
2980,100,4,9,2025-12-13,2025-12-23,100,100,294.55,USD
2983,3,10,23,2025-12-14,2025-12-23,50,50,182.24,USD
3025,82,9,19,2025-12-18,2025-12-23,50,50,195.78,USD
3030,23,2,5,2025-12-19,2025-12-23,50,50,255.77,USD
2747,14,4,10,2025-11-22,2025-12-24,50,50,180.92,USD
2788,65,3,8,2025-11-25,2025-12-24,100,69,236.35,USD
2926,14,7,16,2025-12-08,2025-12-24,50,50,220.81,USD
2975,107,10,22,2025-12-12,2025-12-24,50,50,224.45,USD
2987,57,4,9,2025-12-14,2025-12-24,50,50,67.3,USD
2988,58,8,17,2025-12-14,2025-12-24,50,50,332.73,USD
3012,63,2,5,2025-12-17,2025-12-24,50,50,156.72,USD
3017,1,12,28,2025-12-18,2025-12-24,100,100,74.63,USD
3041,41,8,18,2025-12-20,2025-12-24,100,100,285.83,USD
2921,51,2,6,2025-12-07,2025-12-25,200,200,108.39,USD
2973,93,6,14,2025-12-12,2025-12-25,200,157,350.79,USD
2992,91,11,25,2025-12-14,2025-12-25,100,100,123.61,USD
3003,52,9,19,2025-12-16,2025-12-25,200,200,339.71,USD
3018,24,12,27,2025-12-18,2025-12-25,100,100,287.99,USD
3031,26,8,17,2025-12-19,2025-12-25,500,500,94.92,USD
3045,81,11,24,2025-12-20,2025-12-25,50,50,279.93,USD
3047,15,5,11,2025-12-21,2025-12-25,100,100,312.63,USD
2815,114,3,8,2025-11-27,2025-12-26,200,200,319.12,USD
2911,58,2,6,2025-12-06,2025-12-26,50,50,325.41,USD
2953,58,2,4,2025-12-10,2025-12-26,50,50,327.59,USD
2967,21,2,4,2025-12-12,2025-12-26,100,75,287.52,USD
2969,60,11,25,2025-12-12,2025-12-26,50,50,362.42,USD
2989,60,12,28,2025-12-14,2025-12-26,50,50,367.22,USD
2995,101,7,16,2025-12-14,2025-12-26,50,50,258.57,USD
3005,61,9,20,2025-12-16,2025-12-26,50,50,340.64,USD
3020,39,11,24,2025-12-18,2025-12-26,50,50,305.28,USD
3021,42,2,5,2025-12-18,2025-12-26,50,50,348.09,USD
3034,72,9,20,2025-12-19,2025-12-26,200,132,130.02,USD
3058,39,11,24,2025-12-22,2025-12-26,50,50,281.77,USD
3069,20,2,5,2025-12-23,2025-12-26,200,200,226.54,USD
2783,25,4,10,2025-11-25,2025-12-27,100,100,161.47,USD
2786,57,4,10,2025-11-25,2025-12-27,50,50,94.77,USD
2851,62,1,3,2025-11-30,2025-12-27,200,200,300.66,USD
2979,82,9,20,2025-12-13,2025-12-27,50,50,218.25,USD
3015,97,10,23,2025-12-17,2025-12-27,50,50,117.7,USD
3029,8,9,20,2025-12-19,2025-12-27,100,100,222.43,USD
3062,61,12,27,2025-12-22,2025-12-27,50,50,317.87,USD
2759,1,12,26,2025-11-23,2025-12-28,100,100,70.52,USD
2774,57,4,10,2025-11-24,2025-12-28,53,53,71.78,USD
2794,14,4,10,2025-11-26,2025-12-28,50,50,254.56,USD
2999,94,5,12,2025-12-15,2025-12-28,200,200,275.43,USD
3007,68,11,25,2025-12-16,2025-12-28,200,200,74.93,USD
3019,28,5,11,2025-12-18,2025-12-28,200,200,362.4,USD
3022,55,8,17,2025-12-18,2025-12-28,50,50,98.56,USD
3036,96,10,22,2025-12-19,2025-12-28,58,58,168.33,USD
3042,45,9,19,2025-12-20,2025-12-28,200,200,206.67,USD
3048,25,4,9,2025-12-21,2025-12-28,100,100,121.1,USD
3050,71,12,28,2025-12-21,2025-12-28,50,50,278.54,USD
3053,110,10,23,2025-12-21,2025-12-28,100,100,174.33,USD
3054,119,11,24,2025-12-21,2025-12-28,100,100,323.11,USD
3059,46,6,13,2025-12-22,2025-12-28,500,500,55.24,USD
3071,40,6,13,2025-12-23,2025-12-28,100,100,238.09,USD
2789,96,10,21,2025-11-25,2025-12-29,50,50,303.94,USD
2792,107,10,21,2025-11-25,2025-12-29,50,50,299.94,USD
2808,57,4,10,2025-11-27,2025-12-29,50,38,79.91,USD
2813,93,4,10,2025-11-27,2025-12-29,200,200,412.36,USD
3040,23,3,7,2025-12-20,2025-12-29,50,50,292.18,USD
3044,60,12,28,2025-12-20,2025-12-29,50,50,344.98,USD
3052,92,9,19,2025-12-21,2025-12-29,100,100,217.78,USD
3064,64,6,14,2025-12-22,2025-12-29,200,200,354.28,USD
3066,81,5,11,2025-12-22,2025-12-29,50,50,309.52,USD
3072,60,11,24,2025-12-23,2025-12-29,50,50,321.53,USD
3073,82,9,20,2025-12-23,2025-12-29,50,50,236.37,USD
3093,88,9,19,2025-12-25,2025-12-29,500,500,376.36,USD
2984,10,1,3,2025-12-14,2025-12-30,100,89,130.57,USD
2990,66,5,12,2025-12-14,2025-12-30,50,44,65.33,USD
3028,2,11,24,2025-12-19,2025-12-30,200,200,297.9,USD
3043,55,8,17,2025-12-20,2025-12-30,50,50,99.22,USD
3070,23,3,7,2025-12-23,2025-12-30,53,53,279.49,USD
3092,61,9,19,2025-12-25,2025-12-30,50,50,298.93,USD
3106,101,7,15,2025-12-26,2025-12-30,50,50,251.59,USD
2828,83,4,10,2025-11-28,2025-12-31,500,500,50.94,USD
2993,92,2,4,2025-12-14,2025-12-31,100,100,219.51,USD
3002,40,5,12,2025-12-16,2025-12-31,100,100,221.5,USD
3027,107,10,22,2025-12-18,2025-12-31,50,50,224.9,USD
3038,111,7,16,2025-12-19,2025-12-31,500,500,461.56,USD
3046,96,11,25,2025-12-20,2025-12-31,50,50,180.65,USD
3055,10,1,1,2025-12-22,2025-12-31,100,100,134.8,USD
3063,63,2,5,2025-12-22,2025-12-31,50,50,169.78,USD
3067,101,6,13,2025-12-22,2025-12-31,50,50,257.07,USD
3081,79,10,23,2025-12-24,2025-12-31,100,100,431.62,USD
3086,8,2,5,2025-12-25,2025-12-31,100,100,289.84,USD
3089,33,9,19,2025-12-25,2025-12-31,100,100,365.49,USD
3097,13,5,11,2025-12-26,2025-12-31,500,340,155.21,USD
3115,71,12,27,2025-12-27,2025-12-31,50,50,260.19,USD
2805,1,12,26,2025-11-27,2026-01-05,100,100,147.16,USD
2825,79,10,21,2025-11-28,2026-01-05,100,100,480.99,USD
2833,14,4,10,2025-11-29,2026-01-02,50,50,259.65,USD
2847,24,3,8,2025-11-30,2026-01-08,100,100,295.13,USD
2859,6,3,8,2025-12-01,2026-01-02,200,200,157.47,USD
2869,25,4,10,2025-12-02,2026-01-05,100,100,128.27,USD
2873,65,12,26,2025-12-02,2026-01-11,100,100,195.96,USD
2877,100,4,10,2025-12-02,2026-01-09,100,100,302.17,USD
2891,23,3,8,2025-12-04,2026-01-05,50,50,306.49,USD
2900,9,3,8,2025-12-05,2026-01-03,200,200,57.16,USD
2904,95,10,21,2025-12-05,2026-01-08,100,100,128.88,USD
2907,4,4,10,2025-12-06,2026-01-09,200,200,66.91,USD
2908,39,3,8,2025-12-06,2026-01-09,50,50,235.8,USD
2912,79,10,21,2025-12-06,2026-01-12,100,100,356.86,USD
2930,53,2,4,2025-12-08,2026-01-01,50,50,335.5,USD
2932,63,2,6,2025-12-08,2026-01-03,50,50,158.18,USD
2949,3,10,21,2025-12-10,2026-01-19,50,50,197.09,USD
2955,23,3,8,2025-12-11,2026-01-13,50,50,300.14,USD
2964,6,3,8,2025-12-12,2026-01-16,200,200,155.22,USD
2965,8,2,6,2025-12-12,2026-01-01,100,100,242.12,USD
2966,14,4,10,2025-12-12,2026-01-24,50,50,176.72,USD
2974,96,10,21,2025-12-12,2026-01-23,50,50,177.3,USD
2977,43,3,8,2025-12-13,2026-01-16,100,100,253.39,USD
2991,71,12,26,2025-12-14,2026-01-14,50,50,231.83,USD
2996,23,3,8,2025-12-15,2026-01-17,50,50,287.71,USD
3004,53,2,5,2025-12-16,2026-01-01,50,50,340.54,USD
3009,96,10,21,2025-12-16,2026-01-24,50,50,207.99,USD
3011,17,7,16,2025-12-17,2026-01-02,100,100,195.12,USD
3014,79,10,22,2025-12-17,2026-01-03,100,100,393.11,USD
3016,101,7,16,2025-12-17,2026-01-01,50,50,251.84,USD
3023,65,12,26,2025-12-18,2026-01-19,100,100,175.8,USD
3024,78,2,6,2025-12-18,2026-01-05,200,200,177.57,USD
3026,84,2,4,2025-12-18,2026-01-09,100,100,294.08,USD
3032,57,4,10,2025-12-19,2026-01-23,50,50,66.46,USD
3033,58,2,4,2025-12-19,2026-01-05,50,50,344.5,USD
3037,102,2,6,2025-12-19,2026-01-04,100,100,294.7,USD
3039,21,7,16,2025-12-20,2026-01-07,100,100,286.46,USD
3049,59,7,16,2025-12-21,2026-01-04,200,200,223.83,USD
3051,86,11,25,2025-12-21,2026-01-02,200,200,139.26,USD
3056,12,7,16,2025-12-22,2026-01-07,50,50,446.76,USD
3057,14,4,9,2025-12-22,2026-01-05,50,50,210.85,USD
3060,54,3,8,2025-12-22,2026-01-22,200,200,122.05,USD
3061,55,8,17,2025-12-22,2026-01-02,50,50,114.69,USD
3065,76,2,4,2025-12-22,2026-01-15,500,500,211.06,USD
3068,3,10,21,2025-12-23,2026-01-28,54,54,205.42,USD
3074,91,11,25,2025-12-23,2026-01-05,100,100,113.93,USD
3075,118,11,25,2025-12-23,2026-01-05,200,200,44.12,USD
3076,23,3,8,2025-12-24,2026-01-27,50,50,275.56,USD
3077,24,12,28,2025-12-24,2026-01-02,100,100,310.59,USD
3078,42,2,5,2025-12-24,2026-01-03,50,50,303.96,USD
3079,51,2,4,2025-12-24,2026-01-08,200,200,102.7,USD
3080,66,5,11,2025-12-24,2026-01-04,50,50,94.45,USD
3082,95,10,23,2025-12-24,2026-01-01,100,100,125.74,USD
3083,96,10,21,2025-12-24,2026-01-30,50,50,205.3,USD
3084,115,3,8,2025-12-24,2026-01-28,100,100,371.21,USD
3085,3,10,23,2025-12-25,2026-01-02,50,50,198.86,USD
3087,12,4,9,2025-12-25,2026-01-02,50,50,423.36,USD
3088,27,2,5,2025-12-25,2026-01-01,500,500,302.12,USD
3090,55,8,18,2025-12-25,2026-01-04,50,50,108.29,USD
3091,57,4,10,2025-12-25,2026-01-30,50,50,77.72,USD
3094,98,11,25,2025-12-25,2026-01-06,100,100,302.65,USD
3095,104,6,13,2025-12-25,2026-01-01,200,200,208.34,USD
3096,113,9,20,2025-12-25,2026-01-03,100,100,253.95,USD
3098,21,2,5,2025-12-26,2026-01-02,100,100,275.77,USD
3099,52,7,15,2025-12-26,2026-01-03,200,200,305.49,USD
3100,58,2,6,2025-12-26,2026-01-17,50,50,394.03,USD
3101,70,6,14,2025-12-26,2026-01-12,500,500,115.68,USD
3102,80,8,17,2025-12-26,2026-01-02,100,100,98.19,USD
3103,94,5,11,2025-12-26,2026-01-09,200,200,524.72,USD
3104,97,10,21,2025-12-26,2026-01-30,50,50,119.83,USD
3105,100,4,9,2025-12-26,2026-01-10,100,100,273.3,USD
3107,112,3,8,2025-12-26,2026-01-26,500,500,209.96,USD
3108,119,11,25,2025-12-26,2026-01-08,100,100,488.72,USD
3109,1,12,28,2025-12-27,2026-01-02,100,100,75.88,USD
3110,3,10,22,2025-12-27,2026-01-08,50,50,201.83,USD
3111,5,9,20,2025-12-27,2026-01-03,50,50,101.27,USD
3112,23,3,7,2025-12-27,2026-01-04,50,50,286.47,USD
3113,61,9,20,2025-12-27,2026-01-07,50,50,337.17,USD
3114,65,12,26,2025-12-27,2026-01-30,100,100,203.71,USD
3116,81,11,24,2025-12-27,2026-01-05,50,50,500.01,USD
3117,92,9,20,2025-12-27,2026-01-04,100,100,214.39,USD
3118,93,6,13,2025-12-27,2026-01-03,200,200,332.17,USD
3119,96,10,21,2025-12-27,2026-01-30,50,50,205.12,USD
3120,116,7,15,2025-12-27,2026-01-01,200,200,318.97,USD
3121,14,4,9,2025-12-28,2026-01-03,50,50,190.66,USD
3122,17,9,19,2025-12-28,2026-01-04,100,100,218.2,USD
3123,25,4,9,2025-12-28,2026-01-06,100,100,124.32,USD
3124,38,11,24,2025-12-28,2026-01-02,100,100,436.87,USD
3125,39,11,25,2025-12-28,2026-01-09,50,50,428.2,USD
3126,41,8,18,2025-12-28,2026-01-01,100,100,279.94,USD
3127,58,2,5,2025-12-28,2026-01-03,50,50,375.79,USD
3128,63,2,4,2025-12-28,2026-01-12,50,50,160.17,USD
3129,66,5,12,2025-12-28,2026-01-07,50,50,113.7,USD
3130,84,2,5,2025-12-28,2026-01-06,100,100,332.05,USD
3131,102,8,18,2025-12-28,2026-01-07,100,100,271.67,USD
3132,12,5,12,2025-12-29,2026-01-08,50,50,657.3,USD
3133,34,12,28,2025-12-29,2026-01-09,500,500,125.47,USD
3134,55,1,1,2025-12-29,2026-01-02,50,50,105.18,USD
3135,57,4,10,2025-12-29,2026-01-30,50,50,96.43,USD
3136,78,2,6,2025-12-29,2026-01-17,200,200,152.52,USD
3137,82,7,16,2025-12-29,2026-01-13,50,50,216.81,USD
3138,90,10,21,2025-12-29,2026-01-30,200,200,219.74,USD
3139,107,10,21,2025-12-29,2026-01-30,50,50,218.14,USD
3140,8,2,4,2025-12-30,2026-01-11,100,100,282.66,USD
3141,10,3,7,2025-12-30,2026-01-08,100,100,140.14,USD
3142,18,7,15,2025-12-30,2026-01-07,500,500,44.06,USD
3143,24,12,26,2025-12-30,2026-01-30,100,100,315.9,USD
3144,40,6,13,2025-12-30,2026-01-05,100,100,210.37,USD
3145,42,2,5,2025-12-30,2026-01-09,50,50,361.22,USD
3146,43,3,8,2025-12-30,2026-01-30,100,100,220.3,USD
3147,49,12,28,2025-12-30,2026-01-13,50,50,100.2,USD
3148,57,4,10,2025-12-30,2026-01-30,50,50,95.72,USD
3149,60,11,24,2025-12-30,2026-01-07,50,50,515.26,USD
3150,61,9,19,2025-12-30,2026-01-05,50,50,362.07,USD
3151,96,10,21,2025-12-30,2026-01-30,50,50,197.59,USD
3152,101,3,8,2025-12-30,2026-01-30,50,50,240.93,USD
3153,119,11,25,2025-12-30,2026-01-10,100,100,497.11,USD
3154,1,12,26,2025-12-31,2026-01-28,100,100,81.79,USD
3155,2,11,25,2025-12-31,2026-01-09,200,200,483.26,USD
3156,12,5,12,2025-12-31,2026-01-07,50,50,722.67,USD
3157,69,5,11,2025-12-31,2026-01-02,500,500,454.73,USD
3158,91,11,25,2025-12-31,2026-01-09,100,100,195.94,USD
3159,97,10,23,2025-12-31,2026-01-03,50,50,134.4,USD
